dataset,horizon,ticker,model,scheme,n_test,mse,rmse,mae,r2_oos_vs_mean,har_mse,relative_mse_vs_har
MHAR,22,AAPL,AdaptiveLasso,rolling,838,2.1348152667868772e-08,0.0001461100703848601,0.00011601768578905117,-1.1743791852975334,1.7722984237348575e-08,1.204546163443552
MHAR,22,AAPL,Bagging,rolling,838,1.363401957655679e-08,0.00011676480452840568,7.68732531636758e-05,-0.388669494753231,1.7722984237348575e-08,0.7692846415687209
MHAR,22,AAPL,ElasticNet,rolling,838,2.0350346454423284e-08,0.0001426546404938279,0.00011322552659226728,-1.0727493583410346,1.7722984237348575e-08,1.1482460392611493
MHAR,22,AAPL,GradientBoosting,rolling,838,1.519959884998962e-08,0.0001232866531705262,8.47016244129488e-05,-0.5481288652218155,1.7722984237348575e-08,0.8576207396245779
MHAR,22,AAPL,HAR,rolling,838,1.7722984237348575e-08,0.00013312769898615607,9.991498208660536e-05,-0.8051439216587815,1.7722984237348575e-08,1.0
MHAR,22,AAPL,HARQ,rolling,838,1.7729534620326456e-08,0.00013315229859197495,9.944382729290417e-05,-0.8058110995933045,1.7722984237348575e-08,1.000369598194647
MHAR,22,AAPL,HARX,rolling,838,1.7722984237348575e-08,0.00013312769898615607,9.991498208660536e-05,-0.8051439216587815,1.7722984237348575e-08,1.0
MHAR,22,AAPL,Lasso,rolling,838,2.0692524632729392e-08,0.00014384896465643884,0.00011561842813950344,-1.107601325166795,1.7722984237348575e-08,1.1675530686938687
MHAR,22,AAPL,LevHAR,rolling,838,1.749591145272903e-08,0.00013227211139438665,9.905185153432935e-05,-0.7820158157235351,1.7722984237348575e-08,0.987187666502517
MHAR,22,AAPL,LogHAR,rolling,838,1.2055508508256948e-08,0.00010979757970127096,7.433540293319599e-05,-0.22789297867374403,1.7722984237348575e-08,0.6802188811324303
MHAR,22,AAPL,NN1,fixed,838,1.2762583272952115e-08,0.00011297160383455709,6.336503704247511e-05,-0.29991085650709604,1.7722984237348575e-08,0.7201148013243082
MHAR,22,AAPL,NN1_1,fixed,838,2.282832419219163e-07,0.0004777899558612721,8.390998091344173e-05,-22.251394971254438,1.7722984237348575e-08,12.88063222675801
MHAR,22,AAPL,NN2,fixed,838,9.052020855031223e-09,9.514210873756805e-05,5.994880539104052e-05,0.07802206409722023,1.7722984237348575e-08,0.5107503755465417
MHAR,22,AAPL,NN2_1,fixed,838,9.983601950993065e-09,9.991797611537708e-05,5.893737324009218e-05,-0.016862518001766302,1.7722984237348575e-08,0.5633138199126814
MHAR,22,AAPL,NN3,fixed,838,9.213659725493582e-09,9.598781029637869e-05,5.999311546355703e-05,0.06155861637242721,1.7722984237348575e-08,0.5198706720100306
MHAR,22,AAPL,NN3_1,fixed,838,1.1657212728957762e-08,0.00010796857287635954,6.063905329899271e-05,-0.18732525060968985,1.7722984237348575e-08,0.6577454774457173
MHAR,22,AAPL,NN4,fixed,838,9.360556060998136e-09,9.674996672349885e-05,6.024211372224537e-05,0.04659674406024705,1.7722984237348575e-08,0.5281591370640698
MHAR,22,AAPL,NN4_1,fixed,838,8.887094613282986e-09,9.427138809460157e-05,5.768624424224847e-05,0.09482034134143658,1.7722984237348575e-08,0.5014445927540095
MHAR,22,AAPL,PostLasso,rolling,838,1.9813886955760956e-08,0.00014076180929414398,0.00011017892382742469,-1.0181092034857544,1.7722984237348575e-08,1.117976898834346
MHAR,22,AAPL,RandomForest,rolling,838,1.4056200172244158e-08,0.00011855884687463925,7.682225420006072e-05,-0.43166996950066827,1.7722984237348575e-08,0.7931057198946658
MHAR,22,AAPL,Ridge,rolling,838,1.989974862465938e-08,0.0001410664688175733,0.00011102201127807637,-1.0268544953417864,1.7722984237348575e-08,1.1228215495855147
MHAR,22,AAPL,SHAR,rolling,838,1.7362368301026068e-08,0.00013176633978761825,9.937159065867804e-05,-0.7684140088637312,1.7722984237348575e-08,0.9796526402386252
MHAR,22,AXP,AdaptiveLasso,rolling,833,7.963359401879914e-09,8.923765686009418e-05,7.741433516227515e-05,-1.4412977033919487,6.711528532572897e-09,1.1865194885533954
MHAR,22,AXP,Bagging,rolling,833,5.184814578178565e-09,7.200565657070676e-05,4.27140957775271e-05,-0.5894894708924379,6.711528532572897e-09,0.7725236588081585
MHAR,22,AXP,ElasticNet,rolling,833,7.74662782561151e-09,8.801492956090751e-05,7.555388948553949e-05,-1.3748551038940953,6.711528532572897e-09,1.154227056923768
MHAR,22,AXP,GradientBoosting,rolling,833,2.5514164480389464e-08,0.00015973153877800548,5.4236188442740775e-05,-6.821783245803893,6.711528532572897e-09,3.801543025044473
MHAR,22,AXP,HAR,rolling,833,6.711528532572897e-09,8.192391917244253e-05,6.844515253285672e-05,-1.0575285336175795,6.711528532572897e-09,1.0
MHAR,22,AXP,HARQ,rolling,833,7.085200765255416e-09,8.417363462067808e-05,6.0317084382853426e-05,-1.1720838509694276,6.711528532572897e-09,1.0556761743422507
MHAR,22,AXP,HARX,rolling,833,6.711528532572897e-09,8.192391917244253e-05,6.844515253285672e-05,-1.0575285336175795,6.711528532572897e-09,1.0
MHAR,22,AXP,Lasso,rolling,833,8.232418699097534e-09,9.073267712956306e-05,7.895373875873278e-05,-1.5237822191879533,6.711528532572897e-09,1.226608612202621
MHAR,22,AXP,LevHAR,rolling,833,1.2644449736665611e-08,0.00011244754215484485,7.025747530172966e-05,-2.8763622919605334,6.711528532572897e-09,1.8839895673986355
MHAR,22,AXP,LogHAR,rolling,833,4.50275696934865e-09,6.710258541478599e-05,4.342346246442713e-05,-0.3803935868583208,6.711528532572897e-09,0.6708988790698764
MHAR,22,AXP,NN1,fixed,833,3.110166821037637e-09,5.5768869641024976e-05,3.35823113328803e-05,0.04652763561411355,6.711528532572897e-09,0.4634066302397644
MHAR,22,AXP,NN1_1,fixed,833,3.1400307289075774e-09,5.603597709425238e-05,3.346641809688513e-05,0.0373723675899198,6.711528532572897e-09,0.4678562735251952
MHAR,22,AXP,NN2,fixed,833,8.20404844891492e-09,9.057620244255618e-05,3.8249479760483984e-05,-1.515084856288682,6.711528532572897e-09,1.2223815199620194
MHAR,22,AXP,NN2_1,fixed,833,2.8266067709282574e-09,5.316584214444701e-05,3.364036629717072e-05,0.13345759370972754,6.711528532572897e-09,0.42115693276277616
MHAR,22,AXP,NN3,fixed,833,3.1594700803366315e-09,5.6209163668717146e-05,3.584658775150778e-05,0.03141291736242213,6.711528532572897e-09,0.4707526854728923
MHAR,22,AXP,NN3_1,fixed,833,3.7090518805192666e-09,6.090198585037492e-05,3.592443740979045e-05,-0.13707034691108855,6.711528532572897e-09,0.5526389201086185
MHAR,22,AXP,NN4,fixed,833,3.189933723611993e-09,5.6479498259209004e-05,3.6226786352366037e-05,0.02207379066828663,6.711528532572897e-09,0.47529168774748787
MHAR,22,AXP,NN4_1,fixed,833,3.0962213179090367e-09,5.5643699714424425e-05,3.587630387050186e-05,0.05080285704295684,6.711528532572897e-09,0.4613287871581297
MHAR,22,AXP,PostLasso,rolling,833,7.746447876858538e-09,8.801390729230545e-05,7.555272341765019e-05,-1.37479993766899,6.711528532572897e-09,1.1542002450355224
MHAR,22,AXP,RandomForest,rolling,833,5.7310721555034775e-09,7.570384505098454e-05,4.247578744510818e-05,-0.7569536404323609,6.711528532572897e-09,0.8539145930303366
MHAR,22,AXP,Ridge,rolling,833,7.74644793847242e-09,8.8013907642329e-05,7.555272381679952e-05,-1.3747999565577302,6.711528532572897e-09,1.1542002542158278
MHAR,22,AXP,SHAR,rolling,833,6.754378157799077e-09,8.218502392649817e-05,6.729595286008295e-05,-1.0706647850884332,6.711528532572897e-09,1.0063844808255256
MHAR,22,BA,AdaptiveLasso,rolling,832,9.719453043024347e-09,9.858728641678067e-05,7.42551805135405e-05,-0.8327259297984371,7.651468234343497e-09,1.2702729391724756
MHAR,22,BA,Bagging,rolling,832,5.6818770798458e-09,7.537822682874545e-05,5.023081160662777e-05,-0.07138986196702368,7.651468234343497e-09,0.7425865083439519
MHAR,22,BA,ElasticNet,rolling,832,8.886239189164375e-09,9.42668509560194e-05,7.017696419906091e-05,-0.6756129082861391,7.651468234343497e-09,1.1613769954998476
MHAR,22,BA,GradientBoosting,rolling,832,7.736330669961932e-09,8.795641346690946e-05,5.5394376841976886e-05,-0.45878309793472494,7.651468234343497e-09,1.011091000187066
MHAR,22,BA,HAR,rolling,832,7.651468234343497e-09,8.74726713570787e-05,5.6450137326520974e-05,-0.44278121125084624,7.651468234343497e-09,1.0
MHAR,22,BA,HARQ,rolling,832,7.697888931469228e-09,8.773761411999546e-05,5.372523543748404e-05,-0.45153442142893385,7.651468234343497e-09,1.0060669005874416
MHAR,22,BA,HARX,rolling,832,7.651468234343497e-09,8.74726713570787e-05,5.6450137326520974e-05,-0.44278121125084624,7.651468234343497e-09,1.0
MHAR,22,BA,Lasso,rolling,832,8.908104499808344e-09,9.43827553094756e-05,7.023249725298834e-05,-0.6797358894459746,7.651468234343497e-09,1.1642346575817244
MHAR,22,BA,LevHAR,rolling,832,7.604547317444575e-09,8.720405562497982e-05,5.3675633969849704e-05,-0.43393367830121266,7.651468234343497e-09,0.9938677237542046
MHAR,22,BA,LogHAR,rolling,832,5.85757474501717e-09,7.653479434229356e-05,5.097567183344252e-05,-0.10451988125300771,7.651468234343497e-09,0.7655491162762117
MHAR,22,BA,NN1,fixed,832,4.972261188553982e-09,7.051426230596178e-05,4.5785140247781646e-05,0.06241719882236274,7.651468234343497e-09,0.6498440608086256
MHAR,22,BA,NN1_1,fixed,832,5.204492065963306e-09,7.214216565894945e-05,4.538983879298999e-05,0.0186271265987642,7.651468234343497e-09,0.6801952130707442
MHAR,22,BA,NN2,fixed,832,5.18734902701772e-09,7.202325337707065e-05,4.588926998251702e-05,0.021859663640925175,7.651468234343497e-09,0.6779547229555739
MHAR,22,BA,NN2_1,fixed,832,5.144839169502831e-09,7.172753424942775e-05,4.539508744401763e-05,0.029875435495030578,7.651468234343497e-09,0.6723989451345167
MHAR,22,BA,NN3,fixed,832,5.133015825679516e-09,7.16450683974795e-05,4.542721887186859e-05,0.03210487666893114,7.651468234343497e-09,0.6708537065657613
MHAR,22,BA,NN3_1,fixed,832,5.0497343789864214e-09,7.106148309025376e-05,4.3002552942376625e-05,0.04780864787394823,7.651468234343497e-09,0.6599693319408642
MHAR,22,BA,NN4,fixed,832,5.300754940745762e-09,7.280628366250925e-05,4.699048326719418e-05,0.00047554276891426106,7.651468234343497e-09,0.6927761807797104
MHAR,22,BA,NN4_1,fixed,832,5.336653166337081e-09,7.305240014083781e-05,4.695409956449383e-05,-0.0062935221757622895,7.651468234343497e-09,0.6974678588331055
MHAR,22,BA,PostLasso,rolling,832,7.977208521012697e-09,8.931521998524494e-05,5.876915377170902e-05,-0.5042036665182319,7.651468234343497e-09,1.0425722589041302
MHAR,22,BA,RandomForest,rolling,832,6.140045550227709e-09,7.835844275014473e-05,5.0849369167899647e-05,-0.1577833279540486,7.651468234343497e-09,0.8024663191658052
MHAR,22,BA,Ridge,rolling,832,7.870864433458853e-09,8.871789240879684e-05,5.911109098507625e-05,-0.48415114238154056,7.651468234343497e-09,1.0286737384768323
MHAR,22,BA,SHAR,rolling,832,7.832027318589752e-09,8.849874190399404e-05,5.628319066019229e-05,-0.4768279126540975,7.651468234343497e-09,1.0235979656081977
MHAR,22,CAT,AdaptiveLasso,rolling,823,7.54334094217367e-09,8.685240896010698e-05,6.96035029488565e-05,0.16478465006835474,6.892798384555167e-09,1.094380035701637
MHAR,22,CAT,Bagging,rolling,823,5.916021157632459e-09,7.691567563008505e-05,5.466279559244832e-05,0.34496508652422375,6.892798384555167e-09,0.8582901787594147
MHAR,22,CAT,ElasticNet,rolling,823,7.457592044181694e-09,8.63573508404565e-05,6.807264809694983e-05,0.17427895721841513,6.892798384555167e-09,1.0819396750225672
MHAR,22,CAT,GradientBoosting,rolling,823,7.01138071984963e-09,8.37339878415547e-05,5.8372880226411436e-05,0.2236844594027133,6.892798384555167e-09,1.0172038015155316
MHAR,22,CAT,HAR,rolling,823,6.892798384555167e-09,8.302287868145242e-05,6.31880013867084e-05,0.23681415716235577,6.892798384555167e-09,1.0
MHAR,22,CAT,HARQ,rolling,823,7.456776806865182e-09,8.635263057293149e-05,6.088884936513544e-05,0.1743692220925347,6.892798384555167e-09,1.0818214012430327
MHAR,22,CAT,HARX,rolling,823,6.892798384555167e-09,8.302287868145242e-05,6.31880013867084e-05,0.23681415716235577,6.892798384555167e-09,1.0
MHAR,22,CAT,Lasso,rolling,823,7.592745710154574e-09,8.71363627319535e-05,6.982407475948216e-05,0.15931444516925464,6.892798384555167e-09,1.1015476279079617
MHAR,22,CAT,LevHAR,rolling,823,6.183130766353355e-09,7.863288603601775e-05,5.821644986465692e-05,0.3153901213956236,6.892798384555167e-09,0.8970421621801707
MHAR,22,CAT,LogHAR,rolling,823,6.005863241868714e-09,7.749750474608014e-05,5.661898638087673e-05,0.3350175727635174,6.892798384555167e-09,0.8713243746293484
MHAR,22,CAT,NN1,fixed,823,9.796171064164705e-09,9.897560843038402e-05,5.9907680271651273e-05,-0.08465367084268394,6.892798384555167e-09,1.4212182799536375
MHAR,22,CAT,NN1_1,fixed,823,9.595672470979311e-09,9.795750339294745e-05,5.943404250952894e-05,-0.062454024299876565,6.892798384555167e-09,1.3921301531872061
MHAR,22,CAT,NN2,fixed,823,1.1051756229485009e-08,0.00010512733340803908,6.461797785350643e-05,-0.2236748302017879,6.892798384555167e-09,1.6033772660823655
MHAR,22,CAT,NN2_1,fixed,823,1.2289258826962524e-08,0.00011085692953966624,6.765126645563481e-05,-0.3606938477587045,6.892798384555167e-09,1.782912852129741
MHAR,22,CAT,NN3,fixed,823,1.1383500626875559e-08,0.00010669348914941135,6.553907048111579e-05,-0.2604063017179843,6.892798384555167e-09,1.6515063972250805
MHAR,22,CAT,NN3_1,fixed,823,1.1977209912483657e-08,0.00010944044002325492,6.695173288228111e-05,-0.3261431035592579,6.892798384555167e-09,1.7376411211041998
MHAR,22,CAT,NN4,fixed,823,1.2632477021510365e-08,0.00011239429265541185,6.908310000593335e-05,-0.39869572340766335,6.892798384555167e-09,1.8327065897961288
MHAR,22,CAT,NN4_1,fixed,823,1.2648025520788306e-08,0.00011246344081873142,6.918473095686583e-05,-0.4004172875481269,6.892798384555167e-09,1.8349623498532894
MHAR,22,CAT,PostLasso,rolling,823,7.301956793721543e-09,8.545148795498849e-05,6.666503565568993e-05,0.19151123548493565,6.892798384555167e-09,1.0593602752233673
MHAR,22,CAT,RandomForest,rolling,823,5.881931331319193e-09,7.66937502754898e-05,5.443551203988515e-05,0.3487395872967076,6.892798384555167e-09,0.8533444623157636
MHAR,22,CAT,Ridge,rolling,823,7.302009365852627e-09,8.545179556833565e-05,6.666542464932674e-05,0.1915054145826065,6.892798384555167e-09,1.059367902333309
MHAR,22,CAT,SHAR,rolling,823,6.911166889230849e-09,8.313342822974912e-05,6.269815525878516e-05,0.23478035580324608,6.892798384555167e-09,1.0026648834988183
MHAR,22,CSCO,AdaptiveLasso,rolling,838,6.749532486144762e-09,8.215553837779143e-05,6.934051868781378e-05,-0.8952811791297959,5.365725488762609e-09,1.2578974642441636
MHAR,22,CSCO,Bagging,rolling,838,6.12218867080845e-09,7.824441622766733e-05,5.4542617230447993e-05,-0.7191218779498818,5.365725488762609e-09,1.1409805968699098
MHAR,22,CSCO,ElasticNet,rolling,838,6.10554200327834e-09,7.8137967744742e-05,6.437734142626051e-05,-0.714447462984132,5.365725488762609e-09,1.1378781892709797
MHAR,22,CSCO,GradientBoosting,rolling,838,7.061341973948052e-09,8.403179144792792e-05,6.670662569156508e-05,-0.9828378587843936,5.365725488762609e-09,1.316008802302048
MHAR,22,CSCO,HAR,rolling,838,5.365725488762609e-09,7.325111254283179e-05,5.8400745333329584e-05,-0.5067056202936371,5.365725488762609e-09,1.0
MHAR,22,CSCO,HARQ,rolling,838,5.366640458064028e-09,7.325735770599447e-05,5.278763934147137e-05,-0.5069625453621542,5.365725488762609e-09,1.0001705210792715
MHAR,22,CSCO,HARX,rolling,838,5.365725488762609e-09,7.325111254283179e-05,5.8400745333329584e-05,-0.5067056202936371,5.365725488762609e-09,1.0
MHAR,22,CSCO,Lasso,rolling,838,6.63406971474186e-09,8.144979873972593e-05,6.908697358578776e-05,-0.862859019820347,5.365725488762609e-09,1.2363788883042064
MHAR,22,CSCO,LevHAR,rolling,837,5.686363582122133e-09,7.540798089142908e-05,5.7667136976092695e-05,-0.5957016454318118,5.365725488762609e-09,1.0597567083949846
MHAR,22,CSCO,LogHAR,rolling,838,3.7738733020224e-09,6.143185901486623e-05,4.521213838161841e-05,-0.059710588314970225,5.365725488762609e-09,0.7033295516004293
MHAR,22,CSCO,NN1,fixed,838,3.0126882839174294e-09,5.488796119293765e-05,4.0377275010043224e-05,0.15403156962135667,5.365725488762609e-09,0.5614689551723948
MHAR,22,CSCO,NN1_1,fixed,838,3.0118388472692616e-09,5.488022273341519e-05,4.071631715313728e-05,0.15427009299989292,5.365725488762609e-09,0.5613106472884103
MHAR,22,CSCO,NN2,fixed,838,3.548384129505801e-09,5.956831481170003e-05,4.4563498963927196e-05,0.00360718749328659,5.365725488762609e-09,0.6613055656568996
MHAR,22,CSCO,NN2_1,fixed,838,3.7301973953603805e-09,6.107534195860372e-05,4.47625885226843e-05,-0.04744631311548386,5.365725488762609e-09,0.6951897563847609
MHAR,22,CSCO,NN3,fixed,838,3.3259804754888156e-09,5.767131414740621e-05,4.294186233361675e-05,0.06605854401218114,5.365725488762609e-09,0.6198566218965892
MHAR,22,CSCO,NN3_1,fixed,838,3.493536196093846e-09,5.910614347167176e-05,4.445606391082034e-05,0.019008588423385597,5.365725488762609e-09,0.651083661176914
MHAR,22,CSCO,NN4,fixed,838,3.304093194827183e-09,5.748124211277261e-05,4.206482398204206e-05,0.07220453281740247,5.365725488762609e-09,0.6157775312484614
MHAR,22,CSCO,NN4_1,fixed,838,3.0090069489576474e-09,5.485441594764862e-05,3.833128955110978e-05,0.15506529527238067,5.365725488762609e-09,0.5607828718147031
MHAR,22,CSCO,PostLasso,rolling,838,6.102340418980626e-09,7.811747831939166e-05,6.436122634004273e-05,-0.7135484522044504,5.365725488762609e-09,1.1372815161268879
MHAR,22,CSCO,RandomForest,rolling,838,5.34133058102601e-09,7.308440723592146e-05,5.2862826658009816e-05,-0.49985548517765777,5.365725488762609e-09,0.9954535676885281
MHAR,22,CSCO,Ridge,rolling,838,6.105681401064176e-09,7.813885973741986e-05,6.437789378529565e-05,-0.7144866061396689,5.365725488762609e-09,1.1379041685697955
MHAR,22,CSCO,SHAR,rolling,838,5.151393256036963e-09,7.177320709036878e-05,5.741321631290922e-05,-0.4465207337700654,5.365725488762609e-09,0.9600553115930884
MHAR,22,DIS,AdaptiveLasso,rolling,833,6.382007094083868e-09,7.988746518749902e-05,5.95918203720454e-05,-0.41586275924042715,5.784781886962268e-09,1.103240747670647
MHAR,22,DIS,Bagging,rolling,833,8.91811647453167e-09,9.443577963108934e-05,5.0327089342444895e-05,-0.9785043815703394,5.784781886962268e-09,1.5416512927879453
MHAR,22,DIS,ElasticNet,rolling,833,6.490981986184449e-09,8.056663072379562e-05,6.089138298243011e-05,-0.4400390863962662,5.784781886962268e-09,1.1220789500834618
MHAR,22,DIS,GradientBoosting,rolling,833,9.43399932266938e-09,9.712877700593877e-05,6.560822148860288e-05,-1.0929541623432515,5.784781886962268e-09,1.6308306012248641
MHAR,22,DIS,HAR,rolling,833,5.784781886962268e-09,7.605775362816251e-05,5.389113050741982e-05,-0.28336699150193856,5.784781886962268e-09,1.0
MHAR,22,DIS,HARQ,rolling,833,6.294034079284692e-09,7.933494866252005e-05,5.181749689575052e-05,-0.39634574623244645,5.784781886962268e-09,1.088033084440085
MHAR,22,DIS,HARX,rolling,833,5.784781886962268e-09,7.605775362816251e-05,5.389113050741982e-05,-0.28336699150193856,5.784781886962268e-09,1.0
MHAR,22,DIS,Lasso,rolling,833,6.535527741116541e-09,8.084261092466361e-05,6.204245122451813e-05,-0.4499216632346823,5.784781886962268e-09,1.129779457345886
MHAR,22,DIS,LevHAR,rolling,832,6.351025579237855e-09,7.969332204920219e-05,5.225538875755118e-05,-0.408065457873692,5.784781886962268e-09,1.0978850548456782
MHAR,22,DIS,LogHAR,rolling,833,5.024123666218887e-09,7.088105294236879e-05,4.581722890940996e-05,-0.11461323874302876,5.784781886962268e-09,0.8685070179641948
MHAR,22,DIS,NN1,fixed,833,4.128139256664635e-09,6.425059732535283e-05,3.966998214577028e-05,0.08416293615716441,5.784781886962268e-09,0.7136205542975835
MHAR,22,DIS,NN1_1,fixed,833,4.057571862497847e-09,6.36990726973152e-05,4.083728046824404e-05,0.09981847272183164,5.784781886962268e-09,0.7014217548362187
MHAR,22,DIS,NN2,fixed,833,4.524212840169516e-09,6.726226906795157e-05,4.295932019526444e-05,-0.0037068873225545307,5.784781886962268e-09,0.7820887508941659
MHAR,22,DIS,NN2_1,fixed,833,4.06689572005485e-09,6.377221746226839e-05,3.928405863835183e-05,0.09774995376019335,5.784781886962268e-09,0.7030335455206727
MHAR,22,DIS,NN3,fixed,833,4.310307807826329e-09,6.565293449516426e-05,4.2046478988817885e-05,0.043748429608946426,5.784781886962268e-09,0.7451115516629752
MHAR,22,DIS,NN3_1,fixed,833,4.24254596737235e-09,6.513482914211375e-05,3.985471489964873e-05,0.058781547714584104,5.784781886962268e-09,0.7333977408783887
MHAR,22,DIS,NN4,fixed,833,4.521989988674703e-09,6.724574327550185e-05,4.371852090661508e-05,-0.003213742673162878,5.784781886962268e-09,0.7817044924142009
MHAR,22,DIS,NN4_1,fixed,833,4.5876595679349905e-09,6.773226386246802e-05,4.2875823420233553e-05,-0.017782687884116966,5.784781886962268e-09,0.7930566195200289
MHAR,22,DIS,PostLasso,rolling,833,6.103960635978379e-09,7.81278480183499e-05,5.682301021348056e-05,-0.3541775214199925,5.784781886962268e-09,1.0551755892016388
MHAR,22,DIS,RandomForest,rolling,833,6.752857817584951e-09,8.217577390925473e-05,4.891119025359168e-05,-0.4981368339792813,5.784781886962268e-09,1.1673487349288882
MHAR,22,DIS,Ridge,rolling,833,6.1429810813684744e-09,7.837717194035822e-05,5.7342801970715816e-05,-0.3628342957955686,5.784781886962268e-09,1.0619209507645422
MHAR,22,DIS,SHAR,rolling,833,5.839297316245377e-09,7.641529504127676e-05,5.362711333293695e-05,-0.2954613632235732,5.784781886962268e-09,1.00942393859412
MHAR,22,GE,AdaptiveLasso,rolling,837,1.2984567669698683e-08,0.00011394984716838669,8.559494447585875e-05,-0.8065010429310968,1.1470282918054183e-08,1.1320180820702357
MHAR,22,GE,Bagging,rolling,837,1.573470470301058e-08,0.00012543805125642926,5.870953816772636e-05,-1.1891187430548515,1.1470282918054183e-08,1.3717800001466582
MHAR,22,GE,ElasticNet,rolling,837,1.3256787844970896e-08,0.00011513812507145883,8.606037460990248e-05,-0.8443741583898228,1.1470282918054183e-08,1.1557507290517446
MHAR,22,GE,GradientBoosting,rolling,837,1.5276078283828782e-08,0.00012359643313554313,7.902798496163551e-05,-1.1253115277787424,1.1470282918054183e-08,1.331796119848473
MHAR,22,GE,HAR,rolling,837,1.1470282918054183e-08,0.00010709940671196169,7.256334320813496e-05,-0.5958234868716639,1.1470282918054183e-08,1.0
MHAR,22,GE,HARQ,rolling,837,1.1464806637166279e-08,0.00010707383731409966,6.839974278612848e-05,-0.5950615895650273,1.1470282918054183e-08,0.9995225679325411
MHAR,22,GE,HARX,rolling,837,1.1470282918054183e-08,0.00010709940671196169,7.256334320813496e-05,-0.5958234868716639,1.1470282918054183e-08,1.0
MHAR,22,GE,Lasso,rolling,837,1.319023545673724e-08,0.0001148487503490449,8.727731211624142e-05,-0.8351149391526493,1.1470282918054183e-08,1.1499485715366147
MHAR,22,GE,LevHAR,rolling,837,2.415095013386413e-08,0.00015540575965473135,9.874755390182596e-05,-2.3600438393044243,1.1470282918054183e-08,2.1055234911294667
MHAR,22,GE,LogHAR,rolling,837,9.336249442336158e-09,9.662426942717941e-05,5.2639613576460767e-05,-0.29892228864917825,1.1470282918054183e-08,0.8139511038250796
MHAR,22,GE,NN1,fixed,837,7.241994367119381e-09,8.509990814988803e-05,4.2764182161981306e-05,-0.007555331059080572,1.1470282918054183e-08,0.6313701605145683
MHAR,22,GE,NN1_1,fixed,837,6.997064111457752e-09,8.364845552344497e-05,4.212668208490395e-05,0.026521025855803182,1.1470282918054183e-08,0.6100166980575866
MHAR,22,GE,NN2,fixed,837,7.594678868806964e-09,8.71474547465786e-05,4.555099678710396e-05,-0.05662318886778328,1.1470282918054183e-08,0.662117832930953
MHAR,22,GE,NN2_1,fixed,837,7.582591287933372e-09,8.707807581666795e-05,4.4427415087169816e-05,-0.054941482706274636,1.1470282918054183e-08,0.6610640157792795
MHAR,22,GE,NN3,fixed,837,7.567169024852513e-09,8.698947651786688e-05,4.582487143949967e-05,-0.05279583295892509,1.1470282918054183e-08,0.659719475004563
MHAR,22,GE,NN3_1,fixed,837,6.848682775565109e-09,8.275676875981269e-05,4.1348431675807314e-05,0.04716484279759503,1.1470282918054183e-08,0.5970805449606921
MHAR,22,GE,NN4,fixed,837,7.646803034855974e-09,8.74460006795964e-05,4.64368278537693e-05,-0.06387505606311472,1.1470282918054183e-08,0.6666621119536584
MHAR,22,GE,NN4_1,fixed,837,7.877974616981002e-09,8.87579552320861e-05,4.9856633337813284e-05,-0.09603721308120727,1.1470282918054183e-08,0.686816068379717
MHAR,22,GE,PostLasso,rolling,837,1.2122443150902076e-08,0.00011010196706191073,7.826196996641784e-05,-0.6865564377689999,1.1470282918054183e-08,1.0568565080309742
MHAR,22,GE,RandomForest,rolling,837,1.3534151624698709e-08,0.00011633637275030845,5.7610364429052154e-05,-0.8829628869555721,1.1470282918054183e-08,1.1799318047679543
MHAR,22,GE,Ridge,rolling,837,1.2122443178141774e-08,0.00011010196718561287,7.826197022022946e-05,-0.686556441558771,1.1470282918054183e-08,1.05685651040578
MHAR,22,GE,SHAR,rolling,837,1.1496400490768002e-08,0.00010722126883584246,7.257161988562375e-05,-0.5994571405709277,1.1470282918054183e-08,1.0022769772027775
MHAR,22,GS,AdaptiveLasso,rolling,818,1.2763004859139286e-08,0.00011297346971364244,0.00010243359898402286,-1.585137510051033,1.066541330460975e-08,1.1966723177640877
MHAR,22,GS,Bagging,rolling,818,3.8525262643179824e-08,0.00019627853332236775,6.855628858325628e-05,-6.803264406981379,1.066541330460975e-08,3.6121678122430225
MHAR,22,GS,ElasticNet,rolling,818,1.2592456602809992e-08,0.00011221611561094954,0.00010142067600926932,-1.550593082655086,1.066541330460975e-08,1.1806815397737418
MHAR,22,GS,GradientBoosting,rolling,818,1.3933084658557722e-08,0.00011803848803910411,7.774470601351331e-05,-1.8221363369427732,1.066541330460975e-08,1.3063801899299707
MHAR,22,GS,HAR,rolling,818,1.066541330460975e-08,0.00010327348790764137,9.17325197101363e-05,-1.1602718402320962,1.066541330460975e-08,1.0
MHAR,22,GS,HARQ,rolling,818,1.0610249402152918e-08,0.0001030060648804376,8.062141292346968e-05,-1.1490984312256867,1.066541330460975e-08,0.9948277763944705
MHAR,22,GS,HARX,rolling,818,1.066541330460975e-08,0.00010327348790764137,9.17325197101363e-05,-1.1602718402320962,1.066541330460975e-08,1.0
MHAR,22,GS,Lasso,rolling,818,1.313209252602663e-08,0.00011459534251454826,0.00010419718241735026,-1.6598959531213149,1.066541330460975e-08,1.2312783528370856
MHAR,22,GS,LevHAR,rolling,819,1.4826289731733273e-08,0.00012176325279711147,8.71272653401673e-05,-2.002982928815009,1.066541330460975e-08,1.390128006134102
MHAR,22,GS,LogHAR,rolling,818,6.761046385316719e-09,8.22255823045159e-05,5.7512200256431806e-05,-0.3694451119292217,1.066541330460975e-08,0.6339225862343745
MHAR,22,GS,NN1,fixed,818,4.934774482765589e-09,7.02479500253608e-05,4.571599606363584e-05,0.0004649563456858852,1.066541330460975e-08,0.46268947501853547
MHAR,22,GS,NN1_1,fixed,818,5.609922996197209e-09,7.489941919799652e-05,4.7464690312889904e-05,-0.1362858923917467,1.066541330460975e-08,0.5259920863800485
MHAR,22,GS,NN2,fixed,818,4.454536161812758e-09,6.674231163072461e-05,4.1874765442279465e-05,0.09773688493623989,1.066541330460975e-08,0.4176618415610243
MHAR,22,GS,NN2_1,fixed,818,5.644364511670429e-09,7.512898582884258e-05,4.724217466190187e-05,-0.1432619967288904,1.066541330460975e-08,0.5292213579037628
MHAR,22,GS,NN3,fixed,818,4.525447238341033e-09,6.727144444964025e-05,4.2411376727262956e-05,0.08337389707918563,1.066541330460975e-08,0.4243105362250769
MHAR,22,GS,NN3_1,fixed,818,5.890810003680062e-09,7.67516123848878e-05,4.8030663172317496e-05,-0.19317935495357785,1.066541330460975e-08,0.5523283379120402
MHAR,22,GS,NN4,fixed,818,4.504573609082701e-09,6.711612033694067e-05,4.274591231596455e-05,0.08760183576307401,1.066541330460975e-08,0.42235340351374456
MHAR,22,GS,NN4_1,fixed,818,5.231468818512959e-09,7.232889338648117e-05,4.520018418335947e-05,-0.05963026925559367,1.066541330460975e-08,0.49050783772738005
MHAR,22,GS,PostLasso,rolling,818,1.2592215330646734e-08,0.00011221504057231693,0.00010141947414494119,-1.5505442131509017,1.066541330460975e-08,1.1806589178502995
MHAR,22,GS,RandomForest,rolling,818,1.571730772806476e-08,0.000125368687191279,6.428980475740523e-05,-2.183529444144966,1.066541330460975e-08,1.4736707597887002
MHAR,22,GS,Ridge,rolling,818,1.2592215414735943e-08,0.0001122150409469958,0.0001014194745637824,-1.5505442301831112,1.066541330460975e-08,1.1806589257345894
MHAR,22,GS,SHAR,rolling,818,1.063339358885388e-08,0.00010311834748895989,9.167383205544962e-05,-1.153786269696377,1.066541330460975e-08,0.9969977988811713
MHAR,22,HD,AdaptiveLasso,rolling,833,1.9963418990841224e-08,0.0001412919636456413,9.726811907665689e-05,-1.6268177374837083,1.475432371192016e-08,1.3530555097359416
MHAR,22,HD,Bagging,rolling,833,1.5981541699506066e-08,0.000126418122512186,5.646567385084356e-05,-1.102876126972932,1.475432371192016e-08,1.0831768376204478
MHAR,22,HD,ElasticNet,rolling,833,1.7694569370626915e-08,0.0001330209358357808,8.842265621356974e-05,-1.3282789737180245,1.475432371192016e-08,1.1992802730992882
MHAR,22,HD,GradientBoosting,rolling,833,2.870068678703526e-08,0.00016941277043669187,8.957954941827714e-05,-2.7764810308663295,1.475432371192016e-08,1.9452390599135152
MHAR,22,HD,HAR,rolling,833,1.475432371192016e-08,0.00012146737715090485,6.316951315287617e-05,-0.9413968743945698,1.475432371192016e-08,1.0
MHAR,22,HD,HARQ,rolling,833,1.1007967926613907e-08,0.00010491886354042302,5.693890092120701e-05,-0.4484455501608797,1.475432371192016e-08,0.7460842083680503
MHAR,22,HD,HARX,rolling,833,1.475432371192016e-08,0.00012146737715090485,6.316951315287617e-05,-0.9413968743945698,1.475432371192016e-08,1.0
MHAR,22,HD,Lasso,rolling,833,1.7526085724322743e-08,0.00013238612360939777,9.074331076321132e-05,-1.306109633346479,1.475432371192016e-08,1.1878610003766725
MHAR,22,HD,LevHAR,rolling,833,1.4171002571475847e-08,0.00011904202019234992,5.87611860116643e-05,-0.8646425709823473,1.475432371192016e-08,0.9604643932291493
MHAR,22,HD,LogHAR,rolling,833,1.0217343048798465e-08,0.00010108087380310117,5.172504835328679e-05,-0.3444138983834817,1.475432371192016e-08,0.6924982295558403
MHAR,22,HD,NN1,fixed,833,7.740182002896936e-09,8.797830416015608e-05,4.0329483419241635e-05,-0.01846519305584593,1.475432371192016e-08,0.5246043230462382
MHAR,22,HD,NN1_1,fixed,833,7.942990968393484e-09,8.912345913615273e-05,4.138745337840846e-05,-0.04515111234309144,1.475432371192016e-08,0.5383500540913485
MHAR,22,HD,NN2,fixed,833,1.009348377978162e-06,0.0010046633157322715,9.102959285334987e-05,-131.81163030189558,1.475432371192016e-08,68.41034517649221
MHAR,22,HD,NN2_1,fixed,833,7.957314571184059e-09,8.920378114846959e-05,4.166978613739871e-05,-0.04703583428837632,1.475432371192016e-08,0.5393208612303435
MHAR,22,HD,NN3,fixed,833,8.043538434723807e-09,8.968577610035945e-05,4.258009863334222e-05,-0.058381304432768566,1.475432371192016e-08,0.5451648338327669
MHAR,22,HD,NN3_1,fixed,833,7.7452034082664e-09,8.800683728135217e-05,4.0282620711158814e-05,-0.01912591738856939,1.475432371192016e-08,0.5249446575452981
MHAR,22,HD,NN4,fixed,833,7.953141248494964e-09,8.918038600777058e-05,4.196131575473171e-05,-0.046486701994505,1.475432371192016e-08,0.539038007012788
MHAR,22,HD,NN4_1,fixed,833,7.98393100854105e-09,8.935284555368704e-05,4.198267646621737e-05,-0.05053806653577064,1.475432371192016e-08,0.5411248366531877
MHAR,22,HD,PostLasso,rolling,833,1.4905143800579876e-08,0.00012208662416735044,6.628773822201845e-05,-0.9612420163635864,1.475432371192016e-08,1.0102220943232978
MHAR,22,HD,RandomForest,rolling,833,1.5243809645794727e-08,0.00012346582379668767,5.550515221571198e-05,-1.0058041953018941,1.475432371192016e-08,1.0331757621312798
MHAR,22,HD,Ridge,rolling,833,1.494142106591734e-08,0.00012223510570174732,6.694716574325237e-05,-0.9660154353906363,1.475432371192016e-08,1.0126808491971762
MHAR,22,HD,SHAR,rolling,833,1.4792679732201871e-08,0.00012162516076948006,6.198622467496564e-05,-0.9464438192321001,1.475432371192016e-08,1.0025996461125983
MHAR,22,IBM,AdaptiveLasso,rolling,838,3.810520253915138e-09,6.172941157920703e-05,4.808745715377688e-05,-0.8131428004059966,2.7260497447716404e-09,1.3978175787963631
MHAR,22,IBM,Bagging,rolling,838,5.305759163055731e-09,7.284064224768842e-05,3.833248798321684e-05,-1.52461563937324,2.7260497447716404e-09,1.9463178077479257
MHAR,22,IBM,ElasticNet,rolling,838,3.2076180385285273e-09,5.663583705153944e-05,4.417989486480838e-05,-0.5262665372359219,2.7260497447716404e-09,1.1766542575682997
MHAR,22,IBM,GradientBoosting,rolling,838,4.794566927666756e-09,6.924281137899267e-05,4.992946650731812e-05,-1.281377325584812,2.7260497447716404e-09,1.7587965651992876
MHAR,22,IBM,HAR,rolling,838,2.7260497447716404e-09,5.2211586307750124e-05,3.610843638087793e-05,-0.2971240510276476,2.7260497447716404e-09,1.0
MHAR,22,IBM,HARQ,rolling,838,2.9817061775911987e-09,5.460500139722733e-05,3.579682993691687e-05,-0.4187719073979146,2.7260497447716404e-09,1.0937827467418335
MHAR,22,IBM,HARX,rolling,838,2.7260497447716404e-09,5.2211586307750124e-05,3.610843638087793e-05,-0.2971240510276476,2.7260497447716404e-09,1.0
MHAR,22,IBM,Lasso,rolling,838,3.5011223088445178e-09,5.917028231168513e-05,4.7103449850001324e-05,-0.6659233607536761,2.7260497447716404e-09,1.2843207705799973
MHAR,22,IBM,LevHAR,rolling,837,3.411640490733147e-09,5.840925004426223e-05,3.844841609765671e-05,-0.6222641037668732,2.7260497447716404e-09,1.2514960511180762
MHAR,22,IBM,LogHAR,rolling,838,2.225127881951382e-09,4.717126118677963e-05,3.281954471381709e-05,-0.05877264265884752,2.7260497447716404e-09,0.8162462501717039
MHAR,22,IBM,NN1,fixed,838,2.140909611803066e-09,4.626996446727689e-05,3.0417048155210895e-05,-0.018699440049525284,2.7260497447716404e-09,0.785352364133916
MHAR,22,IBM,NN1_1,fixed,838,2.091727773207317e-09,4.573541049566864e-05,2.974331558502057e-05,0.004702534121584168,2.7260497447716404e-09,0.7673109330521553
MHAR,22,IBM,NN2,fixed,838,2.152221168597814e-09,4.6392037771559615e-05,3.0455581715802768e-05,-0.024081767500142792,2.7260497447716404e-09,0.7895017956754508
MHAR,22,IBM,NN2_1,fixed,838,2.1941226082429204e-09,4.684146249043598e-05,3.034020659358163e-05,-0.04401954201823166,2.7260497447716404e-09,0.8048725495384241
MHAR,22,IBM,NN3,fixed,838,2.2086002035273823e-09,4.6995746653579005e-05,3.097870657423806e-05,-0.050908351395440254,2.7260497447716404e-09,0.810183382663252
MHAR,22,IBM,NN3_1,fixed,838,3.3253353627032275e-09,5.766572086346643e-05,3.0803586587481655e-05,-0.5822794448149116,2.7260497447716404e-09,1.2198366405752397
MHAR,22,IBM,NN4,fixed,838,2.329145974567934e-09,4.8261226409695955e-05,3.202185087459421e-05,-0.10826710618935564,2.7260497447716404e-09,0.8544033281252706
MHAR,22,IBM,NN4_1,fixed,838,2.442989412038411e-09,4.9426606317229704e-05,3.30874096312481e-05,-0.16243671959345285,2.7260497447716404e-09,0.8961646487647124
MHAR,22,IBM,PostLasso,rolling,838,2.8852041923926065e-09,5.3714096775358764e-05,3.7972188584655164e-05,-0.37285379962563914,2.7260497447716404e-09,1.0583828112183984
MHAR,22,IBM,RandomForest,rolling,838,3.891802473788399e-09,6.238431272193674e-05,3.711215828497958e-05,-0.851818955351715,2.7260497447716404e-09,1.4276344300952635
MHAR,22,IBM,Ridge,rolling,838,2.8047817466411004e-09,5.2960190205862184e-05,3.7648783361895035e-05,-0.33458674715280035,2.7260497447716404e-09,1.0288813518610445
MHAR,22,IBM,SHAR,rolling,838,2.7323408124552584e-09,5.2271797486362166e-05,3.6431354885176154e-05,-0.30011750161112083,2.7260497447716404e-09,1.0023077596788847
MHAR,22,INTC,AdaptiveLasso,rolling,836,8.7360429529325e-09,9.346680134107778e-05,7.239933798488577e-05,-0.45343560895961876,7.535945426296845e-09,1.1592497634666896
MHAR,22,INTC,Bagging,rolling,836,1.0075766147154764e-08,0.00010037811587768902,6.077626668787978e-05,-0.6763284458106702,7.535945426296845e-09,1.3370274832398812
MHAR,22,INTC,ElasticNet,rolling,836,8.781884342160287e-09,9.371170867165045e-05,7.209575130450097e-05,-0.4610623465829129,7.535945426296845e-09,1.165332794411662
MHAR,22,INTC,GradientBoosting,rolling,836,1.408163185227982e-08,0.00011866605181044754,8.194116634967734e-05,-1.3427935595821725,7.535945426296845e-09,1.8685952532434298
MHAR,22,INTC,HAR,rolling,836,7.535945426296845e-09,8.680982332833563e-05,6.195672482306436e-05,-0.2537726163628262,7.535945426296845e-09,1.0
MHAR,22,INTC,HARQ,rolling,836,8.206343617315239e-09,9.05888713767604e-05,6.022326368545629e-05,-0.3653083091539391,7.535945426296845e-09,1.088960064476983
MHAR,22,INTC,HARX,rolling,836,7.535945426296845e-09,8.680982332833563e-05,6.195672482306436e-05,-0.2537726163628262,7.535945426296845e-09,1.0
MHAR,22,INTC,Lasso,rolling,836,8.817992719070852e-09,9.390416774068578e-05,7.38883587657439e-05,-0.4670697805053772,7.535945426296845e-09,1.1701242803988832
MHAR,22,INTC,LevHAR,rolling,837,7.944831056629002e-09,8.913378179247755e-05,5.9435807757306026e-05,-0.3227160572412149,7.535945426296845e-09,1.0542580402593338
MHAR,22,INTC,LogHAR,rolling,836,6.429487905772637e-09,8.018408760952909e-05,5.603128152136127e-05,-0.06968872749055044,7.535945426296845e-09,0.8531760173497009
MHAR,22,INTC,NN1,fixed,836,5.507118475362264e-09,7.420996210322617e-05,4.789674477618142e-05,0.08376800137365747,7.535945426296845e-09,0.7307800367217435
MHAR,22,INTC,NN1_1,fixed,836,6.022691461076397e-09,7.760600145012239e-05,5.135063609784525e-05,-0.0020090650272133193,7.535945426296845e-09,0.7991952064912896
MHAR,22,INTC,NN2,fixed,836,7.836416428139414e-09,8.852353601240415e-05,5.134227430228992e-05,-0.3037626697417606,7.535945426296845e-09,1.0398717061822222
MHAR,22,INTC,NN2_1,fixed,836,3.490868189762525e-08,0.000186838652044017,5.308291913480312e-05,-4.807837896999017,7.535945426296845e-09,4.632289636255943
MHAR,22,INTC,NN3,fixed,836,5.7926893289398025e-09,7.610971901761168e-05,4.894201099376831e-05,0.03625692001716507,7.535945426296845e-09,0.7686745326904952
MHAR,22,INTC,NN3_1,fixed,836,6.13125243338458e-09,7.830231435522567e-05,5.114296228036412e-05,-0.020070604301470896,7.535945426296845e-09,0.8136009600055544
MHAR,22,INTC,NN4,fixed,836,6.076656741130007e-09,7.795291361539996e-05,5.11182661085963e-05,-0.010987393098627507,7.535945426296845e-09,0.8063562562336746
MHAR,22,INTC,NN4_1,fixed,836,6.398949903332629e-09,7.999343662659224e-05,5.163885220880813e-05,-0.06460804961248412,7.535945426296845e-09,0.8491237053022378
MHAR,22,INTC,PostLasso,rolling,836,7.862816281185373e-09,8.867252269550795e-05,6.469047576615544e-05,-0.3081548741637201,7.535945426296845e-09,1.0433748967644996
MHAR,22,INTC,RandomForest,rolling,836,8.560875218134613e-09,9.252499780132184e-05,5.9287048635327634e-05,-0.4242925490333187,7.535945426296845e-09,1.1360054689702572
MHAR,22,INTC,Ridge,rolling,836,7.883053263786462e-09,8.878656015291089e-05,6.486066157676852e-05,-0.31152174761990503,7.535945426296845e-09,1.0460602907603838
MHAR,22,INTC,SHAR,rolling,836,7.102274884312873e-09,8.427499560553458e-05,6.030858617676734e-05,-0.18162184836955064,7.535945426296845e-09,0.9424530676044084
MHAR,22,JNJ,AdaptiveLasso,rolling,825,2.0021057856979956e-08,0.00014149578741778836,6.135006027000847e-05,-0.005741878977949089,4.188799126288124e-08,0.47796653058227406
MHAR,22,JNJ,Bagging,rolling,825,2.4816442856920158e-08,0.00015753235495262602,5.946858324750888e-05,-0.24663422116660683,4.188799126288124e-08,0.5924476707698104
MHAR,22,JNJ,ElasticNet,rolling,825,2.005887627153118e-08,0.00014162936232127568,6.0819289639976115e-05,-0.0076416568809158925,4.188799126288124e-08,0.47886937680170444
MHAR,22,JNJ,GradientBoosting,rolling,825,2.0594931849441788e-08,0.00014350934411891717,5.879478105016888e-05,-0.03456998144876433,4.188799126288124e-08,0.4916667337947009
MHAR,22,JNJ,HAR,rolling,825,4.188799126288124e-08,0.0002046655595425895,6.957965839155657e-05,-1.104209844469072,4.188799126288124e-08,1.0
MHAR,22,JNJ,HARQ,rolling,825,2.5285292400998197e-08,0.0001590134975434419,6.0543903796081086e-05,-0.27018650420716583,4.188799126288124e-08,0.6036406053064804
MHAR,22,JNJ,HARX,rolling,825,4.188799126288124e-08,0.0002046655595425895,6.957965839155657e-05,-1.104209844469072,4.188799126288124e-08,1.0
MHAR,22,JNJ,Lasso,rolling,825,2.0031464644317798e-08,0.00014153255683523066,6.190049972522634e-05,-0.006264655642701289,4.188799126288124e-08,0.47821497380010547
MHAR,22,JNJ,LevHAR,rolling,825,3.2633361027294556e-08,0.0001806470620499945,6.63410850206527e-05,-0.6393108731522239,4.188799126288124e-08,0.7790624482920093
MHAR,22,JNJ,LogHAR,rolling,825,2.510293501063765e-08,0.00015843905771822063,5.5231828224070456e-05,-0.26102592609301856,4.188799126288124e-08,0.5992871525659061
MHAR,22,JNJ,NN1,fixed,825,2.1235646415633875e-08,0.00014572455666645164,4.6317402855621255e-05,-0.0667557668500045,4.188799126288124e-08,0.5069626347647684
MHAR,22,JNJ,NN1_1,fixed,825,2.2949780968518912e-08,0.00015149185116209688,4.599912509881215e-05,-0.152863949462273,4.188799126288124e-08,0.5478844956897159
MHAR,22,JNJ,NN2,fixed,825,2.1221773149450057e-08,0.00014567694789996823,4.635524720813489e-05,-0.06605885438419246,4.188799126288124e-08,0.5066314356366759
MHAR,22,JNJ,NN2_1,fixed,825,2.1585128067593744e-08,0.00014691878051356725,4.5894325568602335e-05,-0.08431169900010804,4.188799126288124e-08,0.5153058768593007
MHAR,22,JNJ,NN3,fixed,825,2.2078046704784622e-08,0.00014858683220522813,4.8117712485920286e-05,-0.10907307374328967,4.188799126288124e-08,0.5270734174438423
MHAR,22,JNJ,NN3_1,fixed,825,2.099756341122391e-08,0.00014490536018803415,4.5713563214515296e-05,-0.05479585694322053,4.188799126288124e-08,0.501278833817719
MHAR,22,JNJ,NN4,fixed,825,2.2791905684999455e-08,0.00015096988337082152,4.687267451798991e-05,-0.14493321046609764,4.188799126288124e-08,0.5441155089524751
MHAR,22,JNJ,NN4_1,fixed,825,2.1939914126933577e-08,0.00014812128181640065,4.722341960880248e-05,-0.10213409382582528,4.188799126288124e-08,0.5237757520823273
MHAR,22,JNJ,PostLasso,rolling,825,2.5980603969535437e-08,0.00016118499920754237,6.312040719925407e-05,-0.30511492649190286,4.188799126288124e-08,0.6202399109206741
MHAR,22,JNJ,RandomForest,rolling,825,2.3586867418067073e-08,0.00015358016609597435,5.8350946495652025e-05,-0.18486747931654457,4.188799126288124e-08,0.5630937819395607
MHAR,22,JNJ,Ridge,rolling,825,4.144759977052826e-08,0.00020358683594606076,6.548262677627901e-05,-1.0820871289677747,4.188799126288124e-08,0.9894864499567629
MHAR,22,JNJ,SHAR,rolling,825,4.3079513654889737e-08,0.00020755604942976184,6.974698888739842e-05,-1.1640650218499786,4.188799126288124e-08,1.0284454411893549
MHAR,22,JPM,AdaptiveLasso,rolling,837,1.3794006944152022e-08,0.00011744789033504187,0.00010197324937643063,-1.581957656858192,1.1570453305627061e-08,1.1921751533661675
MHAR,22,JPM,Bagging,rolling,837,9.81517587982859e-09,9.907156948301864e-05,5.984984395151634e-05,-0.8372013744039168,1.1570453305627061e-08,0.848296572361186
MHAR,22,JPM,ElasticNet,rolling,837,1.3473771247516548e-08,0.00011607657493015785,0.00010035924573241104,-1.5220160450933946,1.1570453305627061e-08,1.1644981308523017
MHAR,22,JPM,GradientBoosting,rolling,837,1.2263370817151508e-08,0.00011074010482725537,6.57560964384505e-05,-1.2954536929285365,1.1570453305627061e-08,1.059886807648881
MHAR,22,JPM,HAR,rolling,837,1.1570453305627061e-08,0.00010756604160062348,9.05589166962801e-05,-1.1657536223330123,1.1570453305627061e-08,1.0
MHAR,22,JPM,HARQ,rolling,837,1.1495841473673632e-08,0.00010721866196550688,7.465234413623859e-05,-1.151787804308972,1.1570453305627061e-08,0.9935515204130211
MHAR,22,JPM,HARX,rolling,837,1.1570453305627061e-08,0.00010756604160062348,9.05589166962801e-05,-1.1657536223330123,1.1570453305627061e-08,1.0
MHAR,22,JPM,Lasso,rolling,837,1.4127979805490308e-08,0.00011886117871487859,0.00010394115312662634,-1.6444705865679161,1.1570453305627061e-08,1.2210394383268843
MHAR,22,JPM,LevHAR,rolling,836,1.3582179538938822e-08,0.00011654260825525925,8.165348769651055e-05,-1.5402846322415114,1.1570453305627061e-08,1.1738675383040869
MHAR,22,JPM,LogHAR,rolling,837,7.525502895813336e-09,8.674965645933899e-05,5.526339746496686e-05,-0.40862114266161953,1.1570453305627061e-08,0.650406919852782
MHAR,22,JPM,NN1,fixed,837,5.177667892579532e-09,7.195601359566504e-05,4.401806552734374e-05,0.030845836598470622,1.1570453305627061e-08,0.4474904963370342
MHAR,22,JPM,NN1_1,fixed,837,5.112040088573135e-09,7.149853207285542e-05,4.234863286270278e-05,0.04313002724323045,1.1570453305627061e-08,0.44181847966898546
MHAR,22,JPM,NN2,fixed,837,1.4774038429437217e-08,0.00012154850237430825,4.766454348946111e-05,-1.765399626087226,1.1570453305627061e-08,1.2768763711489295
MHAR,22,JPM,NN2_1,fixed,837,5.4788890551163396e-09,7.401951806865767e-05,4.540034080470263e-05,-0.025536640963595536,1.1570453305627061e-08,0.4735241490021649
MHAR,22,JPM,NN3,fixed,837,4.984662564414416e-09,7.060214277494994e-05,4.496006756224105e-05,0.066972510079784,1.1570453305627061e-08,0.4308096176309898
MHAR,22,JPM,NN3_1,fixed,837,4.872618312344259e-09,6.980414251564344e-05,4.4033781054631755e-05,0.0879449161189253,1.1570453305627061e-08,0.4211259648724875
MHAR,22,JPM,NN4,fixed,837,5.0445050765386946e-09,7.102467934836943e-05,4.51099398815144e-05,0.05577120845579031,1.1570453305627061e-08,0.435981628661463
MHAR,22,JPM,NN4_1,fixed,837,5.262897916084056e-09,7.254583320966171e-05,4.386770623709991e-05,0.014892508992310205,1.1570453305627061e-08,0.45485667476178737
MHAR,22,JPM,PostLasso,rolling,837,1.3473464903207795e-08,0.00011607525534414213,0.00010035765107960936,-1.5219587036670181,1.1570453305627061e-08,1.1644716544212872
MHAR,22,JPM,RandomForest,rolling,837,1.1041778068132201e-08,0.00010507986518897044,5.968024592307166e-05,-1.0667963662603035,1.1570453305627061e-08,0.9543081655030967
MHAR,22,JPM,Ridge,rolling,837,1.3473465007796723e-08,0.0001160752557946642,0.00010035765162396829,-1.521958723243939,1.1570453305627061e-08,1.1644716634605985
MHAR,22,JPM,SHAR,rolling,837,1.1177759769764936e-08,0.00010572492501659642,8.936681939177497e-05,-1.0922493761902494,1.1570453305627061e-08,0.9660606611090037
MHAR,22,KO,AdaptiveLasso,rolling,822,1.5783189591253313e-09,3.9728062614798264e-05,3.1582270487586183e-05,-0.40817603838082306,1.3308076300965101e-09,1.185985805484803
MHAR,22,KO,Bagging,rolling,822,1.6082165181601984e-09,4.0102574956730626e-05,2.2810096328236234e-05,-0.434850637957519,1.3308076300965101e-09,1.2084515310778392
MHAR,22,KO,ElasticNet,rolling,822,1.5596031205616e-09,3.949181080378057e-05,3.0398585916673353e-05,-0.3914777688382358,1.3308076300965101e-09,1.1719222863551644
MHAR,22,KO,GradientBoosting,rolling,822,1.7860652296156764e-09,4.22618649566684e-05,2.9591927612284523e-05,-0.5935272428861567,1.3308076300965101e-09,1.3420912153067164
MHAR,22,KO,HAR,rolling,822,1.3308076300965101e-09,3.648023615735663e-05,2.62592649574068e-05,-0.18734645209787626,1.3308076300965101e-09,1.0
MHAR,22,KO,HARQ,rolling,822,1.3554980689713581e-09,3.6817089360395646e-05,2.6227755067870717e-05,-0.20937525951962543,1.3308076300965101e-09,1.0185529736353085
MHAR,22,KO,HARX,rolling,822,1.3308076300965101e-09,3.648023615735663e-05,2.62592649574068e-05,-0.18734645209787626,1.3308076300965101e-09,1.0
MHAR,22,KO,Lasso,rolling,822,1.5785449491553884e-09,3.9730906724556244e-05,3.185918299973533e-05,-0.4083776666660306,1.3308076300965101e-09,1.1861556196825473
MHAR,22,KO,LevHAR,rolling,822,1.3331514407654794e-09,3.651234641550005e-05,2.604969975610314e-05,-0.18943759977335817,1.3308076300965101e-09,1.0017611941921307
MHAR,22,KO,LogHAR,rolling,822,1.1366374829105707e-09,3.371405467917751e-05,2.2861653273616924e-05,-0.014107863626732442,1.3308076300965101e-09,0.8540960069699494
MHAR,22,KO,NN1,fixed,822,9.946606220484175e-10,3.153824063020031e-05,2.4087317779464582e-05,0.112563879315143,1.3308076300965101e-09,0.7474112708358042
MHAR,22,KO,NN1_1,fixed,822,8.827519747595577e-10,2.971114226615257e-05,2.1910400780402604e-05,0.21240876471594594,1.3308076300965101e-09,0.6633204941089349
MHAR,22,KO,NN2,fixed,822,9.98581988306116e-10,3.1600347914320755e-05,2.485493439225763e-05,0.10906523668028145,1.3308076300965101e-09,0.7503578772190379
MHAR,22,KO,NN2_1,fixed,822,8.814317043872659e-10,2.9688915513828825e-05,2.068484270558061e-05,0.21358670982754469,1.3308076300965101e-09,0.6623284120510675
MHAR,22,KO,NN3,fixed,822,1.0063699503492924e-09,3.17233344771525e-05,2.4885533646885768e-05,0.10211681762112124,1.3308076300965101e-09,0.7562099341708092
MHAR,22,KO,NN3_1,fixed,822,1.6506638906859543e-09,4.0628363130772994e-05,2.1061349779072443e-05,-0.4727221800418382,1.3308076300965101e-09,1.240347480248703
MHAR,22,KO,NN4,fixed,822,1.0453058404200411e-09,3.2331189901085314e-05,2.5339850972533995e-05,0.06737821987846793,1.3308076300965101e-09,0.7854672732408632
MHAR,22,KO,NN4_1,fixed,822,9.163506965850465e-10,3.0271285017075945e-05,2.059460496351553e-05,0.18243198801860716,1.3308076300965101e-09,0.6885673600463147
MHAR,22,KO,PostLasso,rolling,822,1.400748610855976e-09,3.7426576264146526e-05,2.769510518202299e-05,-0.24974778906269024,1.3308076300965101e-09,1.0525552898689
MHAR,22,KO,RandomForest,rolling,822,1.4553425460505784e-09,3.814895209636273e-05,2.2652208244645038e-05,-0.2984564933061966,1.3308076300965101e-09,1.0935784505120676
MHAR,22,KO,Ridge,rolling,822,1.4050803568790401e-09,3.7484401514217086e-05,2.7857991050314078e-05,-0.25361257248860225,1.3308076300965101e-09,1.055810265212519
MHAR,22,KO,SHAR,rolling,822,1.3292679615487781e-09,3.645912727354809e-05,2.6276152365588232e-05,-0.18597275995318707,1.3308076300965101e-09,0.9988430570182256
MHAR,22,MCD,AdaptiveLasso,rolling,830,3.1795206509593347e-09,5.638723836968197e-05,4.615726467904281e-05,-0.7435011251466053,2.6243166387137563e-09,1.2115613657495605
MHAR,22,MCD,Bagging,rolling,830,3.4663305184672974e-09,5.887555110966943e-05,3.148474241509181e-05,-0.9007743061062585,2.6243166387137563e-09,1.3208507187479608
MHAR,22,MCD,ElasticNet,rolling,830,3.0350081648998e-09,5.5090908187284406e-05,4.354140872893714e-05,-0.6642572045365882,2.6243166387137563e-09,1.156494654695073
MHAR,22,MCD,GradientBoosting,rolling,830,3.459733711263604e-09,5.881950111369191e-05,4.124195378910292e-05,-0.8971569241029227,2.6243166387137563e-09,1.3183369949440655
MHAR,22,MCD,HAR,rolling,830,2.6243166387137563e-09,5.1228084472423486e-05,3.7784070780892455e-05,-0.43905308838231893,2.6243166387137563e-09,1.0
MHAR,22,MCD,HARQ,rolling,830,2.88377793950221e-09,5.37008187973164e-05,3.539356935201184e-05,-0.5813295883698812,2.6243166387137563e-09,1.0988681384558923
MHAR,22,MCD,HARX,rolling,830,2.6243166387137563e-09,5.1228084472423486e-05,3.7784070780892455e-05,-0.43905308838231893,2.6243166387137563e-09,1.0
MHAR,22,MCD,Lasso,rolling,830,3.1223870744802906e-09,5.587832383384715e-05,4.565608512052223e-05,-0.7121717312504505,2.6243166387137563e-09,1.1897905261960504
MHAR,22,MCD,LevHAR,rolling,831,3.022357781270211e-09,5.497597458226831e-05,3.7942940787385404e-05,-0.6575164770751851,2.6243166387137563e-09,1.151674206033135
MHAR,22,MCD,LogHAR,rolling,830,2.280379027314415e-09,4.775331430711815e-05,3.0155668606700585e-05,-0.25045371184609233,2.6243166387137563e-09,0.8689420299648316
MHAR,22,MCD,NN1,fixed,830,2.0086002016936944e-09,4.481740958259072e-05,2.5183594479008723e-05,-0.10142285459477085,2.6243166387137563e-09,0.7653802792174347
MHAR,22,MCD,NN1_1,fixed,830,2.264400820572676e-09,4.758572076340418e-05,2.7935281802263713e-05,-0.241692007020039,2.6243166387137563e-09,0.8628535090500801
MHAR,22,MCD,NN2,fixed,830,7.652187010509292e-08,0.000276625866659452,4.46416429147472e-05,-40.961031637362446,2.6243166387137563e-09,29.15877946138322
MHAR,22,MCD,NN2_1,fixed,830,2.4555528059057514e-09,4.9553534746834674e-05,2.906556424749895e-05,-0.34651085806340864,2.6243166387137563e-09,0.9356922749646855
MHAR,22,MCD,NN3,fixed,830,2.4981808009134332e-09,4.998180469844435e-05,2.997108183739955e-05,-0.36988606628424936,2.6243166387137563e-09,0.95193573978857
MHAR,22,MCD,NN3_1,fixed,830,2.3208540422466806e-09,4.8175243042943544e-05,2.8303736735266665e-05,-0.27264832601016087,2.6243166387137563e-09,0.8843650983305846
MHAR,22,MCD,NN4,fixed,830,2.4741032030019536e-09,4.9740357889765466e-05,2.9956181366366437e-05,-0.3566830323499277,2.6243166387137563e-09,0.9427609330764957
MHAR,22,MCD,NN4_1,fixed,830,2.467362266679465e-09,4.9672550434615945e-05,2.990736517552891e-05,-0.3529866166467448,2.6243166387137563e-09,0.9401922886442474
MHAR,22,MCD,PostLasso,rolling,830,2.825651289981274e-09,5.3156855531354315e-05,4.069924534442956e-05,-0.5494556394429648,2.6243166387137563e-09,1.0767188868513202
MHAR,22,MCD,RandomForest,rolling,830,2.7090842018175987e-09,5.204886359775397e-05,3.0574464973147966e-05,-0.4855356742409427,2.6243166387137563e-09,1.0323008138017176
MHAR,22,MCD,Ridge,rolling,830,2.8446143407324958e-09,5.33349260872507e-05,4.096662168416402e-05,-0.5598540937857575,2.6243166387137563e-09,1.0839447872901165
MHAR,22,MCD,SHAR,rolling,830,2.5491380451572566e-09,5.04889893457698e-05,3.697609701840914e-05,-0.39782864707757426,2.6243166387137563e-09,0.9713530781890151
MHAR,22,MMM,AdaptiveLasso,rolling,827,3.50887431854581e-09,5.923575202988319e-05,4.538519877877804e-05,-0.8898757398659276,3.0926903231915707e-09,1.1345702129415756
MHAR,22,MMM,Bagging,rolling,827,3.073476178373284e-09,5.5438940992530546e-05,3.331245812654763e-05,-0.6553707939504476,3.0926903231915707e-09,0.9937872393255144
MHAR,22,MMM,ElasticNet,rolling,827,3.473742303503212e-09,5.893846200490145e-05,4.47761904945137e-05,-0.8709536762939478,3.0926903231915707e-09,1.1232105191567987
MHAR,22,MMM,GradientBoosting,rolling,827,2.585404541145738e-09,5.08468734648035e-05,3.282722099086439e-05,-0.39249596208834414,3.0926903231915707e-09,0.8359726551857517
MHAR,22,MMM,HAR,rolling,827,3.0926903231915707e-09,5.561196205126709e-05,3.9514924319038045e-05,-0.6657195106207556,3.0926903231915707e-09,1.0
MHAR,22,MMM,HARQ,rolling,827,3.621363824778083e-09,6.017776852607683e-05,3.632022890912942e-05,-0.950462460710912,3.0926903231915707e-09,1.1709429158238307
MHAR,22,MMM,HARX,rolling,827,3.0926903231915707e-09,5.561196205126709e-05,3.9514924319038045e-05,-0.6657195106207556,3.0926903231915707e-09,1.0
MHAR,22,MMM,Lasso,rolling,827,3.532518595937434e-09,5.9434994707978516e-05,4.6733742594715044e-05,-0.902610520930303,3.0926903231915707e-09,1.1422154263062372
MHAR,22,MMM,LevHAR,rolling,827,3.0148739368551856e-09,5.4907867713609e-05,3.765818189559779e-05,-0.6238076929406866,3.0926903231915707e-09,0.9748386103345514
MHAR,22,MMM,LogHAR,rolling,827,2.459296470402339e-09,4.959129430053564e-05,3.146771123039511e-05,-0.3245742977985795,3.0926903231915707e-09,0.7951964837735236
MHAR,22,MMM,NN1,fixed,827,1.8529933697507719e-09,4.304640948732858e-05,2.387547860969154e-05,0.001979866558540877,3.0926903231915707e-09,0.5991525746549801
MHAR,22,MMM,NN1_1,fixed,827,1.9173212033398345e-09,4.378722648604082e-05,2.4160584352659972e-05,-0.03266703186570519,3.0926903231915707e-09,0.6199525341939869
MHAR,22,MMM,NN2,fixed,827,1.893468586012964e-09,4.351400448146509e-05,2.4043859456579358e-05,-0.019820039147812496,3.0926903231915707e-09,0.6122399555539583
MHAR,22,MMM,NN2_1,fixed,827,2.1033811511102635e-09,4.5862633495147916e-05,2.463807245698067e-05,-0.13287870932407086,3.0926903231915707e-09,0.6801137298931477
MHAR,22,MMM,NN3,fixed,827,1.9385334955004156e-09,4.402878030902532e-05,2.4615995449834495e-05,-0.04409194843491537,3.0926903231915707e-09,0.6268113819749993
MHAR,22,MMM,NN3_1,fixed,827,1.8463817197140507e-09,4.29695440947894e-05,2.3963017404471772e-05,0.005540893791360468,3.0926903231915707e-09,0.597014743399409
MHAR,22,MMM,NN4,fixed,827,1.981482290806876e-09,4.45138438107391e-05,2.512697318523134e-05,-0.06722412101719955,3.0926903231915707e-09,0.6406985775291077
MHAR,22,MMM,NN4_1,fixed,827,2.020773675839538e-09,4.495301631525451e-05,2.5035562804478128e-05,-0.0883864165620949,3.0926903231915707e-09,0.6534031747977133
MHAR,22,MMM,PostLasso,rolling,827,3.29946957499605e-09,5.7441009522779545e-05,4.240004771764554e-05,-0.7770905818008906,3.0926903231915707e-09,1.0668606391832627
MHAR,22,MMM,RandomForest,rolling,827,3.1168593277096813e-09,5.582883956979297e-05,3.312343513593367e-05,-0.6787369091220552,3.0926903231915707e-09,1.0078148802474245
MHAR,22,MMM,Ridge,rolling,827,3.325549189262944e-09,5.766757485158314e-05,4.278018433560095e-05,-0.7911370325522218,3.0926903231915707e-09,1.075293301862525
MHAR,22,MMM,SHAR,rolling,827,3.0367487590236503e-09,5.5106703394629317e-05,3.7881901761089125e-05,-0.6355894474229034,3.0926903231915707e-09,0.9819116826057805
MHAR,22,MRK,AdaptiveLasso,rolling,830,5.627402446427749e-09,7.501601459973563e-05,6.435856820537678e-05,-0.4284118736340532,4.9312312789600785e-09,1.1411759311387404
MHAR,22,MRK,Bagging,rolling,830,5.1789344593115426e-09,7.196481403652442e-05,5.016883294502927e-05,-0.31457658215810724,4.9312312789600785e-09,1.0502315073738948
MHAR,22,MRK,ElasticNet,rolling,830,5.483132512912117e-09,7.404817697223962e-05,6.28777719862458e-05,-0.39179162334913853,4.9312312789600785e-09,1.1119195597875964
MHAR,22,MRK,GradientBoosting,rolling,830,5.9392551508123564e-09,7.706656311794601e-05,5.515972730671341e-05,-0.5075699061381325,4.9312312789600785e-09,1.2044162633687818
MHAR,22,MRK,HAR,rolling,830,4.9312312789600785e-09,7.022272622848018e-05,5.8159584607052116e-05,-0.25170171807662456,4.9312312789600785e-09,1.0
MHAR,22,MRK,HARQ,rolling,830,5.340362688012261e-09,7.307778518819698e-05,5.5865583801362357e-05,-0.35555214784955624,4.9312312789600785e-09,1.0829673941268603
MHAR,22,MRK,HARX,rolling,830,4.9312312789600785e-09,7.022272622848018e-05,5.8159584607052116e-05,-0.25170171807662456,4.9312312789600785e-09,1.0
MHAR,22,MRK,Lasso,rolling,830,5.844573035097435e-09,7.644980729274231e-05,6.617903847874171e-05,-0.48353660487782535,4.9312312789600785e-09,1.1852157614335148
MHAR,22,MRK,LevHAR,rolling,829,5.368400160487948e-09,7.32693671358498e-05,5.8252417054435424e-05,-0.36223052036522274,4.9312312789600785e-09,1.0886530882039793
MHAR,22,MRK,LogHAR,rolling,830,4.361014307541908e-09,6.603797625262231e-05,4.6709854613133776e-05,-0.10696270211404513,4.9312312789600785e-09,0.8843662081210638
MHAR,22,MRK,NN1,fixed,830,3.72661496947207e-09,6.104600699040086e-05,3.7053422599632947e-05,0.054067818761493136,4.9312312789600785e-09,0.7557169312606155
MHAR,22,MRK,NN1_1,fixed,830,3.6549438238135692e-09,6.045613139966507e-05,3.721135411672587e-05,0.07226021150933137,4.9312312789600785e-09,0.7411828034527598
MHAR,22,MRK,NN2,fixed,830,3.802648142901926e-09,6.16656155641207e-05,3.8141953541696435e-05,0.03476820606252495,4.9312312789600785e-09,0.7711356307960161
MHAR,22,MRK,NN2_1,fixed,830,3.904708019963092e-09,6.248766294208075e-05,3.969009606005868e-05,0.008862196744079176,4.9312312789600785e-09,0.7918322623850925
MHAR,22,MRK,NN3,fixed,830,4.52269375383694e-09,6.725097585787837e-05,4.128684910636828e-05,-0.14800203473846163,4.9312312789600785e-09,0.9171530390662811
MHAR,22,MRK,NN3_1,fixed,830,4.067361650591445e-09,6.377587044166034e-05,3.846286686708312e-05,-0.032424414528358536,4.9312312789600785e-09,0.8248166473037927
MHAR,22,MRK,NN4,fixed,830,4.140597716961252e-09,6.434747638378099e-05,3.973830362619863e-05,-0.05101403341145261,4.9312312789600785e-09,0.8396681239891959
MHAR,22,MRK,NN4_1,fixed,830,3.925521163916772e-09,6.265397963351389e-05,4.0153093672728374e-05,0.003579165677061069,4.9312312789600785e-09,0.7960529413142036
MHAR,22,MRK,PostLasso,rolling,830,5.483078926998288e-09,7.404781513993704e-05,6.287732761057399e-05,-0.39177802155749486,4.9312312789600785e-09,1.1119086931478472
MHAR,22,MRK,RandomForest,rolling,830,5.137777777828836e-09,7.167829363083942e-05,4.9035447280125224e-05,-0.3041297209163649,4.9312312789600785e-09,1.0418853805843629
MHAR,22,MRK,Ridge,rolling,830,5.483078945360276e-09,7.404781526392441e-05,6.287732776269207e-05,-0.39177802621834523,4.9312312789600785e-09,1.1119086968714584
MHAR,22,MRK,SHAR,rolling,830,5.044716707443433e-09,7.102616917336478e-05,5.8082373023067605e-05,-0.28050789198604087,4.9312312789600785e-09,1.0230136089879944
MHAR,22,MSFT,AdaptiveLasso,rolling,838,9.08710616586346e-09,9.53263141313219e-05,7.084070505171427e-05,-0.4163993816860352,6.935257070660815e-09,1.3102767602236278
MHAR,22,MSFT,Bagging,rolling,838,8.714351925555594e-09,9.33506932248261e-05,5.464348477500442e-05,-0.3582985005192372,6.935257070660815e-09,1.2565290423654418
MHAR,22,MSFT,ElasticNet,rolling,838,8.237142802966224e-09,9.075870648574838e-05,6.690396275012084e-05,-0.28391632715917803,6.935257070660815e-09,1.1877198954618362
MHAR,22,MSFT,GradientBoosting,rolling,838,9.428240867009194e-09,9.709912907441134e-05,6.8719787134307e-05,-0.4695717526207548,6.935257070660815e-09,1.359465232643617
MHAR,22,MSFT,HAR,rolling,838,6.935257070660815e-09,8.327819084646841e-05,5.346919236394026e-05,-0.08099252362859222,6.935257070660815e-09,1.0
MHAR,22,MSFT,HARQ,rolling,838,6.698317225872485e-09,8.184324789420619e-05,5.224561749697594e-05,-0.04406091487115393,6.935257070660815e-09,0.9658354632893581
MHAR,22,MSFT,HARX,rolling,838,6.935257070660815e-09,8.327819084646841e-05,5.346919236394026e-05,-0.08099252362859222,6.935257070660815e-09,1.0
MHAR,22,MSFT,Lasso,rolling,838,8.183260250000664e-09,9.046137435392336e-05,6.768235706408817e-05,-0.2755177002133653,6.935257070660815e-09,1.179950529104314
MHAR,22,MSFT,LevHAR,rolling,837,7.077471297709421e-09,8.412770826374281e-05,5.391435768692425e-05,-0.10205583282409303,6.935257070660815e-09,1.0205059777308378
MHAR,22,MSFT,LogHAR,rolling,838,5.6038586485420715e-09,7.485892497586425e-05,4.918488296947205e-05,0.12653139734758156,6.935257070660815e-09,0.8080246473124776
MHAR,22,MSFT,NN1,fixed,838,6.284974444935823e-09,7.927783072798992e-05,5.568143822655175e-05,0.02036646703205336,6.935257070660815e-09,0.9062352528392966
MHAR,22,MSFT,NN1_1,fixed,838,5.860323052183496e-09,7.655274686243136e-05,5.323816211429593e-05,0.08655651248194696,6.935257070660815e-09,0.8450044450371188
MHAR,22,MSFT,NN2,fixed,838,6.3335177062434815e-09,7.95834009467017e-05,5.562513803539909e-05,0.01280007086079693,6.935257070660815e-09,0.9132347426654225
MHAR,22,MSFT,NN2_1,fixed,838,1.0724433873314707e-08,0.00010355884256457634,6.0547157421588624e-05,-0.6716082358714643,6.935257070660815e-09,1.5463642896070535
MHAR,22,MSFT,NN3,fixed,838,6.173729690766934e-09,7.857308502767938e-05,5.4437372608566195e-05,0.03770609068612096,6.935257070660815e-09,0.8901947869942015
MHAR,22,MSFT,NN3_1,fixed,838,6.231029845810528e-09,7.893687253629021e-05,5.483395589257454e-05,0.02877476505914134,6.935257070660815e-09,0.8984569399987381
MHAR,22,MSFT,NN4,fixed,838,6.433730682219831e-09,8.021053972028758e-05,5.611208067807545e-05,-0.0028200390640806816,6.935257070660815e-09,0.9276845280093999
MHAR,22,MSFT,NN4_1,fixed,838,6.430651050404404e-09,8.019134024571733e-05,5.535852356933548e-05,-0.0023400195155494075,6.935257070660815e-09,0.9272404735520019
MHAR,22,MSFT,PostLasso,rolling,838,7.105093172813123e-09,8.429171473408951e-05,5.466506989994467e-05,-0.10746473003685075,6.935257070660815e-09,1.0244887969432004
MHAR,22,MSFT,RandomForest,rolling,838,7.664519677163611e-09,8.754724254460337e-05,5.2531688668820526e-05,-0.19466205560980687,6.935257070660815e-09,1.1051529307526173
MHAR,22,MSFT,Ridge,rolling,838,7.0486861211337855e-09,8.395645371937637e-05,5.482422171842207e-05,-0.09867261165911256,6.935257070660815e-09,1.0163554211930839
MHAR,22,MSFT,SHAR,rolling,838,6.7195630306072655e-09,8.197294084395939e-05,5.30757456185343e-05,-0.04737248008680095,6.935257070660815e-09,0.968898912058209
MHAR,22,NKE,AdaptiveLasso,rolling,799,1.1192691477538583e-08,0.00010579551728470627,7.649109891434313e-05,-0.40203385379478807,1.0373885636503324e-08,1.0789295226230438
MHAR,22,NKE,Bagging,rolling,799,9.877004074686057e-09,9.938311765428803e-05,5.565433100164352e-05,-0.23722646287256088,1.0373885636503324e-08,0.9521026566873984
MHAR,22,NKE,ElasticNet,rolling,799,1.1372621336331416e-08,0.00010664249310819498,7.548757336873172e-05,-0.4245724678397047,1.0373885636503324e-08,1.0962740225623628
MHAR,22,NKE,GradientBoosting,rolling,799,1.0755020461639953e-08,0.00010370641475646505,6.828692585696305e-05,-0.347209723035349,1.0373885636503324e-08,1.0367398329315973
MHAR,22,NKE,HAR,rolling,799,1.0373885636503324e-08,0.00010185227359515998,6.172320544457802e-05,-0.2994675040369903,1.0373885636503324e-08,1.0
MHAR,22,NKE,HARQ,rolling,799,1.363721103495845e-08,0.00011677846991187395,6.099505184283092e-05,-0.7082425242154811,1.0373885636503324e-08,1.3145711754303742
MHAR,22,NKE,HARX,rolling,799,1.0373885636503324e-08,0.00010185227359515998,6.172320544457802e-05,-0.2994675040369903,1.0373885636503324e-08,1.0
MHAR,22,NKE,Lasso,rolling,799,1.131354844538053e-08,0.00010636516556363991,7.700262214281871e-05,-0.4171728005549522,1.0373885636503324e-08,1.0905796383151505
MHAR,22,NKE,LevHAR,rolling,799,1.041821765807781e-08,0.00010206967060825565,6.126645727093336e-05,-0.30502068087379675,1.0373885636503324e-08,1.0042734249371799
MHAR,22,NKE,LogHAR,rolling,799,9.27549658887441e-09,9.630937954775957e-05,5.5231858483297065e-05,-0.16187962961879787,1.0373885636503324e-08,0.8941198036959329
MHAR,22,NKE,NN1,fixed,799,8.747186791441548e-09,9.352639622823895e-05,4.814710308977807e-05,-0.0957017828713207,1.0373885636503324e-08,0.8431929074542912
MHAR,22,NKE,NN1_1,fixed,799,9.05644216179564e-09,9.51653411794212e-05,5.0584290430121856e-05,-0.13444014169898955,1.0373885636503324e-08,0.873003855944594
MHAR,22,NKE,NN2,fixed,799,9.805804286797042e-09,9.902426110199985e-05,5.346407717278392e-05,-0.22830774004313836,1.0373885636503324e-08,0.9452392893452253
MHAR,22,NKE,NN2_1,fixed,799,9.438822180897092e-09,9.71536009672163e-05,5.215187497411319e-05,-0.18233833784517972,1.0373885636503324e-08,0.9098637204640122
MHAR,22,NKE,NN3,fixed,799,1.0136409451031519e-08,0.00010067973704292,5.250974611380109e-05,-0.26972044523798,1.0373885636503324e-08,0.9771082703441244
MHAR,22,NKE,NN3_1,fixed,799,4.6862999376670003e-08,0.0002164786349196382,5.808525746704697e-05,-4.8702155552405575,1.0373885636503324e-08,4.517400809950117
MHAR,22,NKE,NN4,fixed,799,9.536485903372613e-09,9.765493281638472e-05,5.214561847098678e-05,-0.1945720213584874,1.0373885636503324e-08,0.9192781024899588
MHAR,22,NKE,NN4_1,fixed,799,9.317596943999669e-09,9.652770039734537e-05,5.1374770996221544e-05,-0.16715326047522305,1.0373885636503324e-08,0.898178105146367
MHAR,22,NKE,PostLasso,rolling,799,1.0551581179651934e-08,0.00010272088969460853,6.368423055265713e-05,-0.3217262402545271,1.0373885636503324e-08,1.017129121081048
MHAR,22,NKE,RandomForest,rolling,799,9.905585442613208e-09,9.95268076581039e-05,5.510496237047734e-05,-0.24080666031676357,1.0373885636503324e-08,0.9548577832550732
MHAR,22,NKE,Ridge,rolling,799,1.0550219948673017e-08,0.00010271426360867812,6.405502744923823e-05,-0.32155572792341314,1.0373885636503324e-08,1.0169979040012946
MHAR,22,NKE,SHAR,rolling,799,1.0203858696240991e-08,0.00010101415097025264,6.140770644715945e-05,-0.27816936258608727,1.0373885636503324e-08,0.9836101007645538
MHAR,22,PFE,AdaptiveLasso,rolling,827,3.903802514780853e-09,6.248041705031148e-05,5.180181378248512e-05,-0.010895951206782772,3.5356118030434023e-09,1.104137765186924
MHAR,22,PFE,Bagging,rolling,827,3.465408510220431e-09,5.886772044355405e-05,4.317967570697303e-05,0.10262688263675668,3.5356118030434023e-09,0.9801439477143555
MHAR,22,PFE,ElasticNet,rolling,827,3.9025277780205855e-09,6.247021512705543e-05,5.0808248299828715e-05,-0.010565856068791124,3.5356118030434023e-09,1.1037772231276486
MHAR,22,PFE,GradientBoosting,rolling,827,4.445696991475461e-09,6.667606010762379e-05,5.4554559416572256e-05,-0.15122039907467122,3.5356118030434023e-09,1.2574052919635212
MHAR,22,PFE,HAR,rolling,827,3.5356118030434023e-09,5.946101078053923e-05,4.573311984244621e-05,0.08444762684514806,3.5356118030434023e-09,1.0
MHAR,22,PFE,HARQ,rolling,827,3.826333762349211e-09,6.18573662739468e-05,4.478682363616282e-05,0.00916470705696737,3.5356118030434023e-09,1.0822267758738557
MHAR,22,PFE,HARX,rolling,827,3.5356118030434023e-09,5.946101078053923e-05,4.573311984244621e-05,0.08444762684514806,3.5356118030434023e-09,1.0
MHAR,22,PFE,Lasso,rolling,827,4.022674415576904e-09,6.34245568812026e-05,5.301495934782202e-05,-0.041678021450345826,3.5356118030434023e-09,1.137759075279205
MHAR,22,PFE,LevHAR,rolling,826,3.540474183843414e-09,5.9501883868020635e-05,4.411431402495939e-05,0.08339697260250234,3.5356118030434023e-09,1.0013752586739941
MHAR,22,PFE,LogHAR,rolling,827,3.384430436174518e-09,5.817585784648575e-05,4.2661052570566576e-05,0.12359628538691902,3.5356118030434023e-09,0.9572403942257603
MHAR,22,PFE,NN1,fixed,827,3.2146515170954905e-09,5.66978969371483e-05,3.8628925710693684e-05,0.1675608100388244,3.5356118030434023e-09,0.9092207222321088
MHAR,22,PFE,NN1_1,fixed,827,2.9940588525850064e-09,5.471799386476999e-05,3.681049167590171e-05,0.22468363594388496,3.5356118030434023e-09,0.8468290693021685
MHAR,22,PFE,NN2,fixed,827,3.371367879883229e-09,5.806348146540327e-05,3.931277258565543e-05,0.1269788553856004,3.5356118030434023e-09,0.9535458267735178
MHAR,22,PFE,NN2_1,fixed,827,2.8190754315802097e-09,5.3094966160458275e-05,3.535023193243141e-05,0.26999587475522535,3.5356118030434023e-09,0.7973373742992914
MHAR,22,PFE,NN3,fixed,827,3.4527915111748396e-09,5.876045873863511e-05,4.146613824547952e-05,0.10589407486876024,3.5356118030434023e-09,0.9765754001055001
MHAR,22,PFE,NN3_1,fixed,827,3.148798895586489e-09,5.611415949282756e-05,3.702774724213181e-05,0.18461345248365846,3.5356118030434023e-09,0.8905951985102125
MHAR,22,PFE,NN4,fixed,827,3.543607096779938e-09,5.9528204212624604e-05,4.180396204634442e-05,0.08237723264965002,3.5356118030434023e-09,1.0022613607437483
MHAR,22,PFE,NN4_1,fixed,827,3.541186459987044e-09,5.950786889132431e-05,4.305858976878418e-05,0.08300406044742259,3.5356118030434023e-09,1.001576716351847
MHAR,22,PFE,PostLasso,rolling,827,3.692308283341816e-09,6.076436688834844e-05,4.780577036122151e-05,0.0438708207945705,3.5356118030434023e-09,1.044319481048098
MHAR,22,PFE,RandomForest,rolling,827,3.511030200310965e-09,5.9253946706620016e-05,4.335475391376552e-05,0.09081307247983572,3.5356118030434023e-09,0.9930474259896751
MHAR,22,PFE,Ridge,rolling,827,3.704562302317193e-09,6.086511564366893e-05,4.797649212781549e-05,0.04069762283660083,3.5356118030434023e-09,1.0477853646512778
MHAR,22,PFE,SHAR,rolling,827,3.5299981866272513e-09,5.941378784951563e-05,4.5779774321210466e-05,0.08590128186105339,3.5356118030434023e-09,0.998412264488053
MHAR,22,PG,AdaptiveLasso,rolling,831,4.7572917280526546e-09,6.897312322965123e-05,4.7171539167488155e-05,-0.8907833954239845,4.34870627297215e-09,1.0939556340284289
MHAR,22,PG,Bagging,rolling,831,7.4472924054079375e-09,8.629769640846699e-05,3.492767326408312e-05,-1.9599229195844305,4.34870627297215e-09,1.7125305637895014
MHAR,22,PG,ElasticNet,rolling,831,4.691974416047514e-09,6.849798840876653e-05,4.507436143177992e-05,-0.864823059999358,4.34870627297215e-09,1.0789356929459288
MHAR,22,PG,GradientBoosting,rolling,831,7.895738677664002e-09,8.885796912862684e-05,4.593760249938543e-05,-2.1381576829313134,4.34870627297215e-09,1.8156523301509648
MHAR,22,PG,HAR,rolling,831,4.34870627297215e-09,6.594472134274395e-05,3.5057318852241654e-05,-0.7283912954141323,4.34870627297215e-09,1.0
MHAR,22,PG,HARQ,rolling,831,3.6828285471233493e-09,6.0686312683531446e-05,3.321605869042256e-05,-0.4637385014739617,4.34870627297215e-09,0.846879121271692
MHAR,22,PG,HARX,rolling,831,4.34870627297215e-09,6.594472134274395e-05,3.5057318852241654e-05,-0.7283912954141323,4.34870627297215e-09,1.0
MHAR,22,PG,Lasso,rolling,831,4.640496601253544e-09,6.812119054489245e-05,4.631651270940931e-05,-0.8443632263357643,4.34870627297215e-09,1.067098191959966
MHAR,22,PG,LevHAR,rolling,831,4.325627422813504e-09,6.576950222415785e-05,3.4694566392314265e-05,-0.7192186171005177,4.34870627297215e-09,0.9946929388397453
MHAR,22,PG,LogHAR,rolling,831,3.196833199791961e-09,5.654054474261776e-05,3.1118563125961507e-05,-0.2705798756178073,4.34870627297215e-09,0.7351228156430684
MHAR,22,PG,NN1,fixed,831,2.54144293079485e-09,5.041272588141659e-05,2.6867378483334414e-05,-0.010095316549270095,4.34870627297215e-09,0.5844135637741946
MHAR,22,PG,NN1_1,fixed,831,2.5609214900312663e-09,5.0605548016312066e-05,2.519918731925792e-05,-0.017837060902222257,4.34870627297215e-09,0.5888927256245772
MHAR,22,PG,NN2,fixed,831,2.5102101442360142e-09,5.010199740764847e-05,2.7164310417760804e-05,0.0023181400125882323,4.34870627297215e-09,0.577231476827336
MHAR,22,PG,NN2_1,fixed,831,1.0187149154205713e-08,0.00010093140816517776,2.7814035133710802e-05,-3.048877716264042,4.34870627297215e-09,2.3425700690617677
MHAR,22,PG,NN3,fixed,831,2.8807011140492645e-09,5.367216330696262e-05,2.7934051014887658e-05,-0.14493332445965112,4.34870627297215e-09,0.6624271526346229
MHAR,22,PG,NN3_1,fixed,831,2.51677706658247e-09,5.016749013636689e-05,2.580699718631214e-05,-0.0002918802345408533,4.34870627297215e-09,0.5787415632609196
MHAR,22,PG,NN4,fixed,831,2.5002880786208674e-09,5.000288070322416e-05,2.7856506924235037e-05,0.006261660398945934,4.34870627297215e-09,0.5749498636319785
MHAR,22,PG,NN4_1,fixed,831,8.637185991782725e-09,9.293646212215485e-05,3.241619384485539e-05,-2.432845574752329,4.34870627297215e-09,1.9861506962344426
MHAR,22,PG,PostLasso,rolling,831,4.709429432486865e-09,6.862528274977718e-05,3.705965958158665e-05,-0.8717605482042041,4.34870627297215e-09,1.0829495341537925
MHAR,22,PG,RandomForest,rolling,831,5.3601083554053055e-09,7.321276087817823e-05,3.3787527654934516e-05,-1.130372584954399,4.34870627297215e-09,1.2325753957491146
MHAR,22,PG,Ridge,rolling,831,4.386674080339817e-09,6.62319717382762e-05,3.588007637372758e-05,-0.7434815828791868,4.34870627297215e-09,1.0087308282013991
MHAR,22,PG,SHAR,rolling,831,4.256539282058846e-09,6.524215877834552e-05,3.502705216861451e-05,-0.6917595675347064,4.34870627297215e-09,0.978805882686045
MHAR,22,UNH,AdaptiveLasso,rolling,797,5.8519644539376985e-08,0.00024190833912739963,0.00015405935343195917,-0.546575878474699,7.119177437719032e-08,0.822000084298033
MHAR,22,UNH,Bagging,rolling,797,8.765688716961979e-08,0.00029606905810911717,0.00010664174898154352,-1.3166242438039863,7.119177437719032e-08,1.2312783033780494
MHAR,22,UNH,ElasticNet,rolling,797,7.167352053896467e-08,0.00026771910753430484,0.0001589870414450243,-0.8942107195530784,7.119177437719032e-08,1.006766879544566
MHAR,22,UNH,GradientBoosting,rolling,797,1.2556424159453195e-07,0.0003543504502530397,0.0001737218802941223,-2.318451928025673,7.119177437719032e-08,1.7637464818514546
MHAR,22,UNH,HAR,rolling,797,7.119177437719032e-08,0.00026681786742493524,0.00011325215190310536,-0.8814789779437009,7.119177437719032e-08,1.0
MHAR,22,UNH,HARQ,rolling,797,5.059018748691262e-08,0.00022492262555579557,0.00010379763887589119,-0.3370136519220319,7.119177437719032e-08,0.7106184377267271
MHAR,22,UNH,HARX,rolling,797,7.119177437719032e-08,0.00026681786742493524,0.00011325215190310536,-0.8814789779437009,7.119177437719032e-08,1.0
MHAR,22,UNH,Lasso,rolling,797,7.308889317937246e-08,0.0002703495758816212,0.0001638515959049651,-0.9316166402817119,7.119177437719032e-08,1.0266480055986633
MHAR,22,UNH,LevHAR,rolling,797,6.734285897144517e-08,0.0002595050268712442,0.00010640576503086404,-0.7797586108486876,7.119177437719032e-08,0.9459359534241595
MHAR,22,UNH,LogHAR,rolling,797,4.717825309122638e-08,0.000217205554927185,8.98295162876674e-05,-0.24684195869249081,7.119177437719032e-08,0.6626924740106237
MHAR,22,UNH,NN1,fixed,797,3.9409399561306225e-08,0.0001985180081536842,7.630129796766789e-05,-0.04152421338915535,7.119177437719032e-08,0.5535667555145656
MHAR,22,UNH,NN1_1,fixed,797,3.8690645746709076e-08,0.0001966993791213106,7.198801055483983e-05,-0.02252875774400631,7.119177437719032e-08,0.5434707321904519
MHAR,22,UNH,NN2,fixed,797,3.967912825858239e-08,0.00019919620543218787,7.689139839717006e-05,-0.04865268965081526,7.119177437719032e-08,0.557355517624175
MHAR,22,UNH,NN2_1,fixed,797,9.854596580996105e-08,0.00031392031761254486,8.541913695162462e-05,-1.6044042960671878,7.119177437719032e-08,1.3842324716875571
MHAR,22,UNH,NN3,fixed,797,3.9293087832763113e-08,0.00019822484161366636,7.570405297412593e-05,-0.03845028983469079,7.119177437719032e-08,0.5519329750734873
MHAR,22,UNH,NN3_1,fixed,797,3.894334172715022e-08,0.00019734067428472577,7.391565847477389e-05,-0.029207087918667662,7.119177437719032e-08,0.547020243108698
MHAR,22,UNH,NN4,fixed,797,3.91412323863889e-08,0.00019784143243109848,7.500626057751853e-05,-0.034437005539716514,7.119177437719032e-08,0.5497999274327634
MHAR,22,UNH,NN4_1,fixed,797,3.922872786204471e-08,0.0001980624342525475,7.510244312053384e-05,-0.036749363948419544,7.119177437719032e-08,0.551028938458563
MHAR,22,UNH,PostLasso,rolling,797,7.652319158008487e-08,0.0002766282552091974,0.00011594203096132744,-1.022379376587331,7.119177437719032e-08,1.0748881068007587
MHAR,22,UNH,RandomForest,rolling,797,6.726094438767386e-08,0.0002593471503365207,0.00010010278494190311,-0.7775937460352873,7.119177437719032e-08,0.9447853347678902
MHAR,22,UNH,Ridge,rolling,797,7.064295040876173e-08,0.0002657874158209183,0.00011383593568755013,-0.8669744826108681,7.119177437719032e-08,0.9922909075770355
MHAR,22,UNH,SHAR,rolling,797,7.784116224024945e-08,0.0002790002907529837,0.00011413402317342221,-1.057211126636263,7.119177437719032e-08,1.093401069452619
MHAR,22,VZ,AdaptiveLasso,rolling,832,4.045326410592748e-09,6.360288052118982e-05,4.469822216960993e-05,-1.1512451635601657,3.6413578970336307e-09,1.1109389752345418
MHAR,22,VZ,Bagging,rolling,832,9.130449110425539e-09,9.555338356345911e-05,3.9110010977827625e-05,-3.855438720223593,3.6413578970336307e-09,2.5074297469807902
MHAR,22,VZ,ElasticNet,rolling,832,4.067305237301115e-09,6.377542816242879e-05,4.4867794446832114e-05,-1.162933180757812,3.6413578970336307e-09,1.1169748627605307
MHAR,22,VZ,GradientBoosting,rolling,832,8.209965232785215e-09,9.060885846750976e-05,5.5551867815535535e-05,-3.3659389150351418,3.6413578970336307e-09,2.2546438622452687
MHAR,22,VZ,HAR,rolling,832,3.6413578970336307e-09,6.034366492875313e-05,3.905746211744526e-05,-0.9364206419222927,3.6413578970336307e-09,1.0
MHAR,22,VZ,HARQ,rolling,832,3.7183817786048182e-09,6.097853539242164e-05,3.712368917516618e-05,-0.9773808107419872,3.6413578970336307e-09,1.0211525161077777
MHAR,22,VZ,HARX,rolling,832,3.6413578970336307e-09,6.034366492875313e-05,3.905746211744526e-05,-0.9364206419222927,3.6413578970336307e-09,1.0
MHAR,22,VZ,Lasso,rolling,832,4.106034881894404e-09,6.407834955657335e-05,4.6388869277446754e-05,-1.1835290368547513,3.6413578970336307e-09,1.1276109072495495
MHAR,22,VZ,LevHAR,rolling,831,4.554826805748196e-09,6.748945699698728e-05,4.389248516718162e-05,-1.4204064227988544,3.6413578970336307e-09,1.2508594141374312
MHAR,22,VZ,LogHAR,rolling,832,2.807713780876962e-09,5.298786446797948e-05,3.269941894972712e-05,-0.49310094630602563,3.6413578970336307e-09,0.771062296063844
MHAR,22,VZ,NN1,fixed,832,1.884104840989315e-09,4.340627651606752e-05,2.7581727417348608e-05,-0.001939278918326126,3.6413578970336307e-09,0.517418197899242
MHAR,22,VZ,NN1_1,fixed,832,1.8724848168565392e-09,4.327221760964579e-05,2.7153358074325452e-05,0.004240079229542948,3.6413578970336307e-09,0.5142270740214596
MHAR,22,VZ,NN2,fixed,832,1.9113983032648675e-09,4.371954143475052e-05,2.8182837342536212e-05,-0.016453541244191294,3.6413578970336307e-09,0.5249136056694551
MHAR,22,VZ,NN2_1,fixed,832,2.104117816175587e-09,4.587066400408421e-05,2.9430657557968065e-05,-0.11893894736302846,3.6413578970336307e-09,0.5778387831335311
MHAR,22,VZ,NN3,fixed,832,1.84226035819258e-09,4.292156052839389e-05,2.7384560212240133e-05,0.020313002381506684,3.6413578970336307e-09,0.5059267477369762
MHAR,22,VZ,NN3_1,fixed,832,1.8310404275015762e-09,4.279065818028014e-05,2.565433480467312e-05,0.02627959671399349,3.6413578970336307e-09,0.502845498651259
MHAR,22,VZ,NN4,fixed,832,1.8304754664076567e-09,4.2784056217330035e-05,2.7465551392134146e-05,0.026580034725055213,3.6413578970336307e-09,0.5026903474384712
MHAR,22,VZ,NN4_1,fixed,832,1.9553601750683245e-09,4.421945471247157e-05,2.599072992568181e-05,-0.039831818915579964,3.6413578970336307e-09,0.5369865391867207
MHAR,22,VZ,PostLasso,rolling,832,3.832566637788268e-09,6.190772680197738e-05,4.151015656240536e-05,-1.0381026416001804,3.6413578970336307e-09,1.052510284943538
MHAR,22,VZ,RandomForest,rolling,832,4.783155368044611e-09,6.916035980274113e-05,3.658605166497144e-05,-1.5436117652011898,3.6413578970336307e-09,1.3135636494125245
MHAR,22,VZ,Ridge,rolling,832,3.8330255696155925e-09,6.191143327056475e-05,4.151586406585212e-05,-1.038346694804725,3.6413578970336307e-09,1.0526363180993827
MHAR,22,VZ,SHAR,rolling,832,3.8059499365580545e-09,6.169238151148045e-05,3.906205980272094e-05,-1.0239482708573182,3.6413578970336307e-09,1.045200731204836
MHAR,22,WMT,AdaptiveLasso,rolling,831,5.330969067013271e-09,7.301348551475454e-05,5.343369616936355e-05,-1.110888104420248,4.438632330475511e-09,1.2010386691438721
MHAR,22,WMT,Bagging,rolling,831,1.2630858046490919e-08,0.0001123870902127594,4.480980256708938e-05,-4.001403621705179,4.438632330475511e-09,2.8456644087792182
MHAR,22,WMT,ElasticNet,rolling,831,5.348146857270359e-09,7.313102527156555e-05,5.1706864944957355e-05,-1.1176899433838772,4.438632330475511e-09,1.2049087329333743
MHAR,22,WMT,GradientBoosting,rolling,831,8.320773521259837e-09,9.121827405328296e-05,5.237476745250142e-05,-2.294752159468616,4.438632330475511e-09,1.8746255381707706
MHAR,22,WMT,HAR,rolling,831,4.438632330475511e-09,6.662306155135406e-05,3.974300448893581e-05,-0.7575521576877602,4.438632330475511e-09,1.0
MHAR,22,WMT,HARQ,rolling,831,3.836222396676465e-09,6.193724563359647e-05,3.8388692860168015e-05,-0.5190176722581845,4.438632330475511e-09,0.8642802807380737
MHAR,22,WMT,HARX,rolling,831,4.438632330475511e-09,6.662306155135406e-05,3.974300448893581e-05,-0.7575521576877602,4.438632330475511e-09,1.0
MHAR,22,WMT,Lasso,rolling,831,5.2794503286319405e-09,7.265982609827759e-05,5.380300746960674e-05,-1.0904883814736621,4.438632330475511e-09,1.1894317743741465
MHAR,22,WMT,LevHAR,rolling,830,5.293465981680099e-09,7.275620923110342e-05,3.912263528975967e-05,-1.0954790482415677,4.438632330475511e-09,1.1925894256515293
MHAR,22,WMT,LogHAR,rolling,831,3.1358197686018762e-09,5.59983907679665e-05,3.5696911397347144e-05,-0.24168130858356696,4.438632330475511e-09,0.706483334308056
MHAR,22,WMT,NN1,fixed,831,3.2275546881588176e-09,5.681157178039363e-05,3.360307367125538e-05,-0.27800531422278674,4.438632330475511e-09,0.7271507184766189
MHAR,22,WMT,NN1_1,fixed,831,3.1205905488672072e-09,5.586224618530128e-05,3.291284180416766e-05,-0.23565103934482123,4.438632330475511e-09,0.7030522729808751
MHAR,22,WMT,NN2,fixed,831,5.778929351646313e-08,0.00024039403802187593,4.8076084397856344e-05,-21.882656176261868,4.438632330475511e-09,13.019617128385166
MHAR,22,WMT,NN2_1,fixed,831,3.72760879501917e-09,6.105414641954443e-05,3.5418322775422674e-05,-0.4760102646303108,4.438632330475511e-09,0.8398102202395823
MHAR,22,WMT,NN3,fixed,831,3.2004517666449743e-09,5.657253544472772e-05,3.2907592663133815e-05,-0.26727345029721694,4.438632330475511e-09,0.7210445759768774
MHAR,22,WMT,NN3_1,fixed,831,3.03968671328298e-09,5.513335390925333e-05,3.191196541445714e-05,-0.2036157860935024,4.438632330475511e-09,0.6848250737986532
MHAR,22,WMT,NN4,fixed,831,3.1024233124703598e-09,5.569940136545778e-05,3.230080896341661e-05,-0.22845741231036887,4.438632330475511e-09,0.6989592922957862
MHAR,22,WMT,NN4_1,fixed,831,2.735312626227606e-09,5.230021631148007e-05,3.0336833030089562e-05,-0.08309367621397001,4.438632330475511e-09,0.6162512284351724
MHAR,22,WMT,PostLasso,rolling,831,4.672510059196588e-09,6.835576098030501e-05,4.216767745624727e-05,-0.8501600323987537,4.438632330475511e-09,1.0526913948504542
MHAR,22,WMT,RandomForest,rolling,831,6.8306894100979375e-09,8.264798491250672e-05,3.966504249585234e-05,-1.7047279471166368,4.438632330475511e-09,1.5389175992790927
MHAR,22,WMT,Ridge,rolling,831,4.5705860883614625e-09,6.760610984490576e-05,4.105932423706302e-05,-0.8098014981648112,4.438632330475511e-09,1.0297284722097753
MHAR,22,WMT,SHAR,rolling,831,6.712669429021111e-09,8.193088202272151e-05,4.0655870332269615e-05,-1.6579959231623969,4.438632330475511e-09,1.5123283320702487
MHAR,22,XOM,AdaptiveLasso,rolling,833,6.537276457095779e-09,8.085342575980178e-05,6.732177316511207e-05,0.03640781358660283,5.463989442586862e-09,1.1964291889262477
MHAR,22,XOM,Bagging,rolling,833,6.209227326300311e-09,7.87986505360359e-05,4.971531153070116e-05,0.08476213686921519,5.463989442586862e-09,1.1363907986177633
MHAR,22,XOM,ElasticNet,rolling,833,6.011263479832969e-09,7.753233828431185e-05,6.420897943268172e-05,0.11394193627041982,5.463989442586862e-09,1.1001601564198862
MHAR,22,XOM,GradientBoosting,rolling,833,6.5864558231359075e-09,8.115698259013767e-05,5.872112111981085e-05,0.029158792811660117,5.463989442586862e-09,1.2054298223566162
MHAR,22,XOM,HAR,rolling,833,5.463989442586862e-09,7.391880303810974e-05,5.7842321547207297e-05,0.1946099315094556,5.463989442586862e-09,1.0
MHAR,22,XOM,HARQ,rolling,833,6.558180669515585e-09,8.098259485541066e-05,5.349022923857009e-05,0.03332654023323456,5.463989442586862e-09,1.2002550038622861
MHAR,22,XOM,HARX,rolling,833,5.463989442586862e-09,7.391880303810974e-05,5.7842321547207297e-05,0.1946099315094556,5.463989442586862e-09,1.0
MHAR,22,XOM,Lasso,rolling,833,6.120264928430343e-09,7.82321221010292e-05,6.514323813168976e-05,0.09787516215347614,5.463989442586862e-09,1.120109215572125
MHAR,22,XOM,LevHAR,rolling,833,5.5512719923970184e-09,7.450685869366e-05,5.649338709998047e-05,0.18174451522191037,5.463989442586862e-09,1.0159741432020106
MHAR,22,XOM,LogHAR,rolling,833,4.744648501096066e-09,6.888140896567133e-05,4.638079655989093e-05,0.30064052622836457,5.463989442586862e-09,0.8683487680477229
MHAR,22,XOM,NN1,fixed,833,6.707701114002306e-09,8.190055624965136e-05,4.5919226258050685e-05,0.011287280770667985,5.463989442586862e-09,1.2276197061659444
MHAR,22,XOM,NN1_1,fixed,833,5.911740385908253e-09,7.68878429006059e-05,4.217636198907146e-05,0.12861160433523755,5.463989442586862e-09,1.0819457921773379
MHAR,22,XOM,NN2,fixed,833,7.184329165237219e-09,8.476042216292472e-05,4.9846430306370394e-05,-0.058967521670323375,5.463989442586862e-09,1.3148504843808562
MHAR,22,XOM,NN2_1,fixed,833,8.661945545484166e-09,9.306957368272494e-05,5.449236394503443e-05,-0.2767676419294174,5.463989442586862e-09,1.5852786021093168
MHAR,22,XOM,NN3,fixed,833,8.27075243776296e-09,9.094367728304678e-05,5.4255073380271296e-05,-0.2191059192758229,5.463989442586862e-09,1.5136838247343443
MHAR,22,XOM,NN3_1,fixed,833,8.505976225053738e-09,9.22278495089945e-05,5.325971768186458e-05,-0.2537778204841521,5.463989442586862e-09,1.5567336493656698
MHAR,22,XOM,NN4,fixed,833,8.535139442627285e-09,9.238581840643772e-05,5.4975211183758104e-05,-0.2580764682113783,5.463989442586862e-09,1.5620709981801177
MHAR,22,XOM,NN4_1,fixed,833,8.201232261900942e-09,9.056065515388535e-05,5.301980765861362e-05,-0.208858670486763,5.463989442586862e-09,1.5009604883164205
MHAR,22,XOM,PostLasso,rolling,833,5.725517213200858e-09,7.566714751595211e-05,6.030854683381662e-05,0.1560608326687255,5.463989442586862e-09,1.0478638865177197
MHAR,22,XOM,RandomForest,rolling,833,5.839847470305297e-09,7.641889472051592e-05,4.8480479258866496e-05,0.13920859410431663,5.463989442586862e-09,1.06878820533381
MHAR,22,XOM,Ridge,rolling,833,5.7149848467269385e-09,7.559751878684206e-05,6.0485919032371724e-05,0.15761329967930993,5.463989442586862e-09,1.0459362901003786
MHAR,22,XOM,SHAR,rolling,833,5.389440997669974e-09,7.341281221741866e-05,5.7311321025172944e-05,0.20559834533937882,5.463989442586862e-09,0.9863564075845662
PARTIAL_MALL,22,AAPL,AdaptiveLasso,rolling,838,2.7865050774039328e-08,0.00016692828033032427,0.00013893188446997977,-1.8381465760980418,1.7722984237348575e-08,1.5722550108303908
PARTIAL_MALL,22,AAPL,Bagging,rolling,838,1.317348034343017e-08,0.00011477578291360146,7.012153863546432e-05,-0.34176206730024106,1.7722984237348575e-08,0.7432992190823599
PARTIAL_MALL,22,AAPL,ElasticNet,rolling,838,2.6531251238130275e-08,0.00016288416509326582,0.00013841378709082412,-1.7022947301158249,1.7722984237348575e-08,1.496996830941122
PARTIAL_MALL,22,AAPL,GradientBoosting,rolling,838,1.556991994068441e-08,0.00012477948525572787,9.4488875919507e-05,-0.585847279738092,1.7722984237348575e-08,0.8785157021058057
PARTIAL_MALL,22,AAPL,HAR,rolling,838,1.7722984237348575e-08,0.00013312769898615607,9.991498208660536e-05,-0.8051439216587815,1.7722984237348575e-08,1.0
PARTIAL_MALL,22,AAPL,HARQ,rolling,838,2.436083661987764e-08,0.00015607958425072012,0.00012810629620034416,-1.4812309011833542,1.7722984237348575e-08,1.374533560129268
PARTIAL_MALL,22,AAPL,HARX,rolling,838,2.4406850538842038e-08,0.00015622692001970094,0.00012841022550848225,-1.4859175693549163,1.7722984237348575e-08,1.3771298451763105
PARTIAL_MALL,22,AAPL,Lasso,rolling,838,2.607564161559913e-08,0.00016147953930947145,0.0001362132312674938,-1.6558893996281876,1.7722984237348575e-08,1.471289556340549
PARTIAL_MALL,22,AAPL,LevHAR,rolling,838,2.494429004789383e-08,0.00015793761441750928,0.00013085025265948254,-1.5406575414742654,1.7722984237348575e-08,1.4074542816173936
PARTIAL_MALL,22,AAPL,LogHAR,rolling,838,1.1658835685200279e-08,0.00010797608848814759,7.674037818689043e-05,-0.18749055401215653,1.7722984237348575e-08,0.6578370509764943
PARTIAL_MALL,22,AAPL,NN1,fixed,838,1.107125220115168e-08,0.00010522001806287471,8.069643284700462e-05,-0.12764325400371868,1.7722984237348575e-08,0.6246832955942402
PARTIAL_MALL,22,AAPL,NN1_1,fixed,838,1.4715398804220614e-08,0.00012130704350622274,9.370293177785322e-05,-0.4988115065997334,1.7722984237348575e-08,0.8303002816653237
PARTIAL_MALL,22,AAPL,NN2,fixed,838,1.0440367737771417e-08,0.00010217811770516923,7.04117896640437e-05,-0.06338560760013423,1.7722984237348575e-08,0.5890863298162778
PARTIAL_MALL,22,AAPL,NN2_1,fixed,838,1.1175050965481831e-08,0.00010571211361751231,7.749553860325094e-05,-0.1382154977069776,1.7722984237348575e-08,0.6305400273353547
PARTIAL_MALL,22,AAPL,NN3,fixed,838,9.979329501777489e-09,9.989659404492972e-05,6.605343524868758e-05,-0.01642735507272408,1.7722984237348575e-08,0.5630727516389438
PARTIAL_MALL,22,AAPL,NN3_1,fixed,838,1.0034831128329471e-08,0.00010017400425424489,6.606540918144522e-05,-0.022080377299158904,1.7722984237348575e-08,0.5662043702088582
PARTIAL_MALL,22,AAPL,NN4,fixed,838,9.907794214494112e-09,9.953790340616038e-05,6.571633998144365e-05,-0.00914125204998495,1.7722984237348575e-08,0.5590364513000524
PARTIAL_MALL,22,AAPL,NN4_1,fixed,838,1.0034697395804154e-08,0.00010017333675087475,6.800965498779175e-05,-0.02206675620397691,1.7722984237348575e-08,0.5661968244973953
PARTIAL_MALL,22,AAPL,PostLasso,rolling,838,2.619855090835735e-08,0.00016185966424145747,0.0001344708662470152,-1.6684081131679949,1.7722984237348575e-08,1.478224578744914
PARTIAL_MALL,22,AAPL,RandomForest,rolling,838,1.2240557725416866e-08,0.00011063705403442767,7.19346903058735e-05,-0.24674084679180064,1.7722984237348575e-08,0.6906600808018379
PARTIAL_MALL,22,AAPL,Ridge,rolling,838,2.8554300944130367e-08,0.00016898017914575178,0.00014403894209550448,-1.9083489606614812,1.7722984237348575e-08,1.6111451977684654
PARTIAL_MALL,22,AAPL,SHAR,rolling,838,2.425391715760187e-08,0.00015573669175117938,0.00012812558265426558,-1.4703408041856147,1.7722984237348575e-08,1.3685007464200254
PARTIAL_MALL,22,AXP,AdaptiveLasso,rolling,833,3.048939122390632e-08,0.0001746121164865323,0.00013929427778348167,-8.347020147699165,6.711528532572897e-09,4.542838650827886
PARTIAL_MALL,22,AXP,Bagging,rolling,833,6.358893765841606e-09,7.974267217645523e-05,4.6842433758991774e-05,-0.9494225945645178,6.711528532572897e-09,0.9474583524423896
PARTIAL_MALL,22,AXP,ElasticNet,rolling,833,2.1965515988358774e-08,0.0001482076785742182,0.0001200318267296066,-5.7338871737398,6.711528532572897e-09,3.272803785568976
PARTIAL_MALL,22,AXP,GradientBoosting,rolling,833,8.465767024810197e-09,9.200960289453594e-05,6.770591533323337e-05,-1.5953189542395187,6.711528532572897e-09,1.2613768955497242
PARTIAL_MALL,22,AXP,HAR,rolling,833,6.711528532572897e-09,8.192391917244253e-05,6.844515253285672e-05,-1.0575285336175795,6.711528532572897e-09,1.0
PARTIAL_MALL,22,AXP,HARQ,rolling,833,2.370459511904864e-08,0.000153962966712936,0.0001208256486939375,-6.2670302448371284,6.711528532572897e-09,3.5319219763431997
PARTIAL_MALL,22,AXP,HARX,rolling,833,2.551657674849834e-08,0.00015973908960707875,0.00012604507986477314,-6.822522765935657,6.711528532572897e-09,3.801902446612476
PARTIAL_MALL,22,AXP,Lasso,rolling,833,2.983190554878455e-08,0.00017271915223502154,0.00013839980603125066,-8.145457190700268,6.711528532572897e-09,4.444875024221695
PARTIAL_MALL,22,AXP,LevHAR,rolling,833,2.7472360303934104e-08,0.00016574788174795508,0.0001289249720161398,-7.422100112788785,6.711528532572897e-09,4.093309023511287
PARTIAL_MALL,22,AXP,LogHAR,rolling,833,4.537729048120786e-09,6.736266805969599e-05,4.504130947126569e-05,-0.39111484798451146,6.711528532572897e-09,0.6761096263091092
PARTIAL_MALL,22,AXP,NN1,fixed,833,5.818494421451639e-09,7.62790562438448e-05,4.395539535716051e-05,-0.7837543618758993,6.711528532572897e-09,0.8669402794330505
PARTIAL_MALL,22,AXP,NN1_1,fixed,833,3.0502801178738555e-09,5.522934109577857e-05,3.742810675226218e-05,0.06488688119367902,6.711528532572897e-09,0.4544836698629836
PARTIAL_MALL,22,AXP,NN2,fixed,833,3.323030617743267e-09,5.764573373410444e-05,3.806744193909035e-05,-0.01872923297705764,6.711528532572897e-09,0.49512277294444684
PARTIAL_MALL,22,AXP,NN2_1,fixed,833,3.303462206727023e-09,5.7475753207130944e-05,3.6434145971370086e-05,-0.012730217428204016,6.711528532572897e-09,0.49220713145960876
PARTIAL_MALL,22,AXP,NN3,fixed,833,3.2580250361583846e-09,5.707911208277845e-05,3.668188079461577e-05,0.001199288269059684,6.711528532572897e-09,0.48543711322186767
PARTIAL_MALL,22,AXP,NN3_1,fixed,833,3.3312131894955936e-09,5.771666301420755e-05,3.720228933784583e-05,-0.021237733801731995,6.711528532572897e-09,0.496341954493421
PARTIAL_MALL,22,AXP,NN4,fixed,833,3.3208970173405353e-09,5.762722461944992e-05,3.6989776511488276e-05,-0.01807514297555457,6.711528532572897e-09,0.49480487212760954
PARTIAL_MALL,22,AXP,NN4_1,fixed,833,3.2834307630152435e-09,5.730122828539754e-05,3.708525402930907e-05,-0.006589251654683048,6.711528532572897e-09,0.48922249932781325
PARTIAL_MALL,22,AXP,PostLasso,rolling,833,3.0399591570939196e-08,0.00017435478648703394,0.00013896982318785414,-8.31949059949087,6.711528532572897e-09,4.529458740047309
PARTIAL_MALL,22,AXP,RandomForest,rolling,833,5.522066661015899e-09,7.431060934359171e-05,4.4310954811512435e-05,-0.6928795973132758,6.711528532572897e-09,0.8227733271513021
PARTIAL_MALL,22,AXP,Ridge,rolling,833,2.8245886595531326e-08,0.00016806512605395364,0.00013371149023918774,-7.659237213337555,6.711528532572897e-09,4.2085623950559485
PARTIAL_MALL,22,AXP,SHAR,rolling,833,2.509002624364521e-08,0.00015839831515406094,0.00012527831738862012,-6.691756751829501,6.711528532572897e-09,3.738347549574795
PARTIAL_MALL,22,BA,AdaptiveLasso,rolling,832,1.0032884460653044e-08,0.00010016428735159575,7.839174879092604e-05,-0.8918273919649595,7.651468234343497e-09,1.311236504337899
PARTIAL_MALL,22,BA,Bagging,rolling,832,4.612514247874111e-09,6.791549343024838e-05,4.601102851450302e-05,0.13025203926360063,7.651468234343497e-09,0.6028273406626602
PARTIAL_MALL,22,BA,ElasticNet,rolling,832,7.807864899718639e-09,8.83621236713935e-05,6.884464528908074e-05,-0.4722717826542182,7.651468234343497e-09,1.0204400855607239
PARTIAL_MALL,22,BA,GradientBoosting,rolling,832,6.183322190123719e-09,7.863410322578696e-05,5.545250580488169e-05,-0.16594368633438883,7.651468234343497e-09,0.8081223107442271
PARTIAL_MALL,22,BA,HAR,rolling,832,7.651468234343497e-09,8.74726713570787e-05,5.6450137326520974e-05,-0.44278121125084624,7.651468234343497e-09,1.0
PARTIAL_MALL,22,BA,HARQ,rolling,832,8.219604042069176e-09,9.06620319762864e-05,6.191023533284041e-05,-0.5499104109966209,7.651468234343497e-09,1.0742518677886697
PARTIAL_MALL,22,BA,HARX,rolling,832,8.209358103474338e-09,9.060550812988324e-05,6.283996044465965e-05,-0.547978409550165,7.651468234343497e-09,1.0729127864148689
PARTIAL_MALL,22,BA,Lasso,rolling,832,9.21295000044782e-09,9.59841132711441e-05,7.592703139851147e-05,-0.7372183682574067,7.651468234343497e-09,1.2040760960224126
PARTIAL_MALL,22,BA,LevHAR,rolling,832,8.13273476282001e-09,9.018167642498121e-05,6.206579492890884e-05,-0.5335301085374089,7.651468234343497e-09,1.0628985854396358
PARTIAL_MALL,22,BA,LogHAR,rolling,832,5.032294663742955e-09,7.093866832513108e-05,4.8907666363459574e-05,0.05109712698830948,7.651468234343497e-09,0.6576900680519823
PARTIAL_MALL,22,BA,NN1,fixed,832,5.187163252830952e-09,7.202196368352471e-05,4.674984645031422e-05,0.021894693715937552,7.651468234343497e-09,0.6779304434080311
PARTIAL_MALL,22,BA,NN1_1,fixed,832,5.2233480853971396e-09,7.22727340384819e-05,4.694389588914943e-05,0.015071585397402942,7.651468234343497e-09,0.6826595792363382
PARTIAL_MALL,22,BA,NN2,fixed,832,5.0303852974173525e-09,7.092520918134364e-05,4.4968779348567724e-05,0.051457162183595306,7.651468234343497e-09,0.657440525576326
PARTIAL_MALL,22,BA,NN2_1,fixed,832,4.935707847723396e-09,7.02545930720789e-05,4.6937672779379876e-05,0.06930979403985338,7.651468234343497e-09,0.6450667632088632
PARTIAL_MALL,22,BA,NN3,fixed,832,5.185346970582594e-09,7.20093533548427e-05,4.609017039405946e-05,0.022237176729916208,7.651468234343497e-09,0.6776930664507296
PARTIAL_MALL,22,BA,NN3_1,fixed,832,5.399666495910235e-09,7.348242304054919e-05,4.495433820449172e-05,-0.018175483282054872,7.651468234343497e-09,0.7057033147800204
PARTIAL_MALL,22,BA,NN4,fixed,832,5.338678633884918e-09,7.306626194000154e-05,4.724048584444288e-05,-0.006675449726464278,7.651468234343497e-09,0.6977325750268871
PARTIAL_MALL,22,BA,NN4_1,fixed,832,5.472645212818083e-09,7.397732904625635e-05,4.756037159935393e-05,-0.03193654434262827,7.651468234343497e-09,0.715241185770621
PARTIAL_MALL,22,BA,PostLasso,rolling,832,8.453431962847949e-09,9.194254707613852e-05,6.518075623259195e-05,-0.5940016259677836,7.651468234343497e-09,1.1048117438303997
PARTIAL_MALL,22,BA,RandomForest,rolling,832,4.76787872865443e-09,6.904982786839102e-05,4.697459031966681e-05,0.10095609933412886,7.651468234343497e-09,0.6231325260234212
PARTIAL_MALL,22,BA,Ridge,rolling,832,8.263401898697262e-09,9.090325571010788e-05,6.485763496794074e-05,-0.5581690513909479,7.651468234343497e-09,1.0799759791992745
PARTIAL_MALL,22,BA,SHAR,rolling,832,8.279895972609397e-09,9.099393371323935e-05,6.286045350332055e-05,-0.5612792178594692,7.651468234343497e-09,1.0821316535622811
PARTIAL_MALL,22,CAT,AdaptiveLasso,rolling,823,1.0944529557369405e-08,0.00010461610563087026,8.315052407427859e-05,-0.2118024565202088,6.892798384555167e-09,1.587820932336137
PARTIAL_MALL,22,CAT,Bagging,rolling,823,5.946993953803922e-09,7.711675533763024e-05,5.31818423210847e-05,0.34153571020529316,6.892798384555167e-09,0.8627836797213556
PARTIAL_MALL,22,CAT,ElasticNet,rolling,823,8.46734905064563e-09,9.201819956207375e-05,7.363392150975617e-05,0.06247643391145652,6.892798384555167e-09,1.2284341682789663
PARTIAL_MALL,22,CAT,GradientBoosting,rolling,823,6.1095810095970556e-09,7.816380882222319e-05,5.830266431008978e-05,0.32353371271643416,6.892798384555167e-09,0.8863716401870854
PARTIAL_MALL,22,CAT,HAR,rolling,823,6.892798384555167e-09,8.302287868145242e-05,6.31880013867084e-05,0.23681415716235577,6.892798384555167e-09,1.0
PARTIAL_MALL,22,CAT,HARQ,rolling,823,9.611819872344036e-09,9.803988918977844e-05,7.622273556040716e-05,-0.06424190020058318,6.892798384555167e-09,1.394472801334424
PARTIAL_MALL,22,CAT,HARX,rolling,823,9.542517240589696e-09,9.768580879835973e-05,7.628291545939174e-05,-0.05656855992926224,6.892798384555167e-09,1.3844184478065988
PARTIAL_MALL,22,CAT,Lasso,rolling,823,1.0370613843920083e-08,0.00010183621086784446,8.049409346469224e-05,-0.14825724265351092,6.892798384555167e-09,1.5045578392598467
PARTIAL_MALL,22,CAT,LevHAR,rolling,823,9.32451420087873e-09,9.656352417387598e-05,7.486952904339613e-05,-0.03243078245186126,6.892798384555167e-09,1.3527907941964992
PARTIAL_MALL,22,CAT,LogHAR,rolling,823,5.1313783830640324e-09,7.163364002383261e-05,5.2950957270066905e-05,0.4318424654676263,6.892798384555167e-09,0.7444550234578188
PARTIAL_MALL,22,CAT,NN1,fixed,823,9.200030600731762e-09,9.591678998346307e-05,5.800856776631143e-05,-0.018647683629399614,6.892798384555167e-09,1.3347308433315643
PARTIAL_MALL,22,CAT,NN1_1,fixed,823,1.2403488112953667e-08,0.00011137094824483478,6.91164527981844e-05,-0.3733415662965389,6.892798384555167e-09,1.7994851177928568
PARTIAL_MALL,22,CAT,NN2,fixed,823,1.2278574809888766e-08,0.00011080873074757587,6.878053800061002e-05,-0.35951088981906754,6.892798384555167e-09,1.781362826076796
PARTIAL_MALL,22,CAT,NN2_1,fixed,823,1.085497491286559e-08,0.00010418721088917579,6.475191741624467e-05,-0.20188676872077838,6.892798384555167e-09,1.5748284379227677
PARTIAL_MALL,22,CAT,NN3,fixed,823,1.2513396467030988e-08,0.0001118632936535975,6.877311205355289e-05,-0.3855108617207821,6.892798384555167e-09,1.8154305071609245
PARTIAL_MALL,22,CAT,NN3_1,fixed,823,1.2308634181093042e-08,0.00011094428412988676,6.869925677701203e-05,-0.36283912971059107,6.892798384555167e-09,1.7857238082972582
PARTIAL_MALL,22,CAT,NN4,fixed,823,1.2722735922895459e-08,0.00011279510593503363,6.949181760198243e-05,-0.408689388082599,6.892798384555167e-09,1.845801257063249
PARTIAL_MALL,22,CAT,NN4_1,fixed,823,1.300951872493426e-08,0.00011405927724185464,7.088082545377703e-05,-0.4404426125749541,6.892798384555167e-09,1.887407406850163
PARTIAL_MALL,22,CAT,PostLasso,rolling,823,1.0235123708084506e-08,0.00010116878821101153,7.93949441952753e-05,-0.1332554759188911,6.892798384555167e-09,1.4849010716777318
PARTIAL_MALL,22,CAT,RandomForest,rolling,823,5.228711572603548e-09,7.230983040087667e-05,5.211053387446255e-05,0.421065520002162,6.892798384555167e-09,0.7585760210714458
PARTIAL_MALL,22,CAT,Ridge,rolling,823,9.913978511079689e-09,9.956896359347971e-05,7.856284520518809e-05,-0.09769757125152578,6.892798384555167e-09,1.4383096614713324
PARTIAL_MALL,22,CAT,SHAR,rolling,823,9.556722371484373e-09,9.77584900225263e-05,7.637790765967776e-05,-0.05814138335882402,6.892798384555167e-09,1.386479313379935
PARTIAL_MALL,22,CSCO,AdaptiveLasso,rolling,838,9.779952457246489e-09,9.889364214774622e-05,8.334344612431616e-05,-1.7462286999956103,5.365725488762609e-09,1.822671040053867
PARTIAL_MALL,22,CSCO,Bagging,rolling,838,4.287842137497421e-09,6.548161679049641e-05,4.6919253686802104e-05,-0.2040339859035738,5.365725488762609e-09,0.79911694075245
PARTIAL_MALL,22,CSCO,ElasticNet,rolling,838,8.993225316848662e-09,9.483261736791124e-05,8.066445063608776e-05,-1.5253142669785937,5.365725488762609e-09,1.6760502071310008
PARTIAL_MALL,22,CSCO,GradientBoosting,rolling,838,7.243888684787568e-09,8.51110373852156e-05,7.212126773460419e-05,-1.0340973120985892,5.365725488762609e-09,1.350029683769395
PARTIAL_MALL,22,CSCO,HAR,rolling,838,5.365725488762609e-09,7.325111254283179e-05,5.8400745333329584e-05,-0.5067056202936371,5.365725488762609e-09,1.0
PARTIAL_MALL,22,CSCO,HARQ,rolling,838,7.835886654233204e-09,8.852054368469053e-05,7.106570126945231e-05,-1.2003314345176728,5.365725488762609e-09,1.4603592134267456
PARTIAL_MALL,22,CSCO,HARX,rolling,838,8.157727137421376e-09,9.032013694310576e-05,7.48220032973518e-05,-1.2907048361896738,5.365725488762609e-09,1.5203400089151096
PARTIAL_MALL,22,CSCO,Lasso,rolling,838,9.814943212307386e-09,9.90703952364549e-05,8.47200165686763e-05,-1.756054168596079,5.365725488762609e-09,1.829192200171763
PARTIAL_MALL,22,CSCO,LevHAR,rolling,837,8.427864427998324e-09,9.180340096095746e-05,7.601341404091595e-05,-1.3650188632880695,5.365725488762609e-09,1.5706849792537327
PARTIAL_MALL,22,CSCO,LogHAR,rolling,838,3.950245117504508e-09,6.28509754697929e-05,4.796935945177224e-05,-0.10923611961634272,5.365725488762609e-09,0.7361996296265008
PARTIAL_MALL,22,CSCO,NN1,fixed,838,2.5636266405069034e-09,5.063226876713015e-05,3.645094889806363e-05,0.2801289078847362,5.365725488762609e-09,0.47777819530199295
PARTIAL_MALL,22,CSCO,NN1_1,fixed,838,3.3504202551539434e-09,5.7882814851680664e-05,4.3551338363813534e-05,0.05919580877585473,5.365725488762609e-09,0.6244114169035853
PARTIAL_MALL,22,CSCO,NN2,fixed,838,3.6500166539050803e-09,6.0415367696514766e-05,4.5750459519616884e-05,-0.024931412932270636,5.365725488762609e-09,0.6802466249064134
PARTIAL_MALL,22,CSCO,NN2_1,fixed,838,4.1600797403657764e-09,6.449868014437022e-05,4.687444087470097e-05,-0.1681580689891533,5.365725488762609e-09,0.7753061070824802
PARTIAL_MALL,22,CSCO,NN3,fixed,838,3.510742868304786e-09,5.9251522075848704e-05,4.484934703629361e-05,0.014176923109707196,5.365725488762609e-09,0.6542904357774738
PARTIAL_MALL,22,CSCO,NN3_1,fixed,838,3.6728195274201497e-09,6.0603791361763414e-05,4.603055685120937e-05,-0.031334501900566636,5.365725488762609e-09,0.6844963528440101
PARTIAL_MALL,22,CSCO,NN4,fixed,838,3.599254042724862e-09,5.9993783367319505e-05,4.492027485791616e-05,-0.010677178024764533,5.365725488762609e-09,0.6707860941195646
PARTIAL_MALL,22,CSCO,NN4_1,fixed,838,3.683575102145468e-09,6.069246330596138e-05,4.568280677752449e-05,-0.034354687134057205,5.365725488762609e-09,0.6865008487407614
PARTIAL_MALL,22,CSCO,PostLasso,rolling,838,9.289176883208238e-09,9.638037602753082e-05,8.101220470323054e-05,-1.6084180130242212,5.365725488762609e-09,1.7312061346899834
PARTIAL_MALL,22,CSCO,RandomForest,rolling,838,4.45310048664673e-09,6.6731555404072e-05,4.895762295633803e-05,-0.25043883534754596,5.365725488762609e-09,0.8299158233071778
PARTIAL_MALL,22,CSCO,Ridge,rolling,838,9.288314648737536e-09,9.637590284265842e-05,8.155294817493175e-05,-1.6081758959934973,5.365725488762609e-09,1.7310454417002827
PARTIAL_MALL,22,CSCO,SHAR,rolling,838,8.051878937766207e-09,8.973226252450234e-05,7.440240467840013e-05,-1.2609824663717606,5.365725488762609e-09,1.5006132823285845
PARTIAL_MALL,22,DIS,AdaptiveLasso,rolling,833,9.315139537071734e-09,9.651497053344489e-05,7.834857629608624e-05,-1.0665848491290726,5.784781886962268e-09,1.6102836233231508
PARTIAL_MALL,22,DIS,Bagging,rolling,833,4.849734702505092e-09,6.964003663486322e-05,4.571354829831503e-05,-0.07592465132767168,5.784781886962268e-09,0.8383608573791548
PARTIAL_MALL,22,DIS,ElasticNet,rolling,833,8.101717924158792e-09,9.000954351711152e-05,6.981142632856604e-05,-0.7973845101677588,5.784781886962268e-09,1.4005226268631548
PARTIAL_MALL,22,DIS,GradientBoosting,rolling,833,7.283386770676883e-09,8.534276050536965e-05,5.908971184056235e-05,-0.6158358863789568,5.784781886962268e-09,1.2590598769319494
PARTIAL_MALL,22,DIS,HAR,rolling,833,5.784781886962268e-09,7.605775362816251e-05,5.389113050741982e-05,-0.28336699150193856,5.784781886962268e-09,1.0
PARTIAL_MALL,22,DIS,HARQ,rolling,833,7.825573534628846e-09,8.846227181476206e-05,6.295143815033034e-05,-0.7361212505779855,5.784781886962268e-09,1.3527862739762255
PARTIAL_MALL,22,DIS,HARX,rolling,833,7.511914569179592e-09,8.667130187772416e-05,6.391862935377234e-05,-0.6665352971726441,5.784781886962268e-09,1.2985648752133476
PARTIAL_MALL,22,DIS,Lasso,rolling,833,7.814144047017205e-09,8.83976472934501e-05,6.775641182813422e-05,-0.733585592809519,5.784781886962268e-09,1.3508104885732528
PARTIAL_MALL,22,DIS,LevHAR,rolling,832,7.793264384061272e-09,8.827946751120145e-05,6.37498894225967e-05,-0.7278195854142382,5.784781886962268e-09,1.3472010762628266
PARTIAL_MALL,22,DIS,LogHAR,rolling,833,5.003740475702139e-09,7.07371223312211e-05,4.797828009673991e-05,-0.11009118166259713,5.784781886962268e-09,0.8649834295359625
PARTIAL_MALL,22,DIS,NN1,fixed,833,4.3750090010854345e-09,6.614385081839002e-05,4.507155634226822e-05,0.029394323030326852,5.784781886962268e-09,0.7562962764327938
PARTIAL_MALL,22,DIS,NN1_1,fixed,833,4.563312062299492e-09,6.755229131790787e-05,4.8231934502309146e-05,-0.012381138496674993,5.784781886962268e-09,0.7888477303844899
PARTIAL_MALL,22,DIS,NN2,fixed,833,4.544720505723046e-09,6.741454224218277e-05,4.521864996440147e-05,-0.008256559472420433,5.784781886962268e-09,0.785633856993974
PARTIAL_MALL,22,DIS,NN2_1,fixed,833,4.523409952980111e-09,6.725630047051436e-05,4.415054967575263e-05,-0.003528764977249743,5.784781886962268e-09,0.7819499579016047
PARTIAL_MALL,22,DIS,NN3,fixed,833,4.547845129357771e-09,6.743771296061108e-05,4.4014022027257245e-05,-0.008949764317829123,5.784781886962268e-09,0.7861740024473001
PARTIAL_MALL,22,DIS,NN3_1,fixed,833,4.500127839693436e-09,6.708299217904219e-05,4.3696700538989275e-05,0.0016364246994550191,5.784781886962268e-09,0.7779252403337483
PARTIAL_MALL,22,DIS,NN4,fixed,833,4.522491404247329e-09,6.724947140496592e-05,4.3949731918163076e-05,-0.0033249828560266703,5.784781886962268e-09,0.7817911708028461
PARTIAL_MALL,22,DIS,NN4_1,fixed,833,4.5494861164788285e-09,6.744987855051207e-05,4.397963561494589e-05,-0.009313821035229486,5.784781886962268e-09,0.7864576755663775
PARTIAL_MALL,22,DIS,PostLasso,rolling,833,7.896449559518358e-09,8.886196914045039e-05,6.71697830437995e-05,-0.7518452575689967,5.784781886962268e-09,1.3650384256172843
PARTIAL_MALL,22,DIS,RandomForest,rolling,833,4.972737817492246e-09,7.051764188834058e-05,4.7108619158050666e-05,-0.10321317157114218,5.784781886962268e-09,0.8596240817133995
PARTIAL_MALL,22,DIS,Ridge,rolling,833,7.829608903329523e-09,8.848507729176442e-05,6.659424794734121e-05,-0.7370165062834191,5.784781886962268e-09,1.3534838575289905
PARTIAL_MALL,22,DIS,SHAR,rolling,833,7.543219131989613e-09,8.685170770911539e-05,6.384794089062786e-05,-0.6734802854848789,5.784781886962268e-09,1.3039764124885171
PARTIAL_MALL,22,GE,AdaptiveLasso,rolling,837,2.2173510331153708e-08,0.0001489077242158838,0.00011746690024309532,-2.084929014013307,1.1470282918054183e-08,1.9331267144468323
PARTIAL_MALL,22,GE,Bagging,rolling,837,1.0452477894706578e-08,0.0001022373605621085,5.158372551084063e-05,-0.4542195549618826,1.1470282918054183e-08,0.9112659181452636
PARTIAL_MALL,22,GE,ElasticNet,rolling,837,1.8325224831012737e-08,0.00013537069413655504,0.00010821570064895958,-1.5495294576827106,1.1470282918054183e-08,1.5976262278734992
PARTIAL_MALL,22,GE,GradientBoosting,rolling,837,9.171877728461952e-09,9.576992079177028e-05,6.283745720094005e-05,-0.27605378196527286,1.1470282918054183e-08,0.7996208806694253
PARTIAL_MALL,22,GE,HAR,rolling,837,1.1470282918054183e-08,0.00010709940671196169,7.256334320813496e-05,-0.5958234868716639,1.1470282918054183e-08,1.0
PARTIAL_MALL,22,GE,HARQ,rolling,837,2.000946679766815e-08,0.0001414548224616897,0.00010829625405825396,-1.7838526131938197,1.1470282918054183e-08,1.7444614871855795
PARTIAL_MALL,22,GE,HARX,rolling,837,2.020840623707519e-08,0.00014215627399828397,0.00010883695568946688,-1.81153041609885,1.1470282918054183e-08,1.7618053871423898
PARTIAL_MALL,22,GE,Lasso,rolling,837,2.194871649921221e-08,0.00014815099223161555,0.00011920624641307774,-2.053654172818982,1.1470282918054183e-08,1.9135287818110407
PARTIAL_MALL,22,GE,LevHAR,rolling,837,2.4942630692220757e-08,0.00015793236113039263,0.00012433481203602098,-2.4701878033331246,1.1470282918054183e-08,2.174543633353729
PARTIAL_MALL,22,GE,LogHAR,rolling,837,8.846798511220493e-09,9.405742135111133e-05,5.213261918707401e-05,-0.23082655839337352,1.1470282918054183e-08,0.7712798868540256
PARTIAL_MALL,22,GE,NN1,fixed,837,7.33345102055565e-09,8.563557100034804e-05,4.8023666156954235e-05,-0.020279400432692718,1.1470282918054183e-08,0.6393435168903135
PARTIAL_MALL,22,GE,NN1_1,fixed,837,7.161473526529216e-09,8.462548981559407e-05,4.760044672720541e-05,0.003647273925856731,1.1470282918054183e-08,0.6243502080717716
PARTIAL_MALL,22,GE,NN2,fixed,837,9.326778653599203e-09,9.657524865926674e-05,4.987680941932115e-05,-0.2976046483421686,1.1470282918054183e-08,0.8131254233423386
PARTIAL_MALL,22,GE,NN2_1,fixed,837,7.862699588827861e-09,8.867186469691421e-05,4.814003785773523e-05,-0.09391204765472572,1.1470282918054183e-08,0.6854843638121603
PARTIAL_MALL,22,GE,NN3,fixed,837,7.871376560724765e-09,8.872077863006368e-05,4.797432981388203e-05,-0.09511924678372097,1.1470282918054183e-08,0.6862408379077771
PARTIAL_MALL,22,GE,NN3_1,fixed,837,8.257445300516505e-09,9.08704864106961e-05,4.827217842515679e-05,-0.1488317460226778,1.1470282918054183e-08,0.7198990085518567
PARTIAL_MALL,22,GE,NN4,fixed,837,7.893299553062258e-09,8.884424321846778e-05,4.79621075464297e-05,-0.09816932203684425,1.1470282918054183e-08,0.6881521240106669
PARTIAL_MALL,22,GE,NN4_1,fixed,837,7.81977364846221e-09,8.842948404498473e-05,4.8254930633061806e-05,-0.08793989994738927,1.1470282918054183e-08,0.6817420027324622
PARTIAL_MALL,22,GE,PostLasso,rolling,837,2.2340701774189254e-08,0.00014946806272307558,0.0001176191596032777,-2.108189820525772,1.1470282918054183e-08,1.9477027666880884
PARTIAL_MALL,22,GE,RandomForest,rolling,837,8.76188073988591e-09,9.36049183530754e-05,5.0806027051415335e-05,-0.21901222260787812,1.1470282918054183e-08,0.7638766020404556
PARTIAL_MALL,22,GE,Ridge,rolling,837,2.1057247003022687e-08,0.00014511115395800107,0.00011240721035740051,-1.9296268955484557,1.1470282918054183e-08,1.8358088595947932
PARTIAL_MALL,22,GE,SHAR,rolling,837,2.0185659412529795e-08,0.00014207624506767412,0.0001088076022289741,-1.8083657237263409,1.1470282918054183e-08,1.7598222778583466
PARTIAL_MALL,22,GS,AdaptiveLasso,rolling,818,3.8193777664550706e-08,0.0001954322840897857,0.00016074752924224875,-6.736122361535947,1.066541330460975e-08,3.5810874434695177
PARTIAL_MALL,22,GS,Bagging,rolling,818,9.321950812177214e-09,9.655025019220413e-05,6.049167649797494e-05,-0.8881544728202171,1.066541330460975e-08,0.8740355901770941
PARTIAL_MALL,22,GS,ElasticNet,rolling,818,2.5674329205132326e-08,0.00016023211040591185,0.00013457914011637476,-4.200317026131908,1.066541330460975e-08,2.4072512214820123
PARTIAL_MALL,22,GS,GradientBoosting,rolling,818,8.901288238385787e-09,9.434663872330475e-05,7.196431419617406e-05,-0.8029495692269919,1.066541330460975e-08,0.8345938393722181
PARTIAL_MALL,22,GS,HAR,rolling,818,1.066541330460975e-08,0.00010327348790764137,9.17325197101363e-05,-1.1602718402320962,1.066541330460975e-08,1.0
PARTIAL_MALL,22,GS,HARQ,rolling,818,3.562193457833486e-08,0.00018873774020670815,0.00015503136803126855,-6.215197383012483,1.066541330460975e-08,3.339948819699142
PARTIAL_MALL,22,GS,HARX,rolling,818,3.6964773074839395e-08,0.00019226225077960415,0.00015774991082478454,-6.487188360495235,1.066541330460975e-08,3.4658547230291274
PARTIAL_MALL,22,GS,Lasso,rolling,818,3.709530056706206e-08,0.00019260140333617005,0.0001608243391843476,-6.513626610731901,1.066541330460975e-08,3.478093113468835
PARTIAL_MALL,22,GS,LevHAR,rolling,819,4.28954000278226e-08,0.00020711204703691816,0.00016964955724450495,-7.688225870329264,1.066541330460975e-08,4.021916338608516
PARTIAL_MALL,22,GS,LogHAR,rolling,818,6.258729494189704e-09,7.91121324083083e-05,5.739038957898552e-05,-0.26770118473367566,1.066541330460975e-08,0.5868248435796284
PARTIAL_MALL,22,GS,NN1,fixed,818,4.516584042069983e-09,6.720553579929248e-05,4.663598459712612e-05,0.08516913114766023,1.066541330460975e-08,0.42347951392730826
PARTIAL_MALL,22,GS,NN1_1,fixed,818,4.593805416168534e-09,6.777761736863088e-05,4.503136871940366e-05,0.06952799702892654,1.066541330460975e-08,0.430719868510208
PARTIAL_MALL,22,GS,NN2,fixed,818,5.323963531623428e-09,7.296549548672597e-05,4.8068598487369196e-05,-0.07836500727240625,1.066541330460975e-08,0.49918023611164997
PARTIAL_MALL,22,GS,NN2_1,fixed,818,6.9295714652469336e-09,8.324404762652362e-05,5.5098184616207426e-05,-0.40357974639188754,1.066541330460975e-08,0.6497236691476241
PARTIAL_MALL,22,GS,NN3,fixed,818,5.076398676779568e-09,7.12488503540904e-05,4.729825197284072e-05,-0.028220922905869417,1.066541330460975e-08,0.47596830350545094
PARTIAL_MALL,22,GS,NN3_1,fixed,818,5.091046642315508e-09,7.13515707067161e-05,4.793623106264304e-05,-0.031187857853463452,1.066541330460975e-08,0.47734171165360106
PARTIAL_MALL,22,GS,NN4,fixed,818,5.067250207116145e-09,7.118462057998305e-05,4.736390774698595e-05,-0.026367906915709005,1.066541330460975e-08,0.4751105336842412
PARTIAL_MALL,22,GS,NN4_1,fixed,818,5.336825592300502e-09,7.305358028392929e-05,4.902922109629145e-05,-0.08097020846756586,1.066541330460975e-08,0.5003861960036604
PARTIAL_MALL,22,GS,PostLasso,rolling,818,3.775738878471861e-08,0.00019431260583070419,0.0001600282256241816,-6.647732105896791,1.066541330460975e-08,3.5401711782139103
PARTIAL_MALL,22,GS,RandomForest,rolling,818,8.154028300695585e-09,9.029965836422408e-05,5.8265720908853845e-05,-0.65159260305785,1.066541330460975e-08,0.7645299875224989
PARTIAL_MALL,22,GS,Ridge,rolling,818,4.1091236112355734e-08,0.00020270973363989143,0.00016679270234545303,-7.323000498769545,1.066541330460975e-08,3.8527560947493233
PARTIAL_MALL,22,GS,SHAR,rolling,818,3.676377176053023e-08,0.00019173881130467622,0.00015735324897061373,-6.446475687976107,1.066541330460975e-08,3.447008635346591
PARTIAL_MALL,22,HD,AdaptiveLasso,rolling,833,2.1181174825987413e-08,0.00014553753751519715,0.00010708471107807237,-1.7870519453192424,1.475432371192016e-08,1.4355910334863358
PARTIAL_MALL,22,HD,Bagging,rolling,833,1.246580893003408e-08,0.00011165038705725153,5.718687050379601e-05,-0.6402705380535869,1.475432371192016e-08,0.8448919227631445
PARTIAL_MALL,22,HD,ElasticNet,rolling,833,1.930511035949965e-08,0.00013894283126343601,0.00010100815409655555,-1.5401964633252083,1.475432371192016e-08,1.308437495098665
PARTIAL_MALL,22,HD,GradientBoosting,rolling,833,2.394893719019992e-08,0.00015475444158472455,0.00010670710090826684,-2.1512384243381297,1.475432371192016e-08,1.6231809507372637
PARTIAL_MALL,22,HD,HAR,rolling,833,1.475432371192016e-08,0.00012146737715090485,6.316951315287617e-05,-0.9413968743945698,1.475432371192016e-08,1.0
PARTIAL_MALL,22,HD,HARQ,rolling,833,1.4151585115529792e-08,0.00011896043508465237,7.816148438435303e-05,-0.8620875919119133,1.475432371192016e-08,0.9591483413161519
PARTIAL_MALL,22,HD,HARX,rolling,833,1.696788304318549e-08,0.00013026082697106407,8.271581957605524e-05,-1.2326604558987184,1.475432371192016e-08,1.1500278409560023
PARTIAL_MALL,22,HD,Lasso,rolling,833,1.946537538196568e-08,0.00013951836933524445,0.00010550416471145559,-1.5612843843824744,1.475432371192016e-08,1.3192997362691328
PARTIAL_MALL,22,HD,LevHAR,rolling,833,1.5406293571355513e-08,0.00012412209139132127,7.993289967432108e-05,-1.027184083081381,1.475432371192016e-08,1.0441883933255862
PARTIAL_MALL,22,HD,LogHAR,rolling,833,1.0076135059279565e-08,0.00010037995347318888,5.384702193485339e-05,-0.32583353137756776,1.475432371192016e-08,0.6829276120015557
PARTIAL_MALL,22,HD,NN1,fixed,833,1.505301632945506e-08,0.00012269073448901942,4.2899284626214725e-05,-0.9806993138292215,1.475432371192016e-08,1.020244412645873
PARTIAL_MALL,22,HD,NN1_1,fixed,833,7.91777204620972e-09,8.898186358022471e-05,3.973499516102041e-05,-0.04183276731697538,1.475432371192016e-08,0.5366407976946362
PARTIAL_MALL,22,HD,NN2,fixed,833,2.3110113480886206e-08,0.00015202010880434932,4.733472315100095e-05,-2.0408646953061425,1.475432371192016e-08,1.566328212130477
PARTIAL_MALL,22,HD,NN2_1,fixed,833,7.990710423555345e-09,8.939077370487038e-05,4.209985391107435e-05,-0.051430112513340065,1.475432371192016e-08,0.5415843233193788
PARTIAL_MALL,22,HD,NN3,fixed,833,8.021981228085549e-09,8.956551360923214e-05,4.224642222374666e-05,-0.055544773636417855,1.475432371192016e-08,0.5437037565879427
PARTIAL_MALL,22,HD,NN3_1,fixed,833,7.969736614947956e-09,8.92733813347963e-05,4.2467099308615556e-05,-0.04867034613776311,1.475432371192016e-08,0.5401627868927078
PARTIAL_MALL,22,HD,NN4,fixed,833,7.98098709536997e-09,8.933637050703353e-05,4.243884158899956e-05,-0.0501507018594618,1.475432371192016e-08,0.5409253078080464
PARTIAL_MALL,22,HD,NN4_1,fixed,833,7.984458934307312e-09,8.935579966799755e-05,4.2728552581925206e-05,-0.050607531829642616,1.475432371192016e-08,0.541160617741943
PARTIAL_MALL,22,HD,PostLasso,rolling,833,1.6845011827145292e-08,0.0001297883347113495,8.175605724143638e-05,-1.2164928700824476,1.475432371192016e-08,1.1417000301773266
PARTIAL_MALL,22,HD,RandomForest,rolling,833,1.1678221263624167e-08,0.0001080658191271605,5.672273869102462e-05,-0.5366385272793752,1.475432371192016e-08,0.7915117962464941
PARTIAL_MALL,22,HD,Ridge,rolling,833,1.7425836819154758e-08,0.00013200695746495622,8.568837126593299e-05,-1.292918726399157,1.475432371192016e-08,1.1810664561382949
PARTIAL_MALL,22,HD,SHAR,rolling,833,1.6885181239848496e-08,0.00012994299226910428,8.215568152451589e-05,-1.221778423916763,1.475432371192016e-08,1.1444225821212528
PARTIAL_MALL,22,IBM,AdaptiveLasso,rolling,838,3.830529447261284e-09,6.189127117180002e-05,5.115938424224427e-05,-0.8226636853350873,2.7260497447716404e-09,1.4051575744749167
PARTIAL_MALL,22,IBM,Bagging,rolling,838,2.6611874665639125e-09,5.1586698542976295e-05,3.204765949112247e-05,-0.2662609234456754,2.7260497447716404e-09,0.9762064950090772
PARTIAL_MALL,22,IBM,ElasticNet,rolling,838,3.1206160839073343e-09,5.5862474738480164e-05,4.5264432534696135e-05,-0.48486878650081233,2.7260497447716404e-09,1.1447392293161351
PARTIAL_MALL,22,IBM,GradientBoosting,rolling,838,3.2030411573456497e-09,5.6595416398730115e-05,4.163062388487722e-05,-0.5240887403441401,2.7260497447716404e-09,1.174975314918168
PARTIAL_MALL,22,IBM,HAR,rolling,838,2.7260497447716404e-09,5.2211586307750124e-05,3.610843638087793e-05,-0.2971240510276476,2.7260497447716404e-09,1.0
PARTIAL_MALL,22,IBM,HARQ,rolling,838,4.278179706116784e-09,6.540779545372847e-05,4.997675010603755e-05,-1.0356671047788737,2.7260497447716404e-09,1.5693696398321464
PARTIAL_MALL,22,IBM,HARX,rolling,838,4.169034912646995e-09,6.456806418537724e-05,4.995994204298792e-05,-0.9837332261232707,2.7260497447716404e-09,1.529331928238981
PARTIAL_MALL,22,IBM,Lasso,rolling,838,3.908990033347701e-09,6.252191642414444e-05,5.2494799725886516e-05,-0.859997234902776,2.7260497447716404e-09,1.4339393625684387
PARTIAL_MALL,22,IBM,LevHAR,rolling,837,4.696787041606478e-09,6.853310909047158e-05,5.195221511145054e-05,-1.2333622318447204,2.7260497447716404e-09,1.7229278558157513
PARTIAL_MALL,22,IBM,LogHAR,rolling,838,2.049531259690869e-09,4.5271749023987014e-05,3.1555933393935783e-05,0.024780712319423026,2.7260497447716404e-09,0.7518319368975994
PARTIAL_MALL,22,IBM,NN1,fixed,838,2.2033963922784333e-09,4.694034929864107e-05,3.1092082965755034e-05,-0.04843224517582123,2.7260497447716404e-09,0.8082744625274659
PARTIAL_MALL,22,IBM,NN1_1,fixed,838,2.4575279115594587e-09,4.95734597497437e-05,3.266233534307781e-05,-0.16935450876101066,2.7260497447716404e-09,0.9014978234615173
PARTIAL_MALL,22,IBM,NN2,fixed,838,2.3141978154599803e-09,4.8106109959754386e-05,3.203920445093898e-05,-0.10115439053377995,2.7260497447716404e-09,0.8489198775255069
PARTIAL_MALL,22,IBM,NN2_1,fixed,838,2.312301443642672e-09,4.808639561916314e-05,3.219074305111778e-05,-0.10025204841818236,2.7260497447716404e-09,0.8482242292450801
PARTIAL_MALL,22,IBM,NN3,fixed,838,2.295125271160393e-09,4.790746571423282e-05,3.190330555139129e-05,-0.0920791871290243,2.7260497447716404e-09,0.8419234739066195
PARTIAL_MALL,22,IBM,NN3_1,fixed,838,2.3524861237712257e-09,4.850243420459664e-05,3.221554684344711e-05,-0.11937294493798012,2.7260497447716404e-09,0.862965222216916
PARTIAL_MALL,22,IBM,NN4,fixed,838,2.3440548260372327e-09,4.8415439955010557e-05,3.223350112988282e-05,-0.1153611182671308,2.7260497447716404e-09,0.8598723594582067
PARTIAL_MALL,22,IBM,NN4_1,fixed,838,2.339431020064209e-09,4.8367665025967596e-05,3.20330269510929e-05,-0.11316099336244134,2.7260497447716404e-09,0.8581762033327025
PARTIAL_MALL,22,IBM,PostLasso,rolling,838,3.806155892355943e-09,6.169405070471499e-05,4.540265076378911e-05,-0.8110661257757301,2.7260497447716404e-09,1.3962165949670822
PARTIAL_MALL,22,IBM,RandomForest,rolling,838,2.4298757965859557e-09,4.9293770362855745e-05,3.141469592182818e-05,-0.15619692663592089,2.7260497447716404e-09,0.8913541659488334
PARTIAL_MALL,22,IBM,Ridge,rolling,838,4.299161648709744e-09,6.55679925627569e-05,5.1402373897305525e-05,-1.0456508486290401,2.7260497447716404e-09,1.5770664702488335
PARTIAL_MALL,22,IBM,SHAR,rolling,838,4.140388011779345e-09,6.434584688835283e-05,5.0063381641522406e-05,-0.9701022994778199,2.7260497447716404e-09,1.51882335225918
PARTIAL_MALL,22,INTC,AdaptiveLasso,rolling,836,1.0545084823652543e-08,0.00010268926342930182,8.176470306266519e-05,-0.7544100761376706,7.535945426296845e-09,1.3993048286755423
PARTIAL_MALL,22,INTC,Bagging,rolling,836,5.9577838485415524e-09,7.718668180807848e-05,5.24856299516245e-05,0.008789764129072952,7.535945426296845e-09,0.790582138208132
PARTIAL_MALL,22,INTC,ElasticNet,rolling,836,1.0409381766256411e-08,0.00010202637779641308,8.438965302759182e-05,-0.7318328455852474,7.535945426296845e-09,1.3812973923527427
PARTIAL_MALL,22,INTC,GradientBoosting,rolling,836,8.600086060582224e-09,9.273664896135843e-05,6.882758808724327e-05,-0.430816147300602,7.535945426296845e-09,1.1412086439177274
PARTIAL_MALL,22,INTC,HAR,rolling,836,7.535945426296845e-09,8.680982332833563e-05,6.195672482306436e-05,-0.2537726163628262,7.535945426296845e-09,1.0
PARTIAL_MALL,22,INTC,HARQ,rolling,836,1.0051204303575186e-08,0.00010025569461918453,7.604271774024986e-05,-0.6722420352615703,7.535945426296845e-09,1.3337681916460395
PARTIAL_MALL,22,INTC,HARX,rolling,836,9.74881035191715e-09,9.873606408965849e-05,7.707492060624964e-05,-0.6219320562880502,7.535945426296845e-09,1.2936413151160124
PARTIAL_MALL,22,INTC,Lasso,rolling,836,1.1121517091019902e-08,0.00010545860368419403,8.741681702254997e-05,-0.8503124415517302,7.535945426296845e-09,1.4757958639417859
PARTIAL_MALL,22,INTC,LevHAR,rolling,837,1.0403238972237313e-08,0.00010199626940352923,7.764662035673035e-05,-0.7320105535050221,7.535945426296845e-09,1.3804822598548796
PARTIAL_MALL,22,INTC,LogHAR,rolling,836,6.297233867259419e-09,7.935511242043211e-05,5.7916684951392695e-05,-0.047685318162153933,7.535945426296845e-09,0.8356262566983413
PARTIAL_MALL,22,INTC,NN1,fixed,836,4.969354459404806e-09,7.049364836213831e-05,4.67103255807501e-05,0.17323704064244105,7.535945426296845e-09,0.6594201760092551
PARTIAL_MALL,22,INTC,NN1_1,fixed,836,6.377636622202771e-09,7.986010657520294e-05,5.51304673746366e-05,-0.06106210988842342,7.535945426296845e-09,0.8462954893420366
PARTIAL_MALL,22,INTC,NN2,fixed,836,6.37962309953923e-09,7.987254283882059e-05,5.5500228872327876e-05,-0.06139260470315322,7.535945426296845e-09,0.8465590896236319
PARTIAL_MALL,22,INTC,NN2_1,fixed,836,6.340977557141031e-09,7.963025528742848e-05,5.494133876929499e-05,-0.05496305670851487,7.535945426296845e-09,0.8414309284955875
PARTIAL_MALL,22,INTC,NN3,fixed,836,6.557295924070727e-09,8.09771321057416e-05,5.507148961653397e-05,-0.09095244218447274,7.535945426296845e-09,0.8701358028932774
PARTIAL_MALL,22,INTC,NN3_1,fixed,836,6.541843189533579e-09,8.088166163929609e-05,5.518546658369163e-05,-0.08838153510982849,7.535945426296845e-09,0.8680852659449569
PARTIAL_MALL,22,INTC,NN4,fixed,836,6.6091313487912496e-09,8.129656418810852e-05,5.5325520180017356e-05,-0.09957642131326838,7.535945426296845e-09,0.8770142264736343
PARTIAL_MALL,22,INTC,NN4_1,fixed,836,6.62741166813145e-09,8.14089163920725e-05,5.5700634809550004e-05,-0.10261776019121904,7.535945426296845e-09,0.8794399764367923
PARTIAL_MALL,22,INTC,PostLasso,rolling,836,1.0689163936389728e-08,0.00010338841296968306,8.238230588099517e-05,-0.7783808503300338,7.535945426296845e-09,1.4184237453590969
PARTIAL_MALL,22,INTC,RandomForest,rolling,836,6.605614918380349e-09,8.12749341333498e-05,5.527486761583916e-05,-0.09899138467789848,7.535945426296845e-09,0.8765476054709621
PARTIAL_MALL,22,INTC,Ridge,rolling,836,1.0325715076191076e-08,0.00010161552576349284,8.126466723591569e-05,-0.7179130254470092,7.535945426296845e-09,1.3701950441625106
PARTIAL_MALL,22,INTC,SHAR,rolling,836,9.44661116944642e-09,9.719367864962423e-05,7.630659491922888e-05,-0.5716544815133056,7.535945426296845e-09,1.2535402839413174
PARTIAL_MALL,22,JNJ,AdaptiveLasso,rolling,825,2.001285162434614e-08,0.00014146678629397834,5.941584883835637e-05,-0.0053296454242866,4.188799126288124e-08,0.47777062162635603
PARTIAL_MALL,22,JNJ,Bagging,rolling,825,2.5327221036318682e-08,0.00015914528279631376,5.578436811954579e-05,-0.272292755773464,4.188799126288124e-08,0.6046415756098151
PARTIAL_MALL,22,JNJ,ElasticNet,rolling,825,2.0211718169407558e-08,0.00014216792243473052,5.859870719654197e-05,-0.015319547762348673,4.188799126288124e-08,0.48251820056403694
PARTIAL_MALL,22,JNJ,GradientBoosting,rolling,825,2.0400949557744066e-08,0.00014283189264917016,5.677451504643613e-05,-0.024825435684290742,4.188799126288124e-08,0.48703575756859535
PARTIAL_MALL,22,JNJ,HAR,rolling,825,4.188799126288124e-08,0.0002046655595425895,6.957965839155657e-05,-1.104209844469072,4.188799126288124e-08,1.0
PARTIAL_MALL,22,JNJ,HARQ,rolling,825,2.4387422748185904e-08,0.0001561647295268234,5.652032616137369e-05,-0.22508273805517431,4.188799126288124e-08,0.5822055919352871
PARTIAL_MALL,22,JNJ,HARX,rolling,825,3.355994805593852e-08,0.00018319374458735898,6.0928825722438074e-05,-0.6858572337832172,4.188799126288124e-08,0.8011830370504647
PARTIAL_MALL,22,JNJ,Lasso,rolling,825,2.0066967888929215e-08,0.00014165792561282695,5.8314475862929706e-05,-0.008048132829589827,4.188799126288124e-08,0.47906254952625105
PARTIAL_MALL,22,JNJ,LevHAR,rolling,825,2.993742917433213e-08,0.00017302436006046124,6.073574134948173e-05,-0.503882885941765,4.188799126288124e-08,0.7147019532746366
PARTIAL_MALL,22,JNJ,LogHAR,rolling,825,2.4231321291025685e-08,0.00015566412975064514,5.214330309377805e-05,-0.21724110581191214,4.188799126288124e-08,0.5784789520928426
PARTIAL_MALL,22,JNJ,NN1,fixed,825,2.1548090533397566e-08,0.00014679267874590193,4.834329213443128e-05,-0.0824511479991934,4.188799126288124e-08,0.5144216727454358
PARTIAL_MALL,22,JNJ,NN1_1,fixed,825,2.0816630633566577e-08,0.0001442796958465278,4.52673288969048e-05,-0.04570684311239814,4.188799126288124e-08,0.49695939112776444
PARTIAL_MALL,22,JNJ,NN2,fixed,825,2.1055395456064313e-08,0.00014510477406365482,4.6809939334034206e-05,-0.05770100360721875,4.188799126288124e-08,0.5026594692479897
PARTIAL_MALL,22,JNJ,NN2_1,fixed,825,2.382979475490194e-07,0.00048815770766118136,7.937112441799652e-05,-10.970707404003855,4.188799126288124e-08,5.688932325580041
PARTIAL_MALL,22,JNJ,NN3,fixed,825,2.079980608173075e-08,0.0001442213787263551,4.588986929498447e-05,-0.04486167516486983,4.188799126288124e-08,0.4965577353947349
PARTIAL_MALL,22,JNJ,NN3_1,fixed,825,2.095387568234908e-08,0.0001447545359646774,4.7596639208630453e-05,-0.05260123871471678,4.188799126288124e-08,0.5002358683386475
PARTIAL_MALL,22,JNJ,NN4,fixed,825,2.0934822478423953e-08,0.0001446887088836719,4.6633058051497595e-05,-0.05164411620635123,4.188799126288124e-08,0.49978100756947025
PARTIAL_MALL,22,JNJ,NN4_1,fixed,825,2.100373592001621e-08,0.00014492665703733117,4.6449763467381914e-05,-0.055105928001159654,4.188799126288124e-08,0.5014261912967053
PARTIAL_MALL,22,JNJ,PostLasso,rolling,825,2.6534363616021692e-08,0.000162893718773996,6.230351891773848e-05,-0.33293260082947973,4.188799126288124e-08,0.6334599205174811
PARTIAL_MALL,22,JNJ,RandomForest,rolling,825,2.2819980691476788e-08,0.0001510628368973547,5.3132287662141915e-05,-0.14634353603273542,4.188799126288124e-08,0.544785748933694
PARTIAL_MALL,22,JNJ,Ridge,rolling,825,3.5274249291126037e-08,0.00018781440118139514,5.995742922443427e-05,-0.7719737895480576,4.188799126288124e-08,0.8421088772137917
PARTIAL_MALL,22,JNJ,SHAR,rolling,825,3.3948897438470396e-08,0.00018425226576210778,6.0956837786559945e-05,-0.7053957959116184,4.188799126288124e-08,0.8104684998001798
PARTIAL_MALL,22,JPM,AdaptiveLasso,rolling,837,5.2996299586675315e-08,0.0002302092517399666,0.0001817196099677864,-8.919829825877962,1.1570453305627061e-08,4.580313163780853
PARTIAL_MALL,22,JPM,Bagging,rolling,837,1.3328729702330235e-08,0.00011545011780994524,5.9785967292687854e-05,-1.494867216644014,1.1570453305627061e-08,1.151962619809206
PARTIAL_MALL,22,JPM,ElasticNet,rolling,837,3.399431849282535e-08,0.00018437548235279372,0.0001535070039238025,-5.363045290435887,1.1570453305627061e-08,2.9380282340617447
PARTIAL_MALL,22,JPM,GradientBoosting,rolling,837,1.1601867663583323e-08,0.00010771196620423992,7.190777177781314e-05,-1.171633751463645,1.1570453305627061e-08,1.0027150498884072
PARTIAL_MALL,22,JPM,HAR,rolling,837,1.1570453305627061e-08,0.00010756604160062348,9.05589166962801e-05,-1.1657536223330123,1.1570453305627061e-08,1.0
PARTIAL_MALL,22,JPM,HARQ,rolling,837,3.9331249974874935e-08,0.00019832107798939307,0.00015322834553687466,-6.362010359831288,1.1570453305627061e-08,3.3992834105943768
PARTIAL_MALL,22,JPM,HARX,rolling,837,4.4254116094226206e-08,0.00021036662305181923,0.00016411062383172483,-7.2834708116063585,1.1570453305627061e-08,3.824752144559807
PARTIAL_MALL,22,JPM,Lasso,rolling,837,5.311922671758333e-08,0.00023047608708406895,0.00018380866264879202,-8.942839285578003,1.1570453305627061e-08,4.590937391515149
PARTIAL_MALL,22,JPM,LevHAR,rolling,836,4.365261429343559e-08,0.00020893208057508924,0.00016328378282034497,-7.164379283079661,1.1570453305627061e-08,3.7727661259568808
PARTIAL_MALL,22,JPM,LogHAR,rolling,837,7.786041541764648e-09,8.823854906878652e-05,5.6755278145180703e-05,-0.4573886802266669,1.1570453305627061e-08,0.6729245031374925
PARTIAL_MALL,22,JPM,NN1,fixed,837,4.437799734316823e-09,6.661681270007462e-05,4.232028385298802e-05,0.16933411371956086,1.1570453305627061e-08,0.3835458833889064
PARTIAL_MALL,22,JPM,NN1_1,fixed,837,5.241447576992846e-09,7.239784235039638e-05,4.8815428032705016e-05,0.018907576367800494,1.1570453305627061e-08,0.4530027855039847
PARTIAL_MALL,22,JPM,NN2,fixed,837,5.304349009199063e-09,7.283096188571906e-05,5.008892555251738e-05,0.0071337070947363745,1.1570453305627061e-08,0.45843916993462974
PARTIAL_MALL,22,JPM,NN2_1,fixed,837,5.1486634958009605e-09,7.1754188001823e-05,5.133384185199197e-05,0.03627486999305907,1.1570453305627061e-08,0.4449837322533431
PARTIAL_MALL,22,JPM,NN3,fixed,837,5.298527792781821e-09,7.279098702986394e-05,4.832750653494032e-05,0.008223320458103367,1.1570453305627061e-08,0.4579360594459153
PARTIAL_MALL,22,JPM,NN3_1,fixed,837,5.278941065352898e-09,7.265632157873737e-05,4.744611075448978e-05,0.01188955761911481,1.1570453305627061e-08,0.45624323662285465
PARTIAL_MALL,22,JPM,NN4,fixed,837,5.31426394132814e-09,7.289899821896142e-05,4.8964383201728854e-05,0.0052778333785965525,1.1570453305627061e-08,0.45929608814407064
PARTIAL_MALL,22,JPM,NN4_1,fixed,837,5.358107564267698e-09,7.319909537875245e-05,4.891184070519325e-05,-0.002928801460106989,1.1570453305627061e-08,0.4630853625814201
PARTIAL_MALL,22,JPM,PostLasso,rolling,837,5.19835008932179e-08,0.0002279989054649559,0.00017961797672186373,-8.730254501462385,1.1570453305627061e-08,4.4927799732735405
PARTIAL_MALL,22,JPM,RandomForest,rolling,837,9.547137204797732e-09,9.770945299610337e-05,5.548246131135576e-05,-0.7870299838767105,1.1570453305627061e-08,0.8251307837830927
PARTIAL_MALL,22,JPM,Ridge,rolling,837,4.9003007580831527e-08,0.00022136622954017067,0.00017552461495062,-8.172366749173472,1.1570453305627061e-08,4.235184766442978
PARTIAL_MALL,22,JPM,SHAR,rolling,837,4.388318124859198e-08,0.00020948312879225377,0.00016362781396530841,-7.214039349902851,1.1570453305627061e-08,3.7926933448018207
PARTIAL_MALL,22,KO,AdaptiveLasso,rolling,822,2.1642669203971616e-09,4.652168226103998e-05,3.804803643728955e-05,-0.9309587585848227,1.3308076300965101e-09,1.6262808173411276
PARTIAL_MALL,22,KO,Bagging,rolling,822,1.2282729698701152e-09,3.504672552279478e-05,2.426839786386841e-05,-0.09586503714082317,1.3308076300965101e-09,0.9229530565443489
PARTIAL_MALL,22,KO,ElasticNet,rolling,822,1.8085222764154948e-09,4.252672426152166e-05,3.459384344533545e-05,-0.6135634180923559,1.3308076300965101e-09,1.3589659658656608
PARTIAL_MALL,22,KO,GradientBoosting,rolling,822,1.5456286915530175e-09,3.931448450066486e-05,2.956792016019202e-05,-0.3790097844893401,1.3308076300965101e-09,1.1614215733350797
PARTIAL_MALL,22,KO,HAR,rolling,822,1.3308076300965101e-09,3.648023615735663e-05,2.62592649574068e-05,-0.18734645209787626,1.3308076300965101e-09,1.0
PARTIAL_MALL,22,KO,HARQ,rolling,822,1.8835412172606532e-09,4.3399783608454236e-05,3.428242567961426e-05,-0.68049531060501,1.3308076300965101e-09,1.4153369537895262
PARTIAL_MALL,22,KO,HARX,rolling,822,1.8724195673009324e-09,4.327146366025689e-05,3.427374412212086e-05,-0.6705725754759728,1.3308076300965101e-09,1.4069798857143196
PARTIAL_MALL,22,KO,Lasso,rolling,822,2.1188872853395292e-09,4.6031372837875794e-05,3.901065688670183e-05,-0.8904710521239956,1.3308076300965101e-09,1.5921814974759858
PARTIAL_MALL,22,KO,LevHAR,rolling,822,1.8680462787262795e-09,4.322090094764661e-05,3.4204478966756325e-05,-0.6666707277891379,1.3308076300965101e-09,1.4036936943251588
PARTIAL_MALL,22,KO,LogHAR,rolling,822,1.108440944926491e-09,3.329325674857434e-05,2.3477308220574378e-05,0.01104908511604874,1.3308076300965101e-09,0.8329084684058409
PARTIAL_MALL,22,KO,NN1,fixed,822,1.1119486507316324e-09,3.3345894061062936e-05,2.6907784188590093e-05,0.007919510301065413,1.3308076300965101e-09,0.8355442406435512
PARTIAL_MALL,22,KO,NN1_1,fixed,822,1.1275187188269168e-09,3.357854551386818e-05,2.6950517412350735e-05,-0.005972103102531934,1.3308076300965101e-09,0.8472439542183487
PARTIAL_MALL,22,KO,NN2,fixed,822,1.0791339794759092e-09,3.285017472519605e-05,2.613810418989783e-05,0.03719675714809123,1.3308076300965101e-09,0.8108865286545213
PARTIAL_MALL,22,KO,NN2_1,fixed,822,1.051994906080885e-09,3.243447095423147e-05,2.533962108721395e-05,0.061410236076273494,1.3308076300965101e-09,0.7904935937319464
PARTIAL_MALL,22,KO,NN3,fixed,822,1.1262387645201714e-09,3.3559480993009584e-05,2.7293737909851103e-05,-0.004830127981115373,1.3308076300965101e-09,0.8462821665957059
PARTIAL_MALL,22,KO,NN3_1,fixed,822,1.1735128776119195e-09,3.425657422469327e-05,2.7417155854261238e-05,-0.0470080875795964,1.3308076300965101e-09,0.8818050415947918
PARTIAL_MALL,22,KO,NN4,fixed,822,1.1523634741217766e-09,3.3946479554171394e-05,2.7699830787301174e-05,-0.028138591620825437,1.3308076300965101e-09,0.8659128848233364
PARTIAL_MALL,22,KO,NN4_1,fixed,822,1.1759098114749529e-09,3.429154139835293e-05,2.780582973128776e-05,-0.049146631764212634,1.3308076300965101e-09,0.8836061537982586
PARTIAL_MALL,22,KO,PostLasso,rolling,822,1.8644465472827872e-09,4.317923745601336e-05,3.377095414578346e-05,-0.6634590477076032,1.3308076300965101e-09,1.4009887718689873
PARTIAL_MALL,22,KO,RandomForest,rolling,822,1.1912684284337186e-09,3.451475667643796e-05,2.3687922304557358e-05,-0.06284958848215583,1.3308076300965101e-09,0.8951469780401904
PARTIAL_MALL,22,KO,Ridge,rolling,822,1.929030980738275e-09,4.392073520261558e-05,3.529059755195977e-05,-0.7210812736325956,1.3308076300965101e-09,1.449519026726937
PARTIAL_MALL,22,KO,SHAR,rolling,822,1.870977290803709e-09,4.325479500360288e-05,3.423731632139063e-05,-0.6692857765102966,1.3308076300965101e-09,1.4058961253986995
PARTIAL_MALL,22,MCD,AdaptiveLasso,rolling,830,3.671368593873387e-09,6.0591819529317547e-05,4.963981255549545e-05,-1.0132076425780787,2.6243166387137563e-09,1.3989808012164329
PARTIAL_MALL,22,MCD,Bagging,rolling,830,3.1971635463255107e-09,5.654346599144335e-05,3.26523533389251e-05,-0.7531756677266292,2.6243166387137563e-09,1.2182842188938454
PARTIAL_MALL,22,MCD,ElasticNet,rolling,830,3.8407022046258385e-09,6.197339916952949e-05,5.0409320550540096e-05,-1.106062312599787,2.6243166387137563e-09,1.4635056410373801
PARTIAL_MALL,22,MCD,GradientBoosting,rolling,830,4.6136334860240744e-09,6.792373286285195e-05,4.9285860265321354e-05,-1.5299018490318677,2.6243166387137563e-09,1.7580323265737219
PARTIAL_MALL,22,MCD,HAR,rolling,830,2.6243166387137563e-09,5.1228084472423486e-05,3.7784070780892455e-05,-0.43905308838231893,2.6243166387137563e-09,1.0
PARTIAL_MALL,22,MCD,HARQ,rolling,830,3.73620398030551e-09,6.112449574684041e-05,4.492302174194763e-05,-1.0487603505498337,2.6243166387137563e-09,1.4236864276167216
PARTIAL_MALL,22,MCD,HARX,rolling,830,3.554708208513021e-09,5.9621373755667695e-05,4.629895084386329e-05,-0.949236517536175,2.6243166387137563e-09,1.3545271771226788
PARTIAL_MALL,22,MCD,Lasso,rolling,830,4.2753859929037946e-09,6.53864358479937e-05,5.5712984198838636e-05,-1.3444226684971259,2.6243166387137563e-09,1.6291425850957029
PARTIAL_MALL,22,MCD,LevHAR,rolling,831,3.812514630781237e-09,6.174556365263205e-05,4.704684473245708e-05,-1.0908529952249042,2.6243166387137563e-09,1.4527647215047366
PARTIAL_MALL,22,MCD,LogHAR,rolling,830,2.2751190019951927e-09,4.769820753440524e-05,3.08827199657731e-05,-0.24756935880388253,2.6243166387137563e-09,0.8669376890093132
PARTIAL_MALL,22,MCD,NN1,fixed,830,2.081913680995271e-09,4.5627992296344474e-05,2.63313469698658e-05,-0.14162455405916785,2.6243166387137563e-09,0.7933164962958392
PARTIAL_MALL,22,MCD,NN1_1,fixed,830,2.1859075682314755e-09,4.6753690423660414e-05,2.7354865629098003e-05,-0.19864996112799305,2.6243166387137563e-09,0.8329435312740477
PARTIAL_MALL,22,MCD,NN2,fixed,830,4.347058130576648e-09,6.593222376483784e-05,3.471628743126919e-05,-1.3837243326132498,2.6243166387137563e-09,1.6564533663541647
PARTIAL_MALL,22,MCD,NN2_1,fixed,830,2.3659688086014263e-09,4.864122540193068e-05,2.918568989827044e-05,-0.2973871638838803,2.6243166387137563e-09,0.9015561513038485
PARTIAL_MALL,22,MCD,NN3,fixed,830,2.4797773983487588e-09,4.9797363367439034e-05,3.0037713447968002e-05,-0.3597944969565412,2.6243166387137563e-09,0.9449230941751603
PARTIAL_MALL,22,MCD,NN3_1,fixed,830,2.5408178952273334e-09,5.04065263158188e-05,3.078793062065309e-05,-0.3932662641410667,2.6243166387137563e-09,0.9681826719174604
PARTIAL_MALL,22,MCD,NN4,fixed,830,2.501744667645236e-09,5.001744363364881e-05,3.0181815437462794e-05,-0.371840324909648,2.6243166387137563e-09,0.9532937568354573
PARTIAL_MALL,22,MCD,NN4_1,fixed,830,2.4291398342399703e-09,4.928630473305916e-05,2.960138760813753e-05,-0.33202721386884737,2.6243166387137563e-09,0.9256275703950697
PARTIAL_MALL,22,MCD,PostLasso,rolling,830,3.6069022047938064e-09,6.0057490829985615e-05,4.713591644296752e-05,-0.9778572755784258,2.6243166387137563e-09,1.3744157818401213
PARTIAL_MALL,22,MCD,RandomForest,rolling,830,2.6852032566843894e-09,5.1818946888994084e-05,3.20024061841385e-05,-0.4724404755364615,2.6243166387137563e-09,1.0232009419413943
PARTIAL_MALL,22,MCD,Ridge,rolling,830,3.826830375985842e-09,6.186138032719478e-05,4.946139815801154e-05,-1.098455647477365,2.6243166387137563e-09,1.4582197588250891
PARTIAL_MALL,22,MCD,SHAR,rolling,830,3.496300762730388e-09,5.912952530445672e-05,4.599901300800023e-05,-0.9172085930098053,2.6243166387137563e-09,1.3322709276591003
PARTIAL_MALL,22,MMM,AdaptiveLasso,rolling,827,4.7284336641527165e-09,6.876360711999274e-05,5.624494851505288e-05,-1.5467290242390335,3.0926903231915707e-09,1.5289062822407333
PARTIAL_MALL,22,MMM,Bagging,rolling,827,2.2414953241177547e-09,4.734443287354654e-05,3.0389575096586008e-05,-0.20726684671585893,3.0926903231915707e-09,0.7247719913336146
PARTIAL_MALL,22,MMM,ElasticNet,rolling,827,3.797539010694565e-09,6.162417553764565e-05,4.887083104640055e-05,-1.0453502166131847,3.0926903231915707e-09,1.227907942226692
PARTIAL_MALL,22,MMM,GradientBoosting,rolling,827,2.9820773724888737e-09,5.460840020078297e-05,3.575154280590372e-05,-0.606143500461849,3.0926903231915707e-09,0.9642340683536179
PARTIAL_MALL,22,MMM,HAR,rolling,827,3.0926903231915707e-09,5.561196205126709e-05,3.9514924319038045e-05,-0.6657195106207556,3.0926903231915707e-09,1.0
PARTIAL_MALL,22,MMM,HARQ,rolling,827,4.089807575726571e-09,6.395160338667492e-05,4.5628505923846326e-05,-1.2027657352198262,3.0926903231915707e-09,1.3224109588528097
PARTIAL_MALL,22,MMM,HARX,rolling,827,3.8026866633317605e-09,6.16659278964629e-05,4.6622099908668275e-05,-1.0481227365022194,3.0926903231915707e-09,1.2295724000608936
PARTIAL_MALL,22,MMM,Lasso,rolling,827,4.176894597444512e-09,6.462889908891e-05,5.1885726341608586e-05,-1.2496707066324597,3.0926903231915707e-09,1.3505699442723615
PARTIAL_MALL,22,MMM,LevHAR,rolling,827,3.861601774325003e-09,6.214178766599013e-05,4.704033949067428e-05,-1.0798543486574768,3.0926903231915707e-09,1.2486221932301123
PARTIAL_MALL,22,MMM,LogHAR,rolling,827,2.325875460797931e-09,4.822733105613383e-05,3.2226400391174533e-05,-0.25271389290830437,3.0926903231915707e-09,0.7520557242206171
PARTIAL_MALL,22,MMM,NN1,fixed,827,1.683547522678401e-09,4.103105558815665e-05,2.4121759801729188e-05,0.09324320816942533,3.0926903231915707e-09,0.5443634333685976
PARTIAL_MALL,22,MMM,NN1_1,fixed,827,1.967516942205739e-09,4.435670120969028e-05,2.4721886688194544e-05,-0.05970240005370919,3.0926903231915707e-09,0.6361829787650113
PARTIAL_MALL,22,MMM,NN2,fixed,827,1.999576292013558e-09,4.4716622099769095e-05,2.5153873932192718e-05,-0.07696952960504122,3.0926903231915707e-09,0.646549147523458
PARTIAL_MALL,22,MMM,NN2_1,fixed,827,1.9364635252510684e-09,4.400526701715453e-05,2.5104091016464326e-05,-0.042977064799497366,3.0926903231915707e-09,0.6261420714288302
PARTIAL_MALL,22,MMM,NN3,fixed,827,1.9507217502501905e-09,4.4166975787914104e-05,2.5099290217562315e-05,-0.05065652865973558,3.0926903231915707e-09,0.6307523697481291
PARTIAL_MALL,22,MMM,NN3_1,fixed,827,1.9893645577398095e-09,4.4602293189249914e-05,2.5430999464874655e-05,-0.07146950107340877,3.0926903231915707e-09,0.6432472539594072
PARTIAL_MALL,22,MMM,NN4,fixed,827,1.9918419722838005e-09,4.463005682590826e-05,2.5219193989507194e-05,-0.07280383374515287,3.0926903231915707e-09,0.6440483087968131
PARTIAL_MALL,22,MMM,NN4_1,fixed,827,1.943151427752921e-09,4.408119131503731e-05,2.5287207892019233e-05,-0.04657916152380448,3.0926903231915707e-09,0.6283045583909749
PARTIAL_MALL,22,MMM,PostLasso,rolling,827,4.1054025810475314e-09,6.407341555627835e-05,4.9864099385599e-05,-1.2111651874496734,3.0926903231915707e-09,1.3274534958323503
PARTIAL_MALL,22,MMM,RandomForest,rolling,827,2.299071834502696e-09,4.794863746242114e-05,3.072210388187667e-05,-0.23827749009727683,3.0926903231915707e-09,0.7433889572655686
PARTIAL_MALL,22,MMM,Ridge,rolling,827,3.920910471267157e-09,6.261717393229398e-05,4.858824354868595e-05,-1.1117979457597205,3.0926903231915707e-09,1.2677992496904398
PARTIAL_MALL,22,MMM,SHAR,rolling,827,3.8670076964425865e-09,6.218526912736316e-05,4.668914259807047e-05,-1.0827659721965777,3.0926903231915707e-09,1.250370160712354
PARTIAL_MALL,22,MRK,AdaptiveLasso,rolling,830,7.701625649378858e-09,8.7758906382081e-05,7.216688913450936e-05,-0.9549150124922701,4.9312312789600785e-09,1.5618058074540386
PARTIAL_MALL,22,MRK,Bagging,rolling,830,1.082987743795497e-08,0.00010406669706469485,5.4396798688406724e-05,-1.7489637838495815,4.9312312789600785e-09,2.196181202078769
PARTIAL_MALL,22,MRK,ElasticNet,rolling,830,7.424373959855006e-09,8.616480696812943e-05,7.236989223853803e-05,-0.8845398066897476,4.9312312789600785e-09,1.5055821842168176
PARTIAL_MALL,22,MRK,GradientBoosting,rolling,830,5.726979535406377e-09,7.567680975970365e-05,5.960308611738256e-05,-0.45368767318687864,4.9312312789600785e-09,1.1613690803433803
PARTIAL_MALL,22,MRK,HAR,rolling,830,4.9312312789600785e-09,7.022272622848018e-05,5.8159584607052116e-05,-0.25170171807662456,4.9312312789600785e-09,1.0
PARTIAL_MALL,22,MRK,HARQ,rolling,830,7.27109017968832e-09,8.52706876933001e-05,6.737447612098642e-05,-0.8456315583975724,4.9312312789600785e-09,1.4744979029297693
PARTIAL_MALL,22,MRK,HARX,rolling,830,6.98483411167182e-09,8.357531999144137e-05,6.7055715599066e-05,-0.7729707579044196,4.9312312789600785e-09,1.4164482897960557
PARTIAL_MALL,22,MRK,Lasso,rolling,830,8.029924793570342e-09,8.960984763724544e-05,7.601016523598699e-05,-1.0382476691009512,4.9312312789600785e-09,1.628381298567633
PARTIAL_MALL,22,MRK,LevHAR,rolling,829,7.116917580274053e-09,8.436182537305635e-05,6.73162626866077e-05,-0.8059164832995482,4.9312312789600785e-09,1.4432333787789613
PARTIAL_MALL,22,MRK,LogHAR,rolling,830,4.302461060587266e-09,6.559314796979381e-05,4.7754579693698314e-05,-0.09210004496697533,4.9312312789600785e-09,0.8724922473104099
PARTIAL_MALL,22,MRK,NN1,fixed,830,3.6568545434455474e-09,6.047193186467212e-05,3.815228324031632e-05,0.07177521072335857,4.9312312789600785e-09,0.7415702765855108
PARTIAL_MALL,22,MRK,NN1_1,fixed,830,4.21400951473966e-09,6.491540275419741e-05,4.0227555735479885e-05,-0.06964825845751577,4.9312312789600785e-09,0.8545552370904677
PARTIAL_MALL,22,MRK,NN2,fixed,830,4.156935439106173e-09,6.447430060967063e-05,4.0819151439330114e-05,-0.05516106155136358,4.9312312789600785e-09,0.8429812361148893
PARTIAL_MALL,22,MRK,NN2_1,fixed,830,4.301796123900839e-09,6.558807912952504e-05,4.111137951946345e-05,-0.09193126310586819,4.9312312789600785e-09,0.8723574053918685
PARTIAL_MALL,22,MRK,NN3,fixed,830,4.176383302130517e-09,6.462494334334473e-05,4.067053516319232e-05,-0.06009754134381495,4.9312312789600785e-09,0.8469250509400672
PARTIAL_MALL,22,MRK,NN3_1,fixed,830,4.0550188092418945e-09,6.367902958778419e-05,4.0531026144875865e-05,-0.029291412880454004,4.9312312789600785e-09,0.822313653497314
PARTIAL_MALL,22,MRK,NN4,fixed,830,4.21276331568207e-09,6.490580340525853e-05,4.103186900582435e-05,-0.06933193391031645,4.9312312789600785e-09,0.8543025214932684
PARTIAL_MALL,22,MRK,NN4_1,fixed,830,4.179155550112559e-09,6.464638853108933e-05,4.162722572879846e-05,-0.060801225143206405,4.9312312789600785e-09,0.8474872326397718
PARTIAL_MALL,22,MRK,PostLasso,rolling,830,7.835374362627828e-09,8.851765000624355e-05,7.23393714494282e-05,-0.9888646458989556,4.9312312789600785e-09,1.588928589916024
PARTIAL_MALL,22,MRK,RandomForest,rolling,830,4.891171620831291e-09,6.993691171928663e-05,4.771713547179364e-05,-0.24153331589291294,4.9312312789600785e-09,0.9918763375995548
PARTIAL_MALL,22,MRK,Ridge,rolling,830,7.600359307746411e-09,8.71800396177153e-05,7.129120848612637e-05,-0.9292104274436048,4.9312312789600785e-09,1.5412700962079418
PARTIAL_MALL,22,MRK,SHAR,rolling,830,7.167070276634972e-09,8.465855111348748e-05,6.753172479679245e-05,-0.8192280327869266,4.9312312789600785e-09,1.4534037994150617
PARTIAL_MALL,22,MSFT,AdaptiveLasso,rolling,838,9.013824203949699e-09,9.494116180008384e-05,7.360182055741061e-05,-0.4049769856395016,6.935257070660815e-09,1.2997101783122267
PARTIAL_MALL,22,MSFT,Bagging,rolling,838,5.5864823884399246e-09,7.474277482432616e-05,4.61860579875537e-05,0.12923981998681,6.935257070660815e-09,0.8055191511318592
PARTIAL_MALL,22,MSFT,ElasticNet,rolling,838,7.094029166194526e-09,8.422605989950216e-05,6.530024029025318e-05,-0.10574019289075443,6.935257070660815e-09,1.0228934694007792
PARTIAL_MALL,22,MSFT,GradientBoosting,rolling,838,8.053890098069521e-09,8.974346827524285e-05,6.107188059192032e-05,-0.255352886480666,6.935257070660815e-09,1.161296548348729
PARTIAL_MALL,22,MSFT,HAR,rolling,838,6.935257070660815e-09,8.327819084646841e-05,5.346919236394026e-05,-0.08099252362859222,6.935257070660815e-09,1.0
PARTIAL_MALL,22,MSFT,HARQ,rolling,838,7.228295286285618e-09,8.501938182723759e-05,5.8408815776144445e-05,-0.12666813694766588,6.935257070660815e-09,1.042253403534886
PARTIAL_MALL,22,MSFT,HARX,rolling,838,7.402086945055768e-09,8.603538193705987e-05,5.862247944012033e-05,-0.15375689254611458,6.935257070660815e-09,1.0673125551999865
PARTIAL_MALL,22,MSFT,Lasso,rolling,838,8.41121203678744e-09,9.171266017724838e-05,7.255242842856978e-05,-0.3110483481408548,6.935257070660815e-09,1.2128190708849946
PARTIAL_MALL,22,MSFT,LevHAR,rolling,837,7.416748349757417e-09,8.612054545668773e-05,5.8880878255925144e-05,-0.15488575447617636,6.935257070660815e-09,1.0694265943123467
PARTIAL_MALL,22,MSFT,LogHAR,rolling,838,5.0727723009649214e-09,7.122339714563552e-05,4.680363602910538e-05,0.20931136718616372,6.935257070660815e-09,0.7314469022965244
PARTIAL_MALL,22,MSFT,NN1,fixed,838,6.2591574690763e-09,7.91148372246085e-05,5.560667957319556e-05,0.02439053673884295,6.935257070660815e-09,0.9025126834238469
PARTIAL_MALL,22,MSFT,NN1_1,fixed,838,6.047149225114696e-09,7.776341829623166e-05,5.547638540794475e-05,0.057436078430390336,6.935257070660815e-09,0.8719430532282351
PARTIAL_MALL,22,MSFT,NN2,fixed,838,6.53023802036594e-09,8.080988813484361e-05,5.7162482962689934e-05,-0.017862554424120436,6.935257070660815e-09,0.9415999946118387
PARTIAL_MALL,22,MSFT,NN2_1,fixed,838,6.335789019082847e-09,7.959766968374669e-05,5.507149253119267e-05,0.012446043292220876,6.935257070660815e-09,0.9135622449939194
PARTIAL_MALL,22,MSFT,NN3,fixed,838,6.3917453874952304e-09,7.994839202570137e-05,5.6198459926143157e-05,0.0037241725256581537,6.935257070660815e-09,0.9216306363804627
PARTIAL_MALL,22,MSFT,NN3_1,fixed,838,6.24811490576403e-09,7.904501822230184e-05,5.551073673593182e-05,0.026111731535321092,6.935257070660815e-09,0.9009204478080994
PARTIAL_MALL,22,MSFT,NN4,fixed,838,6.417803690164985e-09,8.011119578538936e-05,5.6283771274887316e-05,-0.0003375125823996683,6.935257070660815e-09,0.925388002892512
PARTIAL_MALL,22,MSFT,NN4_1,fixed,838,6.415448803912737e-09,8.00964968267198e-05,5.606422380968599e-05,2.9541501787688773e-05,6.935257070660815e-09,0.9250484500499491
PARTIAL_MALL,22,MSFT,PostLasso,rolling,838,7.424389097175212e-09,8.616489480742845e-05,5.882237305991912e-05,-0.157233109715329,6.935257070660815e-09,1.0705283195029123
PARTIAL_MALL,22,MSFT,RandomForest,rolling,838,5.580302167486532e-09,7.470142011693307e-05,4.665913248767702e-05,0.13020312568361725,6.935257070660815e-09,0.8046280203647622
PARTIAL_MALL,22,MSFT,Ridge,rolling,838,7.410011170790362e-09,8.608142175167858e-05,5.918081563405022e-05,-0.1549920347603635,6.935257070660815e-09,1.068455155344993
PARTIAL_MALL,22,MSFT,SHAR,rolling,838,7.246980055646859e-09,8.512919625866827e-05,5.8530894592981755e-05,-0.12958051579381902,6.935257070660815e-09,1.0449475746623393
PARTIAL_MALL,22,NKE,AdaptiveLasso,rolling,799,1.027734612283774e-08,0.00010137724657356669,7.358048199037954e-05,-0.2873746426676176,1.0373885636503324e-08,0.9906939870894774
PARTIAL_MALL,22,NKE,Bagging,rolling,799,9.36046249108087e-09,9.674948315666017e-05,5.11657830195506e-05,-0.1725227418273967,1.0373885636503324e-08,0.9023101679609373
PARTIAL_MALL,22,NKE,ElasticNet,rolling,799,1.048544334741194e-08,0.00010239845383311186,7.40931382842013e-05,-0.3134415948675655,1.0373885636503324e-08,1.0107537054887197
PARTIAL_MALL,22,NKE,GradientBoosting,rolling,799,9.449310739495145e-09,9.72075652379749e-05,6.619842646226663e-05,-0.1836521696667297,1.0373885636503324e-08,0.9108747744668775
PARTIAL_MALL,22,NKE,HAR,rolling,799,1.0373885636503324e-08,0.00010185227359515998,6.172320544457802e-05,-0.2994675040369903,1.0373885636503324e-08,1.0
PARTIAL_MALL,22,NKE,HARQ,rolling,799,1.1580213117616451e-08,0.00010761139864167017,6.542625406308679e-05,-0.45057610652797386,1.0373885636503324e-08,1.116285018302914
PARTIAL_MALL,22,NKE,HARX,rolling,799,1.0188305865312115e-08,0.00010093713818665613,6.619022176858897e-05,-0.276221163126789,1.0373885636503324e-08,0.9821108716932259
PARTIAL_MALL,22,NKE,Lasso,rolling,799,1.0221264682029011e-08,0.00010110027043499444,7.445150644985691e-05,-0.28034969440193747,1.0373885636503324e-08,0.9852879663587889
PARTIAL_MALL,22,NKE,LevHAR,rolling,799,1.0282151646860952e-08,0.00010140094499984186,6.683651194999061e-05,-0.287976598629621,1.0373885636503324e-08,0.9911572198830128
PARTIAL_MALL,22,NKE,LogHAR,rolling,799,7.800564394606893e-09,8.832080386073767e-05,5.013750184586317e-05,0.022875294839251326,1.0373885636503324e-08,0.751942393422817
PARTIAL_MALL,22,NKE,NN1,fixed,799,8.693083707415442e-09,9.323670793960628e-05,4.900472900639815e-05,-0.08892465017258355,1.0373885636503324e-08,0.8379775921980934
PARTIAL_MALL,22,NKE,NN1_1,fixed,799,9.082205463052827e-09,9.530060578534025e-05,5.055060302919275e-05,-0.13766733871595194,1.0373885636503324e-08,0.8754873324508832
PARTIAL_MALL,22,NKE,NN2,fixed,799,9.551174762349475e-09,9.773011185069562e-05,5.2096088739438375e-05,-0.1964119968103708,1.0373885636503324e-08,0.9206940482109309
PARTIAL_MALL,22,NKE,NN2_1,fixed,799,9.902770260676063e-09,9.951266382062166e-05,5.352228738094615e-05,-0.24045402124077442,1.0373885636503324e-08,0.954586411270092
PARTIAL_MALL,22,NKE,NN3,fixed,799,9.356966209888372e-09,9.673141273592758e-05,5.150416048908504e-05,-0.17208478598772192,1.0373885636503324e-08,0.9019731408030327
PARTIAL_MALL,22,NKE,NN3_1,fixed,799,9.685494479891827e-09,9.841490984546919e-05,5.300333637870657e-05,-0.21323733248628507,1.0373885636503324e-08,0.933641917721822
PARTIAL_MALL,22,NKE,NN4,fixed,799,9.380954522956692e-09,9.685532779850932e-05,5.162132552851583e-05,-0.1750896420658783,1.0373885636503324e-08,0.9042855157326263
PARTIAL_MALL,22,NKE,NN4_1,fixed,799,9.44993056503744e-09,9.721075334055096e-05,5.180604975342182e-05,-0.18372981108081565,1.0373885636503324e-08,0.910934523105335
PARTIAL_MALL,22,NKE,PostLasso,rolling,799,1.0292570309043321e-08,0.00010145230558761748,6.764476465461056e-05,-0.28928167499308954,1.0373885636503324e-08,0.9921615361582672
PARTIAL_MALL,22,NKE,RandomForest,rolling,799,8.020531698615615e-09,8.955742123696737e-05,5.092999401892867e-05,-0.004678543088569187,1.0373885636503324e-08,0.7731463387636743
PARTIAL_MALL,22,NKE,Ridge,rolling,799,1.015178713154256e-08,0.00010075607739259484,6.669661901960181e-05,-0.2716467047719433,1.0373885636503324e-08,0.978590615634006
PARTIAL_MALL,22,NKE,SHAR,rolling,799,1.0054100885736201e-08,0.00010027013955179379,6.613770188298064e-05,-0.2594101999111169,1.0373885636503324e-08,0.9691740624514046
PARTIAL_MALL,22,PFE,AdaptiveLasso,rolling,827,4.47030211325775e-09,6.686031792668766e-05,5.500244572896642e-05,-0.15759193500521307,3.5356118030434023e-09,1.2643645180191387
PARTIAL_MALL,22,PFE,Bagging,rolling,827,2.691777219417095e-09,5.188234014977635e-05,3.7867916415910566e-05,0.3029599519041891,3.5356118030434023e-09,0.7613327959534621
PARTIAL_MALL,22,PFE,ElasticNet,rolling,827,4.041997226628172e-09,6.357670348978604e-05,5.271334857053314e-05,-0.04668169450596338,3.5356118030434023e-09,1.1432242711569411
PARTIAL_MALL,22,PFE,GradientBoosting,rolling,827,3.3076985511302067e-09,5.751259471742e-05,4.56450674836069e-05,0.14346613065344205,3.5356118030434023e-09,0.9355378178913728
PARTIAL_MALL,22,PFE,HAR,rolling,827,3.5356118030434023e-09,5.946101078053923e-05,4.573311984244621e-05,0.08444762684514806,3.5356118030434023e-09,1.0
PARTIAL_MALL,22,PFE,HARQ,rolling,827,4.147605579000607e-09,6.440190664103514e-05,4.9606837504030325e-05,-0.0740291475143302,3.5356118030434023e-09,1.1730941658895948
PARTIAL_MALL,22,PFE,HARX,rolling,827,3.872537450864675e-09,6.222971517582797e-05,4.902393418134495e-05,-0.0027998125298345222,3.5356118030434023e-09,1.0952948645355387
PARTIAL_MALL,22,PFE,Lasso,rolling,827,4.359518909400256e-09,6.602665302285325e-05,5.575996049099016e-05,-0.1289044458668076,3.5356118030434023e-09,1.2330309865035656
PARTIAL_MALL,22,PFE,LevHAR,rolling,826,3.899528856209721e-09,6.244620770078613e-05,4.87441199324625e-05,-0.009559671791075086,3.5356118030434023e-09,1.10292901863634
PARTIAL_MALL,22,PFE,LogHAR,rolling,827,3.0083884742347158e-09,5.48487782383046e-05,4.094845602739173e-05,0.22097295732908073,3.5356118030434023e-09,0.8508820090613849
PARTIAL_MALL,22,PFE,NN1,fixed,827,3.7135075246297076e-09,6.093855532115696e-05,4.483703543464233e-05,0.03838124310577995,3.5356118030434023e-09,1.0503153998505084
PARTIAL_MALL,22,PFE,NN1_1,fixed,827,3.2811100609975504e-09,5.7280974686169144e-05,4.3471441267024545e-05,0.1503512630140149,3.5356118030434023e-09,0.9280176229113217
PARTIAL_MALL,22,PFE,NN2,fixed,827,3.784438933942249e-09,6.151779363681901e-05,4.4534168460134525e-05,0.020013440376019043,3.5356118030434023e-09,1.0703773900417066
PARTIAL_MALL,22,PFE,NN2_1,fixed,827,3.810635804807465e-09,6.173034751892674e-05,4.524831952389067e-05,0.013229718455746498,3.5356118030434023e-09,1.0777868208063244
PARTIAL_MALL,22,PFE,NN3,fixed,827,3.831210094968571e-09,6.189676966505256e-05,4.5585600082943e-05,0.007901972868190055,3.5356118030434023e-09,1.0836059806313358
PARTIAL_MALL,22,PFE,NN3_1,fixed,827,3.836788507000403e-09,6.19418154964835e-05,4.524866098664685e-05,0.006457434084327196,3.5356118030434023e-09,1.0851837590591118
PARTIAL_MALL,22,PFE,NN4,fixed,827,3.911746213945552e-09,6.254395425575162e-05,4.5834389640550566e-05,-0.012952984904772036,3.5356118030434023e-09,1.1063845331035433
PARTIAL_MALL,22,PFE,NN4_1,fixed,827,3.861403115758221e-09,6.214018921566156e-05,4.59157345605728e-05,8.344148618644187e-05,3.5356118030434023e-09,1.0921456683775017
PARTIAL_MALL,22,PFE,PostLasso,rolling,827,4.111188980129274e-09,6.411855410198576e-05,5.133999219989433e-05,-0.06459901056033046,3.5356118030434023e-09,1.1627942232205537
PARTIAL_MALL,22,PFE,RandomForest,rolling,827,2.829747946637896e-09,5.3195375237307014e-05,3.888705773218617e-05,0.2672322097849408,3.5356118030434023e-09,0.800355950899952
PARTIAL_MALL,22,PFE,Ridge,rolling,827,4.0562935287546065e-09,6.36890377439839e-05,5.1255083211741774e-05,-0.05038374497652942,3.5356118030434023e-09,1.147267786939451
PARTIAL_MALL,22,PFE,SHAR,rolling,827,3.87238146460471e-09,6.222846185311597e-05,4.9091954246682216e-05,-0.0027594196364835177,3.5356118030434023e-09,1.0952507459307104
PARTIAL_MALL,22,PG,AdaptiveLasso,rolling,831,4.565943132027263e-09,6.757176283054382e-05,4.833800959681858e-05,-0.8147319844985081,4.34870627297215e-09,1.049954364682037
PARTIAL_MALL,22,PG,Bagging,rolling,831,2.695085595009401e-09,5.191421380517479e-05,2.8431690782404503e-05,-0.0711605223285443,4.34870627297215e-09,0.6197442241063175
PARTIAL_MALL,22,PG,ElasticNet,rolling,831,3.929932289319093e-09,6.268917202610904e-05,4.273065465857367e-05,-0.561949769438832,4.34870627297215e-09,0.9037014787005047
PARTIAL_MALL,22,PG,GradientBoosting,rolling,831,4.088145604606119e-09,6.393860809093454e-05,3.927627956361423e-05,-0.6248315783713572,4.34870627297215e-09,0.9400831760044466
PARTIAL_MALL,22,PG,HAR,rolling,831,4.34870627297215e-09,6.594472134274395e-05,3.5057318852241654e-05,-0.7283912954141323,4.34870627297215e-09,1.0
PARTIAL_MALL,22,PG,HARQ,rolling,831,3.901361942829169e-09,6.246088330170467e-05,3.753252342030469e-05,-0.550594498450065,4.34870627297215e-09,0.897131629026478
PARTIAL_MALL,22,PG,HARX,rolling,831,4.3448213629919215e-09,6.591525895414446e-05,3.809873444763568e-05,-0.7268472397406032,4.34870627297215e-09,0.999106651556493
PARTIAL_MALL,22,PG,Lasso,rolling,831,4.567387462126649e-09,6.758244936465863e-05,4.78592724274138e-05,-0.8153060328280075,4.34870627297215e-09,1.0502864933678402
PARTIAL_MALL,22,PG,LevHAR,rolling,831,4.351774942670468e-09,6.596798422470151e-05,3.837324277645249e-05,-0.7296109367654091,4.34870627297215e-09,1.0007056511766246
PARTIAL_MALL,22,PG,LogHAR,rolling,831,2.8424759220205656e-09,5.331487524153616e-05,2.9853474447000828e-05,-0.1297407395801986,4.34870627297215e-09,0.6536371379430641
PARTIAL_MALL,22,PG,NN1,fixed,831,2.4821000196172325e-09,4.982067863465162e-05,2.7631101698730783e-05,0.013490496031681287,4.34870627297215e-09,0.570767456759232
PARTIAL_MALL,22,PG,NN1_1,fixed,831,2.519152159540801e-09,5.01911561885239e-05,2.7793623256915258e-05,-0.0012358598315287406,4.34870627297215e-09,0.5792877240750204
PARTIAL_MALL,22,PG,NN2,fixed,831,2.5278399070322927e-09,5.0277628295617654e-05,2.7912748620011244e-05,-0.004688801050938274,4.34870627297215e-09,0.5812855015624279
PARTIAL_MALL,22,PG,NN2_1,fixed,831,2.3924568476317344e-09,4.891274729180252e-05,2.7982338209324852e-05,0.049119133246388724,4.34870627297215e-09,0.5501537003088035
PARTIAL_MALL,22,PG,NN3,fixed,831,2.5107046686461936e-09,5.010693234120598e-05,2.791975083238099e-05,0.0021215915146506337,4.34870627297215e-09,0.5773451944203711
PARTIAL_MALL,22,PG,NN3_1,fixed,831,2.6316996412455383e-09,5.1300093969168696e-05,2.8838514210314354e-05,-0.045967804342993634,4.34870627297215e-09,0.6051684055099189
PARTIAL_MALL,22,PG,NN4,fixed,831,2.5487663201192466e-09,5.048530796300293e-05,2.8217931122582548e-05,-0.013005994246654273,4.34870627297215e-09,0.5860976023973393
PARTIAL_MALL,22,PG,NN4_1,fixed,831,2.5509251574015055e-09,5.050668428437473e-05,2.8128231245151583e-05,-0.013864023125280234,4.34870627297215e-09,0.5865940344731676
PARTIAL_MALL,22,PG,PostLasso,rolling,831,4.7255962175245326e-09,6.874297213188075e-05,3.9736156349301406e-05,-0.8781860294347035,4.34870627297215e-09,1.086667142109553
PARTIAL_MALL,22,PG,RandomForest,rolling,831,2.89293138608962e-09,5.3785977597229e-05,2.9027146985677077e-05,-0.14979424042136524,4.34870627297215e-09,0.6652395458551925
PARTIAL_MALL,22,PG,Ridge,rolling,831,4.300999217729879e-09,6.558200376421782e-05,3.839367198241607e-05,-0.7094301483890821,4.34870627297215e-09,0.9890295981729607
PARTIAL_MALL,22,PG,SHAR,rolling,831,4.2812727492635525e-09,6.54314354822172e-05,3.821996873416077e-05,-0.7015898726274457,4.34870627297215e-09,0.9844934287404723
PARTIAL_MALL,22,UNH,AdaptiveLasso,rolling,797,6.83346185040914e-08,0.00026140891052925375,0.0001759982290214967,-0.8059691489083629,7.119177437719032e-08,0.9598667697484115
PARTIAL_MALL,22,UNH,Bagging,rolling,797,3.8950102062307414e-08,0.00019735780213183215,8.313459878738122e-05,-0.02938575221792683,7.119177437719032e-08,0.5471152026067064
PARTIAL_MALL,22,UNH,ElasticNet,rolling,797,6.987990806792301e-08,0.00026434808126393316,0.0001657892210122737,-0.8468085556322458,7.119177437719032e-08,0.9815727825195544
PARTIAL_MALL,22,UNH,GradientBoosting,rolling,797,5.234185530669215e-08,0.0002287834244579186,0.000137228886976276,-0.38330728918683943,7.119177437719032e-08,0.7352233564143663
PARTIAL_MALL,22,UNH,HAR,rolling,797,7.119177437719032e-08,0.00026681786742493524,0.00011325215190310536,-0.8814789779437009,7.119177437719032e-08,1.0
PARTIAL_MALL,22,UNH,HARQ,rolling,797,4.940866655589296e-08,0.0002222806031931103,0.00012156529735614076,-0.3057880389469152,7.119177437719032e-08,0.6940221252825437
PARTIAL_MALL,22,UNH,HARX,rolling,797,6.077998770612581e-08,0.00024653597649455913,0.00012714306920374918,-0.6063129504662519,7.119177437719032e-08,0.8537501451235016
PARTIAL_MALL,22,UNH,Lasso,rolling,797,6.505456055974515e-08,0.00025505795529593886,0.00016970221098542166,-0.7192827287044303,7.119177437719032e-08,0.9137932173887281
PARTIAL_MALL,22,UNH,LevHAR,rolling,797,6.06189741792272e-08,0.00024620920815279676,0.00012685913960991336,-0.6020576334907366,7.119177437719032e-08,0.8514884578947843
PARTIAL_MALL,22,UNH,LogHAR,rolling,797,4.12313687642938e-08,0.00020305508800395474,8.610336470662765e-05,-0.08967579808937165,7.119177437719032e-08,0.5791591672633495
PARTIAL_MALL,22,UNH,NN1,fixed,797,6.060186036859389e-08,0.00024617445108823517,9.132996961165989e-05,-0.601605344230906,7.119177437719032e-08,0.8512480676139825
PARTIAL_MALL,22,UNH,NN1_1,fixed,797,3.9969023727741614e-08,0.00019992254432089847,7.89966180340886e-05,-0.056314139808446795,7.119177437719032e-08,0.5614275536381012
PARTIAL_MALL,22,UNH,NN2,fixed,797,1.4849631579685036e-07,0.0003853521970832012,9.688001881504969e-05,-2.9245081179403756,7.119177437719032e-08,2.0858633893584795
PARTIAL_MALL,22,UNH,NN2_1,fixed,797,3.9997826780340494e-08,0.00019999456687705416,7.721198899819457e-05,-0.05707535609276482,7.119177437719032e-08,0.5618321376346493
PARTIAL_MALL,22,UNH,NN3,fixed,797,3.94765195434123e-08,0.0001986869888629155,7.590811538627197e-05,-0.04329808173893768,7.119177437719032e-08,0.5545095608132572
PARTIAL_MALL,22,UNH,NN3_1,fixed,797,3.971866895345826e-08,0.0001992954313411581,7.726926760647923e-05,-0.04969768377876149,7.119177437719032e-08,0.5579109286280697
PARTIAL_MALL,22,UNH,NN4,fixed,797,3.942660421786548e-08,0.0001985613361605564,7.64669899902307e-05,-0.041978903554166225,7.119177437719032e-08,0.5538084218687163
PARTIAL_MALL,22,UNH,NN4_1,fixed,797,3.956723785526248e-08,0.00019891515240238105,7.703671980935367e-05,-0.04569561429313862,7.119177437719032e-08,0.5557838416222947
PARTIAL_MALL,22,UNH,PostLasso,rolling,797,6.492826952773695e-08,0.00025481026181795925,0.0001223936769681152,-0.7159450689269493,7.119177437719032e-08,0.9120192619969284
PARTIAL_MALL,22,UNH,RandomForest,rolling,797,4.257785666326092e-08,0.00020634402502437747,8.656636050661666e-05,-0.1252612108442177,7.119177437719032e-08,0.5980726992092329
PARTIAL_MALL,22,UNH,Ridge,rolling,797,6.11564322670412e-08,0.0002472982657986934,0.00012901775525912435,-0.616261747696266,7.119177437719032e-08,0.859037898718754
PARTIAL_MALL,22,UNH,SHAR,rolling,797,6.478086153634328e-08,0.00025452084695824675,0.00012808564968502773,-0.7120493233943448,7.119177437719032e-08,0.9099486858287791
PARTIAL_MALL,22,VZ,AdaptiveLasso,rolling,832,6.234445906046277e-09,7.895850749631908e-05,6.289795757660866e-05,-2.3153867553778777,3.6413578970336307e-09,1.712121159835747
PARTIAL_MALL,22,VZ,Bagging,rolling,832,1.1494738141393353e-08,0.00010721351659839048,3.94750679435217e-05,-5.112732897971441,3.6413578970336307e-09,3.156717484638723
PARTIAL_MALL,22,VZ,ElasticNet,rolling,832,5.651843166027755e-09,7.517874145014503e-05,5.742985836752673e-05,-2.005567176057923,3.6413578970336307e-09,1.5521251483222593
PARTIAL_MALL,22,VZ,GradientBoosting,rolling,832,5.887794239712084e-09,7.673196361173149e-05,4.6393273057766496e-05,-2.1310424911699783,3.6413578970336307e-09,1.6169226992239554
PARTIAL_MALL,22,VZ,HAR,rolling,832,3.6413578970336307e-09,6.034366492875313e-05,3.905746211744526e-05,-0.9364206419222927,3.6413578970336307e-09,1.0
PARTIAL_MALL,22,VZ,HARQ,rolling,832,5.162783590717154e-09,7.185251276550566e-05,5.191532034130939e-05,-1.7454924776788725,3.6413578970336307e-09,1.4178182251524705
PARTIAL_MALL,22,VZ,HARX,rolling,832,5.372830891140928e-09,7.329959680067093e-05,5.39068405925912e-05,-1.857192546670166,3.6413578970336307e-09,1.4755020086099782
PARTIAL_MALL,22,VZ,Lasso,rolling,832,5.987235194573376e-09,7.737722658879275e-05,6.244198809649142e-05,-2.183923730282105,3.6413578970336307e-09,1.6442314553729458
PARTIAL_MALL,22,VZ,LevHAR,rolling,831,5.831822516398664e-09,7.63663703235833e-05,5.712237069180929e-05,-2.098993941438274,3.6413578970336307e-09,1.601551586332521
PARTIAL_MALL,22,VZ,LogHAR,rolling,832,2.8717959880542587e-09,5.358914057954521e-05,3.474268623954558e-05,-0.5271789227826436,3.6413578970336307e-09,0.7886607329627549
PARTIAL_MALL,22,VZ,NN1,fixed,832,1.866901130522593e-09,4.320765129606784e-05,2.904342257228177e-05,0.00720940160345207,3.6413578970336307e-09,0.5126936662950466
PARTIAL_MALL,22,VZ,NN1_1,fixed,832,1.905923231490483e-09,4.365688068896452e-05,2.879631448151051e-05,-0.013541978497623619,3.6413578970336307e-09,0.5234100259804483
PARTIAL_MALL,22,VZ,NN2,fixed,832,1.9286324080554013e-09,4.3916197559162623e-05,2.9154228711337096e-05,-0.025618385020912182,3.6413578970336307e-09,0.5296464842487821
PARTIAL_MALL,22,VZ,NN2_1,fixed,832,1.994991945168901e-09,4.466533269963295e-05,2.899399664727166e-05,-0.060907412106019576,3.6413578970336307e-09,0.5478703279329085
PARTIAL_MALL,22,VZ,NN3,fixed,832,1.8837461664359235e-09,4.3402144721613974e-05,2.852335324576849e-05,-0.0017485410593847117,3.6413578970336307e-09,0.5173196976793972
PARTIAL_MALL,22,VZ,NN3_1,fixed,832,2.0541684447101523e-09,4.532293508490103e-05,3.0016598201603793e-05,-0.0923766053214774,3.6413578970336307e-09,0.5641215455321064
PARTIAL_MALL,22,VZ,NN4,fixed,832,1.880964357852552e-09,4.3370085979307814e-05,2.801600151183943e-05,-0.0002692161165920304,3.6413578970336307e-09,0.5165557495419077
PARTIAL_MALL,22,VZ,NN4_1,fixed,832,1.9153680417657826e-09,4.376491793395462e-05,2.8335753122432164e-05,-0.01856458986769205,3.6413578970336307e-09,0.5260037864792428
PARTIAL_MALL,22,VZ,PostLasso,rolling,832,5.6796508994129414e-09,7.536345864816013e-05,5.6283973577593296e-05,-2.02035492020579,3.6413578970336307e-09,1.5597617866784725
PARTIAL_MALL,22,VZ,RandomForest,rolling,832,4.31469392167161e-09,6.568632979297603e-05,3.622656854646292e-05,-1.2944908492262899,3.6413578970336307e-09,1.1849134426436085
PARTIAL_MALL,22,VZ,Ridge,rolling,832,5.6726181240804035e-09,7.531678514169602e-05,5.641715583978372e-05,-2.0166149935880235,3.6413578970336307e-09,1.557830426034613
PARTIAL_MALL,22,VZ,SHAR,rolling,832,5.419413510659903e-09,7.361666598440806e-05,5.391797373126681e-05,-1.8819644994806373,3.6413578970336307e-09,1.4882946592738755
PARTIAL_MALL,22,WMT,AdaptiveLasso,rolling,831,6.109830159663729e-09,7.81654025746924e-05,5.810004313291547e-05,-1.4192914349975765,4.438632330475511e-09,1.3765118858153278
PARTIAL_MALL,22,WMT,Bagging,rolling,831,7.79499008099091e-09,8.828924102624799e-05,4.1949940525139264e-05,-2.08655924076788,4.438632330475511e-09,1.7561693559231637
PARTIAL_MALL,22,WMT,ElasticNet,rolling,831,4.349852654173803e-09,6.59534127560796e-05,4.966202691398644e-05,-0.7223983310075104,4.438632330475511e-09,0.9799984162481425
PARTIAL_MALL,22,WMT,GradientBoosting,rolling,831,7.3700680053833445e-09,8.584910020136114e-05,5.370317570022693e-05,-1.918304099267293,4.438632330475511e-09,1.6604366968583288
PARTIAL_MALL,22,WMT,HAR,rolling,831,4.438632330475511e-09,6.662306155135406e-05,3.974300448893581e-05,-0.7575521576877602,4.438632330475511e-09,1.0
PARTIAL_MALL,22,WMT,HARQ,rolling,831,4.573990720921503e-09,6.763128507518915e-05,4.588217868211642e-05,-0.8111496204818929,4.438632330475511e-09,1.0304955176207378
PARTIAL_MALL,22,WMT,HARX,rolling,831,5.158589750104191e-09,7.1823323162495e-05,4.6893374615230316e-05,-1.0426315745215802,4.438632330475511e-09,1.1622025358319215
PARTIAL_MALL,22,WMT,Lasso,rolling,831,5.5190574963011715e-09,7.42903593765784e-05,5.789834914168406e-05,-1.1853649252331215,4.438632330475511e-09,1.2434139810156148
PARTIAL_MALL,22,WMT,LevHAR,rolling,830,5.4326216836712354e-09,7.37063205137201e-05,4.499227907133991e-05,-1.1505654243465533,4.438632330475511e-09,1.2239404571473569
PARTIAL_MALL,22,WMT,LogHAR,rolling,831,3.1640175454033594e-09,5.624960040216605e-05,3.5814931113150916e-05,-0.2528466991294731,4.438632330475511e-09,0.7128361418176752
PARTIAL_MALL,22,WMT,NN1,fixed,831,3.7096463861216592e-09,6.0906866494030535e-05,3.454041778145499e-05,-0.46889774253688765,4.438632330475511e-09,0.8357633860888506
PARTIAL_MALL,22,WMT,NN1_1,fixed,831,3.1845140662388614e-09,5.643149888350354e-05,3.210639845126487e-05,-0.2609626460557797,4.438632330475511e-09,0.7174538977635266
PARTIAL_MALL,22,WMT,NN2,fixed,831,3.939154259378976e-09,6.276268206011416e-05,3.5307672666286224e-05,-0.5597752984633351,4.438632330475511e-09,0.8874702759976008
PARTIAL_MALL,22,WMT,NN2_1,fixed,831,1.3232752785201747e-07,0.00036376850860405367,4.66688208638498e-05,-51.39734106854598,4.438632330475511e-09,29.812680573576863
PARTIAL_MALL,22,WMT,NN3,fixed,831,3.2720976323838864e-09,5.720225198699686e-05,3.392264940888126e-05,-0.2956428525237227,4.438632330475511e-09,0.7371860043279022
PARTIAL_MALL,22,WMT,NN3_1,fixed,831,3.3692567431285397e-09,5.804529906141013e-05,3.4855070727785605e-05,-0.3341146591556534,4.438632330475511e-09,0.7590754296081988
PARTIAL_MALL,22,WMT,NN4,fixed,831,3.345572967648442e-09,5.784092813612557e-05,3.4270437332452135e-05,-0.32473666440455884,4.438632330475511e-09,0.7537396023270146
PARTIAL_MALL,22,WMT,NN4_1,fixed,831,3.466251842615016e-09,5.887488295202816e-05,3.5237804908350666e-05,-0.37252152273323036,4.438632330475511e-09,0.7809279040338257
PARTIAL_MALL,22,WMT,PostLasso,rolling,831,5.218089872471559e-09,7.223634730848147e-05,4.8779906029174295e-05,-1.0661916625539787,4.438632330475511e-09,1.1756075935022408
PARTIAL_MALL,22,WMT,RandomForest,rolling,831,4.844607375664915e-09,6.960321383143824e-05,3.740186712939968e-05,-0.918304899414305,4.438632330475511e-09,1.0914639949792624
PARTIAL_MALL,22,WMT,Ridge,rolling,831,5.314214100705619e-09,7.289865637105816e-05,4.8211498085868635e-05,-1.1042536898092847,4.438632330475511e-09,1.1972638653168883
PARTIAL_MALL,22,WMT,SHAR,rolling,831,6.794343642381331e-09,8.242780867147526e-05,4.7594232691279147e-05,-1.6903362206304071,4.438632330475511e-09,1.5307290932235094
PARTIAL_MALL,22,XOM,AdaptiveLasso,rolling,833,6.9074301218525526e-09,8.311095067349762e-05,6.893336701158995e-05,-0.018152702780233954,5.463989442586862e-09,1.2641734019497501
PARTIAL_MALL,22,XOM,Bagging,rolling,833,4.861611621679183e-09,6.972525813275404e-05,4.650906465545985e-05,0.2834002045390337,5.463989442586862e-09,0.8897549442148098
PARTIAL_MALL,22,XOM,ElasticNet,rolling,833,6.027138019536504e-09,7.763464445424158e-05,6.340264971940343e-05,0.11160203485709763,5.463989442586862e-09,1.103065458465276
PARTIAL_MALL,22,XOM,GradientBoosting,rolling,833,5.233076327192562e-09,7.234000502621328e-05,5.0322431206615963e-05,0.22864644123864208,5.463989442586862e-09,0.9577390992752399
PARTIAL_MALL,22,XOM,HAR,rolling,833,5.463989442586862e-09,7.391880303810974e-05,5.7842321547207297e-05,0.1946099315094556,5.463989442586862e-09,1.0
PARTIAL_MALL,22,XOM,HARQ,rolling,833,8.258220042840838e-09,9.087474920373006e-05,7.032398247000129e-05,-0.21725864879502588,5.463989442586862e-09,1.5113901901924394
PARTIAL_MALL,22,XOM,HARX,rolling,833,7.705257064617862e-09,8.777959366856206e-05,7.057379392240537e-05,-0.1357521057126707,5.463989442586862e-09,1.4101888639392937
PARTIAL_MALL,22,XOM,Lasso,rolling,833,7.019444921458621e-09,8.378212769713252e-05,6.978328286018095e-05,-0.034663643746469575,5.463989442586862e-09,1.284673953933437
PARTIAL_MALL,22,XOM,LevHAR,rolling,833,7.4364564531377255e-09,8.623489115861239e-05,6.906440087910258e-05,-0.09613099275755643,5.463989442586862e-09,1.3609939278391106
PARTIAL_MALL,22,XOM,LogHAR,rolling,833,4.471758651813192e-09,6.68712094388399e-05,4.674902320543613e-05,0.34086439135725743,5.463989442586862e-09,0.8184054341247208
PARTIAL_MALL,22,XOM,NN1,fixed,833,7.812149545928296e-09,8.838636515848073e-05,5.206274430617545e-05,-0.15150801881395548,5.463989442586862e-09,1.429751947366451
PARTIAL_MALL,22,XOM,NN1_1,fixed,833,8.328266276715088e-09,9.125933528530157e-05,5.4417889173255015e-05,-0.22758343834490802,5.463989442586862e-09,1.5242098038850105
PARTIAL_MALL,22,XOM,NN2,fixed,833,8.66998722416971e-09,9.311276617182904e-05,5.5365206035235106e-05,-0.277952982460431,5.463989442586862e-09,1.5867503616670615
PARTIAL_MALL,22,XOM,NN2_1,fixed,833,8.995385445897361e-09,9.484400585117312e-05,5.665249495503102e-05,-0.3259165627048064,5.463989442586862e-09,1.646303591984724
PARTIAL_MALL,22,XOM,NN3,fixed,833,8.711359964223436e-09,9.333466646548557e-05,5.574936318806027e-05,-0.2840513093872372,5.463989442586862e-09,1.5943222540523696
PARTIAL_MALL,22,XOM,NN3_1,fixed,833,8.527153774156236e-09,9.234258916749214e-05,5.484718155915424e-05,-0.2568993835657323,5.463989442586862e-09,1.5606094894134999
PARTIAL_MALL,22,XOM,NN4,fixed,833,8.763188416472365e-09,9.361190317727957e-05,5.5897220555970985e-05,-0.29169080451165685,5.463989442586862e-09,1.6038077138603577
PARTIAL_MALL,22,XOM,NN4_1,fixed,833,8.579815650895148e-09,9.262729430840106e-05,5.535260072693924e-05,-0.26466172515867514,5.463989442586862e-09,1.5702474796205197
PARTIAL_MALL,22,XOM,PostLasso,rolling,833,6.57027822351166e-09,8.105725275082829e-05,6.341571183460428e-05,0.031543365147732594,5.463989442586862e-09,1.2024690553576616
PARTIAL_MALL,22,XOM,RandomForest,rolling,833,4.69398968356346e-09,6.8512697243383e-05,4.5812382046825804e-05,0.30810761761844574,5.463989442586862e-09,0.8590773706438836
PARTIAL_MALL,22,XOM,Ridge,rolling,833,7.846734175882418e-09,8.858179370436353e-05,7.216624136010288e-05,-0.15660578076612408,5.463989442586862e-09,1.4360815038777734
PARTIAL_MALL,22,XOM,SHAR,rolling,833,7.63947248019069e-09,8.740407587859212e-05,7.014046919667297e-05,-0.12605548175061254,5.463989442586862e-09,1.3981492022381856
