symbol,month,status,rows,path,message,downloaded_at_utc
AAPL,2001-01,ok,1638,av_intraday_5min/raw_monthly/AAPL/2001-01.csv,csv ohlcv,2026-05-17T12:43:04Z
AXP,2001-01,ok,1638,av_intraday_5min/raw_monthly/AXP/2001-01.csv,csv ohlcv,2026-05-17T12:43:05Z
BA,2001-01,ok,1635,av_intraday_5min/raw_monthly/BA/2001-01.csv,csv ohlcv,2026-05-17T12:43:06Z
CAT,2001-01,ok,1630,av_intraday_5min/raw_monthly/CAT/2001-01.csv,csv ohlcv,2026-05-17T12:43:06Z
CSCO,2001-01,ok,1638,av_intraday_5min/raw_monthly/CSCO/2001-01.csv,csv ohlcv,2026-05-17T12:43:07Z
CVX,2001-01,api_message,0,,Invalid API call. Please retry or visit the documentation (https://www.alphavantage.co/documentation/) for TIME_SERIES_INTRADAY.,2026-05-17T14:03:31Z
DIS,2001-01,ok,1637,av_intraday_5min/raw_monthly/DIS/2001-01.csv,csv ohlcv,2026-05-17T12:43:08Z
DOW,2001-01,api_message,0,,Invalid API call. Please retry or visit the documentation (https://www.alphavantage.co/documentation/) for TIME_SERIES_INTRADAY.,2026-05-17T12:44:33Z
GE,2001-01,ok,1638,av_intraday_5min/raw_monthly/GE/2001-01.csv,csv ohlcv,2026-05-17T12:43:10Z
GS,2001-01,ok,1627,av_intraday_5min/raw_monthly/GS/2001-01.csv,csv ohlcv,2026-05-17T12:43:11Z
HD,2001-01,ok,1637,av_intraday_5min/raw_monthly/HD/2001-01.csv,csv ohlcv,2026-05-17T12:43:12Z
IBM,2001-01,ok,1638,av_intraday_5min/raw_monthly/IBM/2001-01.csv,csv ohlcv,2026-05-17T12:43:14Z
INTC,2001-01,ok,1638,av_intraday_5min/raw_monthly/INTC/2001-01.csv,csv ohlcv,2026-05-17T12:43:15Z
JNJ,2001-01,ok,1630,av_intraday_5min/raw_monthly/JNJ/2001-01.csv,csv ohlcv,2026-05-17T12:43:16Z
JPM,2001-01,ok,1638,av_intraday_5min/raw_monthly/JPM/2001-01.csv,csv ohlcv,2026-05-17T12:43:17Z
KO,2001-01,ok,1633,av_intraday_5min/raw_monthly/KO/2001-01.csv,csv ohlcv,2026-05-17T12:43:18Z
MCD,2001-01,ok,1636,av_intraday_5min/raw_monthly/MCD/2001-01.csv,csv ohlcv,2026-05-17T12:43:19Z
MMM,2001-01,ok,1636,av_intraday_5min/raw_monthly/MMM/2001-01.csv,csv ohlcv,2026-05-17T12:43:21Z
MRK,2001-01,ok,1638,av_intraday_5min/raw_monthly/MRK/2001-01.csv,csv ohlcv,2026-05-17T12:43:22Z
MSFT,2001-01,ok,1638,av_intraday_5min/raw_monthly/MSFT/2001-01.csv,csv ohlcv,2026-05-17T12:43:23Z
NKE,2001-01,ok,1621,av_intraday_5min/raw_monthly/NKE/2001-01.csv,csv ohlcv,2026-05-17T12:43:24Z
PFE,2001-01,ok,1630,av_intraday_5min/raw_monthly/PFE/2001-01.csv,csv ohlcv,2026-05-17T12:43:25Z
PG,2001-01,ok,1636,av_intraday_5min/raw_monthly/PG/2001-01.csv,csv ohlcv,2026-05-17T12:43:26Z
RTX,2001-01,api_message,0,,Invalid API call. Please retry or visit the documentation (https://www.alphavantage.co/documentation/) for TIME_SERIES_INTRADAY.,2026-05-17T14:08:42Z
TRV,2001-01,api_message,0,,Invalid API call. Please retry or visit the documentation (https://www.alphavantage.co/documentation/) for TIME_SERIES_INTRADAY.,2026-05-17T14:06:20Z
UNH,2001-01,ok,1632,av_intraday_5min/raw_monthly/UNH/2001-01.csv,csv ohlcv,2026-05-17T12:43:29Z
VZ,2001-01,ok,1638,av_intraday_5min/raw_monthly/VZ/2001-01.csv,csv ohlcv,2026-05-17T12:43:30Z
WMT,2001-01,ok,1637,av_intraday_5min/raw_monthly/WMT/2001-01.csv,csv ohlcv,2026-05-17T12:43:31Z
XOM,2001-01,ok,1634,av_intraday_5min/raw_monthly/XOM/2001-01.csv,csv ohlcv,2026-05-17T12:43:32Z
CHV,2001-01,api_message,0,,Invalid API call. Please retry or visit the documentation (https://www.alphavantage.co/documentation/) for TIME_SERIES_INTRADAY.,2026-05-17T12:44:32Z
DD,2001-01,api_message,0,,Invalid API call. Please retry or visit the documentation (https://www.alphavantage.co/documentation/) for TIME_SERIES_INTRADAY.,2026-05-17T12:44:33Z
UTX,2001-01,api_message,0,,Invalid API call. Please retry or visit the documentation (https://www.alphavantage.co/documentation/) for TIME_SERIES_INTRADAY.,2026-05-17T12:44:34Z
RTN,2001-01,api_message,0,,Invalid API call. Please retry or visit the documentation (https://www.alphavantage.co/documentation/) for TIME_SERIES_INTRADAY.,2026-05-17T12:44:34Z
STA,2001-01,api_message,0,,Invalid API call. Please retry or visit the documentation (https://www.alphavantage.co/documentation/) for TIME_SERIES_INTRADAY.,2026-05-17T12:44:36Z
WAG,2001-01,api_message,0,,Invalid API call. Please retry or visit the documentation (https://www.alphavantage.co/documentation/) for TIME_SERIES_INTRADAY.,2026-05-17T12:44:37Z
WBA,2001-01,ok,1636,av_intraday_5min/raw_monthly/WBA/2001-01.csv,csv ohlcv,2026-05-17T12:44:38Z
CVX,2007-03,ok,1716,av_intraday_5min/raw_monthly/CVX/2007-03.csv,csv ohlcv,2026-05-17T12:44:55Z
TRV,2007-03,ok,1715,av_intraday_5min/raw_monthly/TRV/2007-03.csv,csv ohlcv,2026-05-17T12:44:56Z
DOW,2007-03,api_message,0,,Invalid API call. Please retry or visit the documentation (https://www.alphavantage.co/documentation/) for TIME_SERIES_INTRADAY.,2026-05-17T12:44:57Z
DD,2007-03,api_message,0,,Invalid API call. Please retry or visit the documentation (https://www.alphavantage.co/documentation/) for TIME_SERIES_INTRADAY.,2026-05-17T12:44:58Z
RTX,2007-03,api_message,0,,Invalid API call. Please retry or visit the documentation (https://www.alphavantage.co/documentation/) for TIME_SERIES_INTRADAY.,2026-05-17T14:09:15Z
UTX,2007-03,api_message,0,,Invalid API call. Please retry or visit the documentation (https://www.alphavantage.co/documentation/) for TIME_SERIES_INTRADAY.,2026-05-17T12:44:59Z
RTN,2007-03,api_message,0,,Invalid API call. Please retry or visit the documentation (https://www.alphavantage.co/documentation/) for TIME_SERIES_INTRADAY.,2026-05-17T12:45:00Z
DOW,2017-12,api_message,0,,Invalid API call. Please retry or visit the documentation (https://www.alphavantage.co/documentation/) for TIME_SERIES_INTRADAY.,2026-05-17T12:45:48Z
DD,2017-12,api_message,0,,Invalid API call. Please retry or visit the documentation (https://www.alphavantage.co/documentation/) for TIME_SERIES_INTRADAY.,2026-05-17T12:45:49Z
RTX,2017-12,ok,1560,av_intraday_5min/raw_monthly/RTX/2017-12.csv,csv ohlcv,2026-05-17T12:45:50Z
UTX,2017-12,api_message,0,,Invalid API call. Please retry or visit the documentation (https://www.alphavantage.co/documentation/) for TIME_SERIES_INTRADAY.,2026-05-17T12:45:51Z
RTN,2017-12,api_message,0,,Invalid API call. Please retry or visit the documentation (https://www.alphavantage.co/documentation/) for TIME_SERIES_INTRADAY.,2026-05-17T12:45:51Z
AAPL,2001-02,ok,1482,av_intraday_5min/raw_monthly/AAPL/2001-02.csv,csv ohlcv,2026-05-17T12:46:52Z
AAPL,2001-03,ok,1716,av_intraday_5min/raw_monthly/AAPL/2001-03.csv,csv ohlcv,2026-05-17T12:46:52Z
AAPL,2001-04,ok,1560,av_intraday_5min/raw_monthly/AAPL/2001-04.csv,csv ohlcv,2026-05-17T12:46:53Z
AAPL,2001-05,ok,1716,av_intraday_5min/raw_monthly/AAPL/2001-05.csv,csv ohlcv,2026-05-17T12:46:54Z
AAPL,2001-06,ok,1637,av_intraday_5min/raw_monthly/AAPL/2001-06.csv,csv ohlcv,2026-05-17T12:46:55Z
AAPL,2001-07,ok,1603,av_intraday_5min/raw_monthly/AAPL/2001-07.csv,csv ohlcv,2026-05-17T12:46:56Z
AAPL,2001-08,ok,1794,av_intraday_5min/raw_monthly/AAPL/2001-08.csv,csv ohlcv,2026-05-17T12:46:57Z
AAPL,2001-09,ok,1170,av_intraday_5min/raw_monthly/AAPL/2001-09.csv,csv ohlcv,2026-05-17T12:46:58Z
AAPL,2001-10,ok,1794,av_intraday_5min/raw_monthly/AAPL/2001-10.csv,csv ohlcv,2026-05-17T12:46:59Z
AAPL,2001-11,ok,1603,av_intraday_5min/raw_monthly/AAPL/2001-11.csv,csv ohlcv,2026-05-17T12:47:00Z
AAPL,2001-12,ok,1525,av_intraday_5min/raw_monthly/AAPL/2001-12.csv,csv ohlcv,2026-05-17T12:47:01Z
AAPL,2002-01,ok,1638,av_intraday_5min/raw_monthly/AAPL/2002-01.csv,csv ohlcv,2026-05-17T12:47:02Z
AAPL,2002-02,ok,1482,av_intraday_5min/raw_monthly/AAPL/2002-02.csv,csv ohlcv,2026-05-17T12:47:03Z
AAPL,2002-03,ok,1560,av_intraday_5min/raw_monthly/AAPL/2002-03.csv,csv ohlcv,2026-05-17T12:47:04Z
AAPL,2002-04,ok,1716,av_intraday_5min/raw_monthly/AAPL/2002-04.csv,csv ohlcv,2026-05-17T12:47:05Z
AAPL,2002-05,ok,1716,av_intraday_5min/raw_monthly/AAPL/2002-05.csv,csv ohlcv,2026-05-17T12:47:06Z
AAPL,2002-06,ok,1560,av_intraday_5min/raw_monthly/AAPL/2002-06.csv,csv ohlcv,2026-05-17T12:47:07Z
AAPL,2002-07,ok,1681,av_intraday_5min/raw_monthly/AAPL/2002-07.csv,csv ohlcv,2026-05-17T12:47:07Z
AAPL,2002-08,ok,1716,av_intraday_5min/raw_monthly/AAPL/2002-08.csv,csv ohlcv,2026-05-17T12:47:08Z
AAPL,2002-09,ok,1542,av_intraday_5min/raw_monthly/AAPL/2002-09.csv,csv ohlcv,2026-05-17T12:47:09Z
AAPL,2002-10,ok,1794,av_intraday_5min/raw_monthly/AAPL/2002-10.csv,csv ohlcv,2026-05-17T12:47:10Z
AAPL,2002-11,ok,1525,av_intraday_5min/raw_monthly/AAPL/2002-11.csv,csv ohlcv,2026-05-17T12:47:11Z
AAPL,2002-12,ok,1597,av_intraday_5min/raw_monthly/AAPL/2002-12.csv,csv ohlcv,2026-05-17T12:47:12Z
AAPL,2003-01,ok,1638,av_intraday_5min/raw_monthly/AAPL/2003-01.csv,csv ohlcv,2026-05-17T12:47:13Z
AAPL,2003-02,ok,1482,av_intraday_5min/raw_monthly/AAPL/2003-02.csv,csv ohlcv,2026-05-17T12:47:14Z
AAPL,2003-03,ok,1638,av_intraday_5min/raw_monthly/AAPL/2003-03.csv,csv ohlcv,2026-05-17T12:47:15Z
AAPL,2003-04,ok,1633,av_intraday_5min/raw_monthly/AAPL/2003-04.csv,csv ohlcv,2026-05-17T12:47:15Z
AAPL,2003-05,ok,1638,av_intraday_5min/raw_monthly/AAPL/2003-05.csv,csv ohlcv,2026-05-17T12:47:16Z
AAPL,2003-06,ok,1638,av_intraday_5min/raw_monthly/AAPL/2003-06.csv,csv ohlcv,2026-05-17T12:47:17Z
AAPL,2003-07,ok,1682,av_intraday_5min/raw_monthly/AAPL/2003-07.csv,csv ohlcv,2026-05-17T12:47:18Z
AAPL,2003-08,ok,1638,av_intraday_5min/raw_monthly/AAPL/2003-08.csv,csv ohlcv,2026-05-17T12:47:19Z
AAPL,2003-09,ok,1638,av_intraday_5min/raw_monthly/AAPL/2003-09.csv,csv ohlcv,2026-05-17T12:47:20Z
AAPL,2003-10,ok,1794,av_intraday_5min/raw_monthly/AAPL/2003-10.csv,csv ohlcv,2026-05-17T12:47:21Z
AAPL,2003-11,ok,1447,av_intraday_5min/raw_monthly/AAPL/2003-11.csv,csv ohlcv,2026-05-17T12:47:22Z
AAPL,2003-12,ok,1646,av_intraday_5min/raw_monthly/AAPL/2003-12.csv,csv ohlcv,2026-05-17T12:47:23Z
AAPL,2004-01,ok,1560,av_intraday_5min/raw_monthly/AAPL/2004-01.csv,csv ohlcv,2026-05-17T12:47:23Z
AAPL,2004-02,ok,1482,av_intraday_5min/raw_monthly/AAPL/2004-02.csv,csv ohlcv,2026-05-17T12:47:24Z
AAPL,2004-03,ok,1794,av_intraday_5min/raw_monthly/AAPL/2004-03.csv,csv ohlcv,2026-05-17T12:47:25Z
AAPL,2004-04,ok,1637,av_intraday_5min/raw_monthly/AAPL/2004-04.csv,csv ohlcv,2026-05-17T12:47:26Z
AAPL,2004-05,ok,1560,av_intraday_5min/raw_monthly/AAPL/2004-05.csv,csv ohlcv,2026-05-17T12:47:27Z
AAPL,2004-06,ok,1638,av_intraday_5min/raw_monthly/AAPL/2004-06.csv,csv ohlcv,2026-05-17T12:47:28Z
AAPL,2004-07,ok,1638,av_intraday_5min/raw_monthly/AAPL/2004-07.csv,csv ohlcv,2026-05-17T12:47:29Z
AAPL,2004-08,ok,1716,av_intraday_5min/raw_monthly/AAPL/2004-08.csv,csv ohlcv,2026-05-17T12:47:30Z
AAPL,2004-09,ok,1638,av_intraday_5min/raw_monthly/AAPL/2004-09.csv,csv ohlcv,2026-05-17T12:47:31Z
AAPL,2004-10,ok,1638,av_intraday_5min/raw_monthly/AAPL/2004-10.csv,csv ohlcv,2026-05-17T12:47:32Z
AAPL,2004-11,ok,1603,av_intraday_5min/raw_monthly/AAPL/2004-11.csv,csv ohlcv,2026-05-17T12:47:33Z
AAPL,2004-12,ok,1716,av_intraday_5min/raw_monthly/AAPL/2004-12.csv,csv ohlcv,2026-05-17T12:47:34Z
AAPL,2005-01,ok,1560,av_intraday_5min/raw_monthly/AAPL/2005-01.csv,csv ohlcv,2026-05-17T12:47:35Z
AAPL,2005-02,ok,1482,av_intraday_5min/raw_monthly/AAPL/2005-02.csv,csv ohlcv,2026-05-17T12:47:35Z
AAPL,2005-03,ok,1716,av_intraday_5min/raw_monthly/AAPL/2005-03.csv,csv ohlcv,2026-05-17T12:47:36Z
AAPL,2005-04,ok,1638,av_intraday_5min/raw_monthly/AAPL/2005-04.csv,csv ohlcv,2026-05-17T12:47:37Z
AAPL,2005-05,ok,1638,av_intraday_5min/raw_monthly/AAPL/2005-05.csv,csv ohlcv,2026-05-17T12:47:38Z
AAPL,2005-06,ok,1716,av_intraday_5min/raw_monthly/AAPL/2005-06.csv,csv ohlcv,2026-05-17T12:47:39Z
AAPL,2005-07,ok,1560,av_intraday_5min/raw_monthly/AAPL/2005-07.csv,csv ohlcv,2026-05-17T12:47:40Z
AAPL,2005-08,ok,1794,av_intraday_5min/raw_monthly/AAPL/2005-08.csv,csv ohlcv,2026-05-17T12:47:41Z
AAPL,2005-09,ok,1638,av_intraday_5min/raw_monthly/AAPL/2005-09.csv,csv ohlcv,2026-05-17T12:47:42Z
AAPL,2005-10,ok,1638,av_intraday_5min/raw_monthly/AAPL/2005-10.csv,csv ohlcv,2026-05-17T12:47:43Z
AAPL,2005-11,ok,1603,av_intraday_5min/raw_monthly/AAPL/2005-11.csv,csv ohlcv,2026-05-17T12:47:44Z
AAPL,2005-12,ok,1638,av_intraday_5min/raw_monthly/AAPL/2005-12.csv,csv ohlcv,2026-05-17T12:47:45Z
AAPL,2006-01,ok,1560,av_intraday_5min/raw_monthly/AAPL/2006-01.csv,csv ohlcv,2026-05-17T12:47:46Z
AAPL,2006-02,ok,1482,av_intraday_5min/raw_monthly/AAPL/2006-02.csv,csv ohlcv,2026-05-17T12:47:47Z
AAPL,2006-03,ok,1794,av_intraday_5min/raw_monthly/AAPL/2006-03.csv,csv ohlcv,2026-05-17T12:47:48Z
AAPL,2006-04,ok,1482,av_intraday_5min/raw_monthly/AAPL/2006-04.csv,csv ohlcv,2026-05-17T12:47:49Z
AAPL,2006-05,ok,1716,av_intraday_5min/raw_monthly/AAPL/2006-05.csv,csv ohlcv,2026-05-17T12:47:50Z
AAPL,2006-06,ok,1712,av_intraday_5min/raw_monthly/AAPL/2006-06.csv,csv ohlcv,2026-05-17T12:47:51Z
AAPL,2006-07,ok,1525,av_intraday_5min/raw_monthly/AAPL/2006-07.csv,csv ohlcv,2026-05-17T12:47:52Z
AAPL,2006-08,ok,1794,av_intraday_5min/raw_monthly/AAPL/2006-08.csv,csv ohlcv,2026-05-17T12:47:53Z
AAPL,2006-09,ok,1560,av_intraday_5min/raw_monthly/AAPL/2006-09.csv,csv ohlcv,2026-05-17T12:47:54Z
AAPL,2006-10,ok,1716,av_intraday_5min/raw_monthly/AAPL/2006-10.csv,csv ohlcv,2026-05-17T12:47:55Z
AAPL,2006-11,ok,1603,av_intraday_5min/raw_monthly/AAPL/2006-11.csv,csv ohlcv,2026-05-17T12:47:56Z
AAPL,2006-12,ok,1560,av_intraday_5min/raw_monthly/AAPL/2006-12.csv,csv ohlcv,2026-05-17T12:47:57Z
AAPL,2007-01,ok,1560,av_intraday_5min/raw_monthly/AAPL/2007-01.csv,csv ohlcv,2026-05-17T12:47:58Z
AAPL,2007-02,ok,1479,av_intraday_5min/raw_monthly/AAPL/2007-02.csv,csv ohlcv,2026-05-17T12:47:59Z
AAPL,2007-03,ok,1716,av_intraday_5min/raw_monthly/AAPL/2007-03.csv,csv ohlcv,2026-05-17T12:48:00Z
AAPL,2007-04,ok,1560,av_intraday_5min/raw_monthly/AAPL/2007-04.csv,csv ohlcv,2026-05-17T12:48:01Z
AAPL,2007-05,ok,1714,av_intraday_5min/raw_monthly/AAPL/2007-05.csv,csv ohlcv,2026-05-17T12:48:02Z
AAPL,2007-06,ok,1638,av_intraday_5min/raw_monthly/AAPL/2007-06.csv,csv ohlcv,2026-05-17T12:48:03Z
AAPL,2007-07,ok,1636,av_intraday_5min/raw_monthly/AAPL/2007-07.csv,csv ohlcv,2026-05-17T12:48:04Z
AAPL,2007-08,ok,1794,av_intraday_5min/raw_monthly/AAPL/2007-08.csv,csv ohlcv,2026-05-17T12:48:05Z
AAPL,2007-09,ok,1482,av_intraday_5min/raw_monthly/AAPL/2007-09.csv,csv ohlcv,2026-05-17T12:48:06Z
AAPL,2007-10,ok,1794,av_intraday_5min/raw_monthly/AAPL/2007-10.csv,csv ohlcv,2026-05-17T12:48:07Z
AAPL,2007-11,ok,1633,av_intraday_5min/raw_monthly/AAPL/2007-11.csv,csv ohlcv,2026-05-17T12:48:08Z
AAPL,2007-12,ok,1554,av_intraday_5min/raw_monthly/AAPL/2007-12.csv,csv ohlcv,2026-05-17T12:48:09Z
AAPL,2008-01,ok,1638,av_intraday_5min/raw_monthly/AAPL/2008-01.csv,csv ohlcv,2026-05-17T12:48:10Z
AAPL,2008-02,ok,1560,av_intraday_5min/raw_monthly/AAPL/2008-02.csv,csv ohlcv,2026-05-17T12:48:11Z
AAPL,2008-03,ok,1560,av_intraday_5min/raw_monthly/AAPL/2008-03.csv,csv ohlcv,2026-05-17T12:48:13Z
AAPL,2008-04,ok,1716,av_intraday_5min/raw_monthly/AAPL/2008-04.csv,csv ohlcv,2026-05-17T12:48:14Z
AAPL,2008-05,ok,1638,av_intraday_5min/raw_monthly/AAPL/2008-05.csv,csv ohlcv,2026-05-17T12:48:15Z
AAPL,2008-06,ok,1638,av_intraday_5min/raw_monthly/AAPL/2008-06.csv,csv ohlcv,2026-05-17T12:48:16Z
AAPL,2008-07,ok,1706,av_intraday_5min/raw_monthly/AAPL/2008-07.csv,csv ohlcv,2026-05-17T12:48:17Z
AAPL,2008-08,ok,1638,av_intraday_5min/raw_monthly/AAPL/2008-08.csv,csv ohlcv,2026-05-17T12:48:18Z
AAPL,2008-09,ok,1638,av_intraday_5min/raw_monthly/AAPL/2008-09.csv,csv ohlcv,2026-05-17T12:48:19Z
AAPL,2008-10,ok,1794,av_intraday_5min/raw_monthly/AAPL/2008-10.csv,csv ohlcv,2026-05-17T12:48:20Z
AAPL,2008-11,ok,1476,av_intraday_5min/raw_monthly/AAPL/2008-11.csv,csv ohlcv,2026-05-17T12:48:21Z
AAPL,2008-12,ok,1697,av_intraday_5min/raw_monthly/AAPL/2008-12.csv,csv ohlcv,2026-05-17T12:48:22Z
AAPL,2009-01,ok,1560,av_intraday_5min/raw_monthly/AAPL/2009-01.csv,csv ohlcv,2026-05-17T12:48:23Z
AAPL,2009-02,ok,1482,av_intraday_5min/raw_monthly/AAPL/2009-02.csv,csv ohlcv,2026-05-17T12:48:24Z
AAPL,2009-03,ok,1716,av_intraday_5min/raw_monthly/AAPL/2009-03.csv,csv ohlcv,2026-05-17T12:48:25Z
AAPL,2009-04,ok,1638,av_intraday_5min/raw_monthly/AAPL/2009-04.csv,csv ohlcv,2026-05-17T12:48:27Z
AAPL,2009-05,ok,1560,av_intraday_5min/raw_monthly/AAPL/2009-05.csv,csv ohlcv,2026-05-17T12:48:28Z
AAPL,2009-06,ok,1716,av_intraday_5min/raw_monthly/AAPL/2009-06.csv,csv ohlcv,2026-05-17T12:48:29Z
AAPL,2009-07,ok,1716,av_intraday_5min/raw_monthly/AAPL/2009-07.csv,csv ohlcv,2026-05-17T12:48:30Z
AAPL,2009-08,ok,1638,av_intraday_5min/raw_monthly/AAPL/2009-08.csv,csv ohlcv,2026-05-17T12:48:31Z
AAPL,2009-09,ok,1638,av_intraday_5min/raw_monthly/AAPL/2009-09.csv,csv ohlcv,2026-05-17T12:48:32Z
AAPL,2009-10,ok,1716,av_intraday_5min/raw_monthly/AAPL/2009-10.csv,csv ohlcv,2026-05-17T12:48:33Z
AAPL,2009-11,ok,1551,av_intraday_5min/raw_monthly/AAPL/2009-11.csv,csv ohlcv,2026-05-17T12:48:34Z
AAPL,2009-12,ok,1712,av_intraday_5min/raw_monthly/AAPL/2009-12.csv,csv ohlcv,2026-05-17T12:48:35Z
AAPL,2010-01,ok,1482,av_intraday_5min/raw_monthly/AAPL/2010-01.csv,csv ohlcv,2026-05-17T12:48:36Z
AAPL,2010-02,ok,1482,av_intraday_5min/raw_monthly/AAPL/2010-02.csv,csv ohlcv,2026-05-17T12:48:37Z
AAPL,2010-03,ok,1794,av_intraday_5min/raw_monthly/AAPL/2010-03.csv,csv ohlcv,2026-05-17T12:48:38Z
AAPL,2010-04,ok,1638,av_intraday_5min/raw_monthly/AAPL/2010-04.csv,csv ohlcv,2026-05-17T12:48:39Z
AAPL,2010-05,ok,1560,av_intraday_5min/raw_monthly/AAPL/2010-05.csv,csv ohlcv,2026-05-17T12:48:40Z
AAPL,2010-06,ok,1716,av_intraday_5min/raw_monthly/AAPL/2010-06.csv,csv ohlcv,2026-05-17T12:48:41Z
AAPL,2010-07,ok,1638,av_intraday_5min/raw_monthly/AAPL/2010-07.csv,csv ohlcv,2026-05-17T12:48:42Z
AAPL,2010-08,ok,1716,av_intraday_5min/raw_monthly/AAPL/2010-08.csv,csv ohlcv,2026-05-17T12:48:43Z
AAPL,2010-09,ok,1638,av_intraday_5min/raw_monthly/AAPL/2010-09.csv,csv ohlcv,2026-05-17T12:48:44Z
AAPL,2010-10,ok,1638,av_intraday_5min/raw_monthly/AAPL/2010-10.csv,csv ohlcv,2026-05-17T12:48:45Z
AAPL,2010-11,ok,1632,av_intraday_5min/raw_monthly/AAPL/2010-11.csv,csv ohlcv,2026-05-17T12:48:46Z
AAPL,2010-12,ok,1716,av_intraday_5min/raw_monthly/AAPL/2010-12.csv,csv ohlcv,2026-05-17T12:48:47Z
AAPL,2011-01,ok,1560,av_intraday_5min/raw_monthly/AAPL/2011-01.csv,csv ohlcv,2026-05-17T12:48:48Z
AAPL,2011-02,ok,1482,av_intraday_5min/raw_monthly/AAPL/2011-02.csv,csv ohlcv,2026-05-17T12:48:49Z
AAPL,2011-03,ok,1794,av_intraday_5min/raw_monthly/AAPL/2011-03.csv,csv ohlcv,2026-05-17T12:48:50Z
AAPL,2011-04,ok,1560,av_intraday_5min/raw_monthly/AAPL/2011-04.csv,csv ohlcv,2026-05-17T12:48:52Z
AAPL,2011-05,ok,1638,av_intraday_5min/raw_monthly/AAPL/2011-05.csv,csv ohlcv,2026-05-17T12:48:53Z
AAPL,2011-06,ok,1716,av_intraday_5min/raw_monthly/AAPL/2011-06.csv,csv ohlcv,2026-05-17T12:48:54Z
AAPL,2011-07,ok,1560,av_intraday_5min/raw_monthly/AAPL/2011-07.csv,csv ohlcv,2026-05-17T12:48:55Z
AAPL,2011-08,ok,1794,av_intraday_5min/raw_monthly/AAPL/2011-08.csv,csv ohlcv,2026-05-17T12:48:56Z
AAPL,2011-09,ok,1638,av_intraday_5min/raw_monthly/AAPL/2011-09.csv,csv ohlcv,2026-05-17T12:48:57Z
AAPL,2011-10,ok,1638,av_intraday_5min/raw_monthly/AAPL/2011-10.csv,csv ohlcv,2026-05-17T12:48:58Z
AAPL,2011-11,ok,1632,av_intraday_5min/raw_monthly/AAPL/2011-11.csv,csv ohlcv,2026-05-17T12:48:59Z
AAPL,2011-12,ok,1638,av_intraday_5min/raw_monthly/AAPL/2011-12.csv,csv ohlcv,2026-05-17T12:49:00Z
AAPL,2012-01,ok,1560,av_intraday_5min/raw_monthly/AAPL/2012-01.csv,csv ohlcv,2026-05-17T12:49:01Z
AAPL,2012-02,ok,1560,av_intraday_5min/raw_monthly/AAPL/2012-02.csv,csv ohlcv,2026-05-17T12:49:02Z
AAPL,2012-03,ok,1716,av_intraday_5min/raw_monthly/AAPL/2012-03.csv,csv ohlcv,2026-05-17T12:49:04Z
AAPL,2012-04,ok,1560,av_intraday_5min/raw_monthly/AAPL/2012-04.csv,csv ohlcv,2026-05-17T12:49:05Z
AAPL,2012-05,ok,1716,av_intraday_5min/raw_monthly/AAPL/2012-05.csv,csv ohlcv,2026-05-17T12:49:06Z
AAPL,2012-06,ok,1638,av_intraday_5min/raw_monthly/AAPL/2012-06.csv,csv ohlcv,2026-05-17T12:49:07Z
AAPL,2012-07,ok,1632,av_intraday_5min/raw_monthly/AAPL/2012-07.csv,csv ohlcv,2026-05-17T12:49:08Z
AAPL,2012-08,ok,1794,av_intraday_5min/raw_monthly/AAPL/2012-08.csv,csv ohlcv,2026-05-17T12:49:09Z
AAPL,2012-09,ok,1482,av_intraday_5min/raw_monthly/AAPL/2012-09.csv,csv ohlcv,2026-05-17T12:49:10Z
AAPL,2012-10,ok,1638,av_intraday_5min/raw_monthly/AAPL/2012-10.csv,csv ohlcv,2026-05-17T12:49:11Z
AAPL,2012-11,ok,1636,av_intraday_5min/raw_monthly/AAPL/2012-11.csv,csv ohlcv,2026-05-17T12:49:13Z
AAPL,2012-12,ok,1552,av_intraday_5min/raw_monthly/AAPL/2012-12.csv,csv ohlcv,2026-05-17T12:49:14Z
AAPL,2013-01,ok,1636,av_intraday_5min/raw_monthly/AAPL/2013-01.csv,csv ohlcv,2026-05-17T12:49:15Z
AAPL,2013-02,ok,1482,av_intraday_5min/raw_monthly/AAPL/2013-02.csv,csv ohlcv,2026-05-17T12:49:16Z
AAPL,2013-03,ok,1560,av_intraday_5min/raw_monthly/AAPL/2013-03.csv,csv ohlcv,2026-05-17T12:49:17Z
AAPL,2013-04,ok,1716,av_intraday_5min/raw_monthly/AAPL/2013-04.csv,csv ohlcv,2026-05-17T12:49:18Z
AAPL,2013-05,ok,1716,av_intraday_5min/raw_monthly/AAPL/2013-05.csv,csv ohlcv,2026-05-17T12:49:19Z
AAPL,2013-06,ok,1560,av_intraday_5min/raw_monthly/AAPL/2013-06.csv,csv ohlcv,2026-05-17T12:49:20Z
AAPL,2013-07,ok,1707,av_intraday_5min/raw_monthly/AAPL/2013-07.csv,csv ohlcv,2026-05-17T12:49:21Z
AAPL,2013-08,ok,1684,av_intraday_5min/raw_monthly/AAPL/2013-08.csv,csv ohlcv,2026-05-17T12:49:22Z
AAPL,2013-09,ok,1560,av_intraday_5min/raw_monthly/AAPL/2013-09.csv,csv ohlcv,2026-05-17T12:49:23Z
AAPL,2013-10,ok,1794,av_intraday_5min/raw_monthly/AAPL/2013-10.csv,csv ohlcv,2026-05-17T12:49:25Z
AAPL,2013-11,ok,1558,av_intraday_5min/raw_monthly/AAPL/2013-11.csv,csv ohlcv,2026-05-17T12:49:25Z
AAPL,2013-12,ok,1631,av_intraday_5min/raw_monthly/AAPL/2013-12.csv,csv ohlcv,2026-05-17T12:49:27Z
AAPL,2014-01,ok,1638,av_intraday_5min/raw_monthly/AAPL/2014-01.csv,csv ohlcv,2026-05-17T12:49:28Z
AAPL,2014-02,ok,1482,av_intraday_5min/raw_monthly/AAPL/2014-02.csv,csv ohlcv,2026-05-17T12:49:28Z
AAPL,2014-03,ok,1638,av_intraday_5min/raw_monthly/AAPL/2014-03.csv,csv ohlcv,2026-05-17T12:49:29Z
AAPL,2014-04,ok,1638,av_intraday_5min/raw_monthly/AAPL/2014-04.csv,csv ohlcv,2026-05-17T12:49:30Z
AAPL,2014-05,ok,1638,av_intraday_5min/raw_monthly/AAPL/2014-05.csv,csv ohlcv,2026-05-17T12:49:31Z
AAPL,2014-06,ok,1638,av_intraday_5min/raw_monthly/AAPL/2014-06.csv,csv ohlcv,2026-05-17T12:49:33Z
AAPL,2014-07,ok,1715,av_intraday_5min/raw_monthly/AAPL/2014-07.csv,csv ohlcv,2026-05-17T12:49:34Z
AAPL,2014-08,ok,1638,av_intraday_5min/raw_monthly/AAPL/2014-08.csv,csv ohlcv,2026-05-17T12:49:35Z
AAPL,2014-09,ok,1638,av_intraday_5min/raw_monthly/AAPL/2014-09.csv,csv ohlcv,2026-05-17T12:49:36Z
AAPL,2014-10,ok,1794,av_intraday_5min/raw_monthly/AAPL/2014-10.csv,csv ohlcv,2026-05-17T12:49:37Z
AAPL,2014-11,ok,1479,av_intraday_5min/raw_monthly/AAPL/2014-11.csv,csv ohlcv,2026-05-17T12:49:38Z
AAPL,2014-12,ok,1710,av_intraday_5min/raw_monthly/AAPL/2014-12.csv,csv ohlcv,2026-05-17T12:49:40Z
AAPL,2015-01,ok,1560,av_intraday_5min/raw_monthly/AAPL/2015-01.csv,csv ohlcv,2026-05-17T12:49:41Z
AAPL,2015-02,ok,1482,av_intraday_5min/raw_monthly/AAPL/2015-02.csv,csv ohlcv,2026-05-17T12:49:42Z
AAPL,2015-03,ok,1716,av_intraday_5min/raw_monthly/AAPL/2015-03.csv,csv ohlcv,2026-05-17T12:49:43Z
AAPL,2015-04,ok,1638,av_intraday_5min/raw_monthly/AAPL/2015-04.csv,csv ohlcv,2026-05-17T12:49:44Z
AAPL,2015-05,ok,1560,av_intraday_5min/raw_monthly/AAPL/2015-05.csv,csv ohlcv,2026-05-17T12:49:45Z
AAPL,2015-06,ok,1716,av_intraday_5min/raw_monthly/AAPL/2015-06.csv,csv ohlcv,2026-05-17T12:49:46Z
AAPL,2015-07,ok,1716,av_intraday_5min/raw_monthly/AAPL/2015-07.csv,csv ohlcv,2026-05-17T12:49:48Z
AAPL,2015-08,ok,1638,av_intraday_5min/raw_monthly/AAPL/2015-08.csv,csv ohlcv,2026-05-17T12:49:49Z
AAPL,2015-09,ok,1638,av_intraday_5min/raw_monthly/AAPL/2015-09.csv,csv ohlcv,2026-05-17T12:49:50Z
AAPL,2015-10,ok,1716,av_intraday_5min/raw_monthly/AAPL/2015-10.csv,csv ohlcv,2026-05-17T12:49:51Z
AAPL,2015-11,ok,1551,av_intraday_5min/raw_monthly/AAPL/2015-11.csv,csv ohlcv,2026-05-17T12:49:52Z
AAPL,2015-12,ok,1703,av_intraday_5min/raw_monthly/AAPL/2015-12.csv,csv ohlcv,2026-05-17T12:49:53Z
AAPL,2016-01,ok,1482,av_intraday_5min/raw_monthly/AAPL/2016-01.csv,csv ohlcv,2026-05-17T12:49:54Z
AAPL,2016-02,ok,1560,av_intraday_5min/raw_monthly/AAPL/2016-02.csv,csv ohlcv,2026-05-17T12:49:56Z
AAPL,2016-03,ok,1716,av_intraday_5min/raw_monthly/AAPL/2016-03.csv,csv ohlcv,2026-05-17T12:49:56Z
AAPL,2016-04,ok,1638,av_intraday_5min/raw_monthly/AAPL/2016-04.csv,csv ohlcv,2026-05-17T12:49:58Z
AAPL,2016-05,ok,1638,av_intraday_5min/raw_monthly/AAPL/2016-05.csv,csv ohlcv,2026-05-17T12:49:59Z
AAPL,2016-06,ok,1716,av_intraday_5min/raw_monthly/AAPL/2016-06.csv,csv ohlcv,2026-05-17T12:50:00Z
AAPL,2016-07,ok,1560,av_intraday_5min/raw_monthly/AAPL/2016-07.csv,csv ohlcv,2026-05-17T12:50:01Z
AAPL,2016-08,ok,1794,av_intraday_5min/raw_monthly/AAPL/2016-08.csv,csv ohlcv,2026-05-17T12:50:02Z
AAPL,2016-09,ok,1638,av_intraday_5min/raw_monthly/AAPL/2016-09.csv,csv ohlcv,2026-05-17T12:50:03Z
AAPL,2016-10,ok,1638,av_intraday_5min/raw_monthly/AAPL/2016-10.csv,csv ohlcv,2026-05-17T12:50:04Z
AAPL,2016-11,ok,1627,av_intraday_5min/raw_monthly/AAPL/2016-11.csv,csv ohlcv,2026-05-17T12:50:05Z
AAPL,2016-12,ok,1638,av_intraday_5min/raw_monthly/AAPL/2016-12.csv,csv ohlcv,2026-05-17T12:50:06Z
AAPL,2017-01,ok,1560,av_intraday_5min/raw_monthly/AAPL/2017-01.csv,csv ohlcv,2026-05-17T12:50:07Z
AAPL,2017-02,ok,1482,av_intraday_5min/raw_monthly/AAPL/2017-02.csv,csv ohlcv,2026-05-17T12:50:08Z
AAPL,2017-03,ok,1794,av_intraday_5min/raw_monthly/AAPL/2017-03.csv,csv ohlcv,2026-05-17T12:50:09Z
AAPL,2017-04,ok,1482,av_intraday_5min/raw_monthly/AAPL/2017-04.csv,csv ohlcv,2026-05-17T12:50:10Z
AAPL,2017-05,ok,1716,av_intraday_5min/raw_monthly/AAPL/2017-05.csv,csv ohlcv,2026-05-17T12:50:11Z
AAPL,2017-06,ok,1716,av_intraday_5min/raw_monthly/AAPL/2017-06.csv,csv ohlcv,2026-05-17T12:50:13Z
AAPL,2017-07,ok,1552,av_intraday_5min/raw_monthly/AAPL/2017-07.csv,csv ohlcv,2026-05-17T12:50:14Z
AAPL,2017-08,ok,1794,av_intraday_5min/raw_monthly/AAPL/2017-08.csv,csv ohlcv,2026-05-17T12:50:15Z
AAPL,2017-09,ok,1560,av_intraday_5min/raw_monthly/AAPL/2017-09.csv,csv ohlcv,2026-05-17T12:50:16Z
AAPL,2017-10,ok,1716,av_intraday_5min/raw_monthly/AAPL/2017-10.csv,csv ohlcv,2026-05-17T12:50:17Z
AAPL,2017-11,ok,1628,av_intraday_5min/raw_monthly/AAPL/2017-11.csv,csv ohlcv,2026-05-17T12:50:18Z
AAPL,2017-12,ok,1560,av_intraday_5min/raw_monthly/AAPL/2017-12.csv,csv ohlcv,2026-05-17T12:50:19Z
AXP,2001-02,ok,1482,av_intraday_5min/raw_monthly/AXP/2001-02.csv,csv ohlcv,2026-05-17T12:50:20Z
AXP,2001-03,ok,1709,av_intraday_5min/raw_monthly/AXP/2001-03.csv,csv ohlcv,2026-05-17T12:50:21Z
AXP,2001-04,ok,1558,av_intraday_5min/raw_monthly/AXP/2001-04.csv,csv ohlcv,2026-05-17T12:50:22Z
AXP,2001-05,ok,1714,av_intraday_5min/raw_monthly/AXP/2001-05.csv,csv ohlcv,2026-05-17T12:50:23Z
AXP,2001-06,ok,1610,av_intraday_5min/raw_monthly/AXP/2001-06.csv,csv ohlcv,2026-05-17T12:50:24Z
AXP,2001-07,ok,1602,av_intraday_5min/raw_monthly/AXP/2001-07.csv,csv ohlcv,2026-05-17T12:50:25Z
AXP,2001-08,ok,1792,av_intraday_5min/raw_monthly/AXP/2001-08.csv,csv ohlcv,2026-05-17T12:50:26Z
AXP,2001-09,ok,1158,av_intraday_5min/raw_monthly/AXP/2001-09.csv,csv ohlcv,2026-05-17T12:50:27Z
AXP,2001-10,ok,1793,av_intraday_5min/raw_monthly/AXP/2001-10.csv,csv ohlcv,2026-05-17T12:50:28Z
AXP,2001-11,ok,1598,av_intraday_5min/raw_monthly/AXP/2001-11.csv,csv ohlcv,2026-05-17T12:50:29Z
AXP,2001-12,ok,1525,av_intraday_5min/raw_monthly/AXP/2001-12.csv,csv ohlcv,2026-05-17T12:50:30Z
AXP,2002-01,ok,1638,av_intraday_5min/raw_monthly/AXP/2002-01.csv,csv ohlcv,2026-05-17T12:50:31Z
AXP,2002-02,ok,1482,av_intraday_5min/raw_monthly/AXP/2002-02.csv,csv ohlcv,2026-05-17T12:50:32Z
AXP,2002-03,ok,1560,av_intraday_5min/raw_monthly/AXP/2002-03.csv,csv ohlcv,2026-05-17T12:50:32Z
AXP,2002-04,ok,1716,av_intraday_5min/raw_monthly/AXP/2002-04.csv,csv ohlcv,2026-05-17T12:50:33Z
AXP,2002-05,ok,1716,av_intraday_5min/raw_monthly/AXP/2002-05.csv,csv ohlcv,2026-05-17T12:50:34Z
AXP,2002-06,ok,1560,av_intraday_5min/raw_monthly/AXP/2002-06.csv,csv ohlcv,2026-05-17T12:50:35Z
AXP,2002-07,ok,1681,av_intraday_5min/raw_monthly/AXP/2002-07.csv,csv ohlcv,2026-05-17T12:50:36Z
AXP,2002-08,ok,1716,av_intraday_5min/raw_monthly/AXP/2002-08.csv,csv ohlcv,2026-05-17T12:50:37Z
AXP,2002-09,ok,1529,av_intraday_5min/raw_monthly/AXP/2002-09.csv,csv ohlcv,2026-05-17T12:50:38Z
AXP,2002-10,ok,1794,av_intraday_5min/raw_monthly/AXP/2002-10.csv,csv ohlcv,2026-05-17T12:50:39Z
AXP,2002-11,ok,1525,av_intraday_5min/raw_monthly/AXP/2002-11.csv,csv ohlcv,2026-05-17T12:50:40Z
AXP,2002-12,ok,1603,av_intraday_5min/raw_monthly/AXP/2002-12.csv,csv ohlcv,2026-05-17T12:50:41Z
AXP,2003-01,ok,1637,av_intraday_5min/raw_monthly/AXP/2003-01.csv,csv ohlcv,2026-05-17T12:50:42Z
AXP,2003-02,ok,1482,av_intraday_5min/raw_monthly/AXP/2003-02.csv,csv ohlcv,2026-05-17T12:50:42Z
AXP,2003-03,ok,1638,av_intraday_5min/raw_monthly/AXP/2003-03.csv,csv ohlcv,2026-05-17T12:50:43Z
AXP,2003-04,ok,1638,av_intraday_5min/raw_monthly/AXP/2003-04.csv,csv ohlcv,2026-05-17T12:50:44Z
AXP,2003-05,ok,1638,av_intraday_5min/raw_monthly/AXP/2003-05.csv,csv ohlcv,2026-05-17T12:50:45Z
AXP,2003-06,ok,1636,av_intraday_5min/raw_monthly/AXP/2003-06.csv,csv ohlcv,2026-05-17T12:50:46Z
AXP,2003-07,ok,1681,av_intraday_5min/raw_monthly/AXP/2003-07.csv,csv ohlcv,2026-05-17T12:50:47Z
AXP,2003-08,ok,1638,av_intraday_5min/raw_monthly/AXP/2003-08.csv,csv ohlcv,2026-05-17T12:50:48Z
AXP,2003-09,ok,1638,av_intraday_5min/raw_monthly/AXP/2003-09.csv,csv ohlcv,2026-05-17T12:50:49Z
AXP,2003-10,ok,1794,av_intraday_5min/raw_monthly/AXP/2003-10.csv,csv ohlcv,2026-05-17T12:50:49Z
AXP,2003-11,ok,1447,av_intraday_5min/raw_monthly/AXP/2003-11.csv,csv ohlcv,2026-05-17T12:50:50Z
AXP,2003-12,ok,1646,av_intraday_5min/raw_monthly/AXP/2003-12.csv,csv ohlcv,2026-05-17T12:50:51Z
AXP,2004-01,ok,1560,av_intraday_5min/raw_monthly/AXP/2004-01.csv,csv ohlcv,2026-05-17T12:50:52Z
AXP,2004-02,ok,1482,av_intraday_5min/raw_monthly/AXP/2004-02.csv,csv ohlcv,2026-05-17T12:50:53Z
AXP,2004-03,ok,1794,av_intraday_5min/raw_monthly/AXP/2004-03.csv,csv ohlcv,2026-05-17T12:50:54Z
AXP,2004-04,ok,1637,av_intraday_5min/raw_monthly/AXP/2004-04.csv,csv ohlcv,2026-05-17T12:50:55Z
AXP,2004-05,ok,1560,av_intraday_5min/raw_monthly/AXP/2004-05.csv,csv ohlcv,2026-05-17T12:50:56Z
AXP,2004-06,ok,1638,av_intraday_5min/raw_monthly/AXP/2004-06.csv,csv ohlcv,2026-05-17T12:50:57Z
AXP,2004-07,ok,1637,av_intraday_5min/raw_monthly/AXP/2004-07.csv,csv ohlcv,2026-05-17T12:50:57Z
AXP,2004-08,ok,1716,av_intraday_5min/raw_monthly/AXP/2004-08.csv,csv ohlcv,2026-05-17T12:50:58Z
AXP,2004-09,ok,1638,av_intraday_5min/raw_monthly/AXP/2004-09.csv,csv ohlcv,2026-05-17T12:50:59Z
AXP,2004-10,ok,1638,av_intraday_5min/raw_monthly/AXP/2004-10.csv,csv ohlcv,2026-05-17T12:51:00Z
AXP,2004-11,ok,1603,av_intraday_5min/raw_monthly/AXP/2004-11.csv,csv ohlcv,2026-05-17T12:51:01Z
AXP,2004-12,ok,1716,av_intraday_5min/raw_monthly/AXP/2004-12.csv,csv ohlcv,2026-05-17T12:51:02Z
AXP,2005-01,ok,1560,av_intraday_5min/raw_monthly/AXP/2005-01.csv,csv ohlcv,2026-05-17T12:51:03Z
AXP,2005-02,ok,1482,av_intraday_5min/raw_monthly/AXP/2005-02.csv,csv ohlcv,2026-05-17T12:51:04Z
AXP,2005-03,ok,1716,av_intraday_5min/raw_monthly/AXP/2005-03.csv,csv ohlcv,2026-05-17T12:51:05Z
AXP,2005-04,ok,1638,av_intraday_5min/raw_monthly/AXP/2005-04.csv,csv ohlcv,2026-05-17T12:51:06Z
AXP,2005-05,ok,1638,av_intraday_5min/raw_monthly/AXP/2005-05.csv,csv ohlcv,2026-05-17T12:51:07Z
AXP,2005-06,ok,1713,av_intraday_5min/raw_monthly/AXP/2005-06.csv,csv ohlcv,2026-05-17T12:51:08Z
AXP,2005-07,ok,1560,av_intraday_5min/raw_monthly/AXP/2005-07.csv,csv ohlcv,2026-05-17T12:51:08Z
AXP,2005-08,ok,1794,av_intraday_5min/raw_monthly/AXP/2005-08.csv,csv ohlcv,2026-05-17T12:51:09Z
AXP,2005-09,ok,1638,av_intraday_5min/raw_monthly/AXP/2005-09.csv,csv ohlcv,2026-05-17T12:51:10Z
AXP,2005-10,ok,1638,av_intraday_5min/raw_monthly/AXP/2005-10.csv,csv ohlcv,2026-05-17T12:51:11Z
AXP,2005-11,ok,1603,av_intraday_5min/raw_monthly/AXP/2005-11.csv,csv ohlcv,2026-05-17T12:51:12Z
AXP,2005-12,ok,1634,av_intraday_5min/raw_monthly/AXP/2005-12.csv,csv ohlcv,2026-05-17T12:51:13Z
AXP,2006-01,ok,1560,av_intraday_5min/raw_monthly/AXP/2006-01.csv,csv ohlcv,2026-05-17T12:51:14Z
AXP,2006-02,ok,1482,av_intraday_5min/raw_monthly/AXP/2006-02.csv,csv ohlcv,2026-05-17T12:51:15Z
AXP,2006-03,ok,1794,av_intraday_5min/raw_monthly/AXP/2006-03.csv,csv ohlcv,2026-05-17T12:51:16Z
AXP,2006-04,ok,1482,av_intraday_5min/raw_monthly/AXP/2006-04.csv,csv ohlcv,2026-05-17T12:51:16Z
AXP,2006-05,ok,1716,av_intraday_5min/raw_monthly/AXP/2006-05.csv,csv ohlcv,2026-05-17T12:51:17Z
AXP,2006-06,ok,1716,av_intraday_5min/raw_monthly/AXP/2006-06.csv,csv ohlcv,2026-05-17T12:51:18Z
AXP,2006-07,ok,1525,av_intraday_5min/raw_monthly/AXP/2006-07.csv,csv ohlcv,2026-05-17T12:51:19Z
AXP,2006-08,ok,1794,av_intraday_5min/raw_monthly/AXP/2006-08.csv,csv ohlcv,2026-05-17T12:51:20Z
AXP,2006-09,ok,1560,av_intraday_5min/raw_monthly/AXP/2006-09.csv,csv ohlcv,2026-05-17T12:51:21Z
AXP,2006-10,ok,1716,av_intraday_5min/raw_monthly/AXP/2006-10.csv,csv ohlcv,2026-05-17T12:51:22Z
AXP,2006-11,ok,1603,av_intraday_5min/raw_monthly/AXP/2006-11.csv,csv ohlcv,2026-05-17T12:51:23Z
AXP,2006-12,ok,1560,av_intraday_5min/raw_monthly/AXP/2006-12.csv,csv ohlcv,2026-05-17T12:51:24Z
AXP,2007-01,ok,1560,av_intraday_5min/raw_monthly/AXP/2007-01.csv,csv ohlcv,2026-05-17T12:51:25Z
AXP,2007-02,ok,1482,av_intraday_5min/raw_monthly/AXP/2007-02.csv,csv ohlcv,2026-05-17T12:51:26Z
AXP,2007-03,ok,1716,av_intraday_5min/raw_monthly/AXP/2007-03.csv,csv ohlcv,2026-05-17T12:51:26Z
AXP,2007-04,ok,1560,av_intraday_5min/raw_monthly/AXP/2007-04.csv,csv ohlcv,2026-05-17T12:51:27Z
AXP,2007-05,ok,1716,av_intraday_5min/raw_monthly/AXP/2007-05.csv,csv ohlcv,2026-05-17T12:51:28Z
AXP,2007-06,ok,1638,av_intraday_5min/raw_monthly/AXP/2007-06.csv,csv ohlcv,2026-05-17T12:51:30Z
AXP,2007-07,ok,1606,av_intraday_5min/raw_monthly/AXP/2007-07.csv,csv ohlcv,2026-05-17T12:51:31Z
AXP,2007-08,ok,1794,av_intraday_5min/raw_monthly/AXP/2007-08.csv,csv ohlcv,2026-05-17T12:51:32Z
AXP,2007-09,ok,1482,av_intraday_5min/raw_monthly/AXP/2007-09.csv,csv ohlcv,2026-05-17T12:51:33Z
AXP,2007-10,ok,1794,av_intraday_5min/raw_monthly/AXP/2007-10.csv,csv ohlcv,2026-05-17T12:51:34Z
AXP,2007-11,ok,1608,av_intraday_5min/raw_monthly/AXP/2007-11.csv,csv ohlcv,2026-05-17T12:51:35Z
AXP,2007-12,ok,1529,av_intraday_5min/raw_monthly/AXP/2007-12.csv,csv ohlcv,2026-05-17T12:51:36Z
AXP,2008-01,ok,1638,av_intraday_5min/raw_monthly/AXP/2008-01.csv,csv ohlcv,2026-05-17T12:51:37Z
AXP,2008-02,ok,1560,av_intraday_5min/raw_monthly/AXP/2008-02.csv,csv ohlcv,2026-05-17T12:51:38Z
AXP,2008-03,ok,1560,av_intraday_5min/raw_monthly/AXP/2008-03.csv,csv ohlcv,2026-05-17T12:51:39Z
AXP,2008-04,ok,1716,av_intraday_5min/raw_monthly/AXP/2008-04.csv,csv ohlcv,2026-05-17T12:51:40Z
AXP,2008-05,ok,1638,av_intraday_5min/raw_monthly/AXP/2008-05.csv,csv ohlcv,2026-05-17T12:51:41Z
AXP,2008-06,ok,1638,av_intraday_5min/raw_monthly/AXP/2008-06.csv,csv ohlcv,2026-05-17T12:51:42Z
AXP,2008-07,ok,1688,av_intraday_5min/raw_monthly/AXP/2008-07.csv,csv ohlcv,2026-05-17T12:51:43Z
AXP,2008-08,ok,1638,av_intraday_5min/raw_monthly/AXP/2008-08.csv,csv ohlcv,2026-05-17T12:51:43Z
AXP,2008-09,ok,1637,av_intraday_5min/raw_monthly/AXP/2008-09.csv,csv ohlcv,2026-05-17T12:51:44Z
AXP,2008-10,ok,1794,av_intraday_5min/raw_monthly/AXP/2008-10.csv,csv ohlcv,2026-05-17T12:51:45Z
AXP,2008-11,ok,1453,av_intraday_5min/raw_monthly/AXP/2008-11.csv,csv ohlcv,2026-05-17T12:51:46Z
AXP,2008-12,ok,1685,av_intraday_5min/raw_monthly/AXP/2008-12.csv,csv ohlcv,2026-05-17T12:51:47Z
AXP,2009-01,ok,1560,av_intraday_5min/raw_monthly/AXP/2009-01.csv,csv ohlcv,2026-05-17T12:51:48Z
AXP,2009-02,ok,1482,av_intraday_5min/raw_monthly/AXP/2009-02.csv,csv ohlcv,2026-05-17T12:51:49Z
AXP,2009-03,ok,1716,av_intraday_5min/raw_monthly/AXP/2009-03.csv,csv ohlcv,2026-05-17T12:51:50Z
AXP,2009-04,ok,1638,av_intraday_5min/raw_monthly/AXP/2009-04.csv,csv ohlcv,2026-05-17T12:51:51Z
AXP,2009-05,ok,1560,av_intraday_5min/raw_monthly/AXP/2009-05.csv,csv ohlcv,2026-05-17T12:51:52Z
AXP,2009-06,ok,1716,av_intraday_5min/raw_monthly/AXP/2009-06.csv,csv ohlcv,2026-05-17T12:51:53Z
AXP,2009-07,ok,1716,av_intraday_5min/raw_monthly/AXP/2009-07.csv,csv ohlcv,2026-05-17T12:51:54Z
AXP,2009-08,ok,1638,av_intraday_5min/raw_monthly/AXP/2009-08.csv,csv ohlcv,2026-05-17T12:51:55Z
AXP,2009-09,ok,1638,av_intraday_5min/raw_monthly/AXP/2009-09.csv,csv ohlcv,2026-05-17T12:51:56Z
AXP,2009-10,ok,1716,av_intraday_5min/raw_monthly/AXP/2009-10.csv,csv ohlcv,2026-05-17T12:51:57Z
AXP,2009-11,ok,1533,av_intraday_5min/raw_monthly/AXP/2009-11.csv,csv ohlcv,2026-05-17T12:51:58Z
AXP,2009-12,ok,1683,av_intraday_5min/raw_monthly/AXP/2009-12.csv,csv ohlcv,2026-05-17T12:51:59Z
AXP,2010-01,ok,1482,av_intraday_5min/raw_monthly/AXP/2010-01.csv,csv ohlcv,2026-05-17T12:52:00Z
AXP,2010-02,ok,1482,av_intraday_5min/raw_monthly/AXP/2010-02.csv,csv ohlcv,2026-05-17T12:52:01Z
AXP,2010-03,ok,1794,av_intraday_5min/raw_monthly/AXP/2010-03.csv,csv ohlcv,2026-05-17T12:52:02Z
AXP,2010-04,ok,1638,av_intraday_5min/raw_monthly/AXP/2010-04.csv,csv ohlcv,2026-05-17T12:52:03Z
AXP,2010-05,ok,1560,av_intraday_5min/raw_monthly/AXP/2010-05.csv,csv ohlcv,2026-05-17T12:52:04Z
AXP,2010-06,ok,1716,av_intraday_5min/raw_monthly/AXP/2010-06.csv,csv ohlcv,2026-05-17T12:52:05Z
AXP,2010-07,ok,1638,av_intraday_5min/raw_monthly/AXP/2010-07.csv,csv ohlcv,2026-05-17T12:52:05Z
AXP,2010-08,ok,1716,av_intraday_5min/raw_monthly/AXP/2010-08.csv,csv ohlcv,2026-05-17T12:52:06Z
AXP,2010-09,ok,1638,av_intraday_5min/raw_monthly/AXP/2010-09.csv,csv ohlcv,2026-05-17T12:52:07Z
AXP,2010-10,ok,1638,av_intraday_5min/raw_monthly/AXP/2010-10.csv,csv ohlcv,2026-05-17T12:52:08Z
AXP,2010-11,ok,1615,av_intraday_5min/raw_monthly/AXP/2010-11.csv,csv ohlcv,2026-05-17T12:52:09Z
AXP,2010-12,ok,1716,av_intraday_5min/raw_monthly/AXP/2010-12.csv,csv ohlcv,2026-05-17T12:52:10Z
AXP,2011-01,ok,1560,av_intraday_5min/raw_monthly/AXP/2011-01.csv,csv ohlcv,2026-05-17T12:52:11Z
AXP,2011-02,ok,1482,av_intraday_5min/raw_monthly/AXP/2011-02.csv,csv ohlcv,2026-05-17T12:52:12Z
AXP,2011-03,ok,1794,av_intraday_5min/raw_monthly/AXP/2011-03.csv,csv ohlcv,2026-05-17T12:52:13Z
AXP,2011-04,ok,1560,av_intraday_5min/raw_monthly/AXP/2011-04.csv,csv ohlcv,2026-05-17T12:52:14Z
AXP,2011-05,ok,1638,av_intraday_5min/raw_monthly/AXP/2011-05.csv,csv ohlcv,2026-05-17T12:52:15Z
AXP,2011-06,ok,1716,av_intraday_5min/raw_monthly/AXP/2011-06.csv,csv ohlcv,2026-05-17T12:52:16Z
AXP,2011-07,ok,1560,av_intraday_5min/raw_monthly/AXP/2011-07.csv,csv ohlcv,2026-05-17T12:52:17Z
AXP,2011-08,ok,1794,av_intraday_5min/raw_monthly/AXP/2011-08.csv,csv ohlcv,2026-05-17T12:52:18Z
AXP,2011-09,ok,1638,av_intraday_5min/raw_monthly/AXP/2011-09.csv,csv ohlcv,2026-05-17T12:52:18Z
AXP,2011-10,ok,1638,av_intraday_5min/raw_monthly/AXP/2011-10.csv,csv ohlcv,2026-05-17T12:52:19Z
AXP,2011-11,ok,1609,av_intraday_5min/raw_monthly/AXP/2011-11.csv,csv ohlcv,2026-05-17T12:52:20Z
AXP,2011-12,ok,1638,av_intraday_5min/raw_monthly/AXP/2011-12.csv,csv ohlcv,2026-05-17T12:52:21Z
AXP,2012-01,ok,1560,av_intraday_5min/raw_monthly/AXP/2012-01.csv,csv ohlcv,2026-05-17T12:52:22Z
AXP,2012-02,ok,1560,av_intraday_5min/raw_monthly/AXP/2012-02.csv,csv ohlcv,2026-05-17T12:52:23Z
AXP,2012-03,ok,1716,av_intraday_5min/raw_monthly/AXP/2012-03.csv,csv ohlcv,2026-05-17T12:52:24Z
AXP,2012-04,ok,1560,av_intraday_5min/raw_monthly/AXP/2012-04.csv,csv ohlcv,2026-05-17T12:52:25Z
AXP,2012-05,ok,1716,av_intraday_5min/raw_monthly/AXP/2012-05.csv,csv ohlcv,2026-05-17T12:52:26Z
AXP,2012-06,ok,1638,av_intraday_5min/raw_monthly/AXP/2012-06.csv,csv ohlcv,2026-05-17T12:52:27Z
AXP,2012-07,ok,1605,av_intraday_5min/raw_monthly/AXP/2012-07.csv,csv ohlcv,2026-05-17T12:52:28Z
AXP,2012-08,ok,1794,av_intraday_5min/raw_monthly/AXP/2012-08.csv,csv ohlcv,2026-05-17T12:52:29Z
AXP,2012-09,ok,1482,av_intraday_5min/raw_monthly/AXP/2012-09.csv,csv ohlcv,2026-05-17T12:52:30Z
AXP,2012-10,ok,1638,av_intraday_5min/raw_monthly/AXP/2012-10.csv,csv ohlcv,2026-05-17T12:52:31Z
AXP,2012-11,ok,1604,av_intraday_5min/raw_monthly/AXP/2012-11.csv,csv ohlcv,2026-05-17T12:52:32Z
AXP,2012-12,ok,1525,av_intraday_5min/raw_monthly/AXP/2012-12.csv,csv ohlcv,2026-05-17T12:52:32Z
AXP,2013-01,ok,1638,av_intraday_5min/raw_monthly/AXP/2013-01.csv,csv ohlcv,2026-05-17T12:52:33Z
AXP,2013-02,ok,1482,av_intraday_5min/raw_monthly/AXP/2013-02.csv,csv ohlcv,2026-05-17T12:52:34Z
AXP,2013-03,ok,1560,av_intraday_5min/raw_monthly/AXP/2013-03.csv,csv ohlcv,2026-05-17T12:52:35Z
AXP,2013-04,ok,1716,av_intraday_5min/raw_monthly/AXP/2013-04.csv,csv ohlcv,2026-05-17T12:52:36Z
AXP,2013-05,ok,1716,av_intraday_5min/raw_monthly/AXP/2013-05.csv,csv ohlcv,2026-05-17T12:52:37Z
AXP,2013-06,ok,1560,av_intraday_5min/raw_monthly/AXP/2013-06.csv,csv ohlcv,2026-05-17T12:52:38Z
AXP,2013-07,ok,1683,av_intraday_5min/raw_monthly/AXP/2013-07.csv,csv ohlcv,2026-05-17T12:52:39Z
AXP,2013-08,ok,1716,av_intraday_5min/raw_monthly/AXP/2013-08.csv,csv ohlcv,2026-05-17T12:52:40Z
AXP,2013-09,ok,1560,av_intraday_5min/raw_monthly/AXP/2013-09.csv,csv ohlcv,2026-05-17T12:52:41Z
AXP,2013-10,ok,1794,av_intraday_5min/raw_monthly/AXP/2013-10.csv,csv ohlcv,2026-05-17T12:52:42Z
AXP,2013-11,ok,1530,av_intraday_5min/raw_monthly/AXP/2013-11.csv,csv ohlcv,2026-05-17T12:52:43Z
AXP,2013-12,ok,1604,av_intraday_5min/raw_monthly/AXP/2013-12.csv,csv ohlcv,2026-05-17T12:52:43Z
AXP,2014-01,ok,1638,av_intraday_5min/raw_monthly/AXP/2014-01.csv,csv ohlcv,2026-05-17T12:52:44Z
AXP,2014-02,ok,1482,av_intraday_5min/raw_monthly/AXP/2014-02.csv,csv ohlcv,2026-05-17T12:52:45Z
AXP,2014-03,ok,1638,av_intraday_5min/raw_monthly/AXP/2014-03.csv,csv ohlcv,2026-05-17T12:52:46Z
AXP,2014-04,ok,1638,av_intraday_5min/raw_monthly/AXP/2014-04.csv,csv ohlcv,2026-05-17T12:52:47Z
AXP,2014-05,ok,1638,av_intraday_5min/raw_monthly/AXP/2014-05.csv,csv ohlcv,2026-05-17T12:52:48Z
AXP,2014-06,ok,1638,av_intraday_5min/raw_monthly/AXP/2014-06.csv,csv ohlcv,2026-05-17T12:52:49Z
AXP,2014-07,ok,1682,av_intraday_5min/raw_monthly/AXP/2014-07.csv,csv ohlcv,2026-05-17T12:52:50Z
AXP,2014-08,ok,1638,av_intraday_5min/raw_monthly/AXP/2014-08.csv,csv ohlcv,2026-05-17T12:52:51Z
AXP,2014-09,ok,1638,av_intraday_5min/raw_monthly/AXP/2014-09.csv,csv ohlcv,2026-05-17T12:52:52Z
AXP,2014-10,ok,1783,av_intraday_5min/raw_monthly/AXP/2014-10.csv,csv ohlcv,2026-05-17T12:52:53Z
AXP,2014-11,ok,1449,av_intraday_5min/raw_monthly/AXP/2014-11.csv,csv ohlcv,2026-05-17T12:52:54Z
AXP,2014-12,ok,1682,av_intraday_5min/raw_monthly/AXP/2014-12.csv,csv ohlcv,2026-05-17T12:52:54Z
AXP,2015-01,ok,1560,av_intraday_5min/raw_monthly/AXP/2015-01.csv,csv ohlcv,2026-05-17T12:52:55Z
AXP,2015-02,ok,1482,av_intraday_5min/raw_monthly/AXP/2015-02.csv,csv ohlcv,2026-05-17T12:52:56Z
AXP,2015-03,ok,1716,av_intraday_5min/raw_monthly/AXP/2015-03.csv,csv ohlcv,2026-05-17T12:52:57Z
AXP,2015-04,ok,1638,av_intraday_5min/raw_monthly/AXP/2015-04.csv,csv ohlcv,2026-05-17T12:52:58Z
AXP,2015-05,ok,1560,av_intraday_5min/raw_monthly/AXP/2015-05.csv,csv ohlcv,2026-05-17T12:52:59Z
AXP,2015-06,ok,1716,av_intraday_5min/raw_monthly/AXP/2015-06.csv,csv ohlcv,2026-05-17T12:53:00Z
AXP,2015-07,ok,1716,av_intraday_5min/raw_monthly/AXP/2015-07.csv,csv ohlcv,2026-05-17T12:56:22Z
AXP,2015-08,ok,1638,av_intraday_5min/raw_monthly/AXP/2015-08.csv,csv ohlcv,2026-05-17T12:53:01Z
AXP,2015-09,ok,1638,av_intraday_5min/raw_monthly/AXP/2015-09.csv,csv ohlcv,2026-05-17T12:53:02Z
AXP,2015-10,ok,1716,av_intraday_5min/raw_monthly/AXP/2015-10.csv,csv ohlcv,2026-05-17T12:53:03Z
AXP,2015-11,ok,1528,av_intraday_5min/raw_monthly/AXP/2015-11.csv,csv ohlcv,2026-05-17T12:53:04Z
AXP,2015-12,ok,1681,av_intraday_5min/raw_monthly/AXP/2015-12.csv,csv ohlcv,2026-05-17T12:53:05Z
AXP,2016-01,ok,1482,av_intraday_5min/raw_monthly/AXP/2016-01.csv,csv ohlcv,2026-05-17T12:53:06Z
AXP,2016-02,ok,1560,av_intraday_5min/raw_monthly/AXP/2016-02.csv,csv ohlcv,2026-05-17T12:53:07Z
AXP,2016-03,ok,1716,av_intraday_5min/raw_monthly/AXP/2016-03.csv,csv ohlcv,2026-05-17T12:53:08Z
AXP,2016-04,ok,1638,av_intraday_5min/raw_monthly/AXP/2016-04.csv,csv ohlcv,2026-05-17T12:53:09Z
AXP,2016-05,ok,1638,av_intraday_5min/raw_monthly/AXP/2016-05.csv,csv ohlcv,2026-05-17T12:53:10Z
AXP,2016-06,ok,1716,av_intraday_5min/raw_monthly/AXP/2016-06.csv,csv ohlcv,2026-05-17T12:53:11Z
AXP,2016-07,ok,1560,av_intraday_5min/raw_monthly/AXP/2016-07.csv,csv ohlcv,2026-05-17T12:53:12Z
AXP,2016-08,ok,1794,av_intraday_5min/raw_monthly/AXP/2016-08.csv,csv ohlcv,2026-05-17T12:53:13Z
AXP,2016-09,ok,1638,av_intraday_5min/raw_monthly/AXP/2016-09.csv,csv ohlcv,2026-05-17T12:53:14Z
AXP,2016-10,ok,1638,av_intraday_5min/raw_monthly/AXP/2016-10.csv,csv ohlcv,2026-05-17T12:53:15Z
AXP,2016-11,ok,1608,av_intraday_5min/raw_monthly/AXP/2016-11.csv,csv ohlcv,2026-05-17T12:53:16Z
AXP,2016-12,ok,1638,av_intraday_5min/raw_monthly/AXP/2016-12.csv,csv ohlcv,2026-05-17T12:53:17Z
AXP,2017-01,ok,1560,av_intraday_5min/raw_monthly/AXP/2017-01.csv,csv ohlcv,2026-05-17T12:53:18Z
AXP,2017-02,ok,1482,av_intraday_5min/raw_monthly/AXP/2017-02.csv,csv ohlcv,2026-05-17T12:53:19Z
AXP,2017-03,ok,1794,av_intraday_5min/raw_monthly/AXP/2017-03.csv,csv ohlcv,2026-05-17T12:53:19Z
AXP,2017-04,ok,1482,av_intraday_5min/raw_monthly/AXP/2017-04.csv,csv ohlcv,2026-05-17T12:53:20Z
AXP,2017-05,ok,1716,av_intraday_5min/raw_monthly/AXP/2017-05.csv,csv ohlcv,2026-05-17T12:53:21Z
AXP,2017-06,ok,1716,av_intraday_5min/raw_monthly/AXP/2017-06.csv,csv ohlcv,2026-05-17T12:53:22Z
AXP,2017-07,ok,1528,av_intraday_5min/raw_monthly/AXP/2017-07.csv,csv ohlcv,2026-05-17T12:53:24Z
AXP,2017-08,ok,1794,av_intraday_5min/raw_monthly/AXP/2017-08.csv,csv ohlcv,2026-05-17T12:53:24Z
AXP,2017-09,ok,1560,av_intraday_5min/raw_monthly/AXP/2017-09.csv,csv ohlcv,2026-05-17T12:53:25Z
AXP,2017-10,ok,1716,av_intraday_5min/raw_monthly/AXP/2017-10.csv,csv ohlcv,2026-05-17T12:53:26Z
AXP,2017-11,ok,1606,av_intraday_5min/raw_monthly/AXP/2017-11.csv,csv ohlcv,2026-05-17T12:53:27Z
AXP,2017-12,ok,1560,av_intraday_5min/raw_monthly/AXP/2017-12.csv,csv ohlcv,2026-05-17T12:53:28Z
BA,2001-02,ok,1481,av_intraday_5min/raw_monthly/BA/2001-02.csv,csv ohlcv,2026-05-17T12:53:29Z
BA,2001-03,ok,1715,av_intraday_5min/raw_monthly/BA/2001-03.csv,csv ohlcv,2026-05-17T12:53:30Z
BA,2001-04,ok,1560,av_intraday_5min/raw_monthly/BA/2001-04.csv,csv ohlcv,2026-05-17T12:53:31Z
BA,2001-05,ok,1713,av_intraday_5min/raw_monthly/BA/2001-05.csv,csv ohlcv,2026-05-17T12:53:32Z
BA,2001-06,ok,1609,av_intraday_5min/raw_monthly/BA/2001-06.csv,csv ohlcv,2026-05-17T12:53:33Z
BA,2001-07,ok,1603,av_intraday_5min/raw_monthly/BA/2001-07.csv,csv ohlcv,2026-05-17T12:53:34Z
BA,2001-08,ok,1793,av_intraday_5min/raw_monthly/BA/2001-08.csv,csv ohlcv,2026-05-17T12:53:35Z
BA,2001-09,ok,1164,av_intraday_5min/raw_monthly/BA/2001-09.csv,csv ohlcv,2026-05-17T12:53:36Z
BA,2001-10,ok,1793,av_intraday_5min/raw_monthly/BA/2001-10.csv,csv ohlcv,2026-05-17T12:53:37Z
BA,2001-11,ok,1595,av_intraday_5min/raw_monthly/BA/2001-11.csv,csv ohlcv,2026-05-17T12:53:38Z
BA,2001-12,ok,1524,av_intraday_5min/raw_monthly/BA/2001-12.csv,csv ohlcv,2026-05-17T12:53:39Z
BA,2002-01,ok,1638,av_intraday_5min/raw_monthly/BA/2002-01.csv,csv ohlcv,2026-05-17T12:53:40Z
BA,2002-02,ok,1482,av_intraday_5min/raw_monthly/BA/2002-02.csv,csv ohlcv,2026-05-17T12:53:41Z
BA,2002-03,ok,1560,av_intraday_5min/raw_monthly/BA/2002-03.csv,csv ohlcv,2026-05-17T12:53:42Z
BA,2002-04,ok,1715,av_intraday_5min/raw_monthly/BA/2002-04.csv,csv ohlcv,2026-05-17T12:53:43Z
BA,2002-05,ok,1714,av_intraday_5min/raw_monthly/BA/2002-05.csv,csv ohlcv,2026-05-17T12:53:43Z
BA,2002-06,ok,1560,av_intraday_5min/raw_monthly/BA/2002-06.csv,csv ohlcv,2026-05-17T12:53:45Z
BA,2002-07,ok,1680,av_intraday_5min/raw_monthly/BA/2002-07.csv,csv ohlcv,2026-05-17T12:53:46Z
BA,2002-08,ok,1716,av_intraday_5min/raw_monthly/BA/2002-08.csv,csv ohlcv,2026-05-17T12:53:47Z
BA,2002-09,ok,1529,av_intraday_5min/raw_monthly/BA/2002-09.csv,csv ohlcv,2026-05-17T12:53:48Z
BA,2002-10,ok,1791,av_intraday_5min/raw_monthly/BA/2002-10.csv,csv ohlcv,2026-05-17T12:53:48Z
BA,2002-11,ok,1524,av_intraday_5min/raw_monthly/BA/2002-11.csv,csv ohlcv,2026-05-17T12:53:49Z
BA,2002-12,ok,1602,av_intraday_5min/raw_monthly/BA/2002-12.csv,csv ohlcv,2026-05-17T12:53:50Z
BA,2003-01,ok,1637,av_intraday_5min/raw_monthly/BA/2003-01.csv,csv ohlcv,2026-05-17T12:53:53Z
BA,2003-02,ok,1481,av_intraday_5min/raw_monthly/BA/2003-02.csv,csv ohlcv,2026-05-17T12:53:54Z
BA,2003-03,ok,1638,av_intraday_5min/raw_monthly/BA/2003-03.csv,csv ohlcv,2026-05-17T12:53:55Z
BA,2003-04,ok,1638,av_intraday_5min/raw_monthly/BA/2003-04.csv,csv ohlcv,2026-05-17T12:53:56Z
BA,2003-05,ok,1638,av_intraday_5min/raw_monthly/BA/2003-05.csv,csv ohlcv,2026-05-17T12:53:58Z
BA,2003-06,ok,1636,av_intraday_5min/raw_monthly/BA/2003-06.csv,csv ohlcv,2026-05-17T12:53:58Z
BA,2003-07,ok,1681,av_intraday_5min/raw_monthly/BA/2003-07.csv,csv ohlcv,2026-05-17T12:53:59Z
BA,2003-08,ok,1638,av_intraday_5min/raw_monthly/BA/2003-08.csv,csv ohlcv,2026-05-17T12:54:00Z
BA,2003-09,ok,1638,av_intraday_5min/raw_monthly/BA/2003-09.csv,csv ohlcv,2026-05-17T12:54:01Z
BA,2003-10,ok,1794,av_intraday_5min/raw_monthly/BA/2003-10.csv,csv ohlcv,2026-05-17T12:54:02Z
BA,2003-11,ok,1447,av_intraday_5min/raw_monthly/BA/2003-11.csv,csv ohlcv,2026-05-17T12:54:04Z
BA,2003-12,ok,1646,av_intraday_5min/raw_monthly/BA/2003-12.csv,csv ohlcv,2026-05-17T12:54:04Z
BA,2004-01,ok,1560,av_intraday_5min/raw_monthly/BA/2004-01.csv,csv ohlcv,2026-05-17T12:54:05Z
BA,2004-02,ok,1481,av_intraday_5min/raw_monthly/BA/2004-02.csv,csv ohlcv,2026-05-17T12:54:06Z
BA,2004-03,ok,1792,av_intraday_5min/raw_monthly/BA/2004-03.csv,csv ohlcv,2026-05-17T12:54:07Z
BA,2004-04,ok,1636,av_intraday_5min/raw_monthly/BA/2004-04.csv,csv ohlcv,2026-05-17T12:54:08Z
BA,2004-05,ok,1558,av_intraday_5min/raw_monthly/BA/2004-05.csv,csv ohlcv,2026-05-17T12:54:09Z
BA,2004-06,ok,1638,av_intraday_5min/raw_monthly/BA/2004-06.csv,csv ohlcv,2026-05-17T12:54:10Z
BA,2004-07,ok,1638,av_intraday_5min/raw_monthly/BA/2004-07.csv,csv ohlcv,2026-05-17T12:54:11Z
BA,2004-08,ok,1716,av_intraday_5min/raw_monthly/BA/2004-08.csv,csv ohlcv,2026-05-17T12:54:12Z
BA,2004-09,ok,1638,av_intraday_5min/raw_monthly/BA/2004-09.csv,csv ohlcv,2026-05-17T12:54:13Z
BA,2004-10,ok,1638,av_intraday_5min/raw_monthly/BA/2004-10.csv,csv ohlcv,2026-05-17T12:54:14Z
BA,2004-11,ok,1603,av_intraday_5min/raw_monthly/BA/2004-11.csv,csv ohlcv,2026-05-17T12:54:15Z
BA,2004-12,ok,1715,av_intraday_5min/raw_monthly/BA/2004-12.csv,csv ohlcv,2026-05-17T12:54:15Z
BA,2005-01,ok,1560,av_intraday_5min/raw_monthly/BA/2005-01.csv,csv ohlcv,2026-05-17T12:54:16Z
BA,2005-02,ok,1451,av_intraday_5min/raw_monthly/BA/2005-02.csv,csv ohlcv,2026-05-17T12:54:17Z
BA,2005-03,ok,1716,av_intraday_5min/raw_monthly/BA/2005-03.csv,csv ohlcv,2026-05-17T12:54:18Z
BA,2005-04,ok,1638,av_intraday_5min/raw_monthly/BA/2005-04.csv,csv ohlcv,2026-05-17T12:54:19Z
BA,2005-05,ok,1638,av_intraday_5min/raw_monthly/BA/2005-05.csv,csv ohlcv,2026-05-17T12:54:20Z
BA,2005-06,ok,1714,av_intraday_5min/raw_monthly/BA/2005-06.csv,csv ohlcv,2026-05-17T12:56:22Z
BA,2005-07,ok,1560,av_intraday_5min/raw_monthly/BA/2005-07.csv,csv ohlcv,2026-05-17T12:54:21Z
BA,2005-08,ok,1794,av_intraday_5min/raw_monthly/BA/2005-08.csv,csv ohlcv,2026-05-17T12:54:22Z
BA,2005-09,ok,1638,av_intraday_5min/raw_monthly/BA/2005-09.csv,csv ohlcv,2026-05-17T12:54:23Z
BA,2005-10,ok,1638,av_intraday_5min/raw_monthly/BA/2005-10.csv,csv ohlcv,2026-05-17T12:54:24Z
BA,2005-11,ok,1603,av_intraday_5min/raw_monthly/BA/2005-11.csv,csv ohlcv,2026-05-17T12:54:25Z
BA,2005-12,ok,1638,av_intraday_5min/raw_monthly/BA/2005-12.csv,csv ohlcv,2026-05-17T12:54:26Z
BA,2006-01,ok,1560,av_intraday_5min/raw_monthly/BA/2006-01.csv,csv ohlcv,2026-05-17T12:54:27Z
BA,2006-02,ok,1482,av_intraday_5min/raw_monthly/BA/2006-02.csv,csv ohlcv,2026-05-17T12:54:28Z
BA,2006-03,ok,1794,av_intraday_5min/raw_monthly/BA/2006-03.csv,csv ohlcv,2026-05-17T12:54:29Z
BA,2006-04,ok,1482,av_intraday_5min/raw_monthly/BA/2006-04.csv,csv ohlcv,2026-05-17T12:54:30Z
BA,2006-05,ok,1716,av_intraday_5min/raw_monthly/BA/2006-05.csv,csv ohlcv,2026-05-17T12:54:31Z
BA,2006-06,ok,1716,av_intraday_5min/raw_monthly/BA/2006-06.csv,csv ohlcv,2026-05-17T12:54:32Z
BA,2006-07,ok,1525,av_intraday_5min/raw_monthly/BA/2006-07.csv,csv ohlcv,2026-05-17T12:54:33Z
BA,2006-08,ok,1794,av_intraday_5min/raw_monthly/BA/2006-08.csv,csv ohlcv,2026-05-17T12:54:34Z
BA,2006-09,ok,1560,av_intraday_5min/raw_monthly/BA/2006-09.csv,csv ohlcv,2026-05-17T12:54:34Z
BA,2006-10,ok,1716,av_intraday_5min/raw_monthly/BA/2006-10.csv,csv ohlcv,2026-05-17T12:54:35Z
BA,2006-11,ok,1603,av_intraday_5min/raw_monthly/BA/2006-11.csv,csv ohlcv,2026-05-17T12:54:36Z
BA,2006-12,ok,1560,av_intraday_5min/raw_monthly/BA/2006-12.csv,csv ohlcv,2026-05-17T12:54:37Z
BA,2007-01,ok,1560,av_intraday_5min/raw_monthly/BA/2007-01.csv,csv ohlcv,2026-05-17T12:54:38Z
BA,2007-02,ok,1482,av_intraday_5min/raw_monthly/BA/2007-02.csv,csv ohlcv,2026-05-17T12:54:39Z
BA,2007-03,ok,1716,av_intraday_5min/raw_monthly/BA/2007-03.csv,csv ohlcv,2026-05-17T12:54:40Z
BA,2007-04,ok,1560,av_intraday_5min/raw_monthly/BA/2007-04.csv,csv ohlcv,2026-05-17T12:54:41Z
BA,2007-05,ok,1716,av_intraday_5min/raw_monthly/BA/2007-05.csv,csv ohlcv,2026-05-17T12:54:42Z
BA,2007-06,ok,1638,av_intraday_5min/raw_monthly/BA/2007-06.csv,csv ohlcv,2026-05-17T12:54:43Z
BA,2007-07,ok,1609,av_intraday_5min/raw_monthly/BA/2007-07.csv,csv ohlcv,2026-05-17T12:54:44Z
BA,2007-08,ok,1794,av_intraday_5min/raw_monthly/BA/2007-08.csv,csv ohlcv,2026-05-17T12:54:45Z
BA,2007-09,ok,1482,av_intraday_5min/raw_monthly/BA/2007-09.csv,csv ohlcv,2026-05-17T12:54:46Z
BA,2007-10,ok,1794,av_intraday_5min/raw_monthly/BA/2007-10.csv,csv ohlcv,2026-05-17T12:54:47Z
BA,2007-11,ok,1610,av_intraday_5min/raw_monthly/BA/2007-11.csv,csv ohlcv,2026-05-17T12:54:48Z
BA,2007-12,ok,1531,av_intraday_5min/raw_monthly/BA/2007-12.csv,csv ohlcv,2026-05-17T12:54:49Z
BA,2008-01,ok,1638,av_intraday_5min/raw_monthly/BA/2008-01.csv,csv ohlcv,2026-05-17T12:54:50Z
BA,2008-02,ok,1560,av_intraday_5min/raw_monthly/BA/2008-02.csv,csv ohlcv,2026-05-17T12:54:51Z
BA,2008-03,ok,1560,av_intraday_5min/raw_monthly/BA/2008-03.csv,csv ohlcv,2026-05-17T12:54:52Z
BA,2008-04,ok,1716,av_intraday_5min/raw_monthly/BA/2008-04.csv,csv ohlcv,2026-05-17T12:54:53Z
BA,2008-05,ok,1638,av_intraday_5min/raw_monthly/BA/2008-05.csv,csv ohlcv,2026-05-17T12:54:54Z
BA,2008-06,ok,1638,av_intraday_5min/raw_monthly/BA/2008-06.csv,csv ohlcv,2026-05-17T12:54:55Z
BA,2008-07,ok,1685,av_intraday_5min/raw_monthly/BA/2008-07.csv,csv ohlcv,2026-05-17T12:54:56Z
BA,2008-08,ok,1638,av_intraday_5min/raw_monthly/BA/2008-08.csv,csv ohlcv,2026-05-17T12:54:57Z
BA,2008-09,ok,1637,av_intraday_5min/raw_monthly/BA/2008-09.csv,csv ohlcv,2026-05-17T12:54:58Z
BA,2008-10,ok,1794,av_intraday_5min/raw_monthly/BA/2008-10.csv,csv ohlcv,2026-05-17T12:54:59Z
BA,2008-11,ok,1453,av_intraday_5min/raw_monthly/BA/2008-11.csv,csv ohlcv,2026-05-17T12:55:00Z
BA,2008-12,ok,1683,av_intraday_5min/raw_monthly/BA/2008-12.csv,csv ohlcv,2026-05-17T12:55:01Z
BA,2009-01,ok,1560,av_intraday_5min/raw_monthly/BA/2009-01.csv,csv ohlcv,2026-05-17T12:55:01Z
BA,2009-02,ok,1482,av_intraday_5min/raw_monthly/BA/2009-02.csv,csv ohlcv,2026-05-17T12:55:02Z
BA,2009-03,ok,1716,av_intraday_5min/raw_monthly/BA/2009-03.csv,csv ohlcv,2026-05-17T12:55:03Z
BA,2009-04,ok,1638,av_intraday_5min/raw_monthly/BA/2009-04.csv,csv ohlcv,2026-05-17T12:55:04Z
BA,2009-05,ok,1560,av_intraday_5min/raw_monthly/BA/2009-05.csv,csv ohlcv,2026-05-17T12:55:05Z
BA,2009-06,ok,1716,av_intraday_5min/raw_monthly/BA/2009-06.csv,csv ohlcv,2026-05-17T12:55:06Z
BA,2009-07,ok,1716,av_intraday_5min/raw_monthly/BA/2009-07.csv,csv ohlcv,2026-05-17T12:55:07Z
BA,2009-08,ok,1638,av_intraday_5min/raw_monthly/BA/2009-08.csv,csv ohlcv,2026-05-17T12:55:08Z
BA,2009-09,ok,1638,av_intraday_5min/raw_monthly/BA/2009-09.csv,csv ohlcv,2026-05-17T12:55:09Z
BA,2009-10,ok,1716,av_intraday_5min/raw_monthly/BA/2009-10.csv,csv ohlcv,2026-05-17T12:55:10Z
BA,2009-11,ok,1530,av_intraday_5min/raw_monthly/BA/2009-11.csv,csv ohlcv,2026-05-17T12:55:11Z
BA,2009-12,ok,1685,av_intraday_5min/raw_monthly/BA/2009-12.csv,csv ohlcv,2026-05-17T12:55:12Z
BA,2010-01,ok,1482,av_intraday_5min/raw_monthly/BA/2010-01.csv,csv ohlcv,2026-05-17T12:55:13Z
BA,2010-02,ok,1482,av_intraday_5min/raw_monthly/BA/2010-02.csv,csv ohlcv,2026-05-17T12:55:14Z
BA,2010-03,ok,1794,av_intraday_5min/raw_monthly/BA/2010-03.csv,csv ohlcv,2026-05-17T12:55:15Z
BA,2010-04,ok,1638,av_intraday_5min/raw_monthly/BA/2010-04.csv,csv ohlcv,2026-05-17T12:55:16Z
BA,2010-05,ok,1560,av_intraday_5min/raw_monthly/BA/2010-05.csv,csv ohlcv,2026-05-17T12:55:16Z
BA,2010-06,ok,1716,av_intraday_5min/raw_monthly/BA/2010-06.csv,csv ohlcv,2026-05-17T12:55:18Z
BA,2010-07,ok,1638,av_intraday_5min/raw_monthly/BA/2010-07.csv,csv ohlcv,2026-05-17T12:55:19Z
BA,2010-08,ok,1716,av_intraday_5min/raw_monthly/BA/2010-08.csv,csv ohlcv,2026-05-17T12:55:20Z
BA,2010-09,ok,1638,av_intraday_5min/raw_monthly/BA/2010-09.csv,csv ohlcv,2026-05-17T12:55:20Z
BA,2010-10,ok,1638,av_intraday_5min/raw_monthly/BA/2010-10.csv,csv ohlcv,2026-05-17T12:55:22Z
BA,2010-11,ok,1610,av_intraday_5min/raw_monthly/BA/2010-11.csv,csv ohlcv,2026-05-17T12:55:22Z
BA,2010-12,ok,1716,av_intraday_5min/raw_monthly/BA/2010-12.csv,csv ohlcv,2026-05-17T12:55:23Z
BA,2011-01,ok,1560,av_intraday_5min/raw_monthly/BA/2011-01.csv,csv ohlcv,2026-05-17T12:55:24Z
BA,2011-02,ok,1482,av_intraday_5min/raw_monthly/BA/2011-02.csv,csv ohlcv,2026-05-17T12:55:25Z
BA,2011-03,ok,1794,av_intraday_5min/raw_monthly/BA/2011-03.csv,csv ohlcv,2026-05-17T12:55:26Z
BA,2011-04,ok,1560,av_intraday_5min/raw_monthly/BA/2011-04.csv,csv ohlcv,2026-05-17T12:55:27Z
BA,2011-05,ok,1638,av_intraday_5min/raw_monthly/BA/2011-05.csv,csv ohlcv,2026-05-17T12:55:28Z
BA,2011-06,ok,1716,av_intraday_5min/raw_monthly/BA/2011-06.csv,csv ohlcv,2026-05-17T12:55:29Z
BA,2011-07,ok,1560,av_intraday_5min/raw_monthly/BA/2011-07.csv,csv ohlcv,2026-05-17T12:55:30Z
BA,2011-08,ok,1794,av_intraday_5min/raw_monthly/BA/2011-08.csv,csv ohlcv,2026-05-17T12:55:31Z
BA,2011-09,ok,1638,av_intraday_5min/raw_monthly/BA/2011-09.csv,csv ohlcv,2026-05-17T12:55:32Z
BA,2011-10,ok,1638,av_intraday_5min/raw_monthly/BA/2011-10.csv,csv ohlcv,2026-05-17T12:55:33Z
BA,2011-11,ok,1609,av_intraday_5min/raw_monthly/BA/2011-11.csv,csv ohlcv,2026-05-17T12:55:34Z
BA,2011-12,ok,1638,av_intraday_5min/raw_monthly/BA/2011-12.csv,csv ohlcv,2026-05-17T12:55:35Z
BA,2012-01,ok,1560,av_intraday_5min/raw_monthly/BA/2012-01.csv,csv ohlcv,2026-05-17T12:55:36Z
BA,2012-02,ok,1560,av_intraday_5min/raw_monthly/BA/2012-02.csv,csv ohlcv,2026-05-17T12:55:37Z
BA,2012-03,ok,1716,av_intraday_5min/raw_monthly/BA/2012-03.csv,csv ohlcv,2026-05-17T12:55:38Z
BA,2012-04,ok,1560,av_intraday_5min/raw_monthly/BA/2012-04.csv,csv ohlcv,2026-05-17T12:55:39Z
BA,2012-05,ok,1716,av_intraday_5min/raw_monthly/BA/2012-05.csv,csv ohlcv,2026-05-17T12:55:39Z
BA,2012-06,ok,1638,av_intraday_5min/raw_monthly/BA/2012-06.csv,csv ohlcv,2026-05-17T12:55:41Z
BA,2012-07,ok,1605,av_intraday_5min/raw_monthly/BA/2012-07.csv,csv ohlcv,2026-05-17T12:55:41Z
BA,2012-08,ok,1794,av_intraday_5min/raw_monthly/BA/2012-08.csv,csv ohlcv,2026-05-17T12:55:42Z
BA,2012-09,ok,1482,av_intraday_5min/raw_monthly/BA/2012-09.csv,csv ohlcv,2026-05-17T12:55:43Z
BA,2012-10,ok,1638,av_intraday_5min/raw_monthly/BA/2012-10.csv,csv ohlcv,2026-05-17T12:55:44Z
BA,2012-11,ok,1604,av_intraday_5min/raw_monthly/BA/2012-11.csv,csv ohlcv,2026-05-17T12:55:45Z
BA,2012-12,ok,1526,av_intraday_5min/raw_monthly/BA/2012-12.csv,csv ohlcv,2026-05-17T12:55:46Z
BA,2013-01,ok,1638,av_intraday_5min/raw_monthly/BA/2013-01.csv,csv ohlcv,2026-05-17T12:55:47Z
BA,2013-02,ok,1482,av_intraday_5min/raw_monthly/BA/2013-02.csv,csv ohlcv,2026-05-17T12:55:48Z
BA,2013-03,ok,1560,av_intraday_5min/raw_monthly/BA/2013-03.csv,csv ohlcv,2026-05-17T12:55:49Z
BA,2013-04,ok,1716,av_intraday_5min/raw_monthly/BA/2013-04.csv,csv ohlcv,2026-05-17T12:55:50Z
BA,2013-05,ok,1716,av_intraday_5min/raw_monthly/BA/2013-05.csv,csv ohlcv,2026-05-17T12:55:51Z
BA,2013-06,ok,1560,av_intraday_5min/raw_monthly/BA/2013-06.csv,csv ohlcv,2026-05-17T12:55:51Z
BA,2013-07,ok,1687,av_intraday_5min/raw_monthly/BA/2013-07.csv,csv ohlcv,2026-05-17T12:55:53Z
BA,2013-08,ok,1716,av_intraday_5min/raw_monthly/BA/2013-08.csv,csv ohlcv,2026-05-17T12:55:54Z
BA,2013-09,ok,1560,av_intraday_5min/raw_monthly/BA/2013-09.csv,csv ohlcv,2026-05-17T12:55:54Z
BA,2013-10,ok,1794,av_intraday_5min/raw_monthly/BA/2013-10.csv,csv ohlcv,2026-05-17T12:55:55Z
BA,2013-11,ok,1525,av_intraday_5min/raw_monthly/BA/2013-11.csv,csv ohlcv,2026-05-17T12:55:56Z
BA,2013-12,ok,1605,av_intraday_5min/raw_monthly/BA/2013-12.csv,csv ohlcv,2026-05-17T12:55:57Z
BA,2014-01,ok,1638,av_intraday_5min/raw_monthly/BA/2014-01.csv,csv ohlcv,2026-05-17T12:55:58Z
BA,2014-02,ok,1482,av_intraday_5min/raw_monthly/BA/2014-02.csv,csv ohlcv,2026-05-17T12:55:59Z
BA,2014-03,ok,1638,av_intraday_5min/raw_monthly/BA/2014-03.csv,csv ohlcv,2026-05-17T12:56:00Z
BA,2014-04,ok,1638,av_intraday_5min/raw_monthly/BA/2014-04.csv,csv ohlcv,2026-05-17T12:56:01Z
BA,2014-05,ok,1638,av_intraday_5min/raw_monthly/BA/2014-05.csv,csv ohlcv,2026-05-17T12:56:02Z
BA,2014-06,ok,1638,av_intraday_5min/raw_monthly/BA/2014-06.csv,csv ohlcv,2026-05-17T12:56:03Z
BA,2014-07,ok,1690,av_intraday_5min/raw_monthly/BA/2014-07.csv,csv ohlcv,2026-05-17T12:56:23Z
BA,2014-08,ok,1638,av_intraday_5min/raw_monthly/BA/2014-08.csv,csv ohlcv,2026-05-17T12:56:24Z
BA,2014-09,ok,1638,av_intraday_5min/raw_monthly/BA/2014-09.csv,csv ohlcv,2026-05-17T12:56:24Z
BA,2014-10,ok,1783,av_intraday_5min/raw_monthly/BA/2014-10.csv,csv ohlcv,2026-05-17T12:56:25Z
BA,2014-11,ok,1453,av_intraday_5min/raw_monthly/BA/2014-11.csv,csv ohlcv,2026-05-17T12:56:26Z
BA,2014-12,ok,1686,av_intraday_5min/raw_monthly/BA/2014-12.csv,csv ohlcv,2026-05-17T12:56:27Z
BA,2015-01,ok,1560,av_intraday_5min/raw_monthly/BA/2015-01.csv,csv ohlcv,2026-05-17T12:56:27Z
BA,2015-02,ok,1482,av_intraday_5min/raw_monthly/BA/2015-02.csv,csv ohlcv,2026-05-17T12:56:28Z
BA,2015-03,ok,1716,av_intraday_5min/raw_monthly/BA/2015-03.csv,csv ohlcv,2026-05-17T12:56:29Z
BA,2015-04,ok,1638,av_intraday_5min/raw_monthly/BA/2015-04.csv,csv ohlcv,2026-05-17T12:56:30Z
BA,2015-05,ok,1560,av_intraday_5min/raw_monthly/BA/2015-05.csv,csv ohlcv,2026-05-17T12:56:31Z
BA,2015-06,ok,1716,av_intraday_5min/raw_monthly/BA/2015-06.csv,csv ohlcv,2026-05-17T12:56:32Z
BA,2015-07,ok,1716,av_intraday_5min/raw_monthly/BA/2015-07.csv,csv ohlcv,2026-05-17T12:56:33Z
BA,2015-08,ok,1638,av_intraday_5min/raw_monthly/BA/2015-08.csv,csv ohlcv,2026-05-17T12:56:33Z
BA,2015-09,ok,1638,av_intraday_5min/raw_monthly/BA/2015-09.csv,csv ohlcv,2026-05-17T12:56:34Z
BA,2015-10,ok,1716,av_intraday_5min/raw_monthly/BA/2015-10.csv,csv ohlcv,2026-05-17T12:56:35Z
BA,2015-11,ok,1533,av_intraday_5min/raw_monthly/BA/2015-11.csv,csv ohlcv,2026-05-17T12:56:36Z
BA,2015-12,ok,1682,av_intraday_5min/raw_monthly/BA/2015-12.csv,csv ohlcv,2026-05-17T12:56:37Z
BA,2016-01,ok,1482,av_intraday_5min/raw_monthly/BA/2016-01.csv,csv ohlcv,2026-05-17T12:56:37Z
BA,2016-02,ok,1560,av_intraday_5min/raw_monthly/BA/2016-02.csv,csv ohlcv,2026-05-17T12:56:38Z
BA,2016-03,ok,1716,av_intraday_5min/raw_monthly/BA/2016-03.csv,csv ohlcv,2026-05-17T12:56:39Z
BA,2016-04,ok,1638,av_intraday_5min/raw_monthly/BA/2016-04.csv,csv ohlcv,2026-05-17T12:56:40Z
BA,2016-05,ok,1638,av_intraday_5min/raw_monthly/BA/2016-05.csv,csv ohlcv,2026-05-17T12:56:41Z
BA,2016-06,ok,1716,av_intraday_5min/raw_monthly/BA/2016-06.csv,csv ohlcv,2026-05-17T12:56:41Z
BA,2016-07,ok,1560,av_intraday_5min/raw_monthly/BA/2016-07.csv,csv ohlcv,2026-05-17T12:56:42Z
BA,2016-08,ok,1794,av_intraday_5min/raw_monthly/BA/2016-08.csv,csv ohlcv,2026-05-17T12:56:43Z
BA,2016-09,ok,1638,av_intraday_5min/raw_monthly/BA/2016-09.csv,csv ohlcv,2026-05-17T12:56:44Z
BA,2016-10,ok,1638,av_intraday_5min/raw_monthly/BA/2016-10.csv,csv ohlcv,2026-05-17T12:56:45Z
BA,2016-11,ok,1608,av_intraday_5min/raw_monthly/BA/2016-11.csv,csv ohlcv,2026-05-17T12:56:45Z
BA,2016-12,ok,1638,av_intraday_5min/raw_monthly/BA/2016-12.csv,csv ohlcv,2026-05-17T12:56:46Z
BA,2017-01,ok,1560,av_intraday_5min/raw_monthly/BA/2017-01.csv,csv ohlcv,2026-05-17T12:56:47Z
BA,2017-02,ok,1482,av_intraday_5min/raw_monthly/BA/2017-02.csv,csv ohlcv,2026-05-17T12:56:48Z
BA,2017-03,ok,1794,av_intraday_5min/raw_monthly/BA/2017-03.csv,csv ohlcv,2026-05-17T12:56:49Z
BA,2017-04,ok,1482,av_intraday_5min/raw_monthly/BA/2017-04.csv,csv ohlcv,2026-05-17T12:56:50Z
BA,2017-05,ok,1716,av_intraday_5min/raw_monthly/BA/2017-05.csv,csv ohlcv,2026-05-17T12:56:50Z
BA,2017-06,ok,1716,av_intraday_5min/raw_monthly/BA/2017-06.csv,csv ohlcv,2026-05-17T12:56:51Z
BA,2017-07,ok,1530,av_intraday_5min/raw_monthly/BA/2017-07.csv,csv ohlcv,2026-05-17T12:56:52Z
BA,2017-08,ok,1794,av_intraday_5min/raw_monthly/BA/2017-08.csv,csv ohlcv,2026-05-17T12:56:53Z
BA,2017-09,ok,1560,av_intraday_5min/raw_monthly/BA/2017-09.csv,csv ohlcv,2026-05-17T12:56:54Z
BA,2017-10,ok,1716,av_intraday_5min/raw_monthly/BA/2017-10.csv,csv ohlcv,2026-05-17T12:56:54Z
BA,2017-11,ok,1603,av_intraday_5min/raw_monthly/BA/2017-11.csv,csv ohlcv,2026-05-17T12:56:55Z
BA,2017-12,ok,1560,av_intraday_5min/raw_monthly/BA/2017-12.csv,csv ohlcv,2026-05-17T12:56:56Z
CAT,2001-02,ok,1481,av_intraday_5min/raw_monthly/CAT/2001-02.csv,csv ohlcv,2026-05-17T12:56:57Z
CAT,2001-03,ok,1706,av_intraday_5min/raw_monthly/CAT/2001-03.csv,csv ohlcv,2026-05-17T12:56:58Z
CAT,2001-04,ok,1555,av_intraday_5min/raw_monthly/CAT/2001-04.csv,csv ohlcv,2026-05-17T12:56:59Z
CAT,2001-05,ok,1706,av_intraday_5min/raw_monthly/CAT/2001-05.csv,csv ohlcv,2026-05-17T12:56:59Z
CAT,2001-06,ok,1611,av_intraday_5min/raw_monthly/CAT/2001-06.csv,csv ohlcv,2026-05-17T12:57:00Z
CAT,2001-07,ok,1596,av_intraday_5min/raw_monthly/CAT/2001-07.csv,csv ohlcv,2026-05-17T12:57:01Z
CAT,2001-08,ok,1788,av_intraday_5min/raw_monthly/CAT/2001-08.csv,csv ohlcv,2026-05-17T12:57:02Z
CAT,2001-09,ok,1168,av_intraday_5min/raw_monthly/CAT/2001-09.csv,csv ohlcv,2026-05-17T12:57:03Z
CAT,2001-10,ok,1792,av_intraday_5min/raw_monthly/CAT/2001-10.csv,csv ohlcv,2026-05-17T12:57:03Z
CAT,2001-11,ok,1598,av_intraday_5min/raw_monthly/CAT/2001-11.csv,csv ohlcv,2026-05-17T12:57:04Z
CAT,2001-12,ok,1524,av_intraday_5min/raw_monthly/CAT/2001-12.csv,csv ohlcv,2026-05-17T12:57:05Z
CAT,2002-01,ok,1638,av_intraday_5min/raw_monthly/CAT/2002-01.csv,csv ohlcv,2026-05-17T12:57:06Z
CAT,2002-02,ok,1481,av_intraday_5min/raw_monthly/CAT/2002-02.csv,csv ohlcv,2026-05-17T12:57:06Z
CAT,2002-03,ok,1559,av_intraday_5min/raw_monthly/CAT/2002-03.csv,csv ohlcv,2026-05-17T12:57:07Z
CAT,2002-04,ok,1716,av_intraday_5min/raw_monthly/CAT/2002-04.csv,csv ohlcv,2026-05-17T12:57:08Z
CAT,2002-05,ok,1716,av_intraday_5min/raw_monthly/CAT/2002-05.csv,csv ohlcv,2026-05-17T12:57:09Z
CAT,2002-06,ok,1560,av_intraday_5min/raw_monthly/CAT/2002-06.csv,csv ohlcv,2026-05-17T12:57:10Z
CAT,2002-07,ok,1679,av_intraday_5min/raw_monthly/CAT/2002-07.csv,csv ohlcv,2026-05-17T12:57:11Z
CAT,2002-08,ok,1714,av_intraday_5min/raw_monthly/CAT/2002-08.csv,csv ohlcv,2026-05-17T12:57:11Z
CAT,2002-09,ok,1529,av_intraday_5min/raw_monthly/CAT/2002-09.csv,csv ohlcv,2026-05-17T12:57:12Z
CAT,2002-10,ok,1791,av_intraday_5min/raw_monthly/CAT/2002-10.csv,csv ohlcv,2026-05-17T12:57:13Z
CAT,2002-11,ok,1525,av_intraday_5min/raw_monthly/CAT/2002-11.csv,csv ohlcv,2026-05-17T12:57:14Z
CAT,2002-12,ok,1602,av_intraday_5min/raw_monthly/CAT/2002-12.csv,csv ohlcv,2026-05-17T12:57:15Z
CAT,2003-01,ok,1638,av_intraday_5min/raw_monthly/CAT/2003-01.csv,csv ohlcv,2026-05-17T12:57:15Z
CAT,2003-02,ok,1482,av_intraday_5min/raw_monthly/CAT/2003-02.csv,csv ohlcv,2026-05-17T12:57:16Z
CAT,2003-03,ok,1638,av_intraday_5min/raw_monthly/CAT/2003-03.csv,csv ohlcv,2026-05-17T12:57:17Z
CAT,2003-04,ok,1638,av_intraday_5min/raw_monthly/CAT/2003-04.csv,csv ohlcv,2026-05-17T12:57:18Z
CAT,2003-05,ok,1638,av_intraday_5min/raw_monthly/CAT/2003-05.csv,csv ohlcv,2026-05-17T12:57:19Z
CAT,2003-06,ok,1636,av_intraday_5min/raw_monthly/CAT/2003-06.csv,csv ohlcv,2026-05-17T12:57:19Z
CAT,2003-07,ok,1680,av_intraday_5min/raw_monthly/CAT/2003-07.csv,csv ohlcv,2026-05-17T12:57:20Z
CAT,2003-08,ok,1638,av_intraday_5min/raw_monthly/CAT/2003-08.csv,csv ohlcv,2026-05-17T12:57:21Z
CAT,2003-09,ok,1638,av_intraday_5min/raw_monthly/CAT/2003-09.csv,csv ohlcv,2026-05-17T12:57:22Z
CAT,2003-10,ok,1794,av_intraday_5min/raw_monthly/CAT/2003-10.csv,csv ohlcv,2026-05-17T12:57:23Z
CAT,2003-11,ok,1447,av_intraday_5min/raw_monthly/CAT/2003-11.csv,csv ohlcv,2026-05-17T12:57:24Z
CAT,2003-12,ok,1644,av_intraday_5min/raw_monthly/CAT/2003-12.csv,csv ohlcv,2026-05-17T12:57:24Z
CAT,2004-01,ok,1560,av_intraday_5min/raw_monthly/CAT/2004-01.csv,csv ohlcv,2026-05-17T12:57:25Z
CAT,2004-02,ok,1482,av_intraday_5min/raw_monthly/CAT/2004-02.csv,csv ohlcv,2026-05-17T12:57:26Z
CAT,2004-03,ok,1794,av_intraday_5min/raw_monthly/CAT/2004-03.csv,csv ohlcv,2026-05-17T12:57:27Z
CAT,2004-04,ok,1637,av_intraday_5min/raw_monthly/CAT/2004-04.csv,csv ohlcv,2026-05-17T12:57:28Z
CAT,2004-05,ok,1559,av_intraday_5min/raw_monthly/CAT/2004-05.csv,csv ohlcv,2026-05-17T12:57:29Z
CAT,2004-06,ok,1638,av_intraday_5min/raw_monthly/CAT/2004-06.csv,csv ohlcv,2026-05-17T12:57:29Z
CAT,2004-07,ok,1638,av_intraday_5min/raw_monthly/CAT/2004-07.csv,csv ohlcv,2026-05-17T12:57:30Z
CAT,2004-08,ok,1716,av_intraday_5min/raw_monthly/CAT/2004-08.csv,csv ohlcv,2026-05-17T12:57:31Z
CAT,2004-09,ok,1638,av_intraday_5min/raw_monthly/CAT/2004-09.csv,csv ohlcv,2026-05-17T12:57:32Z
CAT,2004-10,ok,1638,av_intraday_5min/raw_monthly/CAT/2004-10.csv,csv ohlcv,2026-05-17T12:57:33Z
CAT,2004-11,ok,1603,av_intraday_5min/raw_monthly/CAT/2004-11.csv,csv ohlcv,2026-05-17T12:57:34Z
CAT,2004-12,ok,1716,av_intraday_5min/raw_monthly/CAT/2004-12.csv,csv ohlcv,2026-05-17T12:57:35Z
CAT,2005-01,ok,1560,av_intraday_5min/raw_monthly/CAT/2005-01.csv,csv ohlcv,2026-05-17T12:57:35Z
CAT,2005-02,ok,1482,av_intraday_5min/raw_monthly/CAT/2005-02.csv,csv ohlcv,2026-05-17T12:57:36Z
CAT,2005-03,ok,1715,av_intraday_5min/raw_monthly/CAT/2005-03.csv,csv ohlcv,2026-05-17T12:57:37Z
CAT,2005-04,ok,1638,av_intraday_5min/raw_monthly/CAT/2005-04.csv,csv ohlcv,2026-05-17T12:57:38Z
CAT,2005-05,ok,1638,av_intraday_5min/raw_monthly/CAT/2005-05.csv,csv ohlcv,2026-05-17T12:57:39Z
CAT,2005-06,ok,1714,av_intraday_5min/raw_monthly/CAT/2005-06.csv,csv ohlcv,2026-05-17T12:57:40Z
CAT,2005-07,ok,1560,av_intraday_5min/raw_monthly/CAT/2005-07.csv,csv ohlcv,2026-05-17T12:57:40Z
CAT,2005-08,ok,1794,av_intraday_5min/raw_monthly/CAT/2005-08.csv,csv ohlcv,2026-05-17T12:57:41Z
CAT,2005-09,ok,1637,av_intraday_5min/raw_monthly/CAT/2005-09.csv,csv ohlcv,2026-05-17T12:57:42Z
CAT,2005-10,ok,1637,av_intraday_5min/raw_monthly/CAT/2005-10.csv,csv ohlcv,2026-05-17T12:57:43Z
CAT,2005-11,ok,1603,av_intraday_5min/raw_monthly/CAT/2005-11.csv,csv ohlcv,2026-05-17T12:57:44Z
CAT,2005-12,ok,1635,av_intraday_5min/raw_monthly/CAT/2005-12.csv,csv ohlcv,2026-05-17T12:57:45Z
CAT,2006-01,ok,1560,av_intraday_5min/raw_monthly/CAT/2006-01.csv,csv ohlcv,2026-05-17T12:57:46Z
CAT,2006-02,ok,1482,av_intraday_5min/raw_monthly/CAT/2006-02.csv,csv ohlcv,2026-05-17T12:57:46Z
CAT,2006-03,ok,1794,av_intraday_5min/raw_monthly/CAT/2006-03.csv,csv ohlcv,2026-05-17T12:57:47Z
CAT,2006-04,ok,1482,av_intraday_5min/raw_monthly/CAT/2006-04.csv,csv ohlcv,2026-05-17T12:57:48Z
CAT,2006-05,ok,1716,av_intraday_5min/raw_monthly/CAT/2006-05.csv,csv ohlcv,2026-05-17T12:57:49Z
CAT,2006-06,ok,1716,av_intraday_5min/raw_monthly/CAT/2006-06.csv,csv ohlcv,2026-05-17T12:57:50Z
CAT,2006-07,ok,1525,av_intraday_5min/raw_monthly/CAT/2006-07.csv,csv ohlcv,2026-05-17T12:57:50Z
CAT,2006-08,ok,1794,av_intraday_5min/raw_monthly/CAT/2006-08.csv,csv ohlcv,2026-05-17T12:57:51Z
CAT,2006-09,ok,1560,av_intraday_5min/raw_monthly/CAT/2006-09.csv,csv ohlcv,2026-05-17T12:57:52Z
CAT,2006-10,ok,1716,av_intraday_5min/raw_monthly/CAT/2006-10.csv,csv ohlcv,2026-05-17T12:57:53Z
CAT,2006-11,ok,1603,av_intraday_5min/raw_monthly/CAT/2006-11.csv,csv ohlcv,2026-05-17T12:57:54Z
CAT,2006-12,ok,1559,av_intraday_5min/raw_monthly/CAT/2006-12.csv,csv ohlcv,2026-05-17T12:57:55Z
CAT,2007-01,ok,1560,av_intraday_5min/raw_monthly/CAT/2007-01.csv,csv ohlcv,2026-05-17T12:57:56Z
CAT,2007-02,ok,1482,av_intraday_5min/raw_monthly/CAT/2007-02.csv,csv ohlcv,2026-05-17T12:57:57Z
CAT,2007-03,ok,1716,av_intraday_5min/raw_monthly/CAT/2007-03.csv,csv ohlcv,2026-05-17T12:57:57Z
CAT,2007-04,ok,1560,av_intraday_5min/raw_monthly/CAT/2007-04.csv,csv ohlcv,2026-05-17T12:57:58Z
CAT,2007-05,ok,1716,av_intraday_5min/raw_monthly/CAT/2007-05.csv,csv ohlcv,2026-05-17T12:57:59Z
CAT,2007-06,ok,1638,av_intraday_5min/raw_monthly/CAT/2007-06.csv,csv ohlcv,2026-05-17T12:58:00Z
CAT,2007-07,ok,1613,av_intraday_5min/raw_monthly/CAT/2007-07.csv,csv ohlcv,2026-05-17T12:58:01Z
CAT,2007-08,ok,1794,av_intraday_5min/raw_monthly/CAT/2007-08.csv,csv ohlcv,2026-05-17T12:58:02Z
CAT,2007-09,ok,1482,av_intraday_5min/raw_monthly/CAT/2007-09.csv,csv ohlcv,2026-05-17T12:58:03Z
CAT,2007-10,ok,1794,av_intraday_5min/raw_monthly/CAT/2007-10.csv,csv ohlcv,2026-05-17T12:58:04Z
CAT,2007-11,ok,1606,av_intraday_5min/raw_monthly/CAT/2007-11.csv,csv ohlcv,2026-05-17T12:58:05Z
CAT,2007-12,ok,1527,av_intraday_5min/raw_monthly/CAT/2007-12.csv,csv ohlcv,2026-05-17T12:58:05Z
CAT,2008-01,ok,1638,av_intraday_5min/raw_monthly/CAT/2008-01.csv,csv ohlcv,2026-05-17T12:58:06Z
CAT,2008-02,ok,1560,av_intraday_5min/raw_monthly/CAT/2008-02.csv,csv ohlcv,2026-05-17T12:58:07Z
CAT,2008-03,ok,1560,av_intraday_5min/raw_monthly/CAT/2008-03.csv,csv ohlcv,2026-05-17T12:58:08Z
CAT,2008-04,ok,1716,av_intraday_5min/raw_monthly/CAT/2008-04.csv,csv ohlcv,2026-05-17T12:58:09Z
CAT,2008-05,ok,1638,av_intraday_5min/raw_monthly/CAT/2008-05.csv,csv ohlcv,2026-05-17T12:58:10Z
CAT,2008-06,ok,1638,av_intraday_5min/raw_monthly/CAT/2008-06.csv,csv ohlcv,2026-05-17T12:58:10Z
CAT,2008-07,ok,1686,av_intraday_5min/raw_monthly/CAT/2008-07.csv,csv ohlcv,2026-05-17T12:58:11Z
CAT,2008-08,ok,1638,av_intraday_5min/raw_monthly/CAT/2008-08.csv,csv ohlcv,2026-05-17T12:58:12Z
CAT,2008-09,ok,1637,av_intraday_5min/raw_monthly/CAT/2008-09.csv,csv ohlcv,2026-05-17T12:58:13Z
CAT,2008-10,ok,1794,av_intraday_5min/raw_monthly/CAT/2008-10.csv,csv ohlcv,2026-05-17T12:58:14Z
CAT,2008-11,ok,1453,av_intraday_5min/raw_monthly/CAT/2008-11.csv,csv ohlcv,2026-05-17T12:58:15Z
CAT,2008-12,ok,1684,av_intraday_5min/raw_monthly/CAT/2008-12.csv,csv ohlcv,2026-05-17T12:58:15Z
CAT,2009-01,ok,1560,av_intraday_5min/raw_monthly/CAT/2009-01.csv,csv ohlcv,2026-05-17T12:58:16Z
CAT,2009-02,ok,1482,av_intraday_5min/raw_monthly/CAT/2009-02.csv,csv ohlcv,2026-05-17T12:58:17Z
CAT,2009-03,ok,1716,av_intraday_5min/raw_monthly/CAT/2009-03.csv,csv ohlcv,2026-05-17T12:58:18Z
CAT,2009-04,ok,1638,av_intraday_5min/raw_monthly/CAT/2009-04.csv,csv ohlcv,2026-05-17T12:58:19Z
CAT,2009-05,ok,1560,av_intraday_5min/raw_monthly/CAT/2009-05.csv,csv ohlcv,2026-05-17T12:58:20Z
CAT,2009-06,ok,1716,av_intraday_5min/raw_monthly/CAT/2009-06.csv,csv ohlcv,2026-05-17T12:58:21Z
CAT,2009-07,ok,1716,av_intraday_5min/raw_monthly/CAT/2009-07.csv,csv ohlcv,2026-05-17T12:58:22Z
CAT,2009-08,ok,1638,av_intraday_5min/raw_monthly/CAT/2009-08.csv,csv ohlcv,2026-05-17T12:58:22Z
CAT,2009-09,ok,1638,av_intraday_5min/raw_monthly/CAT/2009-09.csv,csv ohlcv,2026-05-17T12:58:23Z
CAT,2009-10,ok,1716,av_intraday_5min/raw_monthly/CAT/2009-10.csv,csv ohlcv,2026-05-17T12:58:24Z
CAT,2009-11,ok,1534,av_intraday_5min/raw_monthly/CAT/2009-11.csv,csv ohlcv,2026-05-17T12:58:25Z
CAT,2009-12,ok,1685,av_intraday_5min/raw_monthly/CAT/2009-12.csv,csv ohlcv,2026-05-17T12:58:26Z
CAT,2010-01,ok,1482,av_intraday_5min/raw_monthly/CAT/2010-01.csv,csv ohlcv,2026-05-17T12:58:27Z
CAT,2010-02,ok,1482,av_intraday_5min/raw_monthly/CAT/2010-02.csv,csv ohlcv,2026-05-17T12:58:27Z
CAT,2010-03,ok,1794,av_intraday_5min/raw_monthly/CAT/2010-03.csv,csv ohlcv,2026-05-17T12:58:28Z
CAT,2010-04,ok,1638,av_intraday_5min/raw_monthly/CAT/2010-04.csv,csv ohlcv,2026-05-17T12:58:29Z
CAT,2010-05,ok,1560,av_intraday_5min/raw_monthly/CAT/2010-05.csv,csv ohlcv,2026-05-17T12:58:30Z
CAT,2010-06,ok,1716,av_intraday_5min/raw_monthly/CAT/2010-06.csv,csv ohlcv,2026-05-17T12:58:31Z
CAT,2010-07,ok,1638,av_intraday_5min/raw_monthly/CAT/2010-07.csv,csv ohlcv,2026-05-17T12:58:32Z
CAT,2010-08,ok,1716,av_intraday_5min/raw_monthly/CAT/2010-08.csv,csv ohlcv,2026-05-17T12:58:33Z
CAT,2010-09,ok,1638,av_intraday_5min/raw_monthly/CAT/2010-09.csv,csv ohlcv,2026-05-17T12:58:34Z
CAT,2010-10,ok,1638,av_intraday_5min/raw_monthly/CAT/2010-10.csv,csv ohlcv,2026-05-17T12:58:35Z
CAT,2010-11,ok,1614,av_intraday_5min/raw_monthly/CAT/2010-11.csv,csv ohlcv,2026-05-17T12:58:36Z
CAT,2010-12,ok,1716,av_intraday_5min/raw_monthly/CAT/2010-12.csv,csv ohlcv,2026-05-17T12:58:36Z
CAT,2011-01,ok,1560,av_intraday_5min/raw_monthly/CAT/2011-01.csv,csv ohlcv,2026-05-17T12:58:37Z
CAT,2011-02,ok,1482,av_intraday_5min/raw_monthly/CAT/2011-02.csv,csv ohlcv,2026-05-17T12:58:38Z
CAT,2011-03,ok,1794,av_intraday_5min/raw_monthly/CAT/2011-03.csv,csv ohlcv,2026-05-17T12:58:39Z
CAT,2011-04,ok,1560,av_intraday_5min/raw_monthly/CAT/2011-04.csv,csv ohlcv,2026-05-17T12:58:40Z
CAT,2011-05,ok,1638,av_intraday_5min/raw_monthly/CAT/2011-05.csv,csv ohlcv,2026-05-17T12:58:41Z
CAT,2011-06,ok,1716,av_intraday_5min/raw_monthly/CAT/2011-06.csv,csv ohlcv,2026-05-17T12:58:42Z
CAT,2011-07,ok,1560,av_intraday_5min/raw_monthly/CAT/2011-07.csv,csv ohlcv,2026-05-17T12:58:43Z
CAT,2011-08,ok,1794,av_intraday_5min/raw_monthly/CAT/2011-08.csv,csv ohlcv,2026-05-17T12:58:44Z
CAT,2011-09,ok,1638,av_intraday_5min/raw_monthly/CAT/2011-09.csv,csv ohlcv,2026-05-17T12:58:45Z
CAT,2011-10,ok,1638,av_intraday_5min/raw_monthly/CAT/2011-10.csv,csv ohlcv,2026-05-17T12:58:46Z
CAT,2011-11,ok,1615,av_intraday_5min/raw_monthly/CAT/2011-11.csv,csv ohlcv,2026-05-17T12:58:47Z
CAT,2011-12,ok,1638,av_intraday_5min/raw_monthly/CAT/2011-12.csv,csv ohlcv,2026-05-17T12:58:48Z
CAT,2012-01,ok,1560,av_intraday_5min/raw_monthly/CAT/2012-01.csv,csv ohlcv,2026-05-17T12:58:49Z
CAT,2012-02,ok,1560,av_intraday_5min/raw_monthly/CAT/2012-02.csv,csv ohlcv,2026-05-17T12:58:49Z
CAT,2012-03,ok,1716,av_intraday_5min/raw_monthly/CAT/2012-03.csv,csv ohlcv,2026-05-17T12:58:50Z
CAT,2012-04,ok,1560,av_intraday_5min/raw_monthly/CAT/2012-04.csv,csv ohlcv,2026-05-17T12:58:51Z
CAT,2012-05,ok,1716,av_intraday_5min/raw_monthly/CAT/2012-05.csv,csv ohlcv,2026-05-17T12:58:52Z
CAT,2012-06,ok,1638,av_intraday_5min/raw_monthly/CAT/2012-06.csv,csv ohlcv,2026-05-17T12:58:53Z
CAT,2012-07,ok,1612,av_intraday_5min/raw_monthly/CAT/2012-07.csv,csv ohlcv,2026-05-17T12:58:54Z
CAT,2012-08,ok,1794,av_intraday_5min/raw_monthly/CAT/2012-08.csv,csv ohlcv,2026-05-17T12:58:55Z
CAT,2012-09,ok,1482,av_intraday_5min/raw_monthly/CAT/2012-09.csv,csv ohlcv,2026-05-17T12:58:56Z
CAT,2012-10,ok,1638,av_intraday_5min/raw_monthly/CAT/2012-10.csv,csv ohlcv,2026-05-17T12:58:57Z
CAT,2012-11,ok,1612,av_intraday_5min/raw_monthly/CAT/2012-11.csv,csv ohlcv,2026-05-17T12:58:58Z
CAT,2012-12,ok,1528,av_intraday_5min/raw_monthly/CAT/2012-12.csv,csv ohlcv,2026-05-17T12:58:59Z
CAT,2013-01,ok,1638,av_intraday_5min/raw_monthly/CAT/2013-01.csv,csv ohlcv,2026-05-17T12:59:00Z
CAT,2013-02,ok,1482,av_intraday_5min/raw_monthly/CAT/2013-02.csv,csv ohlcv,2026-05-17T12:59:01Z
CAT,2013-03,ok,1560,av_intraday_5min/raw_monthly/CAT/2013-03.csv,csv ohlcv,2026-05-17T12:59:01Z
CAT,2013-04,ok,1716,av_intraday_5min/raw_monthly/CAT/2013-04.csv,csv ohlcv,2026-05-17T12:59:02Z
CAT,2013-05,ok,1716,av_intraday_5min/raw_monthly/CAT/2013-05.csv,csv ohlcv,2026-05-17T12:59:03Z
CAT,2013-06,ok,1560,av_intraday_5min/raw_monthly/CAT/2013-06.csv,csv ohlcv,2026-05-17T12:59:04Z
CAT,2013-07,ok,1691,av_intraday_5min/raw_monthly/CAT/2013-07.csv,csv ohlcv,2026-05-17T12:59:05Z
CAT,2013-08,ok,1716,av_intraday_5min/raw_monthly/CAT/2013-08.csv,csv ohlcv,2026-05-17T12:59:06Z
CAT,2013-09,ok,1560,av_intraday_5min/raw_monthly/CAT/2013-09.csv,csv ohlcv,2026-05-17T12:59:07Z
CAT,2013-10,ok,1794,av_intraday_5min/raw_monthly/CAT/2013-10.csv,csv ohlcv,2026-05-17T12:59:08Z
CAT,2013-11,ok,1526,av_intraday_5min/raw_monthly/CAT/2013-11.csv,csv ohlcv,2026-05-17T12:59:08Z
CAT,2013-12,ok,1608,av_intraday_5min/raw_monthly/CAT/2013-12.csv,csv ohlcv,2026-05-17T12:59:09Z
CAT,2014-01,ok,1638,av_intraday_5min/raw_monthly/CAT/2014-01.csv,csv ohlcv,2026-05-17T12:59:10Z
CAT,2014-02,ok,1482,av_intraday_5min/raw_monthly/CAT/2014-02.csv,csv ohlcv,2026-05-17T12:59:11Z
CAT,2014-03,ok,1638,av_intraday_5min/raw_monthly/CAT/2014-03.csv,csv ohlcv,2026-05-17T12:59:12Z
CAT,2014-04,ok,1638,av_intraday_5min/raw_monthly/CAT/2014-04.csv,csv ohlcv,2026-05-17T12:59:13Z
CAT,2014-05,ok,1638,av_intraday_5min/raw_monthly/CAT/2014-05.csv,csv ohlcv,2026-05-17T12:59:13Z
CAT,2014-06,ok,1638,av_intraday_5min/raw_monthly/CAT/2014-06.csv,csv ohlcv,2026-05-17T12:59:14Z
CAT,2014-07,ok,1692,av_intraday_5min/raw_monthly/CAT/2014-07.csv,csv ohlcv,2026-05-17T12:59:15Z
CAT,2014-08,ok,1638,av_intraday_5min/raw_monthly/CAT/2014-08.csv,csv ohlcv,2026-05-17T12:59:16Z
CAT,2014-09,ok,1638,av_intraday_5min/raw_monthly/CAT/2014-09.csv,csv ohlcv,2026-05-17T12:59:17Z
CAT,2014-10,ok,1783,av_intraday_5min/raw_monthly/CAT/2014-10.csv,csv ohlcv,2026-05-17T12:59:18Z
CAT,2014-11,ok,1459,av_intraday_5min/raw_monthly/CAT/2014-11.csv,csv ohlcv,2026-05-17T12:59:19Z
CAT,2014-12,ok,1682,av_intraday_5min/raw_monthly/CAT/2014-12.csv,csv ohlcv,2026-05-17T12:59:19Z
CAT,2015-01,ok,1560,av_intraday_5min/raw_monthly/CAT/2015-01.csv,csv ohlcv,2026-05-17T12:59:20Z
CAT,2015-02,ok,1482,av_intraday_5min/raw_monthly/CAT/2015-02.csv,csv ohlcv,2026-05-17T12:59:21Z
CAT,2015-03,ok,1716,av_intraday_5min/raw_monthly/CAT/2015-03.csv,csv ohlcv,2026-05-17T12:59:22Z
CAT,2015-04,ok,1638,av_intraday_5min/raw_monthly/CAT/2015-04.csv,csv ohlcv,2026-05-17T12:59:23Z
CAT,2015-05,ok,1560,av_intraday_5min/raw_monthly/CAT/2015-05.csv,csv ohlcv,2026-05-17T12:59:24Z
CAT,2015-06,ok,1716,av_intraday_5min/raw_monthly/CAT/2015-06.csv,csv ohlcv,2026-05-17T12:59:24Z
CAT,2015-07,ok,1716,av_intraday_5min/raw_monthly/CAT/2015-07.csv,csv ohlcv,2026-05-17T12:59:25Z
CAT,2015-08,ok,1638,av_intraday_5min/raw_monthly/CAT/2015-08.csv,csv ohlcv,2026-05-17T12:59:26Z
CAT,2015-09,ok,1638,av_intraday_5min/raw_monthly/CAT/2015-09.csv,csv ohlcv,2026-05-17T12:59:27Z
CAT,2015-10,ok,1716,av_intraday_5min/raw_monthly/CAT/2015-10.csv,csv ohlcv,2026-05-17T12:59:28Z
CAT,2015-11,ok,1528,av_intraday_5min/raw_monthly/CAT/2015-11.csv,csv ohlcv,2026-05-17T12:59:29Z
CAT,2015-12,ok,1682,av_intraday_5min/raw_monthly/CAT/2015-12.csv,csv ohlcv,2026-05-17T12:59:30Z
CAT,2016-01,ok,1482,av_intraday_5min/raw_monthly/CAT/2016-01.csv,csv ohlcv,2026-05-17T12:59:31Z
CAT,2016-02,ok,1560,av_intraday_5min/raw_monthly/CAT/2016-02.csv,csv ohlcv,2026-05-17T12:59:31Z
CAT,2016-03,ok,1716,av_intraday_5min/raw_monthly/CAT/2016-03.csv,csv ohlcv,2026-05-17T12:59:32Z
CAT,2016-04,ok,1638,av_intraday_5min/raw_monthly/CAT/2016-04.csv,csv ohlcv,2026-05-17T12:59:33Z
CAT,2016-05,ok,1638,av_intraday_5min/raw_monthly/CAT/2016-05.csv,csv ohlcv,2026-05-17T12:59:34Z
CAT,2016-06,ok,1716,av_intraday_5min/raw_monthly/CAT/2016-06.csv,csv ohlcv,2026-05-17T12:59:35Z
CAT,2016-07,ok,1560,av_intraday_5min/raw_monthly/CAT/2016-07.csv,csv ohlcv,2026-05-17T12:59:36Z
CAT,2016-08,ok,1794,av_intraday_5min/raw_monthly/CAT/2016-08.csv,csv ohlcv,2026-05-17T12:59:37Z
CAT,2016-09,ok,1638,av_intraday_5min/raw_monthly/CAT/2016-09.csv,csv ohlcv,2026-05-17T12:59:37Z
CAT,2016-10,ok,1638,av_intraday_5min/raw_monthly/CAT/2016-10.csv,csv ohlcv,2026-05-17T12:59:38Z
CAT,2016-11,ok,1609,av_intraday_5min/raw_monthly/CAT/2016-11.csv,csv ohlcv,2026-05-17T12:59:39Z
CAT,2016-12,ok,1635,av_intraday_5min/raw_monthly/CAT/2016-12.csv,csv ohlcv,2026-05-17T12:59:40Z
CAT,2017-01,ok,1560,av_intraday_5min/raw_monthly/CAT/2017-01.csv,csv ohlcv,2026-05-17T12:59:41Z
CAT,2017-02,ok,1482,av_intraday_5min/raw_monthly/CAT/2017-02.csv,csv ohlcv,2026-05-17T12:59:42Z
CAT,2017-03,ok,1794,av_intraday_5min/raw_monthly/CAT/2017-03.csv,csv ohlcv,2026-05-17T12:59:42Z
CAT,2017-04,ok,1482,av_intraday_5min/raw_monthly/CAT/2017-04.csv,csv ohlcv,2026-05-17T12:59:43Z
CAT,2017-05,ok,1716,av_intraday_5min/raw_monthly/CAT/2017-05.csv,csv ohlcv,2026-05-17T12:59:44Z
CAT,2017-06,ok,1716,av_intraday_5min/raw_monthly/CAT/2017-06.csv,csv ohlcv,2026-05-17T13:01:55Z
CAT,2017-08,ok,1794,av_intraday_5min/raw_monthly/CAT/2017-08.csv,csv ohlcv,2026-05-17T13:01:55Z
CAT,2017-07,ok,1530,av_intraday_5min/raw_monthly/CAT/2017-07.csv,csv ohlcv,2026-05-17T13:01:55Z
CAT,2017-09,ok,1560,av_intraday_5min/raw_monthly/CAT/2017-09.csv,csv ohlcv,2026-05-17T13:01:55Z
CAT,2017-12,ok,1560,av_intraday_5min/raw_monthly/CAT/2017-12.csv,csv ohlcv,2026-05-17T13:03:46Z
CAT,2017-11,ok,1606,av_intraday_5min/raw_monthly/CAT/2017-11.csv,csv ohlcv,2026-05-17T13:03:46Z
CSCO,2001-02,ok,1482,av_intraday_5min/raw_monthly/CSCO/2001-02.csv,csv ohlcv,2026-05-17T13:03:47Z
CAT,2017-10,ok,1716,av_intraday_5min/raw_monthly/CAT/2017-10.csv,csv ohlcv,2026-05-17T13:01:55Z
CSCO,2001-04,ok,1560,av_intraday_5min/raw_monthly/CSCO/2001-04.csv,csv ohlcv,2026-05-17T13:01:56Z
CSCO,2001-05,ok,1716,av_intraday_5min/raw_monthly/CSCO/2001-05.csv,csv ohlcv,2026-05-17T13:01:56Z
CSCO,2001-03,ok,1716,av_intraday_5min/raw_monthly/CSCO/2001-03.csv,csv ohlcv,2026-05-17T13:01:56Z
CSCO,2001-06,ok,1637,av_intraday_5min/raw_monthly/CSCO/2001-06.csv,csv ohlcv,2026-05-17T13:01:56Z
CSCO,2001-07,ok,1603,av_intraday_5min/raw_monthly/CSCO/2001-07.csv,csv ohlcv,2026-05-17T13:01:56Z
CSCO,2001-08,ok,1794,av_intraday_5min/raw_monthly/CSCO/2001-08.csv,csv ohlcv,2026-05-17T13:01:57Z
CSCO,2001-09,ok,1170,av_intraday_5min/raw_monthly/CSCO/2001-09.csv,csv ohlcv,2026-05-17T13:01:57Z
CSCO,2001-10,ok,1794,av_intraday_5min/raw_monthly/CSCO/2001-10.csv,csv ohlcv,2026-05-17T13:01:57Z
CSCO,2001-11,ok,1603,av_intraday_5min/raw_monthly/CSCO/2001-11.csv,csv ohlcv,2026-05-17T13:01:57Z
CSCO,2001-12,ok,1525,av_intraday_5min/raw_monthly/CSCO/2001-12.csv,csv ohlcv,2026-05-17T13:01:58Z
CSCO,2002-01,ok,1638,av_intraday_5min/raw_monthly/CSCO/2002-01.csv,csv ohlcv,2026-05-17T13:01:58Z
CSCO,2002-02,ok,1482,av_intraday_5min/raw_monthly/CSCO/2002-02.csv,csv ohlcv,2026-05-17T13:01:58Z
CSCO,2002-04,ok,1716,av_intraday_5min/raw_monthly/CSCO/2002-04.csv,csv ohlcv,2026-05-17T13:01:59Z
CSCO,2002-05,ok,1716,av_intraday_5min/raw_monthly/CSCO/2002-05.csv,csv ohlcv,2026-05-17T13:01:59Z
CSCO,2002-06,ok,1560,av_intraday_5min/raw_monthly/CSCO/2002-06.csv,csv ohlcv,2026-05-17T13:01:59Z
CSCO,2002-03,ok,1560,av_intraday_5min/raw_monthly/CSCO/2002-03.csv,csv ohlcv,2026-05-17T13:01:58Z
CSCO,2002-07,ok,1681,av_intraday_5min/raw_monthly/CSCO/2002-07.csv,csv ohlcv,2026-05-17T13:01:59Z
CSCO,2002-08,ok,1716,av_intraday_5min/raw_monthly/CSCO/2002-08.csv,csv ohlcv,2026-05-17T13:02:00Z
CSCO,2002-09,ok,1542,av_intraday_5min/raw_monthly/CSCO/2002-09.csv,csv ohlcv,2026-05-17T13:02:00Z
CSCO,2002-10,ok,1794,av_intraday_5min/raw_monthly/CSCO/2002-10.csv,csv ohlcv,2026-05-17T13:02:00Z
CSCO,2002-11,ok,1525,av_intraday_5min/raw_monthly/CSCO/2002-11.csv,csv ohlcv,2026-05-17T13:02:00Z
CSCO,2003-01,ok,1638,av_intraday_5min/raw_monthly/CSCO/2003-01.csv,csv ohlcv,2026-05-17T13:02:01Z
CSCO,2002-12,ok,1597,av_intraday_5min/raw_monthly/CSCO/2002-12.csv,csv ohlcv,2026-05-17T13:02:01Z
CSCO,2003-03,ok,1638,av_intraday_5min/raw_monthly/CSCO/2003-03.csv,csv ohlcv,2026-05-17T13:02:01Z
CSCO,2003-02,ok,1482,av_intraday_5min/raw_monthly/CSCO/2003-02.csv,csv ohlcv,2026-05-17T13:02:01Z
CSCO,2003-04,ok,1633,av_intraday_5min/raw_monthly/CSCO/2003-04.csv,csv ohlcv,2026-05-17T13:02:02Z
CSCO,2003-05,ok,1638,av_intraday_5min/raw_monthly/CSCO/2003-05.csv,csv ohlcv,2026-05-17T13:02:02Z
CSCO,2003-07,ok,1683,av_intraday_5min/raw_monthly/CSCO/2003-07.csv,csv ohlcv,2026-05-17T13:02:02Z
CSCO,2003-06,ok,1638,av_intraday_5min/raw_monthly/CSCO/2003-06.csv,csv ohlcv,2026-05-17T13:02:02Z
CSCO,2003-11,ok,1447,av_intraday_5min/raw_monthly/CSCO/2003-11.csv,csv ohlcv,2026-05-17T13:03:48Z
CSCO,2003-12,ok,1646,av_intraday_5min/raw_monthly/CSCO/2003-12.csv,csv ohlcv,2026-05-17T13:03:49Z
CSCO,2003-09,ok,1638,av_intraday_5min/raw_monthly/CSCO/2003-09.csv,csv ohlcv,2026-05-17T13:02:03Z
CSCO,2003-08,ok,1638,av_intraday_5min/raw_monthly/CSCO/2003-08.csv,csv ohlcv,2026-05-17T13:02:03Z
CSCO,2003-10,ok,1794,av_intraday_5min/raw_monthly/CSCO/2003-10.csv,csv ohlcv,2026-05-17T13:02:03Z
CSCO,2004-01,ok,1560,av_intraday_5min/raw_monthly/CSCO/2004-01.csv,csv ohlcv,2026-05-17T13:02:03Z
CSCO,2004-02,ok,1482,av_intraday_5min/raw_monthly/CSCO/2004-02.csv,csv ohlcv,2026-05-17T13:02:03Z
CSCO,2004-06,ok,1638,av_intraday_5min/raw_monthly/CSCO/2004-06.csv,csv ohlcv,2026-05-17T13:03:50Z
CSCO,2004-07,ok,1638,av_intraday_5min/raw_monthly/CSCO/2004-07.csv,csv ohlcv,2026-05-17T13:03:50Z
CSCO,2004-03,ok,1794,av_intraday_5min/raw_monthly/CSCO/2004-03.csv,csv ohlcv,2026-05-17T13:02:03Z
CSCO,2004-04,ok,1637,av_intraday_5min/raw_monthly/CSCO/2004-04.csv,csv ohlcv,2026-05-17T13:02:04Z
CSCO,2004-05,ok,1560,av_intraday_5min/raw_monthly/CSCO/2004-05.csv,csv ohlcv,2026-05-17T13:02:04Z
CSCO,2004-08,ok,1716,av_intraday_5min/raw_monthly/CSCO/2004-08.csv,csv ohlcv,2026-05-17T13:02:04Z
CSCO,2004-09,ok,1638,av_intraday_5min/raw_monthly/CSCO/2004-09.csv,csv ohlcv,2026-05-17T13:02:04Z
CSCO,2004-11,ok,1603,av_intraday_5min/raw_monthly/CSCO/2004-11.csv,csv ohlcv,2026-05-17T13:02:05Z
CSCO,2004-10,ok,1638,av_intraday_5min/raw_monthly/CSCO/2004-10.csv,csv ohlcv,2026-05-17T13:02:05Z
CSCO,2004-12,ok,1716,av_intraday_5min/raw_monthly/CSCO/2004-12.csv,csv ohlcv,2026-05-17T13:02:05Z
CSCO,2005-01,ok,1560,av_intraday_5min/raw_monthly/CSCO/2005-01.csv,csv ohlcv,2026-05-17T13:02:05Z
CSCO,2005-03,ok,1716,av_intraday_5min/raw_monthly/CSCO/2005-03.csv,csv ohlcv,2026-05-17T13:02:06Z
CSCO,2005-02,ok,1474,av_intraday_5min/raw_monthly/CSCO/2005-02.csv,csv ohlcv,2026-05-17T13:02:06Z
CSCO,2005-04,ok,1638,av_intraday_5min/raw_monthly/CSCO/2005-04.csv,csv ohlcv,2026-05-17T13:02:06Z
CSCO,2005-05,ok,1638,av_intraday_5min/raw_monthly/CSCO/2005-05.csv,csv ohlcv,2026-05-17T13:02:06Z
CSCO,2005-07,ok,1560,av_intraday_5min/raw_monthly/CSCO/2005-07.csv,csv ohlcv,2026-05-17T13:02:07Z
CSCO,2005-06,ok,1716,av_intraday_5min/raw_monthly/CSCO/2005-06.csv,csv ohlcv,2026-05-17T13:02:07Z
CSCO,2005-11,ok,1603,av_intraday_5min/raw_monthly/CSCO/2005-11.csv,csv ohlcv,2026-05-17T13:03:51Z
CSCO,2005-08,ok,1794,av_intraday_5min/raw_monthly/CSCO/2005-08.csv,csv ohlcv,2026-05-17T13:02:07Z
CSCO,2005-09,ok,1638,av_intraday_5min/raw_monthly/CSCO/2005-09.csv,csv ohlcv,2026-05-17T13:02:07Z
CSCO,2005-10,ok,1638,av_intraday_5min/raw_monthly/CSCO/2005-10.csv,csv ohlcv,2026-05-17T13:02:07Z
CSCO,2005-12,ok,1638,av_intraday_5min/raw_monthly/CSCO/2005-12.csv,csv ohlcv,2026-05-17T13:02:08Z
CSCO,2006-01,ok,1560,av_intraday_5min/raw_monthly/CSCO/2006-01.csv,csv ohlcv,2026-05-17T13:02:08Z
CSCO,2006-02,ok,1482,av_intraday_5min/raw_monthly/CSCO/2006-02.csv,csv ohlcv,2026-05-17T13:02:08Z
CSCO,2006-03,ok,1794,av_intraday_5min/raw_monthly/CSCO/2006-03.csv,csv ohlcv,2026-05-17T13:02:08Z
CSCO,2006-04,ok,1482,av_intraday_5min/raw_monthly/CSCO/2006-04.csv,csv ohlcv,2026-05-17T13:02:08Z
CSCO,2006-05,ok,1716,av_intraday_5min/raw_monthly/CSCO/2006-05.csv,csv ohlcv,2026-05-17T13:02:09Z
CSCO,2006-06,ok,1712,av_intraday_5min/raw_monthly/CSCO/2006-06.csv,csv ohlcv,2026-05-17T13:02:09Z
CSCO,2006-08,ok,1794,av_intraday_5min/raw_monthly/CSCO/2006-08.csv,csv ohlcv,2026-05-17T13:02:09Z
CSCO,2006-07,ok,1525,av_intraday_5min/raw_monthly/CSCO/2006-07.csv,csv ohlcv,2026-05-17T13:02:09Z
CSCO,2006-09,ok,1560,av_intraday_5min/raw_monthly/CSCO/2006-09.csv,csv ohlcv,2026-05-17T13:02:10Z
CSCO,2006-10,ok,1716,av_intraday_5min/raw_monthly/CSCO/2006-10.csv,csv ohlcv,2026-05-17T13:02:10Z
CSCO,2006-11,ok,1603,av_intraday_5min/raw_monthly/CSCO/2006-11.csv,csv ohlcv,2026-05-17T13:02:10Z
CSCO,2006-12,ok,1560,av_intraday_5min/raw_monthly/CSCO/2006-12.csv,csv ohlcv,2026-05-17T13:02:10Z
CSCO,2007-01,ok,1560,av_intraday_5min/raw_monthly/CSCO/2007-01.csv,csv ohlcv,2026-05-17T13:02:11Z
CSCO,2007-02,ok,1479,av_intraday_5min/raw_monthly/CSCO/2007-02.csv,csv ohlcv,2026-05-17T13:02:11Z
CSCO,2007-03,ok,1716,av_intraday_5min/raw_monthly/CSCO/2007-03.csv,csv ohlcv,2026-05-17T13:02:11Z
CSCO,2007-04,ok,1560,av_intraday_5min/raw_monthly/CSCO/2007-04.csv,csv ohlcv,2026-05-17T13:02:11Z
CSCO,2007-06,ok,1638,av_intraday_5min/raw_monthly/CSCO/2007-06.csv,csv ohlcv,2026-05-17T13:02:12Z
CSCO,2007-07,ok,1618,av_intraday_5min/raw_monthly/CSCO/2007-07.csv,csv ohlcv,2026-05-17T13:02:12Z
CSCO,2007-05,ok,1714,av_intraday_5min/raw_monthly/CSCO/2007-05.csv,csv ohlcv,2026-05-17T13:02:12Z
CSCO,2007-08,ok,1794,av_intraday_5min/raw_monthly/CSCO/2007-08.csv,csv ohlcv,2026-05-17T13:02:12Z
CSCO,2007-09,ok,1482,av_intraday_5min/raw_monthly/CSCO/2007-09.csv,csv ohlcv,2026-05-17T13:02:13Z
CSCO,2007-11,ok,1622,av_intraday_5min/raw_monthly/CSCO/2007-11.csv,csv ohlcv,2026-05-17T13:02:13Z
CSCO,2007-12,ok,1536,av_intraday_5min/raw_monthly/CSCO/2007-12.csv,csv ohlcv,2026-05-17T13:02:13Z
CSCO,2007-10,ok,1794,av_intraday_5min/raw_monthly/CSCO/2007-10.csv,csv ohlcv,2026-05-17T13:02:13Z
CSCO,2008-01,ok,1638,av_intraday_5min/raw_monthly/CSCO/2008-01.csv,csv ohlcv,2026-05-17T13:02:13Z
CSCO,2008-02,ok,1560,av_intraday_5min/raw_monthly/CSCO/2008-02.csv,csv ohlcv,2026-05-17T13:02:14Z
CSCO,2008-03,ok,1560,av_intraday_5min/raw_monthly/CSCO/2008-03.csv,csv ohlcv,2026-05-17T13:02:14Z
CSCO,2008-04,ok,1716,av_intraday_5min/raw_monthly/CSCO/2008-04.csv,csv ohlcv,2026-05-17T13:02:14Z
CSCO,2008-05,ok,1638,av_intraday_5min/raw_monthly/CSCO/2008-05.csv,csv ohlcv,2026-05-17T13:02:14Z
CSCO,2008-06,ok,1638,av_intraday_5min/raw_monthly/CSCO/2008-06.csv,csv ohlcv,2026-05-17T13:02:15Z
CSCO,2008-07,ok,1696,av_intraday_5min/raw_monthly/CSCO/2008-07.csv,csv ohlcv,2026-05-17T13:02:15Z
CSCO,2008-08,ok,1638,av_intraday_5min/raw_monthly/CSCO/2008-08.csv,csv ohlcv,2026-05-17T13:02:15Z
CSCO,2008-09,ok,1638,av_intraday_5min/raw_monthly/CSCO/2008-09.csv,csv ohlcv,2026-05-17T13:02:15Z
CSCO,2008-10,ok,1794,av_intraday_5min/raw_monthly/CSCO/2008-10.csv,csv ohlcv,2026-05-17T13:02:16Z
CSCO,2008-12,ok,1690,av_intraday_5min/raw_monthly/CSCO/2008-12.csv,csv ohlcv,2026-05-17T13:02:16Z
CSCO,2008-11,ok,1457,av_intraday_5min/raw_monthly/CSCO/2008-11.csv,csv ohlcv,2026-05-17T13:02:16Z
CSCO,2009-01,ok,1560,av_intraday_5min/raw_monthly/CSCO/2009-01.csv,csv ohlcv,2026-05-17T13:02:16Z
CSCO,2009-02,ok,1482,av_intraday_5min/raw_monthly/CSCO/2009-02.csv,csv ohlcv,2026-05-17T13:02:16Z
CSCO,2009-04,ok,1638,av_intraday_5min/raw_monthly/CSCO/2009-04.csv,csv ohlcv,2026-05-17T13:02:17Z
CSCO,2009-03,ok,1716,av_intraday_5min/raw_monthly/CSCO/2009-03.csv,csv ohlcv,2026-05-17T13:02:17Z
CSCO,2009-08,ok,1638,av_intraday_5min/raw_monthly/CSCO/2009-08.csv,csv ohlcv,2026-05-17T13:03:52Z
CSCO,2009-05,ok,1560,av_intraday_5min/raw_monthly/CSCO/2009-05.csv,csv ohlcv,2026-05-17T13:02:17Z
CSCO,2009-06,ok,1716,av_intraday_5min/raw_monthly/CSCO/2009-06.csv,csv ohlcv,2026-05-17T13:02:17Z
CSCO,2009-07,ok,1716,av_intraday_5min/raw_monthly/CSCO/2009-07.csv,csv ohlcv,2026-05-17T13:02:18Z
CSCO,2009-09,ok,1638,av_intraday_5min/raw_monthly/CSCO/2009-09.csv,csv ohlcv,2026-05-17T13:02:18Z
CSCO,2009-10,ok,1716,av_intraday_5min/raw_monthly/CSCO/2009-10.csv,csv ohlcv,2026-05-17T13:02:18Z
CSCO,2009-11,ok,1532,av_intraday_5min/raw_monthly/CSCO/2009-11.csv,csv ohlcv,2026-05-17T13:02:18Z
CSCO,2009-12,ok,1689,av_intraday_5min/raw_monthly/CSCO/2009-12.csv,csv ohlcv,2026-05-17T13:02:19Z
CSCO,2010-01,ok,1482,av_intraday_5min/raw_monthly/CSCO/2010-01.csv,csv ohlcv,2026-05-17T13:02:19Z
CSCO,2010-02,ok,1482,av_intraday_5min/raw_monthly/CSCO/2010-02.csv,csv ohlcv,2026-05-17T13:02:19Z
CSCO,2010-03,ok,1794,av_intraday_5min/raw_monthly/CSCO/2010-03.csv,csv ohlcv,2026-05-17T13:02:19Z
CSCO,2010-04,ok,1638,av_intraday_5min/raw_monthly/CSCO/2010-04.csv,csv ohlcv,2026-05-17T13:02:19Z
CSCO,2010-05,ok,1560,av_intraday_5min/raw_monthly/CSCO/2010-05.csv,csv ohlcv,2026-05-17T13:02:20Z
CSCO,2010-06,ok,1716,av_intraday_5min/raw_monthly/CSCO/2010-06.csv,csv ohlcv,2026-05-17T13:02:20Z
CSCO,2010-07,ok,1638,av_intraday_5min/raw_monthly/CSCO/2010-07.csv,csv ohlcv,2026-05-17T13:02:20Z
CSCO,2010-08,ok,1716,av_intraday_5min/raw_monthly/CSCO/2010-08.csv,csv ohlcv,2026-05-17T13:02:20Z
CSCO,2010-10,ok,1638,av_intraday_5min/raw_monthly/CSCO/2010-10.csv,csv ohlcv,2026-05-17T13:02:21Z
CSCO,2010-09,ok,1638,av_intraday_5min/raw_monthly/CSCO/2010-09.csv,csv ohlcv,2026-05-17T13:02:21Z
CSCO,2010-11,ok,1632,av_intraday_5min/raw_monthly/CSCO/2010-11.csv,csv ohlcv,2026-05-17T13:02:21Z
CSCO,2010-12,ok,1716,av_intraday_5min/raw_monthly/CSCO/2010-12.csv,csv ohlcv,2026-05-17T13:02:21Z
CSCO,2011-04,ok,1560,av_intraday_5min/raw_monthly/CSCO/2011-04.csv,csv ohlcv,2026-05-17T13:03:54Z
CSCO,2011-01,ok,1560,av_intraday_5min/raw_monthly/CSCO/2011-01.csv,csv ohlcv,2026-05-17T13:03:53Z
CSCO,2011-02,ok,1482,av_intraday_5min/raw_monthly/CSCO/2011-02.csv,csv ohlcv,2026-05-17T13:03:53Z
CSCO,2011-03,ok,1794,av_intraday_5min/raw_monthly/CSCO/2011-03.csv,csv ohlcv,2026-05-17T13:03:54Z
CSCO,2011-05,ok,1638,av_intraday_5min/raw_monthly/CSCO/2011-05.csv,csv ohlcv,2026-05-17T13:03:55Z
CSCO,2011-06,ok,1716,av_intraday_5min/raw_monthly/CSCO/2011-06.csv,csv ohlcv,2026-05-17T13:03:56Z
CSCO,2011-07,ok,1560,av_intraday_5min/raw_monthly/CSCO/2011-07.csv,csv ohlcv,2026-05-17T13:03:57Z
CSCO,2011-08,ok,1794,av_intraday_5min/raw_monthly/CSCO/2011-08.csv,csv ohlcv,2026-05-17T13:03:58Z
CSCO,2011-09,ok,1638,av_intraday_5min/raw_monthly/CSCO/2011-09.csv,csv ohlcv,2026-05-17T13:03:59Z
CSCO,2011-10,ok,1638,av_intraday_5min/raw_monthly/CSCO/2011-10.csv,csv ohlcv,2026-05-17T13:04:00Z
CSCO,2011-11,ok,1620,av_intraday_5min/raw_monthly/CSCO/2011-11.csv,csv ohlcv,2026-05-17T13:04:01Z
CSCO,2011-12,ok,1638,av_intraday_5min/raw_monthly/CSCO/2011-12.csv,csv ohlcv,2026-05-17T13:04:02Z
CSCO,2012-01,ok,1560,av_intraday_5min/raw_monthly/CSCO/2012-01.csv,csv ohlcv,2026-05-17T13:04:03Z
CSCO,2012-02,ok,1560,av_intraday_5min/raw_monthly/CSCO/2012-02.csv,csv ohlcv,2026-05-17T13:04:03Z
CSCO,2012-03,ok,1716,av_intraday_5min/raw_monthly/CSCO/2012-03.csv,csv ohlcv,2026-05-17T13:04:04Z
CSCO,2012-04,ok,1560,av_intraday_5min/raw_monthly/CSCO/2012-04.csv,csv ohlcv,2026-05-17T13:04:05Z
CSCO,2012-05,ok,1716,av_intraday_5min/raw_monthly/CSCO/2012-05.csv,csv ohlcv,2026-05-17T13:04:06Z
CSCO,2012-06,ok,1638,av_intraday_5min/raw_monthly/CSCO/2012-06.csv,csv ohlcv,2026-05-17T13:04:07Z
CSCO,2012-07,ok,1612,av_intraday_5min/raw_monthly/CSCO/2012-07.csv,csv ohlcv,2026-05-17T13:04:08Z
CSCO,2012-08,ok,1794,av_intraday_5min/raw_monthly/CSCO/2012-08.csv,csv ohlcv,2026-05-17T13:04:08Z
CSCO,2012-09,ok,1482,av_intraday_5min/raw_monthly/CSCO/2012-09.csv,csv ohlcv,2026-05-17T13:04:09Z
CSCO,2012-10,ok,1638,av_intraday_5min/raw_monthly/CSCO/2012-10.csv,csv ohlcv,2026-05-17T13:04:10Z
CSCO,2012-11,ok,1616,av_intraday_5min/raw_monthly/CSCO/2012-11.csv,csv ohlcv,2026-05-17T13:04:11Z
CSCO,2012-12,ok,1532,av_intraday_5min/raw_monthly/CSCO/2012-12.csv,csv ohlcv,2026-05-17T13:04:12Z
CSCO,2013-01,ok,1635,av_intraday_5min/raw_monthly/CSCO/2013-01.csv,csv ohlcv,2026-05-17T13:04:13Z
CSCO,2013-02,ok,1482,av_intraday_5min/raw_monthly/CSCO/2013-02.csv,csv ohlcv,2026-05-17T13:04:14Z
CSCO,2013-03,ok,1560,av_intraday_5min/raw_monthly/CSCO/2013-03.csv,csv ohlcv,2026-05-17T13:04:15Z
CSCO,2013-04,ok,1716,av_intraday_5min/raw_monthly/CSCO/2013-04.csv,csv ohlcv,2026-05-17T13:04:16Z
CSCO,2013-05,ok,1716,av_intraday_5min/raw_monthly/CSCO/2013-05.csv,csv ohlcv,2026-05-17T13:04:17Z
CSCO,2013-06,ok,1560,av_intraday_5min/raw_monthly/CSCO/2013-06.csv,csv ohlcv,2026-05-17T13:04:18Z
CSCO,2013-07,ok,1691,av_intraday_5min/raw_monthly/CSCO/2013-07.csv,csv ohlcv,2026-05-17T13:04:18Z
CSCO,2013-08,ok,1684,av_intraday_5min/raw_monthly/CSCO/2013-08.csv,csv ohlcv,2026-05-17T13:04:19Z
CSCO,2013-09,ok,1560,av_intraday_5min/raw_monthly/CSCO/2013-09.csv,csv ohlcv,2026-05-17T13:04:20Z
CSCO,2013-10,ok,1794,av_intraday_5min/raw_monthly/CSCO/2013-10.csv,csv ohlcv,2026-05-17T13:04:21Z
CSCO,2013-11,ok,1540,av_intraday_5min/raw_monthly/CSCO/2013-11.csv,csv ohlcv,2026-05-17T13:04:22Z
CSCO,2013-12,ok,1615,av_intraday_5min/raw_monthly/CSCO/2013-12.csv,csv ohlcv,2026-05-17T13:04:23Z
CSCO,2014-01,ok,1638,av_intraday_5min/raw_monthly/CSCO/2014-01.csv,csv ohlcv,2026-05-17T13:04:24Z
CSCO,2014-02,ok,1482,av_intraday_5min/raw_monthly/CSCO/2014-02.csv,csv ohlcv,2026-05-17T13:04:25Z
CSCO,2014-03,ok,1638,av_intraday_5min/raw_monthly/CSCO/2014-03.csv,csv ohlcv,2026-05-17T13:04:26Z
CSCO,2014-04,ok,1638,av_intraday_5min/raw_monthly/CSCO/2014-04.csv,csv ohlcv,2026-05-17T13:04:26Z
CSCO,2014-05,ok,1638,av_intraday_5min/raw_monthly/CSCO/2014-05.csv,csv ohlcv,2026-05-17T13:04:27Z
CSCO,2014-06,ok,1638,av_intraday_5min/raw_monthly/CSCO/2014-06.csv,csv ohlcv,2026-05-17T13:04:28Z
CSCO,2014-07,ok,1693,av_intraday_5min/raw_monthly/CSCO/2014-07.csv,csv ohlcv,2026-05-17T13:04:29Z
CSCO,2014-08,ok,1638,av_intraday_5min/raw_monthly/CSCO/2014-08.csv,csv ohlcv,2026-05-17T13:04:30Z
CSCO,2014-09,ok,1638,av_intraday_5min/raw_monthly/CSCO/2014-09.csv,csv ohlcv,2026-05-17T13:04:31Z
CSCO,2014-10,ok,1794,av_intraday_5min/raw_monthly/CSCO/2014-10.csv,csv ohlcv,2026-05-17T13:04:32Z
CSCO,2014-11,ok,1460,av_intraday_5min/raw_monthly/CSCO/2014-11.csv,csv ohlcv,2026-05-17T13:04:33Z
CSCO,2014-12,ok,1686,av_intraday_5min/raw_monthly/CSCO/2014-12.csv,csv ohlcv,2026-05-17T13:04:34Z
CSCO,2015-01,ok,1560,av_intraday_5min/raw_monthly/CSCO/2015-01.csv,csv ohlcv,2026-05-17T13:04:35Z
CSCO,2015-02,ok,1482,av_intraday_5min/raw_monthly/CSCO/2015-02.csv,csv ohlcv,2026-05-17T13:04:35Z
CSCO,2015-03,ok,1716,av_intraday_5min/raw_monthly/CSCO/2015-03.csv,csv ohlcv,2026-05-17T13:04:36Z
CSCO,2015-04,ok,1638,av_intraday_5min/raw_monthly/CSCO/2015-04.csv,csv ohlcv,2026-05-17T13:04:37Z
CSCO,2015-05,ok,1560,av_intraday_5min/raw_monthly/CSCO/2015-05.csv,csv ohlcv,2026-05-17T13:04:38Z
CSCO,2015-06,ok,1716,av_intraday_5min/raw_monthly/CSCO/2015-06.csv,csv ohlcv,2026-05-17T13:04:39Z
CSCO,2015-07,ok,1716,av_intraday_5min/raw_monthly/CSCO/2015-07.csv,csv ohlcv,2026-05-17T13:04:40Z
CSCO,2015-08,ok,1638,av_intraday_5min/raw_monthly/CSCO/2015-08.csv,csv ohlcv,2026-05-17T13:04:40Z
CSCO,2015-09,ok,1638,av_intraday_5min/raw_monthly/CSCO/2015-09.csv,csv ohlcv,2026-05-17T13:04:41Z
CSCO,2015-10,ok,1716,av_intraday_5min/raw_monthly/CSCO/2015-10.csv,csv ohlcv,2026-05-17T13:04:42Z
CSCO,2015-11,ok,1529,av_intraday_5min/raw_monthly/CSCO/2015-11.csv,csv ohlcv,2026-05-17T13:04:43Z
CSCO,2015-12,ok,1684,av_intraday_5min/raw_monthly/CSCO/2015-12.csv,csv ohlcv,2026-05-17T13:04:44Z
CSCO,2016-01,ok,1482,av_intraday_5min/raw_monthly/CSCO/2016-01.csv,csv ohlcv,2026-05-17T13:04:45Z
CSCO,2016-02,ok,1560,av_intraday_5min/raw_monthly/CSCO/2016-02.csv,csv ohlcv,2026-05-17T13:04:46Z
CSCO,2016-03,ok,1716,av_intraday_5min/raw_monthly/CSCO/2016-03.csv,csv ohlcv,2026-05-17T13:04:46Z
CSCO,2016-04,ok,1638,av_intraday_5min/raw_monthly/CSCO/2016-04.csv,csv ohlcv,2026-05-17T13:04:47Z
CSCO,2016-05,ok,1638,av_intraday_5min/raw_monthly/CSCO/2016-05.csv,csv ohlcv,2026-05-17T13:04:48Z
CSCO,2016-06,ok,1716,av_intraday_5min/raw_monthly/CSCO/2016-06.csv,csv ohlcv,2026-05-17T13:04:49Z
CSCO,2016-07,ok,1560,av_intraday_5min/raw_monthly/CSCO/2016-07.csv,csv ohlcv,2026-05-17T13:04:50Z
CSCO,2016-08,ok,1794,av_intraday_5min/raw_monthly/CSCO/2016-08.csv,csv ohlcv,2026-05-17T13:04:51Z
CSCO,2016-09,ok,1638,av_intraday_5min/raw_monthly/CSCO/2016-09.csv,csv ohlcv,2026-05-17T13:04:52Z
CSCO,2016-10,ok,1638,av_intraday_5min/raw_monthly/CSCO/2016-10.csv,csv ohlcv,2026-05-17T13:04:53Z
CSCO,2016-11,ok,1610,av_intraday_5min/raw_monthly/CSCO/2016-11.csv,csv ohlcv,2026-05-17T13:04:54Z
CSCO,2016-12,ok,1638,av_intraday_5min/raw_monthly/CSCO/2016-12.csv,csv ohlcv,2026-05-17T13:04:55Z
CSCO,2017-01,ok,1560,av_intraday_5min/raw_monthly/CSCO/2017-01.csv,csv ohlcv,2026-05-17T13:04:56Z
CSCO,2017-02,ok,1482,av_intraday_5min/raw_monthly/CSCO/2017-02.csv,csv ohlcv,2026-05-17T13:04:56Z
CSCO,2017-03,ok,1794,av_intraday_5min/raw_monthly/CSCO/2017-03.csv,csv ohlcv,2026-05-17T13:04:57Z
CSCO,2017-04,ok,1482,av_intraday_5min/raw_monthly/CSCO/2017-04.csv,csv ohlcv,2026-05-17T13:04:58Z
CSCO,2017-05,ok,1716,av_intraday_5min/raw_monthly/CSCO/2017-05.csv,csv ohlcv,2026-05-17T13:04:59Z
CSCO,2017-06,ok,1716,av_intraday_5min/raw_monthly/CSCO/2017-06.csv,csv ohlcv,2026-05-17T13:05:00Z
CSCO,2017-07,ok,1544,av_intraday_5min/raw_monthly/CSCO/2017-07.csv,csv ohlcv,2026-05-17T13:05:01Z
CSCO,2017-08,ok,1794,av_intraday_5min/raw_monthly/CSCO/2017-08.csv,csv ohlcv,2026-05-17T13:05:01Z
CSCO,2017-09,ok,1560,av_intraday_5min/raw_monthly/CSCO/2017-09.csv,csv ohlcv,2026-05-17T13:05:02Z
CSCO,2017-10,ok,1716,av_intraday_5min/raw_monthly/CSCO/2017-10.csv,csv ohlcv,2026-05-17T13:05:03Z
CSCO,2017-11,ok,1607,av_intraday_5min/raw_monthly/CSCO/2017-11.csv,csv ohlcv,2026-05-17T13:05:04Z
CSCO,2017-12,ok,1560,av_intraday_5min/raw_monthly/CSCO/2017-12.csv,csv ohlcv,2026-05-17T13:05:05Z
DIS,2001-02,ok,1480,av_intraday_5min/raw_monthly/DIS/2001-02.csv,csv ohlcv,2026-05-17T13:05:06Z
DIS,2001-03,ok,1716,av_intraday_5min/raw_monthly/DIS/2001-03.csv,csv ohlcv,2026-05-17T13:05:07Z
DIS,2001-04,ok,1559,av_intraday_5min/raw_monthly/DIS/2001-04.csv,csv ohlcv,2026-05-17T13:05:08Z
DIS,2001-05,ok,1709,av_intraday_5min/raw_monthly/DIS/2001-05.csv,csv ohlcv,2026-05-17T13:05:08Z
DIS,2001-06,ok,1622,av_intraday_5min/raw_monthly/DIS/2001-06.csv,csv ohlcv,2026-05-17T13:05:09Z
DIS,2001-07,ok,1601,av_intraday_5min/raw_monthly/DIS/2001-07.csv,csv ohlcv,2026-05-17T13:05:10Z
DIS,2001-08,ok,1794,av_intraday_5min/raw_monthly/DIS/2001-08.csv,csv ohlcv,2026-05-17T13:05:11Z
DIS,2001-09,ok,1162,av_intraday_5min/raw_monthly/DIS/2001-09.csv,csv ohlcv,2026-05-17T13:05:12Z
DIS,2001-10,ok,1793,av_intraday_5min/raw_monthly/DIS/2001-10.csv,csv ohlcv,2026-05-17T13:05:12Z
DIS,2001-11,ok,1598,av_intraday_5min/raw_monthly/DIS/2001-11.csv,csv ohlcv,2026-05-17T13:05:13Z
DIS,2001-12,ok,1525,av_intraday_5min/raw_monthly/DIS/2001-12.csv,csv ohlcv,2026-05-17T13:05:14Z
DIS,2002-01,ok,1637,av_intraday_5min/raw_monthly/DIS/2002-01.csv,csv ohlcv,2026-05-17T13:05:15Z
DIS,2002-02,ok,1482,av_intraday_5min/raw_monthly/DIS/2002-02.csv,csv ohlcv,2026-05-17T13:05:16Z
DIS,2002-03,ok,1560,av_intraday_5min/raw_monthly/DIS/2002-03.csv,csv ohlcv,2026-05-17T13:05:16Z
DIS,2002-04,ok,1714,av_intraday_5min/raw_monthly/DIS/2002-04.csv,csv ohlcv,2026-05-17T13:05:17Z
DIS,2002-05,ok,1716,av_intraday_5min/raw_monthly/DIS/2002-05.csv,csv ohlcv,2026-05-17T13:05:18Z
DIS,2002-06,ok,1560,av_intraday_5min/raw_monthly/DIS/2002-06.csv,csv ohlcv,2026-05-17T13:05:19Z
DIS,2002-07,ok,1681,av_intraday_5min/raw_monthly/DIS/2002-07.csv,csv ohlcv,2026-05-17T13:05:20Z
DIS,2002-08,ok,1715,av_intraday_5min/raw_monthly/DIS/2002-08.csv,csv ohlcv,2026-05-17T13:05:21Z
DIS,2002-09,ok,1532,av_intraday_5min/raw_monthly/DIS/2002-09.csv,csv ohlcv,2026-05-17T13:05:21Z
DIS,2002-10,ok,1794,av_intraday_5min/raw_monthly/DIS/2002-10.csv,csv ohlcv,2026-05-17T13:05:22Z
DIS,2002-11,ok,1525,av_intraday_5min/raw_monthly/DIS/2002-11.csv,csv ohlcv,2026-05-17T13:05:23Z
DIS,2002-12,ok,1603,av_intraday_5min/raw_monthly/DIS/2002-12.csv,csv ohlcv,2026-05-17T13:05:24Z
DIS,2003-01,ok,1638,av_intraday_5min/raw_monthly/DIS/2003-01.csv,csv ohlcv,2026-05-17T13:05:25Z
DIS,2003-02,ok,1482,av_intraday_5min/raw_monthly/DIS/2003-02.csv,csv ohlcv,2026-05-17T13:05:26Z
DIS,2003-03,ok,1638,av_intraday_5min/raw_monthly/DIS/2003-03.csv,csv ohlcv,2026-05-17T13:05:27Z
DIS,2003-04,ok,1638,av_intraday_5min/raw_monthly/DIS/2003-04.csv,csv ohlcv,2026-05-17T13:05:27Z
DIS,2003-05,ok,1638,av_intraday_5min/raw_monthly/DIS/2003-05.csv,csv ohlcv,2026-05-17T13:05:28Z
DIS,2003-06,ok,1636,av_intraday_5min/raw_monthly/DIS/2003-06.csv,csv ohlcv,2026-05-17T13:05:29Z
DIS,2003-07,ok,1681,av_intraday_5min/raw_monthly/DIS/2003-07.csv,csv ohlcv,2026-05-17T13:05:30Z
DIS,2003-08,ok,1638,av_intraday_5min/raw_monthly/DIS/2003-08.csv,csv ohlcv,2026-05-17T13:05:31Z
DIS,2003-09,ok,1638,av_intraday_5min/raw_monthly/DIS/2003-09.csv,csv ohlcv,2026-05-17T13:05:32Z
DIS,2003-10,ok,1794,av_intraday_5min/raw_monthly/DIS/2003-10.csv,csv ohlcv,2026-05-17T13:05:33Z
DIS,2003-11,ok,1447,av_intraday_5min/raw_monthly/DIS/2003-11.csv,csv ohlcv,2026-05-17T13:05:34Z
DIS,2003-12,ok,1645,av_intraday_5min/raw_monthly/DIS/2003-12.csv,csv ohlcv,2026-05-17T13:05:34Z
DIS,2004-01,ok,1559,av_intraday_5min/raw_monthly/DIS/2004-01.csv,csv ohlcv,2026-05-17T13:05:35Z
DIS,2004-02,ok,1479,av_intraday_5min/raw_monthly/DIS/2004-02.csv,csv ohlcv,2026-05-17T13:05:36Z
DIS,2004-03,ok,1794,av_intraday_5min/raw_monthly/DIS/2004-03.csv,csv ohlcv,2026-05-17T13:05:37Z
DIS,2004-04,ok,1637,av_intraday_5min/raw_monthly/DIS/2004-04.csv,csv ohlcv,2026-05-17T13:05:38Z
DIS,2004-05,ok,1560,av_intraday_5min/raw_monthly/DIS/2004-05.csv,csv ohlcv,2026-05-17T13:05:38Z
DIS,2004-06,ok,1638,av_intraday_5min/raw_monthly/DIS/2004-06.csv,csv ohlcv,2026-05-17T13:05:39Z
DIS,2004-07,ok,1638,av_intraday_5min/raw_monthly/DIS/2004-07.csv,csv ohlcv,2026-05-17T13:05:40Z
DIS,2004-08,ok,1715,av_intraday_5min/raw_monthly/DIS/2004-08.csv,csv ohlcv,2026-05-17T13:05:41Z
DIS,2004-09,ok,1638,av_intraday_5min/raw_monthly/DIS/2004-09.csv,csv ohlcv,2026-05-17T13:05:42Z
DIS,2004-10,ok,1638,av_intraday_5min/raw_monthly/DIS/2004-10.csv,csv ohlcv,2026-05-17T13:05:43Z
DIS,2004-11,ok,1603,av_intraday_5min/raw_monthly/DIS/2004-11.csv,csv ohlcv,2026-05-17T13:05:44Z
DIS,2004-12,ok,1716,av_intraday_5min/raw_monthly/DIS/2004-12.csv,csv ohlcv,2026-05-17T13:05:44Z
DIS,2005-01,ok,1560,av_intraday_5min/raw_monthly/DIS/2005-01.csv,csv ohlcv,2026-05-17T13:05:45Z
DIS,2005-02,ok,1480,av_intraday_5min/raw_monthly/DIS/2005-02.csv,csv ohlcv,2026-05-17T13:05:46Z
DIS,2005-03,ok,1716,av_intraday_5min/raw_monthly/DIS/2005-03.csv,csv ohlcv,2026-05-17T13:05:47Z
DIS,2005-04,ok,1638,av_intraday_5min/raw_monthly/DIS/2005-04.csv,csv ohlcv,2026-05-17T13:05:47Z
DIS,2005-05,ok,1634,av_intraday_5min/raw_monthly/DIS/2005-05.csv,csv ohlcv,2026-05-17T13:05:48Z
DIS,2005-06,ok,1714,av_intraday_5min/raw_monthly/DIS/2005-06.csv,csv ohlcv,2026-05-17T13:05:49Z
DIS,2005-07,ok,1560,av_intraday_5min/raw_monthly/DIS/2005-07.csv,csv ohlcv,2026-05-17T13:05:50Z
DIS,2005-08,ok,1794,av_intraday_5min/raw_monthly/DIS/2005-08.csv,csv ohlcv,2026-05-17T13:05:51Z
DIS,2005-09,ok,1638,av_intraday_5min/raw_monthly/DIS/2005-09.csv,csv ohlcv,2026-05-17T13:05:52Z
DIS,2005-10,ok,1638,av_intraday_5min/raw_monthly/DIS/2005-10.csv,csv ohlcv,2026-05-17T13:05:53Z
DIS,2005-11,ok,1603,av_intraday_5min/raw_monthly/DIS/2005-11.csv,csv ohlcv,2026-05-17T13:05:53Z
DIS,2005-12,ok,1637,av_intraday_5min/raw_monthly/DIS/2005-12.csv,csv ohlcv,2026-05-17T13:05:54Z
DIS,2006-01,ok,1560,av_intraday_5min/raw_monthly/DIS/2006-01.csv,csv ohlcv,2026-05-17T13:05:55Z
DIS,2006-02,ok,1482,av_intraday_5min/raw_monthly/DIS/2006-02.csv,csv ohlcv,2026-05-17T13:05:56Z
DIS,2006-03,ok,1794,av_intraday_5min/raw_monthly/DIS/2006-03.csv,csv ohlcv,2026-05-17T13:05:57Z
DIS,2006-04,ok,1482,av_intraday_5min/raw_monthly/DIS/2006-04.csv,csv ohlcv,2026-05-17T13:05:58Z
DIS,2006-05,ok,1716,av_intraday_5min/raw_monthly/DIS/2006-05.csv,csv ohlcv,2026-05-17T13:05:59Z
DIS,2006-06,ok,1716,av_intraday_5min/raw_monthly/DIS/2006-06.csv,csv ohlcv,2026-05-17T13:06:00Z
DIS,2006-07,ok,1525,av_intraday_5min/raw_monthly/DIS/2006-07.csv,csv ohlcv,2026-05-17T13:06:01Z
DIS,2006-08,ok,1794,av_intraday_5min/raw_monthly/DIS/2006-08.csv,csv ohlcv,2026-05-17T13:06:01Z
DIS,2006-09,ok,1560,av_intraday_5min/raw_monthly/DIS/2006-09.csv,csv ohlcv,2026-05-17T13:06:02Z
DIS,2006-10,ok,1716,av_intraday_5min/raw_monthly/DIS/2006-10.csv,csv ohlcv,2026-05-17T13:06:03Z
DIS,2006-11,ok,1603,av_intraday_5min/raw_monthly/DIS/2006-11.csv,csv ohlcv,2026-05-17T13:06:04Z
DIS,2006-12,ok,1560,av_intraday_5min/raw_monthly/DIS/2006-12.csv,csv ohlcv,2026-05-17T13:06:05Z
DIS,2007-01,ok,1560,av_intraday_5min/raw_monthly/DIS/2007-01.csv,csv ohlcv,2026-05-17T13:06:06Z
DIS,2007-02,ok,1482,av_intraday_5min/raw_monthly/DIS/2007-02.csv,csv ohlcv,2026-05-17T13:06:06Z
DIS,2007-03,ok,1716,av_intraday_5min/raw_monthly/DIS/2007-03.csv,csv ohlcv,2026-05-17T13:06:07Z
DIS,2007-04,ok,1560,av_intraday_5min/raw_monthly/DIS/2007-04.csv,csv ohlcv,2026-05-17T13:06:08Z
DIS,2007-05,ok,1716,av_intraday_5min/raw_monthly/DIS/2007-05.csv,csv ohlcv,2026-05-17T13:06:09Z
DIS,2007-06,ok,1638,av_intraday_5min/raw_monthly/DIS/2007-06.csv,csv ohlcv,2026-05-17T13:06:10Z
DIS,2007-07,ok,1608,av_intraday_5min/raw_monthly/DIS/2007-07.csv,csv ohlcv,2026-05-17T13:06:11Z
DIS,2007-08,ok,1794,av_intraday_5min/raw_monthly/DIS/2007-08.csv,csv ohlcv,2026-05-17T13:06:12Z
DIS,2007-09,ok,1482,av_intraday_5min/raw_monthly/DIS/2007-09.csv,csv ohlcv,2026-05-17T13:06:13Z
DIS,2007-10,ok,1794,av_intraday_5min/raw_monthly/DIS/2007-10.csv,csv ohlcv,2026-05-17T13:06:14Z
DIS,2007-11,ok,1609,av_intraday_5min/raw_monthly/DIS/2007-11.csv,csv ohlcv,2026-05-17T13:06:14Z
DIS,2007-12,ok,1530,av_intraday_5min/raw_monthly/DIS/2007-12.csv,csv ohlcv,2026-05-17T13:06:15Z
DIS,2008-01,ok,1638,av_intraday_5min/raw_monthly/DIS/2008-01.csv,csv ohlcv,2026-05-17T13:06:16Z
DIS,2008-02,ok,1560,av_intraday_5min/raw_monthly/DIS/2008-02.csv,csv ohlcv,2026-05-17T13:06:17Z
DIS,2008-03,ok,1560,av_intraday_5min/raw_monthly/DIS/2008-03.csv,csv ohlcv,2026-05-17T13:06:18Z
DIS,2008-04,ok,1716,av_intraday_5min/raw_monthly/DIS/2008-04.csv,csv ohlcv,2026-05-17T13:06:19Z
DIS,2008-05,ok,1638,av_intraday_5min/raw_monthly/DIS/2008-05.csv,csv ohlcv,2026-05-17T13:06:20Z
DIS,2008-06,ok,1638,av_intraday_5min/raw_monthly/DIS/2008-06.csv,csv ohlcv,2026-05-17T13:06:21Z
DIS,2008-07,ok,1687,av_intraday_5min/raw_monthly/DIS/2008-07.csv,csv ohlcv,2026-05-17T13:06:21Z
DIS,2008-08,ok,1638,av_intraday_5min/raw_monthly/DIS/2008-08.csv,csv ohlcv,2026-05-17T13:06:22Z
DIS,2008-09,ok,1636,av_intraday_5min/raw_monthly/DIS/2008-09.csv,csv ohlcv,2026-05-17T13:06:23Z
DIS,2008-10,ok,1794,av_intraday_5min/raw_monthly/DIS/2008-10.csv,csv ohlcv,2026-05-17T13:06:24Z
DIS,2008-11,ok,1453,av_intraday_5min/raw_monthly/DIS/2008-11.csv,csv ohlcv,2026-05-17T13:06:25Z
DIS,2008-12,ok,1682,av_intraday_5min/raw_monthly/DIS/2008-12.csv,csv ohlcv,2026-05-17T13:06:25Z
DIS,2009-01,ok,1560,av_intraday_5min/raw_monthly/DIS/2009-01.csv,csv ohlcv,2026-05-17T13:06:26Z
DIS,2009-02,ok,1482,av_intraday_5min/raw_monthly/DIS/2009-02.csv,csv ohlcv,2026-05-17T13:06:27Z
DIS,2009-03,ok,1716,av_intraday_5min/raw_monthly/DIS/2009-03.csv,csv ohlcv,2026-05-17T13:06:28Z
DIS,2009-04,ok,1638,av_intraday_5min/raw_monthly/DIS/2009-04.csv,csv ohlcv,2026-05-17T13:06:29Z
DIS,2009-05,ok,1560,av_intraday_5min/raw_monthly/DIS/2009-05.csv,csv ohlcv,2026-05-17T13:06:30Z
DIS,2009-06,ok,1716,av_intraday_5min/raw_monthly/DIS/2009-06.csv,csv ohlcv,2026-05-17T13:06:31Z
DIS,2009-07,ok,1716,av_intraday_5min/raw_monthly/DIS/2009-07.csv,csv ohlcv,2026-05-17T13:06:32Z
DIS,2009-08,ok,1638,av_intraday_5min/raw_monthly/DIS/2009-08.csv,csv ohlcv,2026-05-17T13:06:33Z
DIS,2009-09,ok,1638,av_intraday_5min/raw_monthly/DIS/2009-09.csv,csv ohlcv,2026-05-17T13:06:34Z
DIS,2009-10,ok,1716,av_intraday_5min/raw_monthly/DIS/2009-10.csv,csv ohlcv,2026-05-17T13:06:34Z
DIS,2009-11,ok,1529,av_intraday_5min/raw_monthly/DIS/2009-11.csv,csv ohlcv,2026-05-17T13:06:35Z
DIS,2009-12,ok,1683,av_intraday_5min/raw_monthly/DIS/2009-12.csv,csv ohlcv,2026-05-17T13:06:36Z
DIS,2010-01,ok,1482,av_intraday_5min/raw_monthly/DIS/2010-01.csv,csv ohlcv,2026-05-17T13:06:37Z
DIS,2010-02,ok,1482,av_intraday_5min/raw_monthly/DIS/2010-02.csv,csv ohlcv,2026-05-17T13:06:38Z
DIS,2010-03,ok,1794,av_intraday_5min/raw_monthly/DIS/2010-03.csv,csv ohlcv,2026-05-17T13:06:38Z
DIS,2010-04,ok,1638,av_intraday_5min/raw_monthly/DIS/2010-04.csv,csv ohlcv,2026-05-17T13:06:39Z
DIS,2010-05,ok,1560,av_intraday_5min/raw_monthly/DIS/2010-05.csv,csv ohlcv,2026-05-17T13:06:40Z
DIS,2010-06,ok,1716,av_intraday_5min/raw_monthly/DIS/2010-06.csv,csv ohlcv,2026-05-17T13:06:41Z
DIS,2010-07,ok,1638,av_intraday_5min/raw_monthly/DIS/2010-07.csv,csv ohlcv,2026-05-17T13:06:42Z
DIS,2010-08,ok,1716,av_intraday_5min/raw_monthly/DIS/2010-08.csv,csv ohlcv,2026-05-17T13:06:43Z
DIS,2010-09,ok,1638,av_intraday_5min/raw_monthly/DIS/2010-09.csv,csv ohlcv,2026-05-17T13:06:44Z
DIS,2010-10,ok,1638,av_intraday_5min/raw_monthly/DIS/2010-10.csv,csv ohlcv,2026-05-17T13:06:45Z
DIS,2010-11,ok,1609,av_intraday_5min/raw_monthly/DIS/2010-11.csv,csv ohlcv,2026-05-17T13:06:46Z
DIS,2010-12,ok,1716,av_intraday_5min/raw_monthly/DIS/2010-12.csv,csv ohlcv,2026-05-17T13:06:47Z
DIS,2011-01,ok,1560,av_intraday_5min/raw_monthly/DIS/2011-01.csv,csv ohlcv,2026-05-17T13:06:48Z
DIS,2011-02,ok,1482,av_intraday_5min/raw_monthly/DIS/2011-02.csv,csv ohlcv,2026-05-17T13:06:48Z
DIS,2011-03,ok,1794,av_intraday_5min/raw_monthly/DIS/2011-03.csv,csv ohlcv,2026-05-17T13:06:49Z
DIS,2011-04,ok,1560,av_intraday_5min/raw_monthly/DIS/2011-04.csv,csv ohlcv,2026-05-17T13:06:50Z
DIS,2011-05,ok,1638,av_intraday_5min/raw_monthly/DIS/2011-05.csv,csv ohlcv,2026-05-17T13:06:51Z
DIS,2011-06,ok,1716,av_intraday_5min/raw_monthly/DIS/2011-06.csv,csv ohlcv,2026-05-17T13:06:52Z
DIS,2011-07,ok,1560,av_intraday_5min/raw_monthly/DIS/2011-07.csv,csv ohlcv,2026-05-17T13:06:53Z
DIS,2011-08,ok,1794,av_intraday_5min/raw_monthly/DIS/2011-08.csv,csv ohlcv,2026-05-17T13:06:54Z
DIS,2011-09,ok,1638,av_intraday_5min/raw_monthly/DIS/2011-09.csv,csv ohlcv,2026-05-17T13:06:55Z
DIS,2011-10,ok,1638,av_intraday_5min/raw_monthly/DIS/2011-10.csv,csv ohlcv,2026-05-17T13:06:55Z
DIS,2011-11,ok,1606,av_intraday_5min/raw_monthly/DIS/2011-11.csv,csv ohlcv,2026-05-17T13:06:56Z
DIS,2011-12,ok,1638,av_intraday_5min/raw_monthly/DIS/2011-12.csv,csv ohlcv,2026-05-17T13:06:57Z
DIS,2012-01,ok,1560,av_intraday_5min/raw_monthly/DIS/2012-01.csv,csv ohlcv,2026-05-17T13:06:58Z
DIS,2012-02,ok,1560,av_intraday_5min/raw_monthly/DIS/2012-02.csv,csv ohlcv,2026-05-17T13:06:59Z
DIS,2012-03,ok,1716,av_intraday_5min/raw_monthly/DIS/2012-03.csv,csv ohlcv,2026-05-17T13:07:00Z
DIS,2012-04,ok,1560,av_intraday_5min/raw_monthly/DIS/2012-04.csv,csv ohlcv,2026-05-17T13:07:01Z
DIS,2012-05,ok,1716,av_intraday_5min/raw_monthly/DIS/2012-05.csv,csv ohlcv,2026-05-17T13:07:02Z
DIS,2012-06,ok,1638,av_intraday_5min/raw_monthly/DIS/2012-06.csv,csv ohlcv,2026-05-17T13:07:03Z
DIS,2012-07,ok,1606,av_intraday_5min/raw_monthly/DIS/2012-07.csv,csv ohlcv,2026-05-17T13:07:04Z
DIS,2012-08,ok,1794,av_intraday_5min/raw_monthly/DIS/2012-08.csv,csv ohlcv,2026-05-17T13:07:05Z
DIS,2012-09,ok,1482,av_intraday_5min/raw_monthly/DIS/2012-09.csv,csv ohlcv,2026-05-17T13:07:06Z
DIS,2012-10,ok,1638,av_intraday_5min/raw_monthly/DIS/2012-10.csv,csv ohlcv,2026-05-17T13:07:06Z
DIS,2012-11,ok,1608,av_intraday_5min/raw_monthly/DIS/2012-11.csv,csv ohlcv,2026-05-17T13:07:07Z
DIS,2012-12,ok,1529,av_intraday_5min/raw_monthly/DIS/2012-12.csv,csv ohlcv,2026-05-17T13:07:08Z
DIS,2013-01,ok,1638,av_intraday_5min/raw_monthly/DIS/2013-01.csv,csv ohlcv,2026-05-17T13:07:09Z
DIS,2013-02,ok,1482,av_intraday_5min/raw_monthly/DIS/2013-02.csv,csv ohlcv,2026-05-17T13:07:10Z
DIS,2013-03,ok,1560,av_intraday_5min/raw_monthly/DIS/2013-03.csv,csv ohlcv,2026-05-17T13:07:11Z
DIS,2013-04,ok,1716,av_intraday_5min/raw_monthly/DIS/2013-04.csv,csv ohlcv,2026-05-17T13:07:11Z
DIS,2013-05,ok,1716,av_intraday_5min/raw_monthly/DIS/2013-05.csv,csv ohlcv,2026-05-17T13:07:12Z
DIS,2013-06,ok,1560,av_intraday_5min/raw_monthly/DIS/2013-06.csv,csv ohlcv,2026-05-17T13:07:13Z
DIS,2013-07,ok,1689,av_intraday_5min/raw_monthly/DIS/2013-07.csv,csv ohlcv,2026-05-17T13:07:14Z
DIS,2013-08,ok,1716,av_intraday_5min/raw_monthly/DIS/2013-08.csv,csv ohlcv,2026-05-17T13:07:15Z
DIS,2013-09,ok,1560,av_intraday_5min/raw_monthly/DIS/2013-09.csv,csv ohlcv,2026-05-17T13:07:16Z
DIS,2013-10,ok,1794,av_intraday_5min/raw_monthly/DIS/2013-10.csv,csv ohlcv,2026-05-17T13:07:16Z
DIS,2013-11,ok,1532,av_intraday_5min/raw_monthly/DIS/2013-11.csv,csv ohlcv,2026-05-17T13:07:17Z
DIS,2013-12,ok,1607,av_intraday_5min/raw_monthly/DIS/2013-12.csv,csv ohlcv,2026-05-17T13:07:18Z
DIS,2014-01,ok,1638,av_intraday_5min/raw_monthly/DIS/2014-01.csv,csv ohlcv,2026-05-17T13:07:19Z
DIS,2014-02,ok,1482,av_intraday_5min/raw_monthly/DIS/2014-02.csv,csv ohlcv,2026-05-17T13:07:19Z
DIS,2014-03,ok,1638,av_intraday_5min/raw_monthly/DIS/2014-03.csv,csv ohlcv,2026-05-17T13:07:20Z
DIS,2014-04,ok,1638,av_intraday_5min/raw_monthly/DIS/2014-04.csv,csv ohlcv,2026-05-17T13:07:21Z
DIS,2014-05,ok,1638,av_intraday_5min/raw_monthly/DIS/2014-05.csv,csv ohlcv,2026-05-17T13:07:22Z
DIS,2014-06,ok,1638,av_intraday_5min/raw_monthly/DIS/2014-06.csv,csv ohlcv,2026-05-17T13:07:23Z
DIS,2014-07,ok,1682,av_intraday_5min/raw_monthly/DIS/2014-07.csv,csv ohlcv,2026-05-17T13:07:23Z
DIS,2014-08,ok,1638,av_intraday_5min/raw_monthly/DIS/2014-08.csv,csv ohlcv,2026-05-17T13:07:24Z
DIS,2014-09,ok,1638,av_intraday_5min/raw_monthly/DIS/2014-09.csv,csv ohlcv,2026-05-17T13:07:25Z
DIS,2014-10,ok,1783,av_intraday_5min/raw_monthly/DIS/2014-10.csv,csv ohlcv,2026-05-17T13:07:26Z
DIS,2014-11,ok,1456,av_intraday_5min/raw_monthly/DIS/2014-11.csv,csv ohlcv,2026-05-17T13:07:26Z
DIS,2014-12,ok,1683,av_intraday_5min/raw_monthly/DIS/2014-12.csv,csv ohlcv,2026-05-17T13:07:27Z
DIS,2015-01,ok,1560,av_intraday_5min/raw_monthly/DIS/2015-01.csv,csv ohlcv,2026-05-17T13:07:28Z
DIS,2015-02,ok,1482,av_intraday_5min/raw_monthly/DIS/2015-02.csv,csv ohlcv,2026-05-17T13:07:29Z
DIS,2015-03,ok,1716,av_intraday_5min/raw_monthly/DIS/2015-03.csv,csv ohlcv,2026-05-17T13:07:30Z
DIS,2015-04,ok,1638,av_intraday_5min/raw_monthly/DIS/2015-04.csv,csv ohlcv,2026-05-17T13:07:31Z
DIS,2015-05,ok,1560,av_intraday_5min/raw_monthly/DIS/2015-05.csv,csv ohlcv,2026-05-17T13:07:32Z
DIS,2015-06,ok,1716,av_intraday_5min/raw_monthly/DIS/2015-06.csv,csv ohlcv,2026-05-17T13:07:33Z
DIS,2015-07,ok,1716,av_intraday_5min/raw_monthly/DIS/2015-07.csv,csv ohlcv,2026-05-17T13:07:34Z
DIS,2015-08,ok,1638,av_intraday_5min/raw_monthly/DIS/2015-08.csv,csv ohlcv,2026-05-17T13:07:34Z
DIS,2015-09,ok,1638,av_intraday_5min/raw_monthly/DIS/2015-09.csv,csv ohlcv,2026-05-17T13:07:36Z
DIS,2015-10,ok,1716,av_intraday_5min/raw_monthly/DIS/2015-10.csv,csv ohlcv,2026-05-17T13:07:36Z
DIS,2015-11,ok,1551,av_intraday_5min/raw_monthly/DIS/2015-11.csv,csv ohlcv,2026-05-17T13:07:37Z
DIS,2015-12,ok,1684,av_intraday_5min/raw_monthly/DIS/2015-12.csv,csv ohlcv,2026-05-17T13:07:38Z
DIS,2016-01,ok,1482,av_intraday_5min/raw_monthly/DIS/2016-01.csv,csv ohlcv,2026-05-17T13:07:39Z
DIS,2016-02,ok,1560,av_intraday_5min/raw_monthly/DIS/2016-02.csv,csv ohlcv,2026-05-17T13:07:40Z
DIS,2016-03,ok,1716,av_intraday_5min/raw_monthly/DIS/2016-03.csv,csv ohlcv,2026-05-17T13:07:41Z
DIS,2016-04,ok,1638,av_intraday_5min/raw_monthly/DIS/2016-04.csv,csv ohlcv,2026-05-17T13:07:42Z
DIS,2016-05,ok,1638,av_intraday_5min/raw_monthly/DIS/2016-05.csv,csv ohlcv,2026-05-17T13:07:43Z
DIS,2016-06,ok,1716,av_intraday_5min/raw_monthly/DIS/2016-06.csv,csv ohlcv,2026-05-17T13:07:44Z
DIS,2016-07,ok,1560,av_intraday_5min/raw_monthly/DIS/2016-07.csv,csv ohlcv,2026-05-17T13:07:45Z
DIS,2016-08,ok,1794,av_intraday_5min/raw_monthly/DIS/2016-08.csv,csv ohlcv,2026-05-17T13:07:46Z
DIS,2016-09,ok,1638,av_intraday_5min/raw_monthly/DIS/2016-09.csv,csv ohlcv,2026-05-17T13:07:47Z
DIS,2016-10,ok,1638,av_intraday_5min/raw_monthly/DIS/2016-10.csv,csv ohlcv,2026-05-17T13:07:48Z
DIS,2016-11,ok,1609,av_intraday_5min/raw_monthly/DIS/2016-11.csv,csv ohlcv,2026-05-17T13:07:49Z
DIS,2016-12,ok,1638,av_intraday_5min/raw_monthly/DIS/2016-12.csv,csv ohlcv,2026-05-17T13:07:50Z
DIS,2017-01,ok,1560,av_intraday_5min/raw_monthly/DIS/2017-01.csv,csv ohlcv,2026-05-17T13:07:51Z
DIS,2017-02,ok,1482,av_intraday_5min/raw_monthly/DIS/2017-02.csv,csv ohlcv,2026-05-17T13:07:52Z
DIS,2017-03,ok,1794,av_intraday_5min/raw_monthly/DIS/2017-03.csv,csv ohlcv,2026-05-17T13:07:53Z
DIS,2017-04,ok,1482,av_intraday_5min/raw_monthly/DIS/2017-04.csv,csv ohlcv,2026-05-17T13:07:54Z
DIS,2017-05,ok,1716,av_intraday_5min/raw_monthly/DIS/2017-05.csv,csv ohlcv,2026-05-17T13:07:55Z
DIS,2017-06,ok,1716,av_intraday_5min/raw_monthly/DIS/2017-06.csv,csv ohlcv,2026-05-17T13:07:55Z
DIS,2017-07,ok,1532,av_intraday_5min/raw_monthly/DIS/2017-07.csv,csv ohlcv,2026-05-17T13:07:56Z
DIS,2017-08,ok,1794,av_intraday_5min/raw_monthly/DIS/2017-08.csv,csv ohlcv,2026-05-17T13:07:57Z
DIS,2017-09,ok,1560,av_intraday_5min/raw_monthly/DIS/2017-09.csv,csv ohlcv,2026-05-17T13:07:58Z
DIS,2017-10,ok,1716,av_intraday_5min/raw_monthly/DIS/2017-10.csv,csv ohlcv,2026-05-17T13:07:59Z
DIS,2017-11,ok,1606,av_intraday_5min/raw_monthly/DIS/2017-11.csv,csv ohlcv,2026-05-17T13:08:00Z
DIS,2017-12,ok,1560,av_intraday_5min/raw_monthly/DIS/2017-12.csv,csv ohlcv,2026-05-17T13:08:01Z
GE,2001-02,ok,1482,av_intraday_5min/raw_monthly/GE/2001-02.csv,csv ohlcv,2026-05-17T13:08:02Z
GE,2001-03,ok,1715,av_intraday_5min/raw_monthly/GE/2001-03.csv,csv ohlcv,2026-05-17T13:08:03Z
GE,2001-04,ok,1560,av_intraday_5min/raw_monthly/GE/2001-04.csv,csv ohlcv,2026-05-17T13:08:04Z
GE,2001-05,ok,1714,av_intraday_5min/raw_monthly/GE/2001-05.csv,csv ohlcv,2026-05-17T13:08:04Z
GE,2001-06,ok,1630,av_intraday_5min/raw_monthly/GE/2001-06.csv,csv ohlcv,2026-05-17T13:08:05Z
GE,2001-07,ok,1604,av_intraday_5min/raw_monthly/GE/2001-07.csv,csv ohlcv,2026-05-17T13:08:06Z
GE,2001-08,ok,1794,av_intraday_5min/raw_monthly/GE/2001-08.csv,csv ohlcv,2026-05-17T13:08:07Z
GE,2001-09,ok,1169,av_intraday_5min/raw_monthly/GE/2001-09.csv,csv ohlcv,2026-05-17T13:08:08Z
GE,2001-10,ok,1794,av_intraday_5min/raw_monthly/GE/2001-10.csv,csv ohlcv,2026-05-17T13:08:09Z
GE,2001-11,ok,1600,av_intraday_5min/raw_monthly/GE/2001-11.csv,csv ohlcv,2026-05-17T13:08:09Z
GE,2001-12,ok,1525,av_intraday_5min/raw_monthly/GE/2001-12.csv,csv ohlcv,2026-05-17T13:08:10Z
GE,2002-01,ok,1638,av_intraday_5min/raw_monthly/GE/2002-01.csv,csv ohlcv,2026-05-17T13:08:11Z
GE,2002-02,ok,1482,av_intraday_5min/raw_monthly/GE/2002-02.csv,csv ohlcv,2026-05-17T13:08:12Z
GE,2002-03,ok,1560,av_intraday_5min/raw_monthly/GE/2002-03.csv,csv ohlcv,2026-05-17T13:08:13Z
GE,2002-04,ok,1716,av_intraday_5min/raw_monthly/GE/2002-04.csv,csv ohlcv,2026-05-17T13:08:14Z
GE,2002-05,ok,1716,av_intraday_5min/raw_monthly/GE/2002-05.csv,csv ohlcv,2026-05-17T13:08:15Z
GE,2002-06,ok,1560,av_intraday_5min/raw_monthly/GE/2002-06.csv,csv ohlcv,2026-05-17T13:08:16Z
GE,2002-07,ok,1681,av_intraday_5min/raw_monthly/GE/2002-07.csv,csv ohlcv,2026-05-17T13:08:16Z
GE,2002-08,ok,1716,av_intraday_5min/raw_monthly/GE/2002-08.csv,csv ohlcv,2026-05-17T13:08:17Z
GE,2002-09,ok,1540,av_intraday_5min/raw_monthly/GE/2002-09.csv,csv ohlcv,2026-05-17T13:08:18Z
GE,2002-10,ok,1794,av_intraday_5min/raw_monthly/GE/2002-10.csv,csv ohlcv,2026-05-17T13:08:19Z
GE,2002-11,ok,1527,av_intraday_5min/raw_monthly/GE/2002-11.csv,csv ohlcv,2026-05-17T13:08:19Z
GE,2002-12,ok,1603,av_intraday_5min/raw_monthly/GE/2002-12.csv,csv ohlcv,2026-05-17T13:08:20Z
GE,2003-01,ok,1638,av_intraday_5min/raw_monthly/GE/2003-01.csv,csv ohlcv,2026-05-17T13:08:21Z
GE,2003-02,ok,1482,av_intraday_5min/raw_monthly/GE/2003-02.csv,csv ohlcv,2026-05-17T13:08:22Z
GE,2003-03,ok,1638,av_intraday_5min/raw_monthly/GE/2003-03.csv,csv ohlcv,2026-05-17T13:08:23Z
GE,2003-04,ok,1638,av_intraday_5min/raw_monthly/GE/2003-04.csv,csv ohlcv,2026-05-17T13:08:24Z
GE,2003-05,ok,1638,av_intraday_5min/raw_monthly/GE/2003-05.csv,csv ohlcv,2026-05-17T13:08:25Z
GE,2003-06,ok,1636,av_intraday_5min/raw_monthly/GE/2003-06.csv,csv ohlcv,2026-05-17T13:08:26Z
GE,2003-07,ok,1681,av_intraday_5min/raw_monthly/GE/2003-07.csv,csv ohlcv,2026-05-17T13:08:26Z
GE,2003-08,ok,1638,av_intraday_5min/raw_monthly/GE/2003-08.csv,csv ohlcv,2026-05-17T13:08:27Z
GE,2003-09,ok,1638,av_intraday_5min/raw_monthly/GE/2003-09.csv,csv ohlcv,2026-05-17T13:08:28Z
GE,2003-10,ok,1794,av_intraday_5min/raw_monthly/GE/2003-10.csv,csv ohlcv,2026-05-17T13:08:29Z
GE,2003-11,ok,1449,av_intraday_5min/raw_monthly/GE/2003-11.csv,csv ohlcv,2026-05-17T13:08:30Z
GE,2003-12,ok,1647,av_intraday_5min/raw_monthly/GE/2003-12.csv,csv ohlcv,2026-05-17T13:08:31Z
GE,2004-01,ok,1560,av_intraday_5min/raw_monthly/GE/2004-01.csv,csv ohlcv,2026-05-17T13:08:31Z
GE,2004-02,ok,1482,av_intraday_5min/raw_monthly/GE/2004-02.csv,csv ohlcv,2026-05-17T13:08:32Z
GE,2004-03,ok,1794,av_intraday_5min/raw_monthly/GE/2004-03.csv,csv ohlcv,2026-05-17T13:08:33Z
GE,2004-04,ok,1637,av_intraday_5min/raw_monthly/GE/2004-04.csv,csv ohlcv,2026-05-17T13:08:34Z
GE,2004-05,ok,1560,av_intraday_5min/raw_monthly/GE/2004-05.csv,csv ohlcv,2026-05-17T13:08:35Z
GE,2004-06,ok,1638,av_intraday_5min/raw_monthly/GE/2004-06.csv,csv ohlcv,2026-05-17T13:08:36Z
GE,2004-07,ok,1638,av_intraday_5min/raw_monthly/GE/2004-07.csv,csv ohlcv,2026-05-17T13:08:36Z
GE,2004-08,ok,1716,av_intraday_5min/raw_monthly/GE/2004-08.csv,csv ohlcv,2026-05-17T13:08:37Z
GE,2004-09,ok,1638,av_intraday_5min/raw_monthly/GE/2004-09.csv,csv ohlcv,2026-05-17T13:08:38Z
GE,2004-10,ok,1638,av_intraday_5min/raw_monthly/GE/2004-10.csv,csv ohlcv,2026-05-17T13:08:39Z
GE,2004-11,ok,1604,av_intraday_5min/raw_monthly/GE/2004-11.csv,csv ohlcv,2026-05-17T13:08:40Z
GE,2004-12,ok,1716,av_intraday_5min/raw_monthly/GE/2004-12.csv,csv ohlcv,2026-05-17T13:08:41Z
GE,2005-01,ok,1560,av_intraday_5min/raw_monthly/GE/2005-01.csv,csv ohlcv,2026-05-17T13:08:42Z
GE,2005-02,ok,1482,av_intraday_5min/raw_monthly/GE/2005-02.csv,csv ohlcv,2026-05-17T13:08:43Z
GE,2005-03,ok,1716,av_intraday_5min/raw_monthly/GE/2005-03.csv,csv ohlcv,2026-05-17T13:08:44Z
GE,2005-04,ok,1638,av_intraday_5min/raw_monthly/GE/2005-04.csv,csv ohlcv,2026-05-17T13:08:44Z
GE,2005-05,ok,1638,av_intraday_5min/raw_monthly/GE/2005-05.csv,csv ohlcv,2026-05-17T13:08:45Z
GE,2005-06,ok,1714,av_intraday_5min/raw_monthly/GE/2005-06.csv,csv ohlcv,2026-05-17T13:08:46Z
GE,2005-07,ok,1560,av_intraday_5min/raw_monthly/GE/2005-07.csv,csv ohlcv,2026-05-17T13:08:47Z
GE,2005-08,ok,1794,av_intraday_5min/raw_monthly/GE/2005-08.csv,csv ohlcv,2026-05-17T13:08:48Z
GE,2005-09,ok,1638,av_intraday_5min/raw_monthly/GE/2005-09.csv,csv ohlcv,2026-05-17T13:08:48Z
GE,2005-10,ok,1638,av_intraday_5min/raw_monthly/GE/2005-10.csv,csv ohlcv,2026-05-17T13:08:49Z
GE,2005-11,ok,1603,av_intraday_5min/raw_monthly/GE/2005-11.csv,csv ohlcv,2026-05-17T13:08:50Z
GE,2005-12,ok,1638,av_intraday_5min/raw_monthly/GE/2005-12.csv,csv ohlcv,2026-05-17T13:08:51Z
GE,2006-01,ok,1560,av_intraday_5min/raw_monthly/GE/2006-01.csv,csv ohlcv,2026-05-17T13:08:52Z
GE,2006-02,ok,1482,av_intraday_5min/raw_monthly/GE/2006-02.csv,csv ohlcv,2026-05-17T13:08:53Z
GE,2006-03,ok,1794,av_intraday_5min/raw_monthly/GE/2006-03.csv,csv ohlcv,2026-05-17T13:08:54Z
GE,2006-04,ok,1482,av_intraday_5min/raw_monthly/GE/2006-04.csv,csv ohlcv,2026-05-17T13:08:54Z
GE,2006-05,ok,1716,av_intraday_5min/raw_monthly/GE/2006-05.csv,csv ohlcv,2026-05-17T13:08:55Z
GE,2006-06,ok,1716,av_intraday_5min/raw_monthly/GE/2006-06.csv,csv ohlcv,2026-05-17T13:08:56Z
GE,2006-07,ok,1525,av_intraday_5min/raw_monthly/GE/2006-07.csv,csv ohlcv,2026-05-17T13:08:57Z
GE,2006-08,ok,1794,av_intraday_5min/raw_monthly/GE/2006-08.csv,csv ohlcv,2026-05-17T13:08:58Z
GE,2006-09,ok,1560,av_intraday_5min/raw_monthly/GE/2006-09.csv,csv ohlcv,2026-05-17T13:08:58Z
GE,2006-10,ok,1716,av_intraday_5min/raw_monthly/GE/2006-10.csv,csv ohlcv,2026-05-17T13:08:59Z
GE,2006-11,ok,1603,av_intraday_5min/raw_monthly/GE/2006-11.csv,csv ohlcv,2026-05-17T13:09:00Z
GE,2006-12,ok,1560,av_intraday_5min/raw_monthly/GE/2006-12.csv,csv ohlcv,2026-05-17T13:09:01Z
GE,2007-01,ok,1560,av_intraday_5min/raw_monthly/GE/2007-01.csv,csv ohlcv,2026-05-17T13:09:02Z
GE,2007-02,ok,1482,av_intraday_5min/raw_monthly/GE/2007-02.csv,csv ohlcv,2026-05-17T13:09:03Z
GE,2007-03,ok,1716,av_intraday_5min/raw_monthly/GE/2007-03.csv,csv ohlcv,2026-05-17T13:09:03Z
GE,2007-04,ok,1560,av_intraday_5min/raw_monthly/GE/2007-04.csv,csv ohlcv,2026-05-17T13:09:04Z
GE,2007-05,ok,1716,av_intraday_5min/raw_monthly/GE/2007-05.csv,csv ohlcv,2026-05-17T13:09:05Z
GE,2007-06,ok,1638,av_intraday_5min/raw_monthly/GE/2007-06.csv,csv ohlcv,2026-05-17T13:09:06Z
GE,2007-07,ok,1615,av_intraday_5min/raw_monthly/GE/2007-07.csv,csv ohlcv,2026-05-17T13:09:07Z
GE,2007-08,ok,1794,av_intraday_5min/raw_monthly/GE/2007-08.csv,csv ohlcv,2026-05-17T13:09:07Z
GE,2007-09,ok,1482,av_intraday_5min/raw_monthly/GE/2007-09.csv,csv ohlcv,2026-05-17T13:09:08Z
GE,2007-10,ok,1794,av_intraday_5min/raw_monthly/GE/2007-10.csv,csv ohlcv,2026-05-17T13:09:09Z
GE,2007-11,ok,1612,av_intraday_5min/raw_monthly/GE/2007-11.csv,csv ohlcv,2026-05-17T13:09:10Z
GE,2007-12,ok,1530,av_intraday_5min/raw_monthly/GE/2007-12.csv,csv ohlcv,2026-05-17T13:09:11Z
GE,2008-01,ok,1638,av_intraday_5min/raw_monthly/GE/2008-01.csv,csv ohlcv,2026-05-17T13:09:12Z
GE,2008-02,ok,1560,av_intraday_5min/raw_monthly/GE/2008-02.csv,csv ohlcv,2026-05-17T13:09:13Z
GE,2008-03,ok,1560,av_intraday_5min/raw_monthly/GE/2008-03.csv,csv ohlcv,2026-05-17T13:09:14Z
GE,2008-04,ok,1716,av_intraday_5min/raw_monthly/GE/2008-04.csv,csv ohlcv,2026-05-17T13:09:14Z
GE,2008-05,ok,1638,av_intraday_5min/raw_monthly/GE/2008-05.csv,csv ohlcv,2026-05-17T13:09:15Z
GE,2008-06,ok,1638,av_intraday_5min/raw_monthly/GE/2008-06.csv,csv ohlcv,2026-05-17T13:09:16Z
GE,2008-07,ok,1701,av_intraday_5min/raw_monthly/GE/2008-07.csv,csv ohlcv,2026-05-17T13:09:17Z
GE,2008-08,ok,1638,av_intraday_5min/raw_monthly/GE/2008-08.csv,csv ohlcv,2026-05-17T13:09:18Z
GE,2008-09,ok,1637,av_intraday_5min/raw_monthly/GE/2008-09.csv,csv ohlcv,2026-05-17T13:09:19Z
GE,2008-10,ok,1793,av_intraday_5min/raw_monthly/GE/2008-10.csv,csv ohlcv,2026-05-17T13:09:20Z
GE,2008-11,ok,1472,av_intraday_5min/raw_monthly/GE/2008-11.csv,csv ohlcv,2026-05-17T13:09:21Z
GE,2008-12,ok,1700,av_intraday_5min/raw_monthly/GE/2008-12.csv,csv ohlcv,2026-05-17T13:09:22Z
GE,2009-01,ok,1560,av_intraday_5min/raw_monthly/GE/2009-01.csv,csv ohlcv,2026-05-17T13:09:23Z
GE,2009-02,ok,1482,av_intraday_5min/raw_monthly/GE/2009-02.csv,csv ohlcv,2026-05-17T13:09:24Z
GE,2009-03,ok,1716,av_intraday_5min/raw_monthly/GE/2009-03.csv,csv ohlcv,2026-05-17T13:09:25Z
GE,2009-04,ok,1638,av_intraday_5min/raw_monthly/GE/2009-04.csv,csv ohlcv,2026-05-17T13:09:26Z
GE,2009-05,ok,1560,av_intraday_5min/raw_monthly/GE/2009-05.csv,csv ohlcv,2026-05-17T13:09:27Z
GE,2009-06,ok,1716,av_intraday_5min/raw_monthly/GE/2009-06.csv,csv ohlcv,2026-05-17T13:09:28Z
GE,2009-07,ok,1716,av_intraday_5min/raw_monthly/GE/2009-07.csv,csv ohlcv,2026-05-17T13:09:28Z
GE,2009-08,ok,1638,av_intraday_5min/raw_monthly/GE/2009-08.csv,csv ohlcv,2026-05-17T13:09:29Z
GE,2009-09,ok,1638,av_intraday_5min/raw_monthly/GE/2009-09.csv,csv ohlcv,2026-05-17T13:09:30Z
GE,2009-10,ok,1716,av_intraday_5min/raw_monthly/GE/2009-10.csv,csv ohlcv,2026-05-17T13:09:31Z
GE,2009-11,ok,1554,av_intraday_5min/raw_monthly/GE/2009-11.csv,csv ohlcv,2026-05-17T13:09:32Z
GE,2009-12,ok,1699,av_intraday_5min/raw_monthly/GE/2009-12.csv,csv ohlcv,2026-05-17T13:09:33Z
GE,2010-01,ok,1482,av_intraday_5min/raw_monthly/GE/2010-01.csv,csv ohlcv,2026-05-17T13:09:34Z
GE,2010-02,ok,1482,av_intraday_5min/raw_monthly/GE/2010-02.csv,csv ohlcv,2026-05-17T13:09:35Z
GE,2010-03,ok,1794,av_intraday_5min/raw_monthly/GE/2010-03.csv,csv ohlcv,2026-05-17T13:09:36Z
GE,2010-04,ok,1638,av_intraday_5min/raw_monthly/GE/2010-04.csv,csv ohlcv,2026-05-17T13:09:37Z
GE,2010-05,ok,1560,av_intraday_5min/raw_monthly/GE/2010-05.csv,csv ohlcv,2026-05-17T13:09:37Z
GE,2010-06,ok,1716,av_intraday_5min/raw_monthly/GE/2010-06.csv,csv ohlcv,2026-05-17T13:09:38Z
GE,2010-07,ok,1638,av_intraday_5min/raw_monthly/GE/2010-07.csv,csv ohlcv,2026-05-17T13:09:39Z
GE,2010-08,ok,1716,av_intraday_5min/raw_monthly/GE/2010-08.csv,csv ohlcv,2026-05-17T13:09:40Z
GE,2010-09,ok,1638,av_intraday_5min/raw_monthly/GE/2010-09.csv,csv ohlcv,2026-05-17T13:09:41Z
GE,2010-10,ok,1638,av_intraday_5min/raw_monthly/GE/2010-10.csv,csv ohlcv,2026-05-17T13:09:42Z
GE,2010-11,ok,1617,av_intraday_5min/raw_monthly/GE/2010-11.csv,csv ohlcv,2026-05-17T13:09:42Z
GE,2010-12,ok,1716,av_intraday_5min/raw_monthly/GE/2010-12.csv,csv ohlcv,2026-05-17T13:09:43Z
GE,2011-01,ok,1560,av_intraday_5min/raw_monthly/GE/2011-01.csv,csv ohlcv,2026-05-17T13:09:44Z
GE,2011-02,ok,1482,av_intraday_5min/raw_monthly/GE/2011-02.csv,csv ohlcv,2026-05-17T13:09:45Z
GE,2011-03,ok,1794,av_intraday_5min/raw_monthly/GE/2011-03.csv,csv ohlcv,2026-05-17T13:09:46Z
GE,2011-04,ok,1560,av_intraday_5min/raw_monthly/GE/2011-04.csv,csv ohlcv,2026-05-17T13:09:47Z
GE,2011-05,ok,1638,av_intraday_5min/raw_monthly/GE/2011-05.csv,csv ohlcv,2026-05-17T13:09:48Z
GE,2011-06,ok,1716,av_intraday_5min/raw_monthly/GE/2011-06.csv,csv ohlcv,2026-05-17T13:09:49Z
GE,2011-07,ok,1560,av_intraday_5min/raw_monthly/GE/2011-07.csv,csv ohlcv,2026-05-17T13:09:49Z
GE,2011-08,ok,1794,av_intraday_5min/raw_monthly/GE/2011-08.csv,csv ohlcv,2026-05-17T13:09:50Z
GE,2011-09,ok,1638,av_intraday_5min/raw_monthly/GE/2011-09.csv,csv ohlcv,2026-05-17T13:09:51Z
GE,2011-10,ok,1638,av_intraday_5min/raw_monthly/GE/2011-10.csv,csv ohlcv,2026-05-17T13:09:52Z
GE,2011-11,ok,1622,av_intraday_5min/raw_monthly/GE/2011-11.csv,csv ohlcv,2026-05-17T13:09:53Z
GE,2011-12,ok,1638,av_intraday_5min/raw_monthly/GE/2011-12.csv,csv ohlcv,2026-05-17T13:09:54Z
GE,2012-01,ok,1560,av_intraday_5min/raw_monthly/GE/2012-01.csv,csv ohlcv,2026-05-17T13:09:55Z
GE,2012-02,ok,1560,av_intraday_5min/raw_monthly/GE/2012-02.csv,csv ohlcv,2026-05-17T13:09:55Z
GE,2012-03,ok,1716,av_intraday_5min/raw_monthly/GE/2012-03.csv,csv ohlcv,2026-05-17T13:09:56Z
GE,2012-04,ok,1560,av_intraday_5min/raw_monthly/GE/2012-04.csv,csv ohlcv,2026-05-17T13:09:57Z
GE,2012-05,ok,1716,av_intraday_5min/raw_monthly/GE/2012-05.csv,csv ohlcv,2026-05-17T13:09:58Z
GE,2012-06,ok,1638,av_intraday_5min/raw_monthly/GE/2012-06.csv,csv ohlcv,2026-05-17T13:09:59Z
GE,2012-07,ok,1624,av_intraday_5min/raw_monthly/GE/2012-07.csv,csv ohlcv,2026-05-17T13:10:00Z
GE,2012-08,ok,1794,av_intraday_5min/raw_monthly/GE/2012-08.csv,csv ohlcv,2026-05-17T13:10:00Z
GE,2012-09,ok,1482,av_intraday_5min/raw_monthly/GE/2012-09.csv,csv ohlcv,2026-05-17T13:10:02Z
GE,2012-10,ok,1638,av_intraday_5min/raw_monthly/GE/2012-10.csv,csv ohlcv,2026-05-17T13:10:03Z
GE,2012-11,ok,1617,av_intraday_5min/raw_monthly/GE/2012-11.csv,csv ohlcv,2026-05-17T13:10:03Z
GE,2012-12,ok,1535,av_intraday_5min/raw_monthly/GE/2012-12.csv,csv ohlcv,2026-05-17T13:10:04Z
GE,2013-01,ok,1638,av_intraday_5min/raw_monthly/GE/2013-01.csv,csv ohlcv,2026-05-17T13:10:05Z
GE,2013-02,ok,1482,av_intraday_5min/raw_monthly/GE/2013-02.csv,csv ohlcv,2026-05-17T13:10:06Z
GE,2013-03,ok,1560,av_intraday_5min/raw_monthly/GE/2013-03.csv,csv ohlcv,2026-05-17T13:10:07Z
GE,2013-04,ok,1716,av_intraday_5min/raw_monthly/GE/2013-04.csv,csv ohlcv,2026-05-17T13:10:08Z
GE,2013-05,ok,1716,av_intraday_5min/raw_monthly/GE/2013-05.csv,csv ohlcv,2026-05-17T13:10:09Z
GE,2013-06,ok,1560,av_intraday_5min/raw_monthly/GE/2013-06.csv,csv ohlcv,2026-05-17T13:10:10Z
GE,2013-07,ok,1692,av_intraday_5min/raw_monthly/GE/2013-07.csv,csv ohlcv,2026-05-17T13:10:10Z
GE,2013-08,ok,1716,av_intraday_5min/raw_monthly/GE/2013-08.csv,csv ohlcv,2026-05-17T13:10:11Z
GE,2013-09,ok,1560,av_intraday_5min/raw_monthly/GE/2013-09.csv,csv ohlcv,2026-05-17T13:10:12Z
GE,2013-10,ok,1794,av_intraday_5min/raw_monthly/GE/2013-10.csv,csv ohlcv,2026-05-17T13:10:13Z
GE,2013-11,ok,1540,av_intraday_5min/raw_monthly/GE/2013-11.csv,csv ohlcv,2026-05-17T13:10:14Z
GE,2013-12,ok,1621,av_intraday_5min/raw_monthly/GE/2013-12.csv,csv ohlcv,2026-05-17T13:10:15Z
GE,2014-01,ok,1638,av_intraday_5min/raw_monthly/GE/2014-01.csv,csv ohlcv,2026-05-17T13:10:16Z
GE,2014-02,ok,1482,av_intraday_5min/raw_monthly/GE/2014-02.csv,csv ohlcv,2026-05-17T13:10:17Z
GE,2014-03,ok,1638,av_intraday_5min/raw_monthly/GE/2014-03.csv,csv ohlcv,2026-05-17T13:10:18Z
GE,2014-04,ok,1638,av_intraday_5min/raw_monthly/GE/2014-04.csv,csv ohlcv,2026-05-17T13:10:19Z
GE,2014-05,ok,1638,av_intraday_5min/raw_monthly/GE/2014-05.csv,csv ohlcv,2026-05-17T13:10:20Z
GE,2014-06,ok,1638,av_intraday_5min/raw_monthly/GE/2014-06.csv,csv ohlcv,2026-05-17T13:10:20Z
GE,2014-07,ok,1690,av_intraday_5min/raw_monthly/GE/2014-07.csv,csv ohlcv,2026-05-17T13:10:21Z
GE,2014-08,ok,1638,av_intraday_5min/raw_monthly/GE/2014-08.csv,csv ohlcv,2026-05-17T13:10:22Z
GE,2014-09,ok,1638,av_intraday_5min/raw_monthly/GE/2014-09.csv,csv ohlcv,2026-05-17T13:10:23Z
GE,2014-10,ok,1783,av_intraday_5min/raw_monthly/GE/2014-10.csv,csv ohlcv,2026-05-17T13:10:24Z
GE,2014-11,ok,1467,av_intraday_5min/raw_monthly/GE/2014-11.csv,csv ohlcv,2026-05-17T13:10:25Z
GE,2014-12,ok,1691,av_intraday_5min/raw_monthly/GE/2014-12.csv,csv ohlcv,2026-05-17T13:10:26Z
GE,2015-01,ok,1560,av_intraday_5min/raw_monthly/GE/2015-01.csv,csv ohlcv,2026-05-17T13:10:27Z
GE,2015-02,ok,1482,av_intraday_5min/raw_monthly/GE/2015-02.csv,csv ohlcv,2026-05-17T13:10:28Z
GE,2015-03,ok,1716,av_intraday_5min/raw_monthly/GE/2015-03.csv,csv ohlcv,2026-05-17T13:10:29Z
GE,2015-04,ok,1638,av_intraday_5min/raw_monthly/GE/2015-04.csv,csv ohlcv,2026-05-17T13:10:30Z
GE,2015-05,ok,1560,av_intraday_5min/raw_monthly/GE/2015-05.csv,csv ohlcv,2026-05-17T13:10:31Z
GE,2015-06,ok,1716,av_intraday_5min/raw_monthly/GE/2015-06.csv,csv ohlcv,2026-05-17T13:10:31Z
GE,2015-07,ok,1716,av_intraday_5min/raw_monthly/GE/2015-07.csv,csv ohlcv,2026-05-17T13:10:32Z
GE,2015-08,ok,1638,av_intraday_5min/raw_monthly/GE/2015-08.csv,csv ohlcv,2026-05-17T13:10:33Z
GE,2015-09,ok,1638,av_intraday_5min/raw_monthly/GE/2015-09.csv,csv ohlcv,2026-05-17T13:10:34Z
GE,2015-10,ok,1716,av_intraday_5min/raw_monthly/GE/2015-10.csv,csv ohlcv,2026-05-17T13:10:35Z
GE,2015-11,ok,1536,av_intraday_5min/raw_monthly/GE/2015-11.csv,csv ohlcv,2026-05-17T13:10:36Z
GE,2015-12,ok,1682,av_intraday_5min/raw_monthly/GE/2015-12.csv,csv ohlcv,2026-05-17T13:10:37Z
GE,2016-01,ok,1482,av_intraday_5min/raw_monthly/GE/2016-01.csv,csv ohlcv,2026-05-17T13:10:38Z
GE,2016-02,ok,1560,av_intraday_5min/raw_monthly/GE/2016-02.csv,csv ohlcv,2026-05-17T13:10:39Z
GE,2016-03,ok,1716,av_intraday_5min/raw_monthly/GE/2016-03.csv,csv ohlcv,2026-05-17T13:10:39Z
GE,2016-04,ok,1638,av_intraday_5min/raw_monthly/GE/2016-04.csv,csv ohlcv,2026-05-17T13:10:40Z
GE,2016-05,ok,1638,av_intraday_5min/raw_monthly/GE/2016-05.csv,csv ohlcv,2026-05-17T13:10:41Z
GE,2016-06,ok,1716,av_intraday_5min/raw_monthly/GE/2016-06.csv,csv ohlcv,2026-05-17T13:10:42Z
GE,2016-07,ok,1560,av_intraday_5min/raw_monthly/GE/2016-07.csv,csv ohlcv,2026-05-17T13:10:43Z
GE,2016-08,ok,1794,av_intraday_5min/raw_monthly/GE/2016-08.csv,csv ohlcv,2026-05-17T13:10:44Z
GE,2016-09,ok,1638,av_intraday_5min/raw_monthly/GE/2016-09.csv,csv ohlcv,2026-05-17T13:10:45Z
GE,2016-10,ok,1638,av_intraday_5min/raw_monthly/GE/2016-10.csv,csv ohlcv,2026-05-17T13:10:45Z
GE,2016-11,ok,1618,av_intraday_5min/raw_monthly/GE/2016-11.csv,csv ohlcv,2026-05-17T13:10:46Z
GE,2016-12,ok,1638,av_intraday_5min/raw_monthly/GE/2016-12.csv,csv ohlcv,2026-05-17T13:10:47Z
GE,2017-01,ok,1560,av_intraday_5min/raw_monthly/GE/2017-01.csv,csv ohlcv,2026-05-17T13:10:48Z
GE,2017-02,ok,1482,av_intraday_5min/raw_monthly/GE/2017-02.csv,csv ohlcv,2026-05-17T13:10:49Z
GE,2017-03,ok,1794,av_intraday_5min/raw_monthly/GE/2017-03.csv,csv ohlcv,2026-05-17T13:10:50Z
GE,2017-04,ok,1482,av_intraday_5min/raw_monthly/GE/2017-04.csv,csv ohlcv,2026-05-17T13:10:51Z
GE,2017-05,ok,1716,av_intraday_5min/raw_monthly/GE/2017-05.csv,csv ohlcv,2026-05-17T13:10:51Z
GE,2017-06,ok,1716,av_intraday_5min/raw_monthly/GE/2017-06.csv,csv ohlcv,2026-05-17T13:10:52Z
GE,2017-07,ok,1533,av_intraday_5min/raw_monthly/GE/2017-07.csv,csv ohlcv,2026-05-17T13:10:53Z
GE,2017-08,ok,1794,av_intraday_5min/raw_monthly/GE/2017-08.csv,csv ohlcv,2026-05-17T13:10:54Z
GE,2017-09,ok,1560,av_intraday_5min/raw_monthly/GE/2017-09.csv,csv ohlcv,2026-05-17T13:10:55Z
GE,2017-10,ok,1716,av_intraday_5min/raw_monthly/GE/2017-10.csv,csv ohlcv,2026-05-17T13:10:56Z
GE,2017-11,ok,1630,av_intraday_5min/raw_monthly/GE/2017-11.csv,csv ohlcv,2026-05-17T13:10:57Z
GE,2017-12,ok,1560,av_intraday_5min/raw_monthly/GE/2017-12.csv,csv ohlcv,2026-05-17T13:10:58Z
GS,2001-02,ok,1479,av_intraday_5min/raw_monthly/GS/2001-02.csv,csv ohlcv,2026-05-17T13:10:59Z
GS,2001-03,ok,1706,av_intraday_5min/raw_monthly/GS/2001-03.csv,csv ohlcv,2026-05-17T13:11:00Z
GS,2001-04,ok,1548,av_intraday_5min/raw_monthly/GS/2001-04.csv,csv ohlcv,2026-05-17T13:11:01Z
GS,2001-05,ok,1708,av_intraday_5min/raw_monthly/GS/2001-05.csv,csv ohlcv,2026-05-17T13:11:01Z
GS,2001-06,ok,1620,av_intraday_5min/raw_monthly/GS/2001-06.csv,csv ohlcv,2026-05-17T13:11:02Z
GS,2001-07,ok,1602,av_intraday_5min/raw_monthly/GS/2001-07.csv,csv ohlcv,2026-05-17T13:11:03Z
GS,2001-08,ok,1787,av_intraday_5min/raw_monthly/GS/2001-08.csv,csv ohlcv,2026-05-17T13:11:04Z
GS,2001-09,ok,1161,av_intraday_5min/raw_monthly/GS/2001-09.csv,csv ohlcv,2026-05-17T13:11:05Z
GS,2001-10,ok,1792,av_intraday_5min/raw_monthly/GS/2001-10.csv,csv ohlcv,2026-05-17T13:11:05Z
GS,2001-11,ok,1596,av_intraday_5min/raw_monthly/GS/2001-11.csv,csv ohlcv,2026-05-17T13:11:06Z
GS,2001-12,ok,1524,av_intraday_5min/raw_monthly/GS/2001-12.csv,csv ohlcv,2026-05-17T13:11:07Z
GS,2002-01,ok,1634,av_intraday_5min/raw_monthly/GS/2002-01.csv,csv ohlcv,2026-05-17T13:11:08Z
GS,2002-02,ok,1481,av_intraday_5min/raw_monthly/GS/2002-02.csv,csv ohlcv,2026-05-17T13:11:09Z
GS,2002-03,ok,1557,av_intraday_5min/raw_monthly/GS/2002-03.csv,csv ohlcv,2026-05-17T13:11:09Z
GS,2002-04,ok,1716,av_intraday_5min/raw_monthly/GS/2002-04.csv,csv ohlcv,2026-05-17T13:11:10Z
GS,2002-05,ok,1715,av_intraday_5min/raw_monthly/GS/2002-05.csv,csv ohlcv,2026-05-17T13:11:11Z
GS,2002-06,ok,1559,av_intraday_5min/raw_monthly/GS/2002-06.csv,csv ohlcv,2026-05-17T13:11:12Z
GS,2002-07,ok,1678,av_intraday_5min/raw_monthly/GS/2002-07.csv,csv ohlcv,2026-05-17T13:11:13Z
GS,2002-08,ok,1715,av_intraday_5min/raw_monthly/GS/2002-08.csv,csv ohlcv,2026-05-17T13:11:14Z
GS,2002-09,ok,1529,av_intraday_5min/raw_monthly/GS/2002-09.csv,csv ohlcv,2026-05-17T13:11:15Z
GS,2002-10,ok,1789,av_intraday_5min/raw_monthly/GS/2002-10.csv,csv ohlcv,2026-05-17T13:11:15Z
GS,2002-11,ok,1525,av_intraday_5min/raw_monthly/GS/2002-11.csv,csv ohlcv,2026-05-17T13:11:16Z
GS,2002-12,ok,1603,av_intraday_5min/raw_monthly/GS/2002-12.csv,csv ohlcv,2026-05-17T13:11:17Z
GS,2003-01,ok,1638,av_intraday_5min/raw_monthly/GS/2003-01.csv,csv ohlcv,2026-05-17T13:11:18Z
GS,2003-02,ok,1481,av_intraday_5min/raw_monthly/GS/2003-02.csv,csv ohlcv,2026-05-17T13:11:19Z
GS,2003-03,ok,1638,av_intraday_5min/raw_monthly/GS/2003-03.csv,csv ohlcv,2026-05-17T13:11:20Z
GS,2003-04,ok,1637,av_intraday_5min/raw_monthly/GS/2003-04.csv,csv ohlcv,2026-05-17T13:11:20Z
GS,2003-05,ok,1638,av_intraday_5min/raw_monthly/GS/2003-05.csv,csv ohlcv,2026-05-17T13:11:21Z
GS,2003-06,ok,1636,av_intraday_5min/raw_monthly/GS/2003-06.csv,csv ohlcv,2026-05-17T13:11:22Z
GS,2003-07,ok,1681,av_intraday_5min/raw_monthly/GS/2003-07.csv,csv ohlcv,2026-05-17T13:11:23Z
GS,2003-08,ok,1638,av_intraday_5min/raw_monthly/GS/2003-08.csv,csv ohlcv,2026-05-17T13:11:24Z
GS,2003-09,ok,1638,av_intraday_5min/raw_monthly/GS/2003-09.csv,csv ohlcv,2026-05-17T13:11:25Z
GS,2003-10,ok,1794,av_intraday_5min/raw_monthly/GS/2003-10.csv,csv ohlcv,2026-05-17T13:11:25Z
GS,2003-11,ok,1446,av_intraday_5min/raw_monthly/GS/2003-11.csv,csv ohlcv,2026-05-17T13:11:26Z
GS,2003-12,ok,1644,av_intraday_5min/raw_monthly/GS/2003-12.csv,csv ohlcv,2026-05-17T13:11:27Z
GS,2004-01,ok,1560,av_intraday_5min/raw_monthly/GS/2004-01.csv,csv ohlcv,2026-05-17T13:11:28Z
GS,2004-02,ok,1481,av_intraday_5min/raw_monthly/GS/2004-02.csv,csv ohlcv,2026-05-17T13:11:29Z
GS,2004-03,ok,1794,av_intraday_5min/raw_monthly/GS/2004-03.csv,csv ohlcv,2026-05-17T13:11:29Z
GS,2004-04,ok,1632,av_intraday_5min/raw_monthly/GS/2004-04.csv,csv ohlcv,2026-05-17T13:11:30Z
GS,2004-05,ok,1558,av_intraday_5min/raw_monthly/GS/2004-05.csv,csv ohlcv,2026-05-17T13:11:31Z
GS,2004-06,ok,1638,av_intraday_5min/raw_monthly/GS/2004-06.csv,csv ohlcv,2026-05-17T13:11:32Z
GS,2004-07,ok,1638,av_intraday_5min/raw_monthly/GS/2004-07.csv,csv ohlcv,2026-05-17T13:11:33Z
GS,2004-08,ok,1715,av_intraday_5min/raw_monthly/GS/2004-08.csv,csv ohlcv,2026-05-17T13:11:33Z
GS,2004-09,ok,1637,av_intraday_5min/raw_monthly/GS/2004-09.csv,csv ohlcv,2026-05-17T13:11:34Z
GS,2004-10,ok,1638,av_intraday_5min/raw_monthly/GS/2004-10.csv,csv ohlcv,2026-05-17T13:11:35Z
GS,2004-11,ok,1601,av_intraday_5min/raw_monthly/GS/2004-11.csv,csv ohlcv,2026-05-17T13:11:36Z
GS,2004-12,ok,1716,av_intraday_5min/raw_monthly/GS/2004-12.csv,csv ohlcv,2026-05-17T13:11:36Z
GS,2005-01,ok,1560,av_intraday_5min/raw_monthly/GS/2005-01.csv,csv ohlcv,2026-05-17T13:11:37Z
GS,2005-02,ok,1481,av_intraday_5min/raw_monthly/GS/2005-02.csv,csv ohlcv,2026-05-17T13:11:38Z
GS,2005-03,ok,1716,av_intraday_5min/raw_monthly/GS/2005-03.csv,csv ohlcv,2026-05-17T13:11:39Z
GS,2005-04,ok,1638,av_intraday_5min/raw_monthly/GS/2005-04.csv,csv ohlcv,2026-05-17T13:11:40Z
GS,2005-05,ok,1638,av_intraday_5min/raw_monthly/GS/2005-05.csv,csv ohlcv,2026-05-17T13:11:40Z
GS,2005-06,ok,1714,av_intraday_5min/raw_monthly/GS/2005-06.csv,csv ohlcv,2026-05-17T13:11:41Z
GS,2005-07,ok,1560,av_intraday_5min/raw_monthly/GS/2005-07.csv,csv ohlcv,2026-05-17T13:11:42Z
GS,2005-08,ok,1793,av_intraday_5min/raw_monthly/GS/2005-08.csv,csv ohlcv,2026-05-17T13:11:43Z
GS,2005-09,ok,1638,av_intraday_5min/raw_monthly/GS/2005-09.csv,csv ohlcv,2026-05-17T13:11:44Z
GS,2005-10,ok,1635,av_intraday_5min/raw_monthly/GS/2005-10.csv,csv ohlcv,2026-05-17T13:11:44Z
GS,2005-11,ok,1601,av_intraday_5min/raw_monthly/GS/2005-11.csv,csv ohlcv,2026-05-17T13:11:45Z
GS,2005-12,ok,1638,av_intraday_5min/raw_monthly/GS/2005-12.csv,csv ohlcv,2026-05-17T13:11:46Z
GS,2006-01,ok,1560,av_intraday_5min/raw_monthly/GS/2006-01.csv,csv ohlcv,2026-05-17T13:11:47Z
GS,2006-02,ok,1481,av_intraday_5min/raw_monthly/GS/2006-02.csv,csv ohlcv,2026-05-17T13:11:48Z
GS,2006-03,ok,1794,av_intraday_5min/raw_monthly/GS/2006-03.csv,csv ohlcv,2026-05-17T13:11:48Z
GS,2006-04,ok,1482,av_intraday_5min/raw_monthly/GS/2006-04.csv,csv ohlcv,2026-05-17T13:11:49Z
GS,2006-05,ok,1716,av_intraday_5min/raw_monthly/GS/2006-05.csv,csv ohlcv,2026-05-17T13:11:50Z
GS,2006-06,ok,1716,av_intraday_5min/raw_monthly/GS/2006-06.csv,csv ohlcv,2026-05-17T13:11:51Z
GS,2006-07,ok,1524,av_intraday_5min/raw_monthly/GS/2006-07.csv,csv ohlcv,2026-05-17T13:11:52Z
GS,2006-08,ok,1793,av_intraday_5min/raw_monthly/GS/2006-08.csv,csv ohlcv,2026-05-17T13:11:53Z
GS,2006-09,ok,1560,av_intraday_5min/raw_monthly/GS/2006-09.csv,csv ohlcv,2026-05-17T13:11:53Z
GS,2006-10,ok,1716,av_intraday_5min/raw_monthly/GS/2006-10.csv,csv ohlcv,2026-05-17T13:11:54Z
GS,2006-11,ok,1603,av_intraday_5min/raw_monthly/GS/2006-11.csv,csv ohlcv,2026-05-17T13:11:55Z
GS,2006-12,ok,1560,av_intraday_5min/raw_monthly/GS/2006-12.csv,csv ohlcv,2026-05-17T13:11:56Z
GS,2007-01,ok,1560,av_intraday_5min/raw_monthly/GS/2007-01.csv,csv ohlcv,2026-05-17T13:11:57Z
GS,2007-02,ok,1482,av_intraday_5min/raw_monthly/GS/2007-02.csv,csv ohlcv,2026-05-17T13:11:58Z
GS,2007-03,ok,1716,av_intraday_5min/raw_monthly/GS/2007-03.csv,csv ohlcv,2026-05-17T13:11:58Z
GS,2007-04,ok,1560,av_intraday_5min/raw_monthly/GS/2007-04.csv,csv ohlcv,2026-05-17T13:11:59Z
GS,2007-05,ok,1716,av_intraday_5min/raw_monthly/GS/2007-05.csv,csv ohlcv,2026-05-17T13:12:00Z
GS,2007-06,ok,1638,av_intraday_5min/raw_monthly/GS/2007-06.csv,csv ohlcv,2026-05-17T13:12:01Z
GS,2007-07,ok,1613,av_intraday_5min/raw_monthly/GS/2007-07.csv,csv ohlcv,2026-05-17T13:12:02Z
GS,2007-08,ok,1794,av_intraday_5min/raw_monthly/GS/2007-08.csv,csv ohlcv,2026-05-17T13:12:03Z
GS,2007-09,ok,1482,av_intraday_5min/raw_monthly/GS/2007-09.csv,csv ohlcv,2026-05-17T13:12:04Z
GS,2007-10,ok,1794,av_intraday_5min/raw_monthly/GS/2007-10.csv,csv ohlcv,2026-05-17T13:12:05Z
GS,2007-11,ok,1616,av_intraday_5min/raw_monthly/GS/2007-11.csv,csv ohlcv,2026-05-17T13:12:06Z
GS,2007-12,ok,1533,av_intraday_5min/raw_monthly/GS/2007-12.csv,csv ohlcv,2026-05-17T13:12:07Z
GS,2008-01,ok,1638,av_intraday_5min/raw_monthly/GS/2008-01.csv,csv ohlcv,2026-05-17T13:12:07Z
GS,2008-02,ok,1560,av_intraday_5min/raw_monthly/GS/2008-02.csv,csv ohlcv,2026-05-17T13:12:08Z
GS,2008-03,ok,1560,av_intraday_5min/raw_monthly/GS/2008-03.csv,csv ohlcv,2026-05-17T13:12:09Z
GS,2008-04,ok,1716,av_intraday_5min/raw_monthly/GS/2008-04.csv,csv ohlcv,2026-05-17T13:12:10Z
GS,2008-05,ok,1638,av_intraday_5min/raw_monthly/GS/2008-05.csv,csv ohlcv,2026-05-17T13:12:11Z
GS,2008-06,ok,1638,av_intraday_5min/raw_monthly/GS/2008-06.csv,csv ohlcv,2026-05-17T13:12:12Z
GS,2008-07,ok,1691,av_intraday_5min/raw_monthly/GS/2008-07.csv,csv ohlcv,2026-05-17T13:12:13Z
GS,2008-08,ok,1638,av_intraday_5min/raw_monthly/GS/2008-08.csv,csv ohlcv,2026-05-17T13:12:13Z
GS,2008-09,ok,1637,av_intraday_5min/raw_monthly/GS/2008-09.csv,csv ohlcv,2026-05-17T13:12:14Z
GS,2008-10,ok,1794,av_intraday_5min/raw_monthly/GS/2008-10.csv,csv ohlcv,2026-05-17T13:12:15Z
GS,2008-11,ok,1467,av_intraday_5min/raw_monthly/GS/2008-11.csv,csv ohlcv,2026-05-17T13:12:16Z
GS,2008-12,ok,1684,av_intraday_5min/raw_monthly/GS/2008-12.csv,csv ohlcv,2026-05-17T13:12:17Z
GS,2009-01,ok,1560,av_intraday_5min/raw_monthly/GS/2009-01.csv,csv ohlcv,2026-05-17T13:12:18Z
GS,2009-02,ok,1482,av_intraday_5min/raw_monthly/GS/2009-02.csv,csv ohlcv,2026-05-17T13:12:19Z
GS,2009-03,ok,1716,av_intraday_5min/raw_monthly/GS/2009-03.csv,csv ohlcv,2026-05-17T13:12:20Z
GS,2009-04,ok,1638,av_intraday_5min/raw_monthly/GS/2009-04.csv,csv ohlcv,2026-05-17T13:12:21Z
GS,2009-05,ok,1560,av_intraday_5min/raw_monthly/GS/2009-05.csv,csv ohlcv,2026-05-17T13:12:22Z
GS,2009-06,ok,1716,av_intraday_5min/raw_monthly/GS/2009-06.csv,csv ohlcv,2026-05-17T13:12:23Z
GS,2009-07,ok,1716,av_intraday_5min/raw_monthly/GS/2009-07.csv,csv ohlcv,2026-05-17T13:12:24Z
GS,2009-08,ok,1638,av_intraday_5min/raw_monthly/GS/2009-08.csv,csv ohlcv,2026-05-17T13:12:25Z
GS,2009-09,ok,1638,av_intraday_5min/raw_monthly/GS/2009-09.csv,csv ohlcv,2026-05-17T13:12:25Z
GS,2009-10,ok,1716,av_intraday_5min/raw_monthly/GS/2009-10.csv,csv ohlcv,2026-05-17T13:12:26Z
GS,2009-11,ok,1543,av_intraday_5min/raw_monthly/GS/2009-11.csv,csv ohlcv,2026-05-17T13:12:27Z
GS,2009-12,ok,1691,av_intraday_5min/raw_monthly/GS/2009-12.csv,csv ohlcv,2026-05-17T13:12:28Z
GS,2010-01,ok,1482,av_intraday_5min/raw_monthly/GS/2010-01.csv,csv ohlcv,2026-05-17T13:12:29Z
GS,2010-02,ok,1482,av_intraday_5min/raw_monthly/GS/2010-02.csv,csv ohlcv,2026-05-17T13:12:30Z
GS,2010-03,ok,1794,av_intraday_5min/raw_monthly/GS/2010-03.csv,csv ohlcv,2026-05-17T13:12:31Z
GS,2010-04,ok,1638,av_intraday_5min/raw_monthly/GS/2010-04.csv,csv ohlcv,2026-05-17T13:12:32Z
GS,2010-05,ok,1560,av_intraday_5min/raw_monthly/GS/2010-05.csv,csv ohlcv,2026-05-17T13:12:33Z
GS,2010-06,ok,1716,av_intraday_5min/raw_monthly/GS/2010-06.csv,csv ohlcv,2026-05-17T13:12:34Z
GS,2010-07,ok,1638,av_intraday_5min/raw_monthly/GS/2010-07.csv,csv ohlcv,2026-05-17T13:12:35Z
GS,2010-08,ok,1716,av_intraday_5min/raw_monthly/GS/2010-08.csv,csv ohlcv,2026-05-17T13:12:36Z
GS,2010-09,ok,1638,av_intraday_5min/raw_monthly/GS/2010-09.csv,csv ohlcv,2026-05-17T13:12:37Z
GS,2010-10,ok,1638,av_intraday_5min/raw_monthly/GS/2010-10.csv,csv ohlcv,2026-05-17T13:12:38Z
GS,2010-11,ok,1622,av_intraday_5min/raw_monthly/GS/2010-11.csv,csv ohlcv,2026-05-17T13:12:39Z
GS,2010-12,ok,1716,av_intraday_5min/raw_monthly/GS/2010-12.csv,csv ohlcv,2026-05-17T13:12:40Z
GS,2011-01,ok,1560,av_intraday_5min/raw_monthly/GS/2011-01.csv,csv ohlcv,2026-05-17T13:12:41Z
GS,2011-02,ok,1482,av_intraday_5min/raw_monthly/GS/2011-02.csv,csv ohlcv,2026-05-17T13:12:41Z
GS,2011-03,ok,1794,av_intraday_5min/raw_monthly/GS/2011-03.csv,csv ohlcv,2026-05-17T13:12:42Z
GS,2011-04,ok,1560,av_intraday_5min/raw_monthly/GS/2011-04.csv,csv ohlcv,2026-05-17T13:12:43Z
GS,2011-05,ok,1638,av_intraday_5min/raw_monthly/GS/2011-05.csv,csv ohlcv,2026-05-17T13:12:44Z
GS,2011-06,ok,1716,av_intraday_5min/raw_monthly/GS/2011-06.csv,csv ohlcv,2026-05-17T13:12:45Z
GS,2011-07,ok,1560,av_intraday_5min/raw_monthly/GS/2011-07.csv,csv ohlcv,2026-05-17T13:12:46Z
GS,2011-08,ok,1794,av_intraday_5min/raw_monthly/GS/2011-08.csv,csv ohlcv,2026-05-17T13:12:47Z
GS,2011-09,ok,1638,av_intraday_5min/raw_monthly/GS/2011-09.csv,csv ohlcv,2026-05-17T13:12:48Z
GS,2011-10,ok,1638,av_intraday_5min/raw_monthly/GS/2011-10.csv,csv ohlcv,2026-05-17T13:12:49Z
GS,2011-11,ok,1611,av_intraday_5min/raw_monthly/GS/2011-11.csv,csv ohlcv,2026-05-17T13:12:50Z
GS,2011-12,ok,1638,av_intraday_5min/raw_monthly/GS/2011-12.csv,csv ohlcv,2026-05-17T13:12:51Z
GS,2012-01,ok,1560,av_intraday_5min/raw_monthly/GS/2012-01.csv,csv ohlcv,2026-05-17T13:12:52Z
GS,2012-02,ok,1560,av_intraday_5min/raw_monthly/GS/2012-02.csv,csv ohlcv,2026-05-17T13:12:53Z
GS,2012-03,ok,1716,av_intraday_5min/raw_monthly/GS/2012-03.csv,csv ohlcv,2026-05-17T13:12:54Z
GS,2012-04,ok,1560,av_intraday_5min/raw_monthly/GS/2012-04.csv,csv ohlcv,2026-05-17T13:12:55Z
GS,2012-05,ok,1716,av_intraday_5min/raw_monthly/GS/2012-05.csv,csv ohlcv,2026-05-17T13:12:56Z
GS,2012-06,ok,1638,av_intraday_5min/raw_monthly/GS/2012-06.csv,csv ohlcv,2026-05-17T13:12:57Z
GS,2012-07,ok,1611,av_intraday_5min/raw_monthly/GS/2012-07.csv,csv ohlcv,2026-05-17T13:12:57Z
GS,2012-08,ok,1794,av_intraday_5min/raw_monthly/GS/2012-08.csv,csv ohlcv,2026-05-17T13:12:58Z
GS,2012-09,ok,1482,av_intraday_5min/raw_monthly/GS/2012-09.csv,csv ohlcv,2026-05-17T13:12:59Z
GS,2012-10,ok,1638,av_intraday_5min/raw_monthly/GS/2012-10.csv,csv ohlcv,2026-05-17T13:13:00Z
GS,2012-11,ok,1610,av_intraday_5min/raw_monthly/GS/2012-11.csv,csv ohlcv,2026-05-17T13:13:01Z
GS,2012-12,ok,1526,av_intraday_5min/raw_monthly/GS/2012-12.csv,csv ohlcv,2026-05-17T13:13:02Z
GS,2013-01,ok,1638,av_intraday_5min/raw_monthly/GS/2013-01.csv,csv ohlcv,2026-05-17T13:13:03Z
GS,2013-02,ok,1482,av_intraday_5min/raw_monthly/GS/2013-02.csv,csv ohlcv,2026-05-17T13:13:04Z
GS,2013-03,ok,1560,av_intraday_5min/raw_monthly/GS/2013-03.csv,csv ohlcv,2026-05-17T13:13:05Z
GS,2013-04,ok,1716,av_intraday_5min/raw_monthly/GS/2013-04.csv,csv ohlcv,2026-05-17T13:13:05Z
GS,2013-05,ok,1716,av_intraday_5min/raw_monthly/GS/2013-05.csv,csv ohlcv,2026-05-17T13:13:06Z
GS,2013-06,ok,1560,av_intraday_5min/raw_monthly/GS/2013-06.csv,csv ohlcv,2026-05-17T13:13:07Z
GS,2013-07,ok,1686,av_intraday_5min/raw_monthly/GS/2013-07.csv,csv ohlcv,2026-05-17T13:13:08Z
GS,2013-08,ok,1716,av_intraday_5min/raw_monthly/GS/2013-08.csv,csv ohlcv,2026-05-17T13:13:09Z
GS,2013-09,ok,1560,av_intraday_5min/raw_monthly/GS/2013-09.csv,csv ohlcv,2026-05-17T13:13:09Z
GS,2013-10,ok,1794,av_intraday_5min/raw_monthly/GS/2013-10.csv,csv ohlcv,2026-05-17T13:13:10Z
GS,2013-11,ok,1528,av_intraday_5min/raw_monthly/GS/2013-11.csv,csv ohlcv,2026-05-17T13:13:11Z
GS,2013-12,ok,1607,av_intraday_5min/raw_monthly/GS/2013-12.csv,csv ohlcv,2026-05-17T13:13:12Z
GS,2014-01,ok,1638,av_intraday_5min/raw_monthly/GS/2014-01.csv,csv ohlcv,2026-05-17T13:13:13Z
GS,2014-02,ok,1482,av_intraday_5min/raw_monthly/GS/2014-02.csv,csv ohlcv,2026-05-17T13:13:14Z
GS,2014-03,ok,1638,av_intraday_5min/raw_monthly/GS/2014-03.csv,csv ohlcv,2026-05-17T13:13:15Z
GS,2014-04,ok,1638,av_intraday_5min/raw_monthly/GS/2014-04.csv,csv ohlcv,2026-05-17T13:13:16Z
GS,2014-05,ok,1638,av_intraday_5min/raw_monthly/GS/2014-05.csv,csv ohlcv,2026-05-17T13:13:16Z
GS,2014-06,ok,1638,av_intraday_5min/raw_monthly/GS/2014-06.csv,csv ohlcv,2026-05-17T13:13:17Z
GS,2014-07,ok,1687,av_intraday_5min/raw_monthly/GS/2014-07.csv,csv ohlcv,2026-05-17T13:13:18Z
GS,2014-08,ok,1638,av_intraday_5min/raw_monthly/GS/2014-08.csv,csv ohlcv,2026-05-17T13:13:19Z
GS,2014-09,ok,1638,av_intraday_5min/raw_monthly/GS/2014-09.csv,csv ohlcv,2026-05-17T13:13:20Z
GS,2014-10,ok,1783,av_intraday_5min/raw_monthly/GS/2014-10.csv,csv ohlcv,2026-05-17T13:13:21Z
GS,2014-11,ok,1449,av_intraday_5min/raw_monthly/GS/2014-11.csv,csv ohlcv,2026-05-17T13:13:21Z
GS,2014-12,ok,1682,av_intraday_5min/raw_monthly/GS/2014-12.csv,csv ohlcv,2026-05-17T13:13:22Z
GS,2015-01,ok,1560,av_intraday_5min/raw_monthly/GS/2015-01.csv,csv ohlcv,2026-05-17T13:13:23Z
GS,2015-02,ok,1482,av_intraday_5min/raw_monthly/GS/2015-02.csv,csv ohlcv,2026-05-17T13:13:24Z
GS,2015-03,ok,1716,av_intraday_5min/raw_monthly/GS/2015-03.csv,csv ohlcv,2026-05-17T13:13:24Z
GS,2015-04,ok,1638,av_intraday_5min/raw_monthly/GS/2015-04.csv,csv ohlcv,2026-05-17T13:13:25Z
GS,2015-05,ok,1560,av_intraday_5min/raw_monthly/GS/2015-05.csv,csv ohlcv,2026-05-17T13:13:26Z
GS,2015-06,ok,1716,av_intraday_5min/raw_monthly/GS/2015-06.csv,csv ohlcv,2026-05-17T13:13:27Z
GS,2015-07,ok,1716,av_intraday_5min/raw_monthly/GS/2015-07.csv,csv ohlcv,2026-05-17T13:13:28Z
GS,2015-08,ok,1638,av_intraday_5min/raw_monthly/GS/2015-08.csv,csv ohlcv,2026-05-17T13:13:29Z
GS,2015-09,ok,1638,av_intraday_5min/raw_monthly/GS/2015-09.csv,csv ohlcv,2026-05-17T13:13:30Z
GS,2015-10,ok,1716,av_intraday_5min/raw_monthly/GS/2015-10.csv,csv ohlcv,2026-05-17T13:13:30Z
GS,2015-11,ok,1527,av_intraday_5min/raw_monthly/GS/2015-11.csv,csv ohlcv,2026-05-17T13:13:31Z
GS,2015-12,ok,1684,av_intraday_5min/raw_monthly/GS/2015-12.csv,csv ohlcv,2026-05-17T13:13:32Z
GS,2016-01,ok,1482,av_intraday_5min/raw_monthly/GS/2016-01.csv,csv ohlcv,2026-05-17T13:13:33Z
GS,2016-02,ok,1560,av_intraday_5min/raw_monthly/GS/2016-02.csv,csv ohlcv,2026-05-17T13:13:34Z
GS,2016-03,ok,1716,av_intraday_5min/raw_monthly/GS/2016-03.csv,csv ohlcv,2026-05-17T13:13:35Z
GS,2016-04,ok,1638,av_intraday_5min/raw_monthly/GS/2016-04.csv,csv ohlcv,2026-05-17T13:13:36Z
GS,2016-05,ok,1638,av_intraday_5min/raw_monthly/GS/2016-05.csv,csv ohlcv,2026-05-17T13:13:36Z
GS,2016-06,ok,1716,av_intraday_5min/raw_monthly/GS/2016-06.csv,csv ohlcv,2026-05-17T13:13:37Z
GS,2016-07,ok,1560,av_intraday_5min/raw_monthly/GS/2016-07.csv,csv ohlcv,2026-05-17T13:13:38Z
GS,2016-08,ok,1794,av_intraday_5min/raw_monthly/GS/2016-08.csv,csv ohlcv,2026-05-17T13:13:39Z
GS,2016-09,ok,1638,av_intraday_5min/raw_monthly/GS/2016-09.csv,csv ohlcv,2026-05-17T13:13:40Z
GS,2016-10,ok,1638,av_intraday_5min/raw_monthly/GS/2016-10.csv,csv ohlcv,2026-05-17T13:13:41Z
GS,2016-11,ok,1610,av_intraday_5min/raw_monthly/GS/2016-11.csv,csv ohlcv,2026-05-17T13:13:42Z
GS,2016-12,ok,1638,av_intraday_5min/raw_monthly/GS/2016-12.csv,csv ohlcv,2026-05-17T13:13:42Z
GS,2017-01,ok,1560,av_intraday_5min/raw_monthly/GS/2017-01.csv,csv ohlcv,2026-05-17T13:13:43Z
GS,2017-02,ok,1482,av_intraday_5min/raw_monthly/GS/2017-02.csv,csv ohlcv,2026-05-17T13:13:44Z
GS,2017-03,ok,1794,av_intraday_5min/raw_monthly/GS/2017-03.csv,csv ohlcv,2026-05-17T13:13:45Z
GS,2017-04,ok,1482,av_intraday_5min/raw_monthly/GS/2017-04.csv,csv ohlcv,2026-05-17T13:13:46Z
GS,2017-05,ok,1716,av_intraday_5min/raw_monthly/GS/2017-05.csv,csv ohlcv,2026-05-17T13:13:47Z
GS,2017-06,ok,1716,av_intraday_5min/raw_monthly/GS/2017-06.csv,csv ohlcv,2026-05-17T13:13:48Z
GS,2017-07,ok,1535,av_intraday_5min/raw_monthly/GS/2017-07.csv,csv ohlcv,2026-05-17T13:13:49Z
GS,2017-08,ok,1794,av_intraday_5min/raw_monthly/GS/2017-08.csv,csv ohlcv,2026-05-17T13:13:50Z
GS,2017-09,ok,1560,av_intraday_5min/raw_monthly/GS/2017-09.csv,csv ohlcv,2026-05-17T13:13:50Z
GS,2017-10,ok,1716,av_intraday_5min/raw_monthly/GS/2017-10.csv,csv ohlcv,2026-05-17T13:13:51Z
GS,2017-11,ok,1605,av_intraday_5min/raw_monthly/GS/2017-11.csv,csv ohlcv,2026-05-17T13:13:52Z
GS,2017-12,ok,1560,av_intraday_5min/raw_monthly/GS/2017-12.csv,csv ohlcv,2026-05-17T13:13:53Z
HD,2001-02,ok,1481,av_intraday_5min/raw_monthly/HD/2001-02.csv,csv ohlcv,2026-05-17T13:13:54Z
HD,2001-03,ok,1716,av_intraday_5min/raw_monthly/HD/2001-03.csv,csv ohlcv,2026-05-17T13:13:55Z
HD,2001-04,ok,1559,av_intraday_5min/raw_monthly/HD/2001-04.csv,csv ohlcv,2026-05-17T13:13:56Z
HD,2001-05,ok,1714,av_intraday_5min/raw_monthly/HD/2001-05.csv,csv ohlcv,2026-05-17T13:13:56Z
HD,2001-06,ok,1622,av_intraday_5min/raw_monthly/HD/2001-06.csv,csv ohlcv,2026-05-17T13:13:57Z
HD,2001-07,ok,1603,av_intraday_5min/raw_monthly/HD/2001-07.csv,csv ohlcv,2026-05-17T13:13:58Z
HD,2001-08,ok,1794,av_intraday_5min/raw_monthly/HD/2001-08.csv,csv ohlcv,2026-05-17T13:13:59Z
HD,2001-09,ok,1167,av_intraday_5min/raw_monthly/HD/2001-09.csv,csv ohlcv,2026-05-17T13:14:00Z
HD,2001-10,ok,1794,av_intraday_5min/raw_monthly/HD/2001-10.csv,csv ohlcv,2026-05-17T13:14:00Z
HD,2001-11,ok,1598,av_intraday_5min/raw_monthly/HD/2001-11.csv,csv ohlcv,2026-05-17T13:14:01Z
HD,2001-12,ok,1524,av_intraday_5min/raw_monthly/HD/2001-12.csv,csv ohlcv,2026-05-17T13:14:02Z
HD,2002-01,ok,1638,av_intraday_5min/raw_monthly/HD/2002-01.csv,csv ohlcv,2026-05-17T13:14:03Z
HD,2002-02,ok,1481,av_intraday_5min/raw_monthly/HD/2002-02.csv,csv ohlcv,2026-05-17T13:14:04Z
HD,2002-03,ok,1557,av_intraday_5min/raw_monthly/HD/2002-03.csv,csv ohlcv,2026-05-17T13:14:04Z
HD,2002-04,ok,1715,av_intraday_5min/raw_monthly/HD/2002-04.csv,csv ohlcv,2026-05-17T13:14:05Z
HD,2002-05,ok,1716,av_intraday_5min/raw_monthly/HD/2002-05.csv,csv ohlcv,2026-05-17T13:14:06Z
HD,2002-06,ok,1559,av_intraday_5min/raw_monthly/HD/2002-06.csv,csv ohlcv,2026-05-17T13:14:07Z
HD,2002-07,ok,1681,av_intraday_5min/raw_monthly/HD/2002-07.csv,csv ohlcv,2026-05-17T13:14:07Z
HD,2002-08,ok,1715,av_intraday_5min/raw_monthly/HD/2002-08.csv,csv ohlcv,2026-05-17T13:14:08Z
HD,2002-09,ok,1531,av_intraday_5min/raw_monthly/HD/2002-09.csv,csv ohlcv,2026-05-17T13:14:09Z
HD,2002-10,ok,1794,av_intraday_5min/raw_monthly/HD/2002-10.csv,csv ohlcv,2026-05-17T13:14:10Z
HD,2002-11,ok,1527,av_intraday_5min/raw_monthly/HD/2002-11.csv,csv ohlcv,2026-05-17T13:14:11Z
HD,2002-12,ok,1603,av_intraday_5min/raw_monthly/HD/2002-12.csv,csv ohlcv,2026-05-17T13:14:12Z
HD,2003-01,ok,1638,av_intraday_5min/raw_monthly/HD/2003-01.csv,csv ohlcv,2026-05-17T13:14:12Z
HD,2003-02,ok,1482,av_intraday_5min/raw_monthly/HD/2003-02.csv,csv ohlcv,2026-05-17T13:14:13Z
HD,2003-03,ok,1638,av_intraday_5min/raw_monthly/HD/2003-03.csv,csv ohlcv,2026-05-17T13:14:14Z
HD,2003-04,ok,1638,av_intraday_5min/raw_monthly/HD/2003-04.csv,csv ohlcv,2026-05-17T13:14:15Z
HD,2003-05,ok,1638,av_intraday_5min/raw_monthly/HD/2003-05.csv,csv ohlcv,2026-05-17T13:14:15Z
HD,2003-06,ok,1636,av_intraday_5min/raw_monthly/HD/2003-06.csv,csv ohlcv,2026-05-17T13:14:16Z
HD,2003-07,ok,1681,av_intraday_5min/raw_monthly/HD/2003-07.csv,csv ohlcv,2026-05-17T13:14:17Z
HD,2003-08,ok,1638,av_intraday_5min/raw_monthly/HD/2003-08.csv,csv ohlcv,2026-05-17T13:14:18Z
HD,2003-09,ok,1638,av_intraday_5min/raw_monthly/HD/2003-09.csv,csv ohlcv,2026-05-17T13:14:19Z
HD,2003-10,ok,1794,av_intraday_5min/raw_monthly/HD/2003-10.csv,csv ohlcv,2026-05-17T13:14:20Z
HD,2003-11,ok,1447,av_intraday_5min/raw_monthly/HD/2003-11.csv,csv ohlcv,2026-05-17T13:14:20Z
HD,2003-12,ok,1646,av_intraday_5min/raw_monthly/HD/2003-12.csv,csv ohlcv,2026-05-17T13:14:21Z
HD,2004-01,ok,1560,av_intraday_5min/raw_monthly/HD/2004-01.csv,csv ohlcv,2026-05-17T13:14:22Z
HD,2004-02,ok,1482,av_intraday_5min/raw_monthly/HD/2004-02.csv,csv ohlcv,2026-05-17T13:14:23Z
HD,2004-03,ok,1794,av_intraday_5min/raw_monthly/HD/2004-03.csv,csv ohlcv,2026-05-17T13:14:24Z
HD,2004-04,ok,1637,av_intraday_5min/raw_monthly/HD/2004-04.csv,csv ohlcv,2026-05-17T13:14:24Z
HD,2004-05,ok,1559,av_intraday_5min/raw_monthly/HD/2004-05.csv,csv ohlcv,2026-05-17T13:14:25Z
HD,2004-06,ok,1637,av_intraday_5min/raw_monthly/HD/2004-06.csv,csv ohlcv,2026-05-17T13:14:26Z
HD,2004-07,ok,1638,av_intraday_5min/raw_monthly/HD/2004-07.csv,csv ohlcv,2026-05-17T13:14:27Z
HD,2004-08,ok,1716,av_intraday_5min/raw_monthly/HD/2004-08.csv,csv ohlcv,2026-05-17T13:14:28Z
HD,2004-09,ok,1638,av_intraday_5min/raw_monthly/HD/2004-09.csv,csv ohlcv,2026-05-17T13:14:28Z
HD,2004-10,ok,1638,av_intraday_5min/raw_monthly/HD/2004-10.csv,csv ohlcv,2026-05-17T13:14:29Z
HD,2004-11,ok,1604,av_intraday_5min/raw_monthly/HD/2004-11.csv,csv ohlcv,2026-05-17T13:14:30Z
HD,2004-12,ok,1716,av_intraday_5min/raw_monthly/HD/2004-12.csv,csv ohlcv,2026-05-17T13:14:31Z
HD,2005-01,ok,1560,av_intraday_5min/raw_monthly/HD/2005-01.csv,csv ohlcv,2026-05-17T13:14:32Z
HD,2005-02,ok,1482,av_intraday_5min/raw_monthly/HD/2005-02.csv,csv ohlcv,2026-05-17T13:14:33Z
HD,2005-03,ok,1716,av_intraday_5min/raw_monthly/HD/2005-03.csv,csv ohlcv,2026-05-17T13:14:34Z
HD,2005-04,ok,1637,av_intraday_5min/raw_monthly/HD/2005-04.csv,csv ohlcv,2026-05-17T13:14:35Z
HD,2005-05,ok,1638,av_intraday_5min/raw_monthly/HD/2005-05.csv,csv ohlcv,2026-05-17T13:14:35Z
HD,2005-06,ok,1714,av_intraday_5min/raw_monthly/HD/2005-06.csv,csv ohlcv,2026-05-17T13:14:36Z
HD,2005-07,ok,1560,av_intraday_5min/raw_monthly/HD/2005-07.csv,csv ohlcv,2026-05-17T13:14:37Z
HD,2005-08,ok,1794,av_intraday_5min/raw_monthly/HD/2005-08.csv,csv ohlcv,2026-05-17T13:14:38Z
HD,2005-09,ok,1638,av_intraday_5min/raw_monthly/HD/2005-09.csv,csv ohlcv,2026-05-17T13:14:39Z
HD,2005-10,ok,1638,av_intraday_5min/raw_monthly/HD/2005-10.csv,csv ohlcv,2026-05-17T13:14:40Z
HD,2005-11,ok,1603,av_intraday_5min/raw_monthly/HD/2005-11.csv,csv ohlcv,2026-05-17T13:14:41Z
HD,2005-12,ok,1631,av_intraday_5min/raw_monthly/HD/2005-12.csv,csv ohlcv,2026-05-17T13:14:41Z
HD,2006-01,ok,1560,av_intraday_5min/raw_monthly/HD/2006-01.csv,csv ohlcv,2026-05-17T13:14:42Z
HD,2006-02,ok,1482,av_intraday_5min/raw_monthly/HD/2006-02.csv,csv ohlcv,2026-05-17T13:14:43Z
HD,2006-03,ok,1794,av_intraday_5min/raw_monthly/HD/2006-03.csv,csv ohlcv,2026-05-17T13:14:44Z
HD,2006-04,ok,1481,av_intraday_5min/raw_monthly/HD/2006-04.csv,csv ohlcv,2026-05-17T13:14:45Z
HD,2006-05,ok,1716,av_intraday_5min/raw_monthly/HD/2006-05.csv,csv ohlcv,2026-05-17T13:14:45Z
HD,2006-06,ok,1716,av_intraday_5min/raw_monthly/HD/2006-06.csv,csv ohlcv,2026-05-17T13:14:46Z
HD,2006-07,ok,1525,av_intraday_5min/raw_monthly/HD/2006-07.csv,csv ohlcv,2026-05-17T13:14:47Z
HD,2006-08,ok,1794,av_intraday_5min/raw_monthly/HD/2006-08.csv,csv ohlcv,2026-05-17T13:14:48Z
HD,2006-09,ok,1560,av_intraday_5min/raw_monthly/HD/2006-09.csv,csv ohlcv,2026-05-17T13:14:49Z
HD,2006-10,ok,1716,av_intraday_5min/raw_monthly/HD/2006-10.csv,csv ohlcv,2026-05-17T13:14:50Z
HD,2006-11,ok,1603,av_intraday_5min/raw_monthly/HD/2006-11.csv,csv ohlcv,2026-05-17T13:14:51Z
HD,2006-12,ok,1559,av_intraday_5min/raw_monthly/HD/2006-12.csv,csv ohlcv,2026-05-17T13:14:52Z
HD,2007-01,ok,1560,av_intraday_5min/raw_monthly/HD/2007-01.csv,csv ohlcv,2026-05-17T13:14:53Z
HD,2007-02,ok,1482,av_intraday_5min/raw_monthly/HD/2007-02.csv,csv ohlcv,2026-05-17T13:14:54Z
HD,2007-03,ok,1716,av_intraday_5min/raw_monthly/HD/2007-03.csv,csv ohlcv,2026-05-17T13:14:54Z
HD,2007-04,ok,1560,av_intraday_5min/raw_monthly/HD/2007-04.csv,csv ohlcv,2026-05-17T13:14:55Z
HD,2007-05,ok,1716,av_intraday_5min/raw_monthly/HD/2007-05.csv,csv ohlcv,2026-05-17T13:14:56Z
HD,2007-06,ok,1638,av_intraday_5min/raw_monthly/HD/2007-06.csv,csv ohlcv,2026-05-17T13:14:57Z
HD,2007-07,ok,1610,av_intraday_5min/raw_monthly/HD/2007-07.csv,csv ohlcv,2026-05-17T13:14:58Z
HD,2007-08,ok,1794,av_intraday_5min/raw_monthly/HD/2007-08.csv,csv ohlcv,2026-05-17T13:14:59Z
HD,2007-09,ok,1482,av_intraday_5min/raw_monthly/HD/2007-09.csv,csv ohlcv,2026-05-17T13:15:00Z
HD,2007-10,ok,1794,av_intraday_5min/raw_monthly/HD/2007-10.csv,csv ohlcv,2026-05-17T13:15:01Z
HD,2007-11,ok,1610,av_intraday_5min/raw_monthly/HD/2007-11.csv,csv ohlcv,2026-05-17T13:15:02Z
HD,2007-12,ok,1531,av_intraday_5min/raw_monthly/HD/2007-12.csv,csv ohlcv,2026-05-17T13:15:03Z
HD,2008-01,ok,1638,av_intraday_5min/raw_monthly/HD/2008-01.csv,csv ohlcv,2026-05-17T13:15:03Z
HD,2008-02,ok,1560,av_intraday_5min/raw_monthly/HD/2008-02.csv,csv ohlcv,2026-05-17T13:15:04Z
HD,2008-03,ok,1560,av_intraday_5min/raw_monthly/HD/2008-03.csv,csv ohlcv,2026-05-17T13:15:05Z
HD,2008-04,ok,1716,av_intraday_5min/raw_monthly/HD/2008-04.csv,csv ohlcv,2026-05-17T13:15:06Z
HD,2008-05,ok,1638,av_intraday_5min/raw_monthly/HD/2008-05.csv,csv ohlcv,2026-05-17T13:15:07Z
HD,2008-06,ok,1638,av_intraday_5min/raw_monthly/HD/2008-06.csv,csv ohlcv,2026-05-17T13:15:08Z
HD,2008-07,ok,1688,av_intraday_5min/raw_monthly/HD/2008-07.csv,csv ohlcv,2026-05-17T13:15:08Z
HD,2008-08,ok,1638,av_intraday_5min/raw_monthly/HD/2008-08.csv,csv ohlcv,2026-05-17T13:15:09Z
HD,2008-09,ok,1637,av_intraday_5min/raw_monthly/HD/2008-09.csv,csv ohlcv,2026-05-17T13:15:10Z
HD,2008-10,ok,1794,av_intraday_5min/raw_monthly/HD/2008-10.csv,csv ohlcv,2026-05-17T13:15:11Z
HD,2008-11,ok,1458,av_intraday_5min/raw_monthly/HD/2008-11.csv,csv ohlcv,2026-05-17T13:15:12Z
HD,2008-12,ok,1682,av_intraday_5min/raw_monthly/HD/2008-12.csv,csv ohlcv,2026-05-17T13:15:13Z
HD,2009-01,ok,1560,av_intraday_5min/raw_monthly/HD/2009-01.csv,csv ohlcv,2026-05-17T13:15:14Z
HD,2009-02,ok,1482,av_intraday_5min/raw_monthly/HD/2009-02.csv,csv ohlcv,2026-05-17T13:15:14Z
HD,2009-03,ok,1716,av_intraday_5min/raw_monthly/HD/2009-03.csv,csv ohlcv,2026-05-17T13:15:15Z
HD,2009-04,ok,1638,av_intraday_5min/raw_monthly/HD/2009-04.csv,csv ohlcv,2026-05-17T13:15:16Z
HD,2009-05,ok,1560,av_intraday_5min/raw_monthly/HD/2009-05.csv,csv ohlcv,2026-05-17T13:15:17Z
HD,2009-06,ok,1716,av_intraday_5min/raw_monthly/HD/2009-06.csv,csv ohlcv,2026-05-17T13:15:18Z
HD,2009-07,ok,1716,av_intraday_5min/raw_monthly/HD/2009-07.csv,csv ohlcv,2026-05-17T13:15:19Z
HD,2009-08,ok,1638,av_intraday_5min/raw_monthly/HD/2009-08.csv,csv ohlcv,2026-05-17T13:15:20Z
HD,2009-09,ok,1638,av_intraday_5min/raw_monthly/HD/2009-09.csv,csv ohlcv,2026-05-17T13:15:21Z
HD,2009-10,ok,1716,av_intraday_5min/raw_monthly/HD/2009-10.csv,csv ohlcv,2026-05-17T13:15:21Z
HD,2009-11,ok,1532,av_intraday_5min/raw_monthly/HD/2009-11.csv,csv ohlcv,2026-05-17T13:15:22Z
HD,2009-12,ok,1683,av_intraday_5min/raw_monthly/HD/2009-12.csv,csv ohlcv,2026-05-17T13:15:23Z
HD,2010-01,ok,1482,av_intraday_5min/raw_monthly/HD/2010-01.csv,csv ohlcv,2026-05-17T13:15:24Z
HD,2010-02,ok,1482,av_intraday_5min/raw_monthly/HD/2010-02.csv,csv ohlcv,2026-05-17T13:15:25Z
HD,2010-03,ok,1794,av_intraday_5min/raw_monthly/HD/2010-03.csv,csv ohlcv,2026-05-17T13:15:26Z
HD,2010-04,ok,1638,av_intraday_5min/raw_monthly/HD/2010-04.csv,csv ohlcv,2026-05-17T13:15:27Z
HD,2010-05,ok,1560,av_intraday_5min/raw_monthly/HD/2010-05.csv,csv ohlcv,2026-05-17T13:15:27Z
HD,2010-06,ok,1716,av_intraday_5min/raw_monthly/HD/2010-06.csv,csv ohlcv,2026-05-17T13:15:28Z
HD,2010-07,ok,1638,av_intraday_5min/raw_monthly/HD/2010-07.csv,csv ohlcv,2026-05-17T13:15:29Z
HD,2010-08,ok,1716,av_intraday_5min/raw_monthly/HD/2010-08.csv,csv ohlcv,2026-05-17T13:15:30Z
HD,2010-09,ok,1638,av_intraday_5min/raw_monthly/HD/2010-09.csv,csv ohlcv,2026-05-17T13:15:31Z
HD,2010-10,ok,1638,av_intraday_5min/raw_monthly/HD/2010-10.csv,csv ohlcv,2026-05-17T13:15:32Z
HD,2010-11,ok,1610,av_intraday_5min/raw_monthly/HD/2010-11.csv,csv ohlcv,2026-05-17T13:15:33Z
HD,2010-12,ok,1716,av_intraday_5min/raw_monthly/HD/2010-12.csv,csv ohlcv,2026-05-17T13:15:34Z
HD,2011-01,ok,1560,av_intraday_5min/raw_monthly/HD/2011-01.csv,csv ohlcv,2026-05-17T13:15:35Z
HD,2011-02,ok,1482,av_intraday_5min/raw_monthly/HD/2011-02.csv,csv ohlcv,2026-05-17T13:15:36Z
HD,2011-03,ok,1794,av_intraday_5min/raw_monthly/HD/2011-03.csv,csv ohlcv,2026-05-17T13:15:37Z
HD,2011-04,ok,1560,av_intraday_5min/raw_monthly/HD/2011-04.csv,csv ohlcv,2026-05-17T13:15:37Z
HD,2011-05,ok,1638,av_intraday_5min/raw_monthly/HD/2011-05.csv,csv ohlcv,2026-05-17T13:15:38Z
HD,2011-06,ok,1716,av_intraday_5min/raw_monthly/HD/2011-06.csv,csv ohlcv,2026-05-17T13:15:39Z
HD,2011-07,ok,1560,av_intraday_5min/raw_monthly/HD/2011-07.csv,csv ohlcv,2026-05-17T13:15:40Z
HD,2011-08,ok,1794,av_intraday_5min/raw_monthly/HD/2011-08.csv,csv ohlcv,2026-05-17T13:15:41Z
HD,2011-09,ok,1638,av_intraday_5min/raw_monthly/HD/2011-09.csv,csv ohlcv,2026-05-17T13:15:42Z
HD,2011-10,ok,1638,av_intraday_5min/raw_monthly/HD/2011-10.csv,csv ohlcv,2026-05-17T13:15:43Z
HD,2011-11,ok,1609,av_intraday_5min/raw_monthly/HD/2011-11.csv,csv ohlcv,2026-05-17T13:15:44Z
HD,2011-12,ok,1638,av_intraday_5min/raw_monthly/HD/2011-12.csv,csv ohlcv,2026-05-17T13:15:45Z
HD,2012-01,ok,1560,av_intraday_5min/raw_monthly/HD/2012-01.csv,csv ohlcv,2026-05-17T13:15:46Z
HD,2012-02,ok,1560,av_intraday_5min/raw_monthly/HD/2012-02.csv,csv ohlcv,2026-05-17T13:15:46Z
HD,2012-03,ok,1716,av_intraday_5min/raw_monthly/HD/2012-03.csv,csv ohlcv,2026-05-17T13:15:47Z
HD,2012-04,ok,1560,av_intraday_5min/raw_monthly/HD/2012-04.csv,csv ohlcv,2026-05-17T13:15:48Z
HD,2012-05,ok,1716,av_intraday_5min/raw_monthly/HD/2012-05.csv,csv ohlcv,2026-05-17T13:15:49Z
HD,2012-06,ok,1638,av_intraday_5min/raw_monthly/HD/2012-06.csv,csv ohlcv,2026-05-17T13:15:50Z
HD,2012-07,ok,1610,av_intraday_5min/raw_monthly/HD/2012-07.csv,csv ohlcv,2026-05-17T13:15:51Z
HD,2012-08,ok,1794,av_intraday_5min/raw_monthly/HD/2012-08.csv,csv ohlcv,2026-05-17T13:15:52Z
HD,2012-09,ok,1482,av_intraday_5min/raw_monthly/HD/2012-09.csv,csv ohlcv,2026-05-17T13:15:53Z
HD,2012-10,ok,1638,av_intraday_5min/raw_monthly/HD/2012-10.csv,csv ohlcv,2026-05-17T13:15:54Z
HD,2012-11,ok,1607,av_intraday_5min/raw_monthly/HD/2012-11.csv,csv ohlcv,2026-05-17T13:15:55Z
HD,2012-12,ok,1526,av_intraday_5min/raw_monthly/HD/2012-12.csv,csv ohlcv,2026-05-17T13:15:55Z
HD,2013-01,ok,1638,av_intraday_5min/raw_monthly/HD/2013-01.csv,csv ohlcv,2026-05-17T13:15:56Z
HD,2013-02,ok,1482,av_intraday_5min/raw_monthly/HD/2013-02.csv,csv ohlcv,2026-05-17T13:15:57Z
HD,2013-03,ok,1560,av_intraday_5min/raw_monthly/HD/2013-03.csv,csv ohlcv,2026-05-17T13:15:58Z
HD,2013-04,ok,1716,av_intraday_5min/raw_monthly/HD/2013-04.csv,csv ohlcv,2026-05-17T13:15:59Z
HD,2013-05,ok,1716,av_intraday_5min/raw_monthly/HD/2013-05.csv,csv ohlcv,2026-05-17T13:16:00Z
HD,2013-06,ok,1560,av_intraday_5min/raw_monthly/HD/2013-06.csv,csv ohlcv,2026-05-17T13:16:01Z
HD,2013-07,ok,1684,av_intraday_5min/raw_monthly/HD/2013-07.csv,csv ohlcv,2026-05-17T13:16:02Z
HD,2013-08,ok,1716,av_intraday_5min/raw_monthly/HD/2013-08.csv,csv ohlcv,2026-05-17T13:16:03Z
HD,2013-09,ok,1560,av_intraday_5min/raw_monthly/HD/2013-09.csv,csv ohlcv,2026-05-17T13:16:04Z
HD,2013-10,ok,1794,av_intraday_5min/raw_monthly/HD/2013-10.csv,csv ohlcv,2026-05-17T13:16:05Z
HD,2013-11,ok,1527,av_intraday_5min/raw_monthly/HD/2013-11.csv,csv ohlcv,2026-05-17T13:16:05Z
HD,2013-12,ok,1604,av_intraday_5min/raw_monthly/HD/2013-12.csv,csv ohlcv,2026-05-17T13:16:06Z
HD,2014-01,ok,1638,av_intraday_5min/raw_monthly/HD/2014-01.csv,csv ohlcv,2026-05-17T13:16:07Z
HD,2014-02,ok,1482,av_intraday_5min/raw_monthly/HD/2014-02.csv,csv ohlcv,2026-05-17T13:16:07Z
HD,2014-03,ok,1638,av_intraday_5min/raw_monthly/HD/2014-03.csv,csv ohlcv,2026-05-17T13:16:08Z
HD,2014-04,ok,1638,av_intraday_5min/raw_monthly/HD/2014-04.csv,csv ohlcv,2026-05-17T13:16:09Z
HD,2014-05,ok,1638,av_intraday_5min/raw_monthly/HD/2014-05.csv,csv ohlcv,2026-05-17T13:16:10Z
HD,2014-06,ok,1638,av_intraday_5min/raw_monthly/HD/2014-06.csv,csv ohlcv,2026-05-17T13:16:11Z
HD,2014-07,ok,1684,av_intraday_5min/raw_monthly/HD/2014-07.csv,csv ohlcv,2026-05-17T13:16:12Z
HD,2014-08,ok,1638,av_intraday_5min/raw_monthly/HD/2014-08.csv,csv ohlcv,2026-05-17T13:16:13Z
HD,2014-09,ok,1638,av_intraday_5min/raw_monthly/HD/2014-09.csv,csv ohlcv,2026-05-17T13:16:14Z
HD,2014-10,ok,1783,av_intraday_5min/raw_monthly/HD/2014-10.csv,csv ohlcv,2026-05-17T13:16:15Z
HD,2014-11,ok,1450,av_intraday_5min/raw_monthly/HD/2014-11.csv,csv ohlcv,2026-05-17T13:16:15Z
HD,2014-12,ok,1682,av_intraday_5min/raw_monthly/HD/2014-12.csv,csv ohlcv,2026-05-17T13:16:16Z
HD,2015-01,ok,1560,av_intraday_5min/raw_monthly/HD/2015-01.csv,csv ohlcv,2026-05-17T13:16:17Z
HD,2015-02,ok,1482,av_intraday_5min/raw_monthly/HD/2015-02.csv,csv ohlcv,2026-05-17T13:16:18Z
HD,2015-03,ok,1716,av_intraday_5min/raw_monthly/HD/2015-03.csv,csv ohlcv,2026-05-17T13:16:19Z
HD,2015-04,ok,1638,av_intraday_5min/raw_monthly/HD/2015-04.csv,csv ohlcv,2026-05-17T13:16:20Z
HD,2015-05,ok,1560,av_intraday_5min/raw_monthly/HD/2015-05.csv,csv ohlcv,2026-05-17T13:16:21Z
HD,2015-06,ok,1716,av_intraday_5min/raw_monthly/HD/2015-06.csv,csv ohlcv,2026-05-17T13:16:21Z
HD,2015-07,ok,1716,av_intraday_5min/raw_monthly/HD/2015-07.csv,csv ohlcv,2026-05-17T13:16:22Z
HD,2015-08,ok,1638,av_intraday_5min/raw_monthly/HD/2015-08.csv,csv ohlcv,2026-05-17T13:16:23Z
HD,2015-09,ok,1638,av_intraday_5min/raw_monthly/HD/2015-09.csv,csv ohlcv,2026-05-17T13:16:24Z
HD,2015-10,ok,1716,av_intraday_5min/raw_monthly/HD/2015-10.csv,csv ohlcv,2026-05-17T13:16:25Z
HD,2015-11,ok,1533,av_intraday_5min/raw_monthly/HD/2015-11.csv,csv ohlcv,2026-05-17T13:16:26Z
HD,2015-12,ok,1683,av_intraday_5min/raw_monthly/HD/2015-12.csv,csv ohlcv,2026-05-17T13:16:26Z
HD,2016-01,ok,1482,av_intraday_5min/raw_monthly/HD/2016-01.csv,csv ohlcv,2026-05-17T13:16:27Z
HD,2016-02,ok,1560,av_intraday_5min/raw_monthly/HD/2016-02.csv,csv ohlcv,2026-05-17T13:16:28Z
HD,2016-03,ok,1716,av_intraday_5min/raw_monthly/HD/2016-03.csv,csv ohlcv,2026-05-17T13:16:29Z
HD,2016-04,ok,1638,av_intraday_5min/raw_monthly/HD/2016-04.csv,csv ohlcv,2026-05-17T13:16:30Z
HD,2016-05,ok,1638,av_intraday_5min/raw_monthly/HD/2016-05.csv,csv ohlcv,2026-05-17T13:16:31Z
HD,2016-06,ok,1716,av_intraday_5min/raw_monthly/HD/2016-06.csv,csv ohlcv,2026-05-17T13:16:32Z
HD,2016-07,ok,1560,av_intraday_5min/raw_monthly/HD/2016-07.csv,csv ohlcv,2026-05-17T13:16:33Z
HD,2016-08,ok,1794,av_intraday_5min/raw_monthly/HD/2016-08.csv,csv ohlcv,2026-05-17T13:16:33Z
HD,2016-09,ok,1638,av_intraday_5min/raw_monthly/HD/2016-09.csv,csv ohlcv,2026-05-17T13:16:34Z
HD,2016-10,ok,1638,av_intraday_5min/raw_monthly/HD/2016-10.csv,csv ohlcv,2026-05-17T13:16:35Z
HD,2016-11,ok,1611,av_intraday_5min/raw_monthly/HD/2016-11.csv,csv ohlcv,2026-05-17T13:16:36Z
HD,2016-12,ok,1638,av_intraday_5min/raw_monthly/HD/2016-12.csv,csv ohlcv,2026-05-17T13:16:37Z
HD,2017-01,ok,1560,av_intraday_5min/raw_monthly/HD/2017-01.csv,csv ohlcv,2026-05-17T13:16:38Z
HD,2017-02,ok,1482,av_intraday_5min/raw_monthly/HD/2017-02.csv,csv ohlcv,2026-05-17T13:16:39Z
HD,2017-03,ok,1794,av_intraday_5min/raw_monthly/HD/2017-03.csv,csv ohlcv,2026-05-17T13:16:40Z
HD,2017-04,ok,1482,av_intraday_5min/raw_monthly/HD/2017-04.csv,csv ohlcv,2026-05-17T13:16:41Z
HD,2017-05,ok,1716,av_intraday_5min/raw_monthly/HD/2017-05.csv,csv ohlcv,2026-05-17T13:16:42Z
HD,2017-06,ok,1716,av_intraday_5min/raw_monthly/HD/2017-06.csv,csv ohlcv,2026-05-17T13:16:42Z
HD,2017-07,ok,1530,av_intraday_5min/raw_monthly/HD/2017-07.csv,csv ohlcv,2026-05-17T13:16:43Z
HD,2017-08,ok,1794,av_intraday_5min/raw_monthly/HD/2017-08.csv,csv ohlcv,2026-05-17T13:16:44Z
HD,2017-09,ok,1560,av_intraday_5min/raw_monthly/HD/2017-09.csv,csv ohlcv,2026-05-17T13:16:45Z
HD,2017-10,ok,1716,av_intraday_5min/raw_monthly/HD/2017-10.csv,csv ohlcv,2026-05-17T13:16:46Z
HD,2017-11,ok,1604,av_intraday_5min/raw_monthly/HD/2017-11.csv,csv ohlcv,2026-05-17T13:16:47Z
HD,2017-12,ok,1560,av_intraday_5min/raw_monthly/HD/2017-12.csv,csv ohlcv,2026-05-17T13:16:48Z
IBM,2001-02,ok,1482,av_intraday_5min/raw_monthly/IBM/2001-02.csv,csv ohlcv,2026-05-17T13:16:48Z
IBM,2001-03,ok,1716,av_intraday_5min/raw_monthly/IBM/2001-03.csv,csv ohlcv,2026-05-17T13:16:49Z
IBM,2001-04,ok,1560,av_intraday_5min/raw_monthly/IBM/2001-04.csv,csv ohlcv,2026-05-17T13:16:50Z
IBM,2001-05,ok,1714,av_intraday_5min/raw_monthly/IBM/2001-05.csv,csv ohlcv,2026-05-17T13:16:51Z
IBM,2001-06,ok,1621,av_intraday_5min/raw_monthly/IBM/2001-06.csv,csv ohlcv,2026-05-17T13:16:52Z
IBM,2001-07,ok,1603,av_intraday_5min/raw_monthly/IBM/2001-07.csv,csv ohlcv,2026-05-17T13:16:53Z
IBM,2001-08,ok,1794,av_intraday_5min/raw_monthly/IBM/2001-08.csv,csv ohlcv,2026-05-17T13:16:54Z
IBM,2001-09,ok,1169,av_intraday_5min/raw_monthly/IBM/2001-09.csv,csv ohlcv,2026-05-17T13:16:55Z
IBM,2001-10,ok,1794,av_intraday_5min/raw_monthly/IBM/2001-10.csv,csv ohlcv,2026-05-17T13:16:56Z
IBM,2001-11,ok,1600,av_intraday_5min/raw_monthly/IBM/2001-11.csv,csv ohlcv,2026-05-17T13:16:57Z
IBM,2001-12,ok,1525,av_intraday_5min/raw_monthly/IBM/2001-12.csv,csv ohlcv,2026-05-17T13:16:57Z
IBM,2002-01,ok,1638,av_intraday_5min/raw_monthly/IBM/2002-01.csv,csv ohlcv,2026-05-17T13:16:58Z
IBM,2002-02,ok,1482,av_intraday_5min/raw_monthly/IBM/2002-02.csv,csv ohlcv,2026-05-17T13:16:59Z
IBM,2002-03,ok,1560,av_intraday_5min/raw_monthly/IBM/2002-03.csv,csv ohlcv,2026-05-17T13:17:00Z
IBM,2002-04,ok,1715,av_intraday_5min/raw_monthly/IBM/2002-04.csv,csv ohlcv,2026-05-17T13:17:01Z
IBM,2002-05,ok,1716,av_intraday_5min/raw_monthly/IBM/2002-05.csv,csv ohlcv,2026-05-17T13:17:02Z
IBM,2002-06,ok,1560,av_intraday_5min/raw_monthly/IBM/2002-06.csv,csv ohlcv,2026-05-17T13:17:03Z
IBM,2002-07,ok,1681,av_intraday_5min/raw_monthly/IBM/2002-07.csv,csv ohlcv,2026-05-17T13:17:03Z
IBM,2002-08,ok,1716,av_intraday_5min/raw_monthly/IBM/2002-08.csv,csv ohlcv,2026-05-17T13:17:04Z
IBM,2002-09,ok,1539,av_intraday_5min/raw_monthly/IBM/2002-09.csv,csv ohlcv,2026-05-17T13:17:05Z
IBM,2002-10,ok,1794,av_intraday_5min/raw_monthly/IBM/2002-10.csv,csv ohlcv,2026-05-17T13:17:06Z
IBM,2002-11,ok,1526,av_intraday_5min/raw_monthly/IBM/2002-11.csv,csv ohlcv,2026-05-17T13:17:07Z
IBM,2002-12,ok,1603,av_intraday_5min/raw_monthly/IBM/2002-12.csv,csv ohlcv,2026-05-17T13:17:08Z
IBM,2003-01,ok,1638,av_intraday_5min/raw_monthly/IBM/2003-01.csv,csv ohlcv,2026-05-17T13:17:08Z
IBM,2003-02,ok,1482,av_intraday_5min/raw_monthly/IBM/2003-02.csv,csv ohlcv,2026-05-17T13:17:09Z
IBM,2003-03,ok,1638,av_intraday_5min/raw_monthly/IBM/2003-03.csv,csv ohlcv,2026-05-17T13:17:10Z
IBM,2003-04,ok,1638,av_intraday_5min/raw_monthly/IBM/2003-04.csv,csv ohlcv,2026-05-17T13:17:11Z
IBM,2003-05,ok,1638,av_intraday_5min/raw_monthly/IBM/2003-05.csv,csv ohlcv,2026-05-17T13:17:12Z
IBM,2003-06,ok,1636,av_intraday_5min/raw_monthly/IBM/2003-06.csv,csv ohlcv,2026-05-17T13:17:13Z
IBM,2003-07,ok,1681,av_intraday_5min/raw_monthly/IBM/2003-07.csv,csv ohlcv,2026-05-17T13:17:13Z
IBM,2003-08,ok,1638,av_intraday_5min/raw_monthly/IBM/2003-08.csv,csv ohlcv,2026-05-17T13:17:14Z
IBM,2003-09,ok,1638,av_intraday_5min/raw_monthly/IBM/2003-09.csv,csv ohlcv,2026-05-17T13:17:15Z
IBM,2003-10,ok,1794,av_intraday_5min/raw_monthly/IBM/2003-10.csv,csv ohlcv,2026-05-17T13:17:16Z
IBM,2003-11,ok,1447,av_intraday_5min/raw_monthly/IBM/2003-11.csv,csv ohlcv,2026-05-17T13:17:17Z
IBM,2003-12,ok,1646,av_intraday_5min/raw_monthly/IBM/2003-12.csv,csv ohlcv,2026-05-17T13:17:18Z
IBM,2004-01,ok,1560,av_intraday_5min/raw_monthly/IBM/2004-01.csv,csv ohlcv,2026-05-17T13:17:18Z
IBM,2004-02,ok,1482,av_intraday_5min/raw_monthly/IBM/2004-02.csv,csv ohlcv,2026-05-17T13:17:19Z
IBM,2004-03,ok,1794,av_intraday_5min/raw_monthly/IBM/2004-03.csv,csv ohlcv,2026-05-17T13:17:20Z
IBM,2004-04,ok,1637,av_intraday_5min/raw_monthly/IBM/2004-04.csv,csv ohlcv,2026-05-17T13:17:21Z
IBM,2004-05,ok,1560,av_intraday_5min/raw_monthly/IBM/2004-05.csv,csv ohlcv,2026-05-17T13:17:22Z
IBM,2004-06,ok,1638,av_intraday_5min/raw_monthly/IBM/2004-06.csv,csv ohlcv,2026-05-17T13:17:23Z
IBM,2004-07,ok,1638,av_intraday_5min/raw_monthly/IBM/2004-07.csv,csv ohlcv,2026-05-17T13:17:23Z
IBM,2004-08,ok,1716,av_intraday_5min/raw_monthly/IBM/2004-08.csv,csv ohlcv,2026-05-17T13:17:24Z
IBM,2004-09,ok,1638,av_intraday_5min/raw_monthly/IBM/2004-09.csv,csv ohlcv,2026-05-17T13:17:25Z
IBM,2004-10,ok,1638,av_intraday_5min/raw_monthly/IBM/2004-10.csv,csv ohlcv,2026-05-17T13:17:26Z
IBM,2004-11,ok,1603,av_intraday_5min/raw_monthly/IBM/2004-11.csv,csv ohlcv,2026-05-17T13:17:27Z
IBM,2004-12,ok,1716,av_intraday_5min/raw_monthly/IBM/2004-12.csv,csv ohlcv,2026-05-17T13:17:28Z
IBM,2005-01,ok,1560,av_intraday_5min/raw_monthly/IBM/2005-01.csv,csv ohlcv,2026-05-17T13:17:29Z
IBM,2005-02,ok,1482,av_intraday_5min/raw_monthly/IBM/2005-02.csv,csv ohlcv,2026-05-17T13:17:29Z
IBM,2005-03,ok,1716,av_intraday_5min/raw_monthly/IBM/2005-03.csv,csv ohlcv,2026-05-17T13:17:30Z
IBM,2005-04,ok,1638,av_intraday_5min/raw_monthly/IBM/2005-04.csv,csv ohlcv,2026-05-17T13:17:31Z
IBM,2005-05,ok,1638,av_intraday_5min/raw_monthly/IBM/2005-05.csv,csv ohlcv,2026-05-17T13:17:32Z
IBM,2005-06,ok,1714,av_intraday_5min/raw_monthly/IBM/2005-06.csv,csv ohlcv,2026-05-17T13:17:33Z
IBM,2005-07,ok,1560,av_intraday_5min/raw_monthly/IBM/2005-07.csv,csv ohlcv,2026-05-17T13:17:34Z
IBM,2005-08,ok,1794,av_intraday_5min/raw_monthly/IBM/2005-08.csv,csv ohlcv,2026-05-17T13:17:35Z
IBM,2005-09,ok,1638,av_intraday_5min/raw_monthly/IBM/2005-09.csv,csv ohlcv,2026-05-17T13:17:36Z
IBM,2005-10,ok,1638,av_intraday_5min/raw_monthly/IBM/2005-10.csv,csv ohlcv,2026-05-17T13:17:36Z
IBM,2005-11,ok,1603,av_intraday_5min/raw_monthly/IBM/2005-11.csv,csv ohlcv,2026-05-17T13:17:37Z
IBM,2005-12,ok,1638,av_intraday_5min/raw_monthly/IBM/2005-12.csv,csv ohlcv,2026-05-17T13:17:38Z
IBM,2006-01,ok,1560,av_intraday_5min/raw_monthly/IBM/2006-01.csv,csv ohlcv,2026-05-17T13:17:39Z
IBM,2006-02,ok,1482,av_intraday_5min/raw_monthly/IBM/2006-02.csv,csv ohlcv,2026-05-17T13:17:40Z
IBM,2006-03,ok,1794,av_intraday_5min/raw_monthly/IBM/2006-03.csv,csv ohlcv,2026-05-17T13:17:40Z
IBM,2006-04,ok,1482,av_intraday_5min/raw_monthly/IBM/2006-04.csv,csv ohlcv,2026-05-17T13:17:41Z
IBM,2006-05,ok,1716,av_intraday_5min/raw_monthly/IBM/2006-05.csv,csv ohlcv,2026-05-17T13:17:42Z
IBM,2006-06,ok,1716,av_intraday_5min/raw_monthly/IBM/2006-06.csv,csv ohlcv,2026-05-17T13:17:43Z
IBM,2006-07,ok,1525,av_intraday_5min/raw_monthly/IBM/2006-07.csv,csv ohlcv,2026-05-17T13:17:44Z
IBM,2006-08,ok,1794,av_intraday_5min/raw_monthly/IBM/2006-08.csv,csv ohlcv,2026-05-17T13:17:45Z
IBM,2006-09,ok,1560,av_intraday_5min/raw_monthly/IBM/2006-09.csv,csv ohlcv,2026-05-17T13:17:45Z
IBM,2006-10,ok,1716,av_intraday_5min/raw_monthly/IBM/2006-10.csv,csv ohlcv,2026-05-17T13:17:46Z
IBM,2006-11,ok,1603,av_intraday_5min/raw_monthly/IBM/2006-11.csv,csv ohlcv,2026-05-17T13:17:47Z
IBM,2006-12,ok,1560,av_intraday_5min/raw_monthly/IBM/2006-12.csv,csv ohlcv,2026-05-17T13:17:48Z
IBM,2007-01,ok,1560,av_intraday_5min/raw_monthly/IBM/2007-01.csv,csv ohlcv,2026-05-17T13:17:49Z
IBM,2007-02,ok,1482,av_intraday_5min/raw_monthly/IBM/2007-02.csv,csv ohlcv,2026-05-17T13:17:50Z
IBM,2007-03,ok,1716,av_intraday_5min/raw_monthly/IBM/2007-03.csv,csv ohlcv,2026-05-17T13:17:50Z
IBM,2007-04,ok,1560,av_intraday_5min/raw_monthly/IBM/2007-04.csv,csv ohlcv,2026-05-17T13:17:51Z
IBM,2007-05,ok,1716,av_intraday_5min/raw_monthly/IBM/2007-05.csv,csv ohlcv,2026-05-17T13:17:52Z
IBM,2007-06,ok,1638,av_intraday_5min/raw_monthly/IBM/2007-06.csv,csv ohlcv,2026-05-17T13:17:53Z
IBM,2007-07,ok,1609,av_intraday_5min/raw_monthly/IBM/2007-07.csv,csv ohlcv,2026-05-17T13:17:54Z
IBM,2007-08,ok,1794,av_intraday_5min/raw_monthly/IBM/2007-08.csv,csv ohlcv,2026-05-17T13:17:54Z
IBM,2007-09,ok,1482,av_intraday_5min/raw_monthly/IBM/2007-09.csv,csv ohlcv,2026-05-17T13:17:55Z
IBM,2007-10,ok,1794,av_intraday_5min/raw_monthly/IBM/2007-10.csv,csv ohlcv,2026-05-17T13:17:56Z
IBM,2007-11,ok,1610,av_intraday_5min/raw_monthly/IBM/2007-11.csv,csv ohlcv,2026-05-17T13:17:57Z
IBM,2007-12,ok,1528,av_intraday_5min/raw_monthly/IBM/2007-12.csv,csv ohlcv,2026-05-17T13:17:58Z
IBM,2008-01,ok,1638,av_intraday_5min/raw_monthly/IBM/2008-01.csv,csv ohlcv,2026-05-17T13:17:59Z
IBM,2008-02,ok,1560,av_intraday_5min/raw_monthly/IBM/2008-02.csv,csv ohlcv,2026-05-17T13:18:00Z
IBM,2008-03,ok,1560,av_intraday_5min/raw_monthly/IBM/2008-03.csv,csv ohlcv,2026-05-17T13:18:01Z
IBM,2008-04,ok,1716,av_intraday_5min/raw_monthly/IBM/2008-04.csv,csv ohlcv,2026-05-17T13:18:02Z
IBM,2008-05,ok,1638,av_intraday_5min/raw_monthly/IBM/2008-05.csv,csv ohlcv,2026-05-17T13:18:03Z
IBM,2008-06,ok,1638,av_intraday_5min/raw_monthly/IBM/2008-06.csv,csv ohlcv,2026-05-17T13:18:03Z
IBM,2008-07,ok,1686,av_intraday_5min/raw_monthly/IBM/2008-07.csv,csv ohlcv,2026-05-17T13:18:04Z
IBM,2008-08,ok,1638,av_intraday_5min/raw_monthly/IBM/2008-08.csv,csv ohlcv,2026-05-17T13:18:05Z
IBM,2008-09,ok,1638,av_intraday_5min/raw_monthly/IBM/2008-09.csv,csv ohlcv,2026-05-17T13:18:06Z
IBM,2008-10,ok,1794,av_intraday_5min/raw_monthly/IBM/2008-10.csv,csv ohlcv,2026-05-17T13:18:07Z
IBM,2008-11,ok,1453,av_intraday_5min/raw_monthly/IBM/2008-11.csv,csv ohlcv,2026-05-17T13:18:08Z
IBM,2008-12,ok,1682,av_intraday_5min/raw_monthly/IBM/2008-12.csv,csv ohlcv,2026-05-17T13:18:09Z
IBM,2009-01,ok,1560,av_intraday_5min/raw_monthly/IBM/2009-01.csv,csv ohlcv,2026-05-17T13:18:09Z
IBM,2009-02,ok,1482,av_intraday_5min/raw_monthly/IBM/2009-02.csv,csv ohlcv,2026-05-17T13:18:10Z
IBM,2009-03,ok,1716,av_intraday_5min/raw_monthly/IBM/2009-03.csv,csv ohlcv,2026-05-17T13:18:11Z
IBM,2009-04,ok,1638,av_intraday_5min/raw_monthly/IBM/2009-04.csv,csv ohlcv,2026-05-17T13:18:12Z
IBM,2009-05,ok,1560,av_intraday_5min/raw_monthly/IBM/2009-05.csv,csv ohlcv,2026-05-17T13:18:13Z
IBM,2009-06,ok,1716,av_intraday_5min/raw_monthly/IBM/2009-06.csv,csv ohlcv,2026-05-17T13:18:14Z
IBM,2009-07,ok,1716,av_intraday_5min/raw_monthly/IBM/2009-07.csv,csv ohlcv,2026-05-17T13:18:15Z
IBM,2009-08,ok,1638,av_intraday_5min/raw_monthly/IBM/2009-08.csv,csv ohlcv,2026-05-17T13:18:16Z
IBM,2009-09,ok,1638,av_intraday_5min/raw_monthly/IBM/2009-09.csv,csv ohlcv,2026-05-17T13:18:17Z
IBM,2009-10,ok,1716,av_intraday_5min/raw_monthly/IBM/2009-10.csv,csv ohlcv,2026-05-17T13:18:18Z
IBM,2009-11,ok,1536,av_intraday_5min/raw_monthly/IBM/2009-11.csv,csv ohlcv,2026-05-17T13:18:19Z
IBM,2009-12,ok,1685,av_intraday_5min/raw_monthly/IBM/2009-12.csv,csv ohlcv,2026-05-17T13:18:19Z
IBM,2010-01,ok,1482,av_intraday_5min/raw_monthly/IBM/2010-01.csv,csv ohlcv,2026-05-17T13:18:20Z
IBM,2010-02,ok,1482,av_intraday_5min/raw_monthly/IBM/2010-02.csv,csv ohlcv,2026-05-17T13:18:21Z
IBM,2010-03,ok,1794,av_intraday_5min/raw_monthly/IBM/2010-03.csv,csv ohlcv,2026-05-17T13:18:22Z
IBM,2010-04,ok,1638,av_intraday_5min/raw_monthly/IBM/2010-04.csv,csv ohlcv,2026-05-17T13:18:23Z
IBM,2010-05,ok,1560,av_intraday_5min/raw_monthly/IBM/2010-05.csv,csv ohlcv,2026-05-17T13:18:24Z
IBM,2010-06,ok,1716,av_intraday_5min/raw_monthly/IBM/2010-06.csv,csv ohlcv,2026-05-17T13:18:25Z
IBM,2010-07,ok,1638,av_intraday_5min/raw_monthly/IBM/2010-07.csv,csv ohlcv,2026-05-17T13:18:25Z
IBM,2010-08,ok,1716,av_intraday_5min/raw_monthly/IBM/2010-08.csv,csv ohlcv,2026-05-17T13:18:26Z
IBM,2010-09,ok,1638,av_intraday_5min/raw_monthly/IBM/2010-09.csv,csv ohlcv,2026-05-17T13:18:27Z
IBM,2010-10,ok,1638,av_intraday_5min/raw_monthly/IBM/2010-10.csv,csv ohlcv,2026-05-17T13:18:28Z
IBM,2010-11,ok,1618,av_intraday_5min/raw_monthly/IBM/2010-11.csv,csv ohlcv,2026-05-17T13:18:29Z
IBM,2010-12,ok,1716,av_intraday_5min/raw_monthly/IBM/2010-12.csv,csv ohlcv,2026-05-17T13:18:30Z
IBM,2011-01,ok,1560,av_intraday_5min/raw_monthly/IBM/2011-01.csv,csv ohlcv,2026-05-17T13:18:31Z
IBM,2011-02,ok,1482,av_intraday_5min/raw_monthly/IBM/2011-02.csv,csv ohlcv,2026-05-17T13:18:31Z
IBM,2011-03,ok,1794,av_intraday_5min/raw_monthly/IBM/2011-03.csv,csv ohlcv,2026-05-17T13:18:32Z
IBM,2011-04,ok,1560,av_intraday_5min/raw_monthly/IBM/2011-04.csv,csv ohlcv,2026-05-17T13:18:33Z
IBM,2011-05,ok,1638,av_intraday_5min/raw_monthly/IBM/2011-05.csv,csv ohlcv,2026-05-17T13:18:34Z
IBM,2011-06,ok,1716,av_intraday_5min/raw_monthly/IBM/2011-06.csv,csv ohlcv,2026-05-17T13:18:35Z
IBM,2011-07,ok,1560,av_intraday_5min/raw_monthly/IBM/2011-07.csv,csv ohlcv,2026-05-17T13:18:36Z
IBM,2011-08,ok,1794,av_intraday_5min/raw_monthly/IBM/2011-08.csv,csv ohlcv,2026-05-17T13:18:37Z
IBM,2011-09,ok,1638,av_intraday_5min/raw_monthly/IBM/2011-09.csv,csv ohlcv,2026-05-17T13:18:37Z
IBM,2011-10,ok,1638,av_intraday_5min/raw_monthly/IBM/2011-10.csv,csv ohlcv,2026-05-17T13:18:38Z
IBM,2011-11,ok,1613,av_intraday_5min/raw_monthly/IBM/2011-11.csv,csv ohlcv,2026-05-17T13:18:39Z
IBM,2011-12,ok,1638,av_intraday_5min/raw_monthly/IBM/2011-12.csv,csv ohlcv,2026-05-17T13:18:40Z
IBM,2012-01,ok,1560,av_intraday_5min/raw_monthly/IBM/2012-01.csv,csv ohlcv,2026-05-17T13:18:41Z
IBM,2012-02,ok,1560,av_intraday_5min/raw_monthly/IBM/2012-02.csv,csv ohlcv,2026-05-17T13:18:42Z
IBM,2012-03,ok,1716,av_intraday_5min/raw_monthly/IBM/2012-03.csv,csv ohlcv,2026-05-17T13:18:43Z
IBM,2012-04,ok,1560,av_intraday_5min/raw_monthly/IBM/2012-04.csv,csv ohlcv,2026-05-17T13:18:44Z
IBM,2012-05,ok,1716,av_intraday_5min/raw_monthly/IBM/2012-05.csv,csv ohlcv,2026-05-17T13:18:45Z
IBM,2012-06,ok,1638,av_intraday_5min/raw_monthly/IBM/2012-06.csv,csv ohlcv,2026-05-17T13:18:46Z
IBM,2012-07,ok,1605,av_intraday_5min/raw_monthly/IBM/2012-07.csv,csv ohlcv,2026-05-17T13:18:46Z
IBM,2012-08,ok,1794,av_intraday_5min/raw_monthly/IBM/2012-08.csv,csv ohlcv,2026-05-17T13:18:47Z
IBM,2012-09,ok,1482,av_intraday_5min/raw_monthly/IBM/2012-09.csv,csv ohlcv,2026-05-17T13:18:48Z
IBM,2012-10,ok,1638,av_intraday_5min/raw_monthly/IBM/2012-10.csv,csv ohlcv,2026-05-17T13:18:49Z
IBM,2012-11,ok,1606,av_intraday_5min/raw_monthly/IBM/2012-11.csv,csv ohlcv,2026-05-17T13:18:50Z
IBM,2012-12,ok,1527,av_intraday_5min/raw_monthly/IBM/2012-12.csv,csv ohlcv,2026-05-17T13:18:51Z
IBM,2013-01,ok,1638,av_intraday_5min/raw_monthly/IBM/2013-01.csv,csv ohlcv,2026-05-17T13:18:52Z
IBM,2013-02,ok,1482,av_intraday_5min/raw_monthly/IBM/2013-02.csv,csv ohlcv,2026-05-17T13:18:53Z
IBM,2013-03,ok,1560,av_intraday_5min/raw_monthly/IBM/2013-03.csv,csv ohlcv,2026-05-17T13:18:53Z
IBM,2013-04,ok,1716,av_intraday_5min/raw_monthly/IBM/2013-04.csv,csv ohlcv,2026-05-17T13:18:54Z
IBM,2013-05,ok,1716,av_intraday_5min/raw_monthly/IBM/2013-05.csv,csv ohlcv,2026-05-17T13:18:55Z
IBM,2013-06,ok,1560,av_intraday_5min/raw_monthly/IBM/2013-06.csv,csv ohlcv,2026-05-17T13:18:56Z
IBM,2013-07,ok,1686,av_intraday_5min/raw_monthly/IBM/2013-07.csv,csv ohlcv,2026-05-17T13:18:57Z
IBM,2013-08,ok,1716,av_intraday_5min/raw_monthly/IBM/2013-08.csv,csv ohlcv,2026-05-17T13:18:58Z
IBM,2013-09,ok,1560,av_intraday_5min/raw_monthly/IBM/2013-09.csv,csv ohlcv,2026-05-17T13:18:59Z
IBM,2013-10,ok,1794,av_intraday_5min/raw_monthly/IBM/2013-10.csv,csv ohlcv,2026-05-17T13:19:00Z
IBM,2013-11,ok,1537,av_intraday_5min/raw_monthly/IBM/2013-11.csv,csv ohlcv,2026-05-17T13:19:01Z
IBM,2013-12,ok,1605,av_intraday_5min/raw_monthly/IBM/2013-12.csv,csv ohlcv,2026-05-17T13:19:02Z
IBM,2014-01,ok,1638,av_intraday_5min/raw_monthly/IBM/2014-01.csv,csv ohlcv,2026-05-17T13:19:03Z
IBM,2014-02,ok,1482,av_intraday_5min/raw_monthly/IBM/2014-02.csv,csv ohlcv,2026-05-17T13:19:04Z
IBM,2014-03,ok,1638,av_intraday_5min/raw_monthly/IBM/2014-03.csv,csv ohlcv,2026-05-17T13:19:04Z
IBM,2014-04,ok,1638,av_intraday_5min/raw_monthly/IBM/2014-04.csv,csv ohlcv,2026-05-17T13:19:05Z
IBM,2014-05,ok,1638,av_intraday_5min/raw_monthly/IBM/2014-05.csv,csv ohlcv,2026-05-17T13:19:06Z
IBM,2014-06,ok,1638,av_intraday_5min/raw_monthly/IBM/2014-06.csv,csv ohlcv,2026-05-17T13:19:07Z
IBM,2014-07,ok,1688,av_intraday_5min/raw_monthly/IBM/2014-07.csv,csv ohlcv,2026-05-17T13:19:08Z
IBM,2014-08,ok,1638,av_intraday_5min/raw_monthly/IBM/2014-08.csv,csv ohlcv,2026-05-17T13:19:09Z
IBM,2014-09,ok,1638,av_intraday_5min/raw_monthly/IBM/2014-09.csv,csv ohlcv,2026-05-17T13:19:09Z
IBM,2014-10,ok,1783,av_intraday_5min/raw_monthly/IBM/2014-10.csv,csv ohlcv,2026-05-17T13:19:10Z
IBM,2014-11,ok,1454,av_intraday_5min/raw_monthly/IBM/2014-11.csv,csv ohlcv,2026-05-17T13:19:11Z
IBM,2014-12,ok,1684,av_intraday_5min/raw_monthly/IBM/2014-12.csv,csv ohlcv,2026-05-17T13:19:12Z
IBM,2015-01,ok,1560,av_intraday_5min/raw_monthly/IBM/2015-01.csv,csv ohlcv,2026-05-17T13:19:13Z
IBM,2015-02,ok,1482,av_intraday_5min/raw_monthly/IBM/2015-02.csv,csv ohlcv,2026-05-17T13:19:13Z
IBM,2015-03,ok,1716,av_intraday_5min/raw_monthly/IBM/2015-03.csv,csv ohlcv,2026-05-17T13:19:14Z
IBM,2015-04,ok,1638,av_intraday_5min/raw_monthly/IBM/2015-04.csv,csv ohlcv,2026-05-17T13:19:15Z
IBM,2015-05,ok,1560,av_intraday_5min/raw_monthly/IBM/2015-05.csv,csv ohlcv,2026-05-17T13:19:16Z
IBM,2015-06,ok,1716,av_intraday_5min/raw_monthly/IBM/2015-06.csv,csv ohlcv,2026-05-17T13:19:17Z
IBM,2015-07,ok,1716,av_intraday_5min/raw_monthly/IBM/2015-07.csv,csv ohlcv,2026-05-17T13:19:17Z
IBM,2015-08,ok,1638,av_intraday_5min/raw_monthly/IBM/2015-08.csv,csv ohlcv,2026-05-17T13:19:18Z
IBM,2015-09,ok,1638,av_intraday_5min/raw_monthly/IBM/2015-09.csv,csv ohlcv,2026-05-17T13:19:18Z
IBM,2015-10,ok,1716,av_intraday_5min/raw_monthly/IBM/2015-10.csv,csv ohlcv,2026-05-17T13:19:19Z
IBM,2015-11,ok,1529,av_intraday_5min/raw_monthly/IBM/2015-11.csv,csv ohlcv,2026-05-17T13:19:20Z
IBM,2015-12,ok,1683,av_intraday_5min/raw_monthly/IBM/2015-12.csv,csv ohlcv,2026-05-17T13:19:21Z
IBM,2016-01,ok,1482,av_intraday_5min/raw_monthly/IBM/2016-01.csv,csv ohlcv,2026-05-17T13:19:21Z
IBM,2016-02,ok,1560,av_intraday_5min/raw_monthly/IBM/2016-02.csv,csv ohlcv,2026-05-17T13:19:22Z
IBM,2016-03,ok,1716,av_intraday_5min/raw_monthly/IBM/2016-03.csv,csv ohlcv,2026-05-17T13:19:23Z
IBM,2016-04,ok,1638,av_intraday_5min/raw_monthly/IBM/2016-04.csv,csv ohlcv,2026-05-17T13:19:24Z
IBM,2016-05,ok,1638,av_intraday_5min/raw_monthly/IBM/2016-05.csv,csv ohlcv,2026-05-17T13:19:24Z
IBM,2016-06,ok,1716,av_intraday_5min/raw_monthly/IBM/2016-06.csv,csv ohlcv,2026-05-17T13:19:25Z
IBM,2016-07,ok,1560,av_intraday_5min/raw_monthly/IBM/2016-07.csv,csv ohlcv,2026-05-17T13:19:26Z
IBM,2016-08,ok,1794,av_intraday_5min/raw_monthly/IBM/2016-08.csv,csv ohlcv,2026-05-17T13:19:26Z
IBM,2016-09,ok,1638,av_intraday_5min/raw_monthly/IBM/2016-09.csv,csv ohlcv,2026-05-17T13:19:27Z
IBM,2016-10,ok,1638,av_intraday_5min/raw_monthly/IBM/2016-10.csv,csv ohlcv,2026-05-17T13:19:28Z
IBM,2016-11,ok,1609,av_intraday_5min/raw_monthly/IBM/2016-11.csv,csv ohlcv,2026-05-17T13:19:28Z
IBM,2016-12,ok,1638,av_intraday_5min/raw_monthly/IBM/2016-12.csv,csv ohlcv,2026-05-17T13:19:29Z
IBM,2017-01,ok,1560,av_intraday_5min/raw_monthly/IBM/2017-01.csv,csv ohlcv,2026-05-17T13:19:30Z
IBM,2017-02,ok,1482,av_intraday_5min/raw_monthly/IBM/2017-02.csv,csv ohlcv,2026-05-17T13:19:30Z
IBM,2017-03,ok,1794,av_intraday_5min/raw_monthly/IBM/2017-03.csv,csv ohlcv,2026-05-17T13:19:31Z
IBM,2017-04,ok,1482,av_intraday_5min/raw_monthly/IBM/2017-04.csv,csv ohlcv,2026-05-17T13:19:32Z
IBM,2017-05,ok,1716,av_intraday_5min/raw_monthly/IBM/2017-05.csv,csv ohlcv,2026-05-17T13:19:32Z
IBM,2017-06,ok,1716,av_intraday_5min/raw_monthly/IBM/2017-06.csv,csv ohlcv,2026-05-17T13:19:33Z
IBM,2017-07,ok,1530,av_intraday_5min/raw_monthly/IBM/2017-07.csv,csv ohlcv,2026-05-17T13:19:34Z
IBM,2017-08,ok,1794,av_intraday_5min/raw_monthly/IBM/2017-08.csv,csv ohlcv,2026-05-17T13:19:35Z
IBM,2017-09,ok,1560,av_intraday_5min/raw_monthly/IBM/2017-09.csv,csv ohlcv,2026-05-17T13:19:36Z
IBM,2017-10,ok,1716,av_intraday_5min/raw_monthly/IBM/2017-10.csv,csv ohlcv,2026-05-17T13:19:37Z
IBM,2017-11,ok,1608,av_intraday_5min/raw_monthly/IBM/2017-11.csv,csv ohlcv,2026-05-17T13:19:38Z
IBM,2017-12,ok,1560,av_intraday_5min/raw_monthly/IBM/2017-12.csv,csv ohlcv,2026-05-17T13:19:39Z
INTC,2001-02,ok,1482,av_intraday_5min/raw_monthly/INTC/2001-02.csv,csv ohlcv,2026-05-17T13:19:39Z
INTC,2001-03,ok,1716,av_intraday_5min/raw_monthly/INTC/2001-03.csv,csv ohlcv,2026-05-17T13:19:40Z
INTC,2001-04,ok,1560,av_intraday_5min/raw_monthly/INTC/2001-04.csv,csv ohlcv,2026-05-17T13:19:41Z
INTC,2001-05,ok,1716,av_intraday_5min/raw_monthly/INTC/2001-05.csv,csv ohlcv,2026-05-17T13:19:42Z
INTC,2001-06,ok,1637,av_intraday_5min/raw_monthly/INTC/2001-06.csv,csv ohlcv,2026-05-17T13:19:43Z
INTC,2001-07,ok,1603,av_intraday_5min/raw_monthly/INTC/2001-07.csv,csv ohlcv,2026-05-17T13:19:44Z
INTC,2001-08,ok,1794,av_intraday_5min/raw_monthly/INTC/2001-08.csv,csv ohlcv,2026-05-17T13:19:45Z
INTC,2001-09,ok,1170,av_intraday_5min/raw_monthly/INTC/2001-09.csv,csv ohlcv,2026-05-17T13:19:45Z
INTC,2001-10,ok,1794,av_intraday_5min/raw_monthly/INTC/2001-10.csv,csv ohlcv,2026-05-17T13:19:46Z
INTC,2001-11,ok,1603,av_intraday_5min/raw_monthly/INTC/2001-11.csv,csv ohlcv,2026-05-17T13:19:47Z
INTC,2001-12,ok,1525,av_intraday_5min/raw_monthly/INTC/2001-12.csv,csv ohlcv,2026-05-17T13:19:48Z
INTC,2002-01,ok,1638,av_intraday_5min/raw_monthly/INTC/2002-01.csv,csv ohlcv,2026-05-17T13:19:49Z
INTC,2002-02,ok,1482,av_intraday_5min/raw_monthly/INTC/2002-02.csv,csv ohlcv,2026-05-17T13:19:50Z
INTC,2002-03,ok,1560,av_intraday_5min/raw_monthly/INTC/2002-03.csv,csv ohlcv,2026-05-17T13:19:50Z
INTC,2002-04,ok,1716,av_intraday_5min/raw_monthly/INTC/2002-04.csv,csv ohlcv,2026-05-17T13:19:51Z
INTC,2002-05,ok,1716,av_intraday_5min/raw_monthly/INTC/2002-05.csv,csv ohlcv,2026-05-17T13:19:52Z
INTC,2002-06,ok,1560,av_intraday_5min/raw_monthly/INTC/2002-06.csv,csv ohlcv,2026-05-17T13:19:53Z
INTC,2002-07,ok,1681,av_intraday_5min/raw_monthly/INTC/2002-07.csv,csv ohlcv,2026-05-17T13:19:54Z
INTC,2002-08,ok,1716,av_intraday_5min/raw_monthly/INTC/2002-08.csv,csv ohlcv,2026-05-17T13:19:55Z
INTC,2002-09,ok,1542,av_intraday_5min/raw_monthly/INTC/2002-09.csv,csv ohlcv,2026-05-17T13:19:56Z
INTC,2002-10,ok,1794,av_intraday_5min/raw_monthly/INTC/2002-10.csv,csv ohlcv,2026-05-17T13:19:57Z
INTC,2002-11,ok,1525,av_intraday_5min/raw_monthly/INTC/2002-11.csv,csv ohlcv,2026-05-17T13:19:58Z
INTC,2002-12,ok,1598,av_intraday_5min/raw_monthly/INTC/2002-12.csv,csv ohlcv,2026-05-17T13:19:58Z
INTC,2003-01,ok,1638,av_intraday_5min/raw_monthly/INTC/2003-01.csv,csv ohlcv,2026-05-17T13:19:59Z
INTC,2003-02,ok,1482,av_intraday_5min/raw_monthly/INTC/2003-02.csv,csv ohlcv,2026-05-17T13:20:00Z
INTC,2003-03,ok,1638,av_intraday_5min/raw_monthly/INTC/2003-03.csv,csv ohlcv,2026-05-17T13:20:01Z
INTC,2003-04,ok,1633,av_intraday_5min/raw_monthly/INTC/2003-04.csv,csv ohlcv,2026-05-17T13:20:02Z
INTC,2003-05,ok,1638,av_intraday_5min/raw_monthly/INTC/2003-05.csv,csv ohlcv,2026-05-17T13:20:03Z
INTC,2003-06,ok,1638,av_intraday_5min/raw_monthly/INTC/2003-06.csv,csv ohlcv,2026-05-17T13:20:04Z
INTC,2003-07,ok,1684,av_intraday_5min/raw_monthly/INTC/2003-07.csv,csv ohlcv,2026-05-17T13:20:05Z
INTC,2003-08,ok,1638,av_intraday_5min/raw_monthly/INTC/2003-08.csv,csv ohlcv,2026-05-17T13:20:06Z
INTC,2003-09,ok,1638,av_intraday_5min/raw_monthly/INTC/2003-09.csv,csv ohlcv,2026-05-17T13:20:06Z
INTC,2003-10,ok,1794,av_intraday_5min/raw_monthly/INTC/2003-10.csv,csv ohlcv,2026-05-17T13:20:07Z
INTC,2003-11,ok,1447,av_intraday_5min/raw_monthly/INTC/2003-11.csv,csv ohlcv,2026-05-17T13:20:08Z
INTC,2003-12,ok,1646,av_intraday_5min/raw_monthly/INTC/2003-12.csv,csv ohlcv,2026-05-17T13:20:09Z
INTC,2004-01,ok,1560,av_intraday_5min/raw_monthly/INTC/2004-01.csv,csv ohlcv,2026-05-17T13:20:10Z
INTC,2004-02,ok,1482,av_intraday_5min/raw_monthly/INTC/2004-02.csv,csv ohlcv,2026-05-17T13:20:11Z
INTC,2004-03,ok,1794,av_intraday_5min/raw_monthly/INTC/2004-03.csv,csv ohlcv,2026-05-17T13:20:11Z
INTC,2004-04,ok,1637,av_intraday_5min/raw_monthly/INTC/2004-04.csv,csv ohlcv,2026-05-17T13:20:12Z
INTC,2004-05,ok,1560,av_intraday_5min/raw_monthly/INTC/2004-05.csv,csv ohlcv,2026-05-17T13:20:13Z
INTC,2004-06,ok,1638,av_intraday_5min/raw_monthly/INTC/2004-06.csv,csv ohlcv,2026-05-17T13:20:14Z
INTC,2004-07,ok,1638,av_intraday_5min/raw_monthly/INTC/2004-07.csv,csv ohlcv,2026-05-17T13:20:15Z
INTC,2004-08,ok,1716,av_intraday_5min/raw_monthly/INTC/2004-08.csv,csv ohlcv,2026-05-17T13:20:16Z
INTC,2004-09,ok,1638,av_intraday_5min/raw_monthly/INTC/2004-09.csv,csv ohlcv,2026-05-17T13:20:17Z
INTC,2004-10,ok,1638,av_intraday_5min/raw_monthly/INTC/2004-10.csv,csv ohlcv,2026-05-17T13:20:18Z
INTC,2004-11,ok,1603,av_intraday_5min/raw_monthly/INTC/2004-11.csv,csv ohlcv,2026-05-17T13:20:19Z
INTC,2004-12,ok,1716,av_intraday_5min/raw_monthly/INTC/2004-12.csv,csv ohlcv,2026-05-17T13:20:19Z
INTC,2005-01,ok,1560,av_intraday_5min/raw_monthly/INTC/2005-01.csv,csv ohlcv,2026-05-17T13:20:20Z
INTC,2005-02,ok,1479,av_intraday_5min/raw_monthly/INTC/2005-02.csv,csv ohlcv,2026-05-17T13:20:21Z
INTC,2005-03,ok,1716,av_intraday_5min/raw_monthly/INTC/2005-03.csv,csv ohlcv,2026-05-17T13:20:22Z
INTC,2005-04,ok,1638,av_intraday_5min/raw_monthly/INTC/2005-04.csv,csv ohlcv,2026-05-17T13:20:23Z
INTC,2005-05,ok,1638,av_intraday_5min/raw_monthly/INTC/2005-05.csv,csv ohlcv,2026-05-17T13:20:24Z
INTC,2005-06,ok,1716,av_intraday_5min/raw_monthly/INTC/2005-06.csv,csv ohlcv,2026-05-17T13:20:25Z
INTC,2005-07,ok,1560,av_intraday_5min/raw_monthly/INTC/2005-07.csv,csv ohlcv,2026-05-17T13:20:26Z
INTC,2005-08,ok,1794,av_intraday_5min/raw_monthly/INTC/2005-08.csv,csv ohlcv,2026-05-17T13:20:27Z
INTC,2005-09,ok,1638,av_intraday_5min/raw_monthly/INTC/2005-09.csv,csv ohlcv,2026-05-17T13:20:28Z
INTC,2005-10,ok,1638,av_intraday_5min/raw_monthly/INTC/2005-10.csv,csv ohlcv,2026-05-17T13:20:28Z
INTC,2005-11,ok,1603,av_intraday_5min/raw_monthly/INTC/2005-11.csv,csv ohlcv,2026-05-17T13:20:29Z
INTC,2005-12,ok,1638,av_intraday_5min/raw_monthly/INTC/2005-12.csv,csv ohlcv,2026-05-17T13:20:30Z
INTC,2006-01,ok,1560,av_intraday_5min/raw_monthly/INTC/2006-01.csv,csv ohlcv,2026-05-17T13:20:31Z
INTC,2006-02,ok,1482,av_intraday_5min/raw_monthly/INTC/2006-02.csv,csv ohlcv,2026-05-17T13:20:32Z
INTC,2006-03,ok,1794,av_intraday_5min/raw_monthly/INTC/2006-03.csv,csv ohlcv,2026-05-17T13:20:33Z
INTC,2006-04,ok,1482,av_intraday_5min/raw_monthly/INTC/2006-04.csv,csv ohlcv,2026-05-17T13:20:34Z
INTC,2006-05,ok,1716,av_intraday_5min/raw_monthly/INTC/2006-05.csv,csv ohlcv,2026-05-17T13:20:35Z
INTC,2006-06,ok,1712,av_intraday_5min/raw_monthly/INTC/2006-06.csv,csv ohlcv,2026-05-17T13:20:36Z
INTC,2006-07,ok,1525,av_intraday_5min/raw_monthly/INTC/2006-07.csv,csv ohlcv,2026-05-17T13:20:37Z
INTC,2006-08,ok,1794,av_intraday_5min/raw_monthly/INTC/2006-08.csv,csv ohlcv,2026-05-17T13:20:38Z
INTC,2006-09,ok,1560,av_intraday_5min/raw_monthly/INTC/2006-09.csv,csv ohlcv,2026-05-17T13:20:38Z
INTC,2006-10,ok,1716,av_intraday_5min/raw_monthly/INTC/2006-10.csv,csv ohlcv,2026-05-17T13:20:39Z
INTC,2006-11,ok,1603,av_intraday_5min/raw_monthly/INTC/2006-11.csv,csv ohlcv,2026-05-17T13:20:40Z
INTC,2006-12,ok,1560,av_intraday_5min/raw_monthly/INTC/2006-12.csv,csv ohlcv,2026-05-17T13:20:41Z
INTC,2007-01,ok,1560,av_intraday_5min/raw_monthly/INTC/2007-01.csv,csv ohlcv,2026-05-17T13:20:42Z
INTC,2007-02,ok,1479,av_intraday_5min/raw_monthly/INTC/2007-02.csv,csv ohlcv,2026-05-17T13:20:43Z
INTC,2007-03,ok,1716,av_intraday_5min/raw_monthly/INTC/2007-03.csv,csv ohlcv,2026-05-17T13:20:44Z
INTC,2007-04,ok,1560,av_intraday_5min/raw_monthly/INTC/2007-04.csv,csv ohlcv,2026-05-17T13:20:45Z
INTC,2007-05,ok,1715,av_intraday_5min/raw_monthly/INTC/2007-05.csv,csv ohlcv,2026-05-17T13:20:46Z
INTC,2007-06,ok,1638,av_intraday_5min/raw_monthly/INTC/2007-06.csv,csv ohlcv,2026-05-17T13:20:47Z
INTC,2007-07,ok,1621,av_intraday_5min/raw_monthly/INTC/2007-07.csv,csv ohlcv,2026-05-17T13:20:47Z
INTC,2007-08,ok,1794,av_intraday_5min/raw_monthly/INTC/2007-08.csv,csv ohlcv,2026-05-17T13:20:48Z
INTC,2007-09,ok,1482,av_intraday_5min/raw_monthly/INTC/2007-09.csv,csv ohlcv,2026-05-17T13:20:49Z
INTC,2007-10,ok,1794,av_intraday_5min/raw_monthly/INTC/2007-10.csv,csv ohlcv,2026-05-17T13:20:50Z
INTC,2007-11,ok,1618,av_intraday_5min/raw_monthly/INTC/2007-11.csv,csv ohlcv,2026-05-17T13:20:51Z
INTC,2007-12,ok,1538,av_intraday_5min/raw_monthly/INTC/2007-12.csv,csv ohlcv,2026-05-17T13:20:52Z
INTC,2008-01,ok,1638,av_intraday_5min/raw_monthly/INTC/2008-01.csv,csv ohlcv,2026-05-17T13:20:53Z
INTC,2008-02,ok,1560,av_intraday_5min/raw_monthly/INTC/2008-02.csv,csv ohlcv,2026-05-17T13:20:54Z
INTC,2008-03,ok,1560,av_intraday_5min/raw_monthly/INTC/2008-03.csv,csv ohlcv,2026-05-17T13:20:55Z
INTC,2008-04,ok,1716,av_intraday_5min/raw_monthly/INTC/2008-04.csv,csv ohlcv,2026-05-17T13:20:56Z
INTC,2008-05,ok,1638,av_intraday_5min/raw_monthly/INTC/2008-05.csv,csv ohlcv,2026-05-17T13:20:56Z
INTC,2008-06,ok,1638,av_intraday_5min/raw_monthly/INTC/2008-06.csv,csv ohlcv,2026-05-17T13:20:57Z
INTC,2008-07,ok,1696,av_intraday_5min/raw_monthly/INTC/2008-07.csv,csv ohlcv,2026-05-17T13:20:58Z
INTC,2008-08,ok,1638,av_intraday_5min/raw_monthly/INTC/2008-08.csv,csv ohlcv,2026-05-17T13:20:59Z
INTC,2008-09,ok,1638,av_intraday_5min/raw_monthly/INTC/2008-09.csv,csv ohlcv,2026-05-17T13:21:00Z
INTC,2008-10,ok,1794,av_intraday_5min/raw_monthly/INTC/2008-10.csv,csv ohlcv,2026-05-17T13:21:01Z
INTC,2008-11,ok,1462,av_intraday_5min/raw_monthly/INTC/2008-11.csv,csv ohlcv,2026-05-17T13:21:02Z
INTC,2008-12,ok,1699,av_intraday_5min/raw_monthly/INTC/2008-12.csv,csv ohlcv,2026-05-17T13:21:03Z
INTC,2009-01,ok,1560,av_intraday_5min/raw_monthly/INTC/2009-01.csv,csv ohlcv,2026-05-17T13:21:04Z
INTC,2009-02,ok,1482,av_intraday_5min/raw_monthly/INTC/2009-02.csv,csv ohlcv,2026-05-17T13:21:05Z
INTC,2009-03,ok,1716,av_intraday_5min/raw_monthly/INTC/2009-03.csv,csv ohlcv,2026-05-17T13:21:05Z
INTC,2009-04,ok,1638,av_intraday_5min/raw_monthly/INTC/2009-04.csv,csv ohlcv,2026-05-17T13:21:06Z
INTC,2009-05,ok,1560,av_intraday_5min/raw_monthly/INTC/2009-05.csv,csv ohlcv,2026-05-17T13:21:07Z
INTC,2009-06,ok,1716,av_intraday_5min/raw_monthly/INTC/2009-06.csv,csv ohlcv,2026-05-17T13:21:08Z
INTC,2009-07,ok,1716,av_intraday_5min/raw_monthly/INTC/2009-07.csv,csv ohlcv,2026-05-17T13:21:09Z
INTC,2009-08,ok,1638,av_intraday_5min/raw_monthly/INTC/2009-08.csv,csv ohlcv,2026-05-17T13:21:10Z
INTC,2009-09,ok,1638,av_intraday_5min/raw_monthly/INTC/2009-09.csv,csv ohlcv,2026-05-17T13:21:11Z
INTC,2009-10,ok,1716,av_intraday_5min/raw_monthly/INTC/2009-10.csv,csv ohlcv,2026-05-17T13:21:12Z
INTC,2009-11,ok,1540,av_intraday_5min/raw_monthly/INTC/2009-11.csv,csv ohlcv,2026-05-17T13:21:13Z
INTC,2009-12,ok,1698,av_intraday_5min/raw_monthly/INTC/2009-12.csv,csv ohlcv,2026-05-17T13:21:14Z
INTC,2010-01,ok,1482,av_intraday_5min/raw_monthly/INTC/2010-01.csv,csv ohlcv,2026-05-17T13:21:15Z
INTC,2010-02,ok,1482,av_intraday_5min/raw_monthly/INTC/2010-02.csv,csv ohlcv,2026-05-17T13:21:16Z
INTC,2010-03,ok,1794,av_intraday_5min/raw_monthly/INTC/2010-03.csv,csv ohlcv,2026-05-17T13:21:16Z
INTC,2010-04,ok,1638,av_intraday_5min/raw_monthly/INTC/2010-04.csv,csv ohlcv,2026-05-17T13:21:17Z
INTC,2010-05,ok,1560,av_intraday_5min/raw_monthly/INTC/2010-05.csv,csv ohlcv,2026-05-17T13:21:18Z
INTC,2010-06,ok,1716,av_intraday_5min/raw_monthly/INTC/2010-06.csv,csv ohlcv,2026-05-17T13:21:19Z
INTC,2010-07,ok,1638,av_intraday_5min/raw_monthly/INTC/2010-07.csv,csv ohlcv,2026-05-17T13:21:20Z
INTC,2010-08,ok,1714,av_intraday_5min/raw_monthly/INTC/2010-08.csv,csv ohlcv,2026-05-17T13:21:21Z
INTC,2010-09,ok,1638,av_intraday_5min/raw_monthly/INTC/2010-09.csv,csv ohlcv,2026-05-17T13:21:22Z
INTC,2010-10,ok,1638,av_intraday_5min/raw_monthly/INTC/2010-10.csv,csv ohlcv,2026-05-17T13:21:23Z
INTC,2010-11,ok,1618,av_intraday_5min/raw_monthly/INTC/2010-11.csv,csv ohlcv,2026-05-17T13:21:24Z
INTC,2010-12,ok,1716,av_intraday_5min/raw_monthly/INTC/2010-12.csv,csv ohlcv,2026-05-17T13:21:25Z
INTC,2011-01,ok,1556,av_intraday_5min/raw_monthly/INTC/2011-01.csv,csv ohlcv,2026-05-17T13:21:26Z
INTC,2011-02,ok,1482,av_intraday_5min/raw_monthly/INTC/2011-02.csv,csv ohlcv,2026-05-17T13:21:27Z
INTC,2011-03,ok,1794,av_intraday_5min/raw_monthly/INTC/2011-03.csv,csv ohlcv,2026-05-17T13:21:28Z
INTC,2011-04,ok,1560,av_intraday_5min/raw_monthly/INTC/2011-04.csv,csv ohlcv,2026-05-17T13:21:29Z
INTC,2011-05,ok,1638,av_intraday_5min/raw_monthly/INTC/2011-05.csv,csv ohlcv,2026-05-17T13:21:29Z
INTC,2011-06,ok,1716,av_intraday_5min/raw_monthly/INTC/2011-06.csv,csv ohlcv,2026-05-17T13:21:30Z
INTC,2011-07,ok,1560,av_intraday_5min/raw_monthly/INTC/2011-07.csv,csv ohlcv,2026-05-17T13:21:31Z
INTC,2011-08,ok,1794,av_intraday_5min/raw_monthly/INTC/2011-08.csv,csv ohlcv,2026-05-17T13:21:32Z
INTC,2011-09,ok,1638,av_intraday_5min/raw_monthly/INTC/2011-09.csv,csv ohlcv,2026-05-17T13:21:33Z
INTC,2011-10,ok,1638,av_intraday_5min/raw_monthly/INTC/2011-10.csv,csv ohlcv,2026-05-17T13:21:34Z
INTC,2011-11,ok,1616,av_intraday_5min/raw_monthly/INTC/2011-11.csv,csv ohlcv,2026-05-17T13:21:35Z
INTC,2011-12,ok,1638,av_intraday_5min/raw_monthly/INTC/2011-12.csv,csv ohlcv,2026-05-17T13:21:36Z
INTC,2012-01,ok,1560,av_intraday_5min/raw_monthly/INTC/2012-01.csv,csv ohlcv,2026-05-17T13:21:37Z
INTC,2012-02,ok,1560,av_intraday_5min/raw_monthly/INTC/2012-02.csv,csv ohlcv,2026-05-17T13:21:37Z
INTC,2012-03,ok,1716,av_intraday_5min/raw_monthly/INTC/2012-03.csv,csv ohlcv,2026-05-17T13:21:38Z
INTC,2012-04,ok,1560,av_intraday_5min/raw_monthly/INTC/2012-04.csv,csv ohlcv,2026-05-17T13:21:39Z
INTC,2012-05,ok,1716,av_intraday_5min/raw_monthly/INTC/2012-05.csv,csv ohlcv,2026-05-17T13:21:40Z
INTC,2012-06,ok,1638,av_intraday_5min/raw_monthly/INTC/2012-06.csv,csv ohlcv,2026-05-17T13:21:41Z
INTC,2012-07,ok,1614,av_intraday_5min/raw_monthly/INTC/2012-07.csv,csv ohlcv,2026-05-17T13:21:42Z
INTC,2012-08,ok,1794,av_intraday_5min/raw_monthly/INTC/2012-08.csv,csv ohlcv,2026-05-17T13:21:43Z
INTC,2012-09,ok,1482,av_intraday_5min/raw_monthly/INTC/2012-09.csv,csv ohlcv,2026-05-17T13:21:44Z
INTC,2012-10,ok,1638,av_intraday_5min/raw_monthly/INTC/2012-10.csv,csv ohlcv,2026-05-17T13:21:45Z
INTC,2012-11,ok,1621,av_intraday_5min/raw_monthly/INTC/2012-11.csv,csv ohlcv,2026-05-17T13:21:46Z
INTC,2012-12,ok,1535,av_intraday_5min/raw_monthly/INTC/2012-12.csv,csv ohlcv,2026-05-17T13:21:46Z
INTC,2013-01,ok,1636,av_intraday_5min/raw_monthly/INTC/2013-01.csv,csv ohlcv,2026-05-17T13:21:47Z
INTC,2013-02,ok,1482,av_intraday_5min/raw_monthly/INTC/2013-02.csv,csv ohlcv,2026-05-17T13:21:49Z
INTC,2013-03,ok,1560,av_intraday_5min/raw_monthly/INTC/2013-03.csv,csv ohlcv,2026-05-17T13:21:49Z
INTC,2013-04,ok,1716,av_intraday_5min/raw_monthly/INTC/2013-04.csv,csv ohlcv,2026-05-17T13:21:50Z
INTC,2013-05,ok,1716,av_intraday_5min/raw_monthly/INTC/2013-05.csv,csv ohlcv,2026-05-17T13:21:51Z
INTC,2013-06,ok,1560,av_intraday_5min/raw_monthly/INTC/2013-06.csv,csv ohlcv,2026-05-17T13:21:52Z
INTC,2013-07,ok,1694,av_intraday_5min/raw_monthly/INTC/2013-07.csv,csv ohlcv,2026-05-17T13:21:53Z
INTC,2013-08,ok,1684,av_intraday_5min/raw_monthly/INTC/2013-08.csv,csv ohlcv,2026-05-17T13:21:54Z
INTC,2013-09,ok,1560,av_intraday_5min/raw_monthly/INTC/2013-09.csv,csv ohlcv,2026-05-17T13:21:55Z
INTC,2013-10,ok,1794,av_intraday_5min/raw_monthly/INTC/2013-10.csv,csv ohlcv,2026-05-17T13:21:56Z
INTC,2013-11,ok,1539,av_intraday_5min/raw_monthly/INTC/2013-11.csv,csv ohlcv,2026-05-17T13:21:57Z
INTC,2013-12,ok,1612,av_intraday_5min/raw_monthly/INTC/2013-12.csv,csv ohlcv,2026-05-17T13:21:58Z
INTC,2014-01,ok,1638,av_intraday_5min/raw_monthly/INTC/2014-01.csv,csv ohlcv,2026-05-17T13:21:59Z
INTC,2014-02,ok,1482,av_intraday_5min/raw_monthly/INTC/2014-02.csv,csv ohlcv,2026-05-17T13:22:00Z
INTC,2014-03,ok,1638,av_intraday_5min/raw_monthly/INTC/2014-03.csv,csv ohlcv,2026-05-17T13:22:00Z
INTC,2014-04,ok,1638,av_intraday_5min/raw_monthly/INTC/2014-04.csv,csv ohlcv,2026-05-17T13:22:01Z
INTC,2014-05,ok,1638,av_intraday_5min/raw_monthly/INTC/2014-05.csv,csv ohlcv,2026-05-17T13:22:02Z
INTC,2014-06,ok,1638,av_intraday_5min/raw_monthly/INTC/2014-06.csv,csv ohlcv,2026-05-17T13:22:03Z
INTC,2014-07,ok,1692,av_intraday_5min/raw_monthly/INTC/2014-07.csv,csv ohlcv,2026-05-17T13:22:04Z
INTC,2014-08,ok,1638,av_intraday_5min/raw_monthly/INTC/2014-08.csv,csv ohlcv,2026-05-17T13:22:05Z
INTC,2014-09,ok,1638,av_intraday_5min/raw_monthly/INTC/2014-09.csv,csv ohlcv,2026-05-17T13:22:06Z
INTC,2014-10,ok,1794,av_intraday_5min/raw_monthly/INTC/2014-10.csv,csv ohlcv,2026-05-17T13:22:07Z
INTC,2014-11,ok,1462,av_intraday_5min/raw_monthly/INTC/2014-11.csv,csv ohlcv,2026-05-17T13:22:08Z
INTC,2014-12,ok,1688,av_intraday_5min/raw_monthly/INTC/2014-12.csv,csv ohlcv,2026-05-17T13:22:09Z
INTC,2015-01,ok,1560,av_intraday_5min/raw_monthly/INTC/2015-01.csv,csv ohlcv,2026-05-17T13:22:09Z
INTC,2015-02,ok,1482,av_intraday_5min/raw_monthly/INTC/2015-02.csv,csv ohlcv,2026-05-17T13:22:10Z
INTC,2015-03,ok,1716,av_intraday_5min/raw_monthly/INTC/2015-03.csv,csv ohlcv,2026-05-17T13:22:11Z
INTC,2015-04,ok,1638,av_intraday_5min/raw_monthly/INTC/2015-04.csv,csv ohlcv,2026-05-17T13:22:12Z
INTC,2015-05,ok,1560,av_intraday_5min/raw_monthly/INTC/2015-05.csv,csv ohlcv,2026-05-17T13:22:13Z
INTC,2015-06,ok,1716,av_intraday_5min/raw_monthly/INTC/2015-06.csv,csv ohlcv,2026-05-17T13:22:14Z
INTC,2015-07,ok,1716,av_intraday_5min/raw_monthly/INTC/2015-07.csv,csv ohlcv,2026-05-17T13:22:15Z
INTC,2015-08,ok,1638,av_intraday_5min/raw_monthly/INTC/2015-08.csv,csv ohlcv,2026-05-17T13:22:16Z
INTC,2015-09,ok,1638,av_intraday_5min/raw_monthly/INTC/2015-09.csv,csv ohlcv,2026-05-17T13:22:17Z
INTC,2015-10,ok,1716,av_intraday_5min/raw_monthly/INTC/2015-10.csv,csv ohlcv,2026-05-17T13:22:18Z
INTC,2015-11,ok,1529,av_intraday_5min/raw_monthly/INTC/2015-11.csv,csv ohlcv,2026-05-17T13:22:19Z
INTC,2015-12,ok,1685,av_intraday_5min/raw_monthly/INTC/2015-12.csv,csv ohlcv,2026-05-17T13:22:20Z
INTC,2016-01,ok,1482,av_intraday_5min/raw_monthly/INTC/2016-01.csv,csv ohlcv,2026-05-17T13:22:20Z
INTC,2016-02,ok,1560,av_intraday_5min/raw_monthly/INTC/2016-02.csv,csv ohlcv,2026-05-17T13:22:21Z
INTC,2016-03,ok,1716,av_intraday_5min/raw_monthly/INTC/2016-03.csv,csv ohlcv,2026-05-17T13:22:22Z
INTC,2016-04,ok,1638,av_intraday_5min/raw_monthly/INTC/2016-04.csv,csv ohlcv,2026-05-17T13:22:23Z
INTC,2016-05,ok,1638,av_intraday_5min/raw_monthly/INTC/2016-05.csv,csv ohlcv,2026-05-17T13:22:24Z
INTC,2016-06,ok,1716,av_intraday_5min/raw_monthly/INTC/2016-06.csv,csv ohlcv,2026-05-17T13:22:25Z
INTC,2016-07,ok,1560,av_intraday_5min/raw_monthly/INTC/2016-07.csv,csv ohlcv,2026-05-17T13:22:26Z
INTC,2016-08,ok,1794,av_intraday_5min/raw_monthly/INTC/2016-08.csv,csv ohlcv,2026-05-17T13:22:27Z
INTC,2016-09,ok,1638,av_intraday_5min/raw_monthly/INTC/2016-09.csv,csv ohlcv,2026-05-17T13:22:28Z
INTC,2016-10,ok,1638,av_intraday_5min/raw_monthly/INTC/2016-10.csv,csv ohlcv,2026-05-17T13:22:29Z
INTC,2016-11,ok,1613,av_intraday_5min/raw_monthly/INTC/2016-11.csv,csv ohlcv,2026-05-17T13:22:29Z
INTC,2016-12,ok,1638,av_intraday_5min/raw_monthly/INTC/2016-12.csv,csv ohlcv,2026-05-17T13:22:30Z
INTC,2017-01,ok,1560,av_intraday_5min/raw_monthly/INTC/2017-01.csv,csv ohlcv,2026-05-17T13:22:31Z
INTC,2017-02,ok,1482,av_intraday_5min/raw_monthly/INTC/2017-02.csv,csv ohlcv,2026-05-17T13:22:32Z
INTC,2017-03,ok,1794,av_intraday_5min/raw_monthly/INTC/2017-03.csv,csv ohlcv,2026-05-17T13:22:33Z
INTC,2017-04,ok,1482,av_intraday_5min/raw_monthly/INTC/2017-04.csv,csv ohlcv,2026-05-17T13:22:34Z
INTC,2017-05,ok,1716,av_intraday_5min/raw_monthly/INTC/2017-05.csv,csv ohlcv,2026-05-17T13:22:35Z
INTC,2017-06,ok,1716,av_intraday_5min/raw_monthly/INTC/2017-06.csv,csv ohlcv,2026-05-17T13:22:35Z
INTC,2017-07,ok,1538,av_intraday_5min/raw_monthly/INTC/2017-07.csv,csv ohlcv,2026-05-17T13:22:36Z
INTC,2017-08,ok,1794,av_intraday_5min/raw_monthly/INTC/2017-08.csv,csv ohlcv,2026-05-17T13:22:37Z
INTC,2017-09,ok,1560,av_intraday_5min/raw_monthly/INTC/2017-09.csv,csv ohlcv,2026-05-17T13:22:38Z
INTC,2017-10,ok,1716,av_intraday_5min/raw_monthly/INTC/2017-10.csv,csv ohlcv,2026-05-17T13:22:39Z
INTC,2017-11,ok,1609,av_intraday_5min/raw_monthly/INTC/2017-11.csv,csv ohlcv,2026-05-17T13:22:40Z
INTC,2017-12,ok,1560,av_intraday_5min/raw_monthly/INTC/2017-12.csv,csv ohlcv,2026-05-17T13:22:41Z
JNJ,2001-02,ok,1477,av_intraday_5min/raw_monthly/JNJ/2001-02.csv,csv ohlcv,2026-05-17T13:22:42Z
JNJ,2001-03,ok,1707,av_intraday_5min/raw_monthly/JNJ/2001-03.csv,csv ohlcv,2026-05-17T13:22:42Z
JNJ,2001-04,ok,1556,av_intraday_5min/raw_monthly/JNJ/2001-04.csv,csv ohlcv,2026-05-17T13:22:43Z
JNJ,2001-05,ok,1701,av_intraday_5min/raw_monthly/JNJ/2001-05.csv,csv ohlcv,2026-05-17T13:22:44Z
JNJ,2001-06,ok,1614,av_intraday_5min/raw_monthly/JNJ/2001-06.csv,csv ohlcv,2026-05-17T13:22:45Z
JNJ,2001-07,ok,1601,av_intraday_5min/raw_monthly/JNJ/2001-07.csv,csv ohlcv,2026-05-17T13:22:46Z
JNJ,2001-08,ok,1792,av_intraday_5min/raw_monthly/JNJ/2001-08.csv,csv ohlcv,2026-05-17T13:22:47Z
JNJ,2001-09,ok,1165,av_intraday_5min/raw_monthly/JNJ/2001-09.csv,csv ohlcv,2026-05-17T13:22:48Z
JNJ,2001-10,ok,1792,av_intraday_5min/raw_monthly/JNJ/2001-10.csv,csv ohlcv,2026-05-17T13:22:48Z
JNJ,2001-11,ok,1597,av_intraday_5min/raw_monthly/JNJ/2001-11.csv,csv ohlcv,2026-05-17T13:22:49Z
JNJ,2001-12,ok,1522,av_intraday_5min/raw_monthly/JNJ/2001-12.csv,csv ohlcv,2026-05-17T13:22:50Z
JNJ,2002-01,ok,1637,av_intraday_5min/raw_monthly/JNJ/2002-01.csv,csv ohlcv,2026-05-17T13:22:51Z
JNJ,2002-02,ok,1480,av_intraday_5min/raw_monthly/JNJ/2002-02.csv,csv ohlcv,2026-05-17T13:22:52Z
JNJ,2002-03,ok,1560,av_intraday_5min/raw_monthly/JNJ/2002-03.csv,csv ohlcv,2026-05-17T13:22:52Z
JNJ,2002-04,ok,1716,av_intraday_5min/raw_monthly/JNJ/2002-04.csv,csv ohlcv,2026-05-17T13:22:53Z
JNJ,2002-05,ok,1716,av_intraday_5min/raw_monthly/JNJ/2002-05.csv,csv ohlcv,2026-05-17T13:22:54Z
JNJ,2002-06,ok,1558,av_intraday_5min/raw_monthly/JNJ/2002-06.csv,csv ohlcv,2026-05-17T13:22:55Z
JNJ,2002-07,ok,1679,av_intraday_5min/raw_monthly/JNJ/2002-07.csv,csv ohlcv,2026-05-17T13:22:55Z
JNJ,2002-08,ok,1715,av_intraday_5min/raw_monthly/JNJ/2002-08.csv,csv ohlcv,2026-05-17T13:22:56Z
JNJ,2002-09,ok,1531,av_intraday_5min/raw_monthly/JNJ/2002-09.csv,csv ohlcv,2026-05-17T13:22:57Z
JNJ,2002-10,ok,1793,av_intraday_5min/raw_monthly/JNJ/2002-10.csv,csv ohlcv,2026-05-17T13:22:58Z
JNJ,2002-11,ok,1525,av_intraday_5min/raw_monthly/JNJ/2002-11.csv,csv ohlcv,2026-05-17T13:22:59Z
JNJ,2002-12,ok,1602,av_intraday_5min/raw_monthly/JNJ/2002-12.csv,csv ohlcv,2026-05-17T13:22:59Z
JNJ,2003-01,ok,1637,av_intraday_5min/raw_monthly/JNJ/2003-01.csv,csv ohlcv,2026-05-17T13:23:00Z
JNJ,2003-02,ok,1482,av_intraday_5min/raw_monthly/JNJ/2003-02.csv,csv ohlcv,2026-05-17T13:23:01Z
JNJ,2003-03,ok,1638,av_intraday_5min/raw_monthly/JNJ/2003-03.csv,csv ohlcv,2026-05-17T13:23:02Z
JNJ,2003-04,ok,1638,av_intraday_5min/raw_monthly/JNJ/2003-04.csv,csv ohlcv,2026-05-17T13:23:03Z
JNJ,2003-05,ok,1637,av_intraday_5min/raw_monthly/JNJ/2003-05.csv,csv ohlcv,2026-05-17T13:23:04Z
JNJ,2003-06,ok,1636,av_intraday_5min/raw_monthly/JNJ/2003-06.csv,csv ohlcv,2026-05-17T13:23:04Z
JNJ,2003-07,ok,1681,av_intraday_5min/raw_monthly/JNJ/2003-07.csv,csv ohlcv,2026-05-17T13:23:05Z
JNJ,2003-08,ok,1638,av_intraday_5min/raw_monthly/JNJ/2003-08.csv,csv ohlcv,2026-05-17T13:23:06Z
JNJ,2003-09,ok,1638,av_intraday_5min/raw_monthly/JNJ/2003-09.csv,csv ohlcv,2026-05-17T13:23:07Z
JNJ,2003-10,ok,1794,av_intraday_5min/raw_monthly/JNJ/2003-10.csv,csv ohlcv,2026-05-17T13:23:08Z
JNJ,2003-11,ok,1448,av_intraday_5min/raw_monthly/JNJ/2003-11.csv,csv ohlcv,2026-05-17T13:23:08Z
JNJ,2003-12,ok,1646,av_intraday_5min/raw_monthly/JNJ/2003-12.csv,csv ohlcv,2026-05-17T13:23:09Z
JNJ,2004-01,ok,1560,av_intraday_5min/raw_monthly/JNJ/2004-01.csv,csv ohlcv,2026-05-17T13:23:10Z
JNJ,2004-02,ok,1482,av_intraday_5min/raw_monthly/JNJ/2004-02.csv,csv ohlcv,2026-05-17T13:23:11Z
JNJ,2004-03,ok,1794,av_intraday_5min/raw_monthly/JNJ/2004-03.csv,csv ohlcv,2026-05-17T13:23:12Z
JNJ,2004-04,ok,1637,av_intraday_5min/raw_monthly/JNJ/2004-04.csv,csv ohlcv,2026-05-17T13:23:13Z
JNJ,2004-05,ok,1560,av_intraday_5min/raw_monthly/JNJ/2004-05.csv,csv ohlcv,2026-05-17T13:23:13Z
JNJ,2004-06,ok,1638,av_intraday_5min/raw_monthly/JNJ/2004-06.csv,csv ohlcv,2026-05-17T13:23:14Z
JNJ,2004-07,ok,1638,av_intraday_5min/raw_monthly/JNJ/2004-07.csv,csv ohlcv,2026-05-17T13:23:15Z
JNJ,2004-08,ok,1716,av_intraday_5min/raw_monthly/JNJ/2004-08.csv,csv ohlcv,2026-05-17T13:23:16Z
JNJ,2004-09,ok,1638,av_intraday_5min/raw_monthly/JNJ/2004-09.csv,csv ohlcv,2026-05-17T13:23:17Z
JNJ,2004-10,ok,1638,av_intraday_5min/raw_monthly/JNJ/2004-10.csv,csv ohlcv,2026-05-17T13:23:17Z
JNJ,2004-11,ok,1603,av_intraday_5min/raw_monthly/JNJ/2004-11.csv,csv ohlcv,2026-05-17T13:23:18Z
JNJ,2004-12,ok,1716,av_intraday_5min/raw_monthly/JNJ/2004-12.csv,csv ohlcv,2026-05-17T13:23:19Z
JNJ,2005-01,ok,1560,av_intraday_5min/raw_monthly/JNJ/2005-01.csv,csv ohlcv,2026-05-17T13:23:20Z
JNJ,2005-02,ok,1482,av_intraday_5min/raw_monthly/JNJ/2005-02.csv,csv ohlcv,2026-05-17T13:23:21Z
JNJ,2005-03,ok,1716,av_intraday_5min/raw_monthly/JNJ/2005-03.csv,csv ohlcv,2026-05-17T13:23:22Z
JNJ,2005-04,ok,1638,av_intraday_5min/raw_monthly/JNJ/2005-04.csv,csv ohlcv,2026-05-17T13:23:22Z
JNJ,2005-05,ok,1638,av_intraday_5min/raw_monthly/JNJ/2005-05.csv,csv ohlcv,2026-05-17T13:23:23Z
JNJ,2005-06,ok,1714,av_intraday_5min/raw_monthly/JNJ/2005-06.csv,csv ohlcv,2026-05-17T13:23:24Z
JNJ,2005-07,ok,1560,av_intraday_5min/raw_monthly/JNJ/2005-07.csv,csv ohlcv,2026-05-17T13:23:25Z
JNJ,2005-08,ok,1794,av_intraday_5min/raw_monthly/JNJ/2005-08.csv,csv ohlcv,2026-05-17T13:23:26Z
JNJ,2005-09,ok,1638,av_intraday_5min/raw_monthly/JNJ/2005-09.csv,csv ohlcv,2026-05-17T13:23:27Z
JNJ,2005-10,ok,1638,av_intraday_5min/raw_monthly/JNJ/2005-10.csv,csv ohlcv,2026-05-17T13:23:27Z
JNJ,2005-11,ok,1601,av_intraday_5min/raw_monthly/JNJ/2005-11.csv,csv ohlcv,2026-05-17T13:23:28Z
JNJ,2005-12,ok,1611,av_intraday_5min/raw_monthly/JNJ/2005-12.csv,csv ohlcv,2026-05-17T13:23:29Z
JNJ,2006-01,ok,1560,av_intraday_5min/raw_monthly/JNJ/2006-01.csv,csv ohlcv,2026-05-17T13:23:30Z
JNJ,2006-02,ok,1482,av_intraday_5min/raw_monthly/JNJ/2006-02.csv,csv ohlcv,2026-05-17T13:23:31Z
JNJ,2006-03,ok,1794,av_intraday_5min/raw_monthly/JNJ/2006-03.csv,csv ohlcv,2026-05-17T13:23:32Z
JNJ,2006-04,ok,1482,av_intraday_5min/raw_monthly/JNJ/2006-04.csv,csv ohlcv,2026-05-17T13:23:33Z
JNJ,2006-05,ok,1716,av_intraday_5min/raw_monthly/JNJ/2006-05.csv,csv ohlcv,2026-05-17T13:23:33Z
JNJ,2006-06,ok,1716,av_intraday_5min/raw_monthly/JNJ/2006-06.csv,csv ohlcv,2026-05-17T13:23:34Z
JNJ,2006-07,ok,1525,av_intraday_5min/raw_monthly/JNJ/2006-07.csv,csv ohlcv,2026-05-17T13:23:35Z
JNJ,2006-08,ok,1794,av_intraday_5min/raw_monthly/JNJ/2006-08.csv,csv ohlcv,2026-05-17T13:23:36Z
JNJ,2006-09,ok,1560,av_intraday_5min/raw_monthly/JNJ/2006-09.csv,csv ohlcv,2026-05-17T13:23:37Z
JNJ,2006-10,ok,1716,av_intraday_5min/raw_monthly/JNJ/2006-10.csv,csv ohlcv,2026-05-17T13:23:38Z
JNJ,2006-11,ok,1603,av_intraday_5min/raw_monthly/JNJ/2006-11.csv,csv ohlcv,2026-05-17T13:23:38Z
JNJ,2006-12,ok,1560,av_intraday_5min/raw_monthly/JNJ/2006-12.csv,csv ohlcv,2026-05-17T13:23:39Z
JNJ,2007-01,ok,1560,av_intraday_5min/raw_monthly/JNJ/2007-01.csv,csv ohlcv,2026-05-17T13:23:40Z
JNJ,2007-02,ok,1482,av_intraday_5min/raw_monthly/JNJ/2007-02.csv,csv ohlcv,2026-05-17T13:23:41Z
JNJ,2007-03,ok,1716,av_intraday_5min/raw_monthly/JNJ/2007-03.csv,csv ohlcv,2026-05-17T13:23:41Z
JNJ,2007-04,ok,1560,av_intraday_5min/raw_monthly/JNJ/2007-04.csv,csv ohlcv,2026-05-17T13:23:42Z
JNJ,2007-05,ok,1716,av_intraday_5min/raw_monthly/JNJ/2007-05.csv,csv ohlcv,2026-05-17T13:23:43Z
JNJ,2007-06,ok,1638,av_intraday_5min/raw_monthly/JNJ/2007-06.csv,csv ohlcv,2026-05-17T13:23:44Z
JNJ,2007-07,ok,1609,av_intraday_5min/raw_monthly/JNJ/2007-07.csv,csv ohlcv,2026-05-17T13:23:45Z
JNJ,2007-08,ok,1794,av_intraday_5min/raw_monthly/JNJ/2007-08.csv,csv ohlcv,2026-05-17T13:23:46Z
JNJ,2007-09,ok,1482,av_intraday_5min/raw_monthly/JNJ/2007-09.csv,csv ohlcv,2026-05-17T13:23:47Z
JNJ,2007-10,ok,1794,av_intraday_5min/raw_monthly/JNJ/2007-10.csv,csv ohlcv,2026-05-17T13:23:48Z
JNJ,2007-11,ok,1612,av_intraday_5min/raw_monthly/JNJ/2007-11.csv,csv ohlcv,2026-05-17T13:23:49Z
JNJ,2007-12,ok,1528,av_intraday_5min/raw_monthly/JNJ/2007-12.csv,csv ohlcv,2026-05-17T13:23:49Z
JNJ,2008-01,ok,1638,av_intraday_5min/raw_monthly/JNJ/2008-01.csv,csv ohlcv,2026-05-17T13:23:50Z
JNJ,2008-02,ok,1560,av_intraday_5min/raw_monthly/JNJ/2008-02.csv,csv ohlcv,2026-05-17T13:23:54Z
JNJ,2008-03,ok,1560,av_intraday_5min/raw_monthly/JNJ/2008-03.csv,csv ohlcv,2026-05-17T13:23:55Z
JNJ,2008-04,ok,1716,av_intraday_5min/raw_monthly/JNJ/2008-04.csv,csv ohlcv,2026-05-17T13:23:55Z
JNJ,2008-05,ok,1638,av_intraday_5min/raw_monthly/JNJ/2008-05.csv,csv ohlcv,2026-05-17T13:23:56Z
JNJ,2008-06,ok,1638,av_intraday_5min/raw_monthly/JNJ/2008-06.csv,csv ohlcv,2026-05-17T13:23:57Z
JNJ,2008-07,ok,1685,av_intraday_5min/raw_monthly/JNJ/2008-07.csv,csv ohlcv,2026-05-17T13:23:58Z
JNJ,2008-08,ok,1638,av_intraday_5min/raw_monthly/JNJ/2008-08.csv,csv ohlcv,2026-05-17T13:23:59Z
JNJ,2008-09,ok,1638,av_intraday_5min/raw_monthly/JNJ/2008-09.csv,csv ohlcv,2026-05-17T13:24:00Z
JNJ,2008-10,ok,1794,av_intraday_5min/raw_monthly/JNJ/2008-10.csv,csv ohlcv,2026-05-17T13:24:01Z
JNJ,2008-11,ok,1454,av_intraday_5min/raw_monthly/JNJ/2008-11.csv,csv ohlcv,2026-05-17T13:24:02Z
JNJ,2008-12,ok,1686,av_intraday_5min/raw_monthly/JNJ/2008-12.csv,csv ohlcv,2026-05-17T13:24:03Z
JNJ,2009-01,ok,1560,av_intraday_5min/raw_monthly/JNJ/2009-01.csv,csv ohlcv,2026-05-17T13:24:03Z
JNJ,2009-02,ok,1482,av_intraday_5min/raw_monthly/JNJ/2009-02.csv,csv ohlcv,2026-05-17T13:24:04Z
JNJ,2009-03,ok,1716,av_intraday_5min/raw_monthly/JNJ/2009-03.csv,csv ohlcv,2026-05-17T13:24:05Z
JNJ,2009-04,ok,1638,av_intraday_5min/raw_monthly/JNJ/2009-04.csv,csv ohlcv,2026-05-17T13:24:06Z
JNJ,2009-05,ok,1560,av_intraday_5min/raw_monthly/JNJ/2009-05.csv,csv ohlcv,2026-05-17T13:24:07Z
JNJ,2009-06,ok,1716,av_intraday_5min/raw_monthly/JNJ/2009-06.csv,csv ohlcv,2026-05-17T13:24:08Z
JNJ,2009-07,ok,1716,av_intraday_5min/raw_monthly/JNJ/2009-07.csv,csv ohlcv,2026-05-17T13:24:09Z
JNJ,2009-08,ok,1638,av_intraday_5min/raw_monthly/JNJ/2009-08.csv,csv ohlcv,2026-05-17T13:24:09Z
JNJ,2009-09,ok,1638,av_intraday_5min/raw_monthly/JNJ/2009-09.csv,csv ohlcv,2026-05-17T13:24:10Z
JNJ,2009-10,ok,1716,av_intraday_5min/raw_monthly/JNJ/2009-10.csv,csv ohlcv,2026-05-17T13:24:11Z
JNJ,2009-11,ok,1530,av_intraday_5min/raw_monthly/JNJ/2009-11.csv,csv ohlcv,2026-05-17T13:24:12Z
JNJ,2009-12,ok,1683,av_intraday_5min/raw_monthly/JNJ/2009-12.csv,csv ohlcv,2026-05-17T13:24:13Z
JNJ,2010-01,ok,1482,av_intraday_5min/raw_monthly/JNJ/2010-01.csv,csv ohlcv,2026-05-17T13:24:13Z
JNJ,2010-02,ok,1482,av_intraday_5min/raw_monthly/JNJ/2010-02.csv,csv ohlcv,2026-05-17T13:24:14Z
JNJ,2010-03,ok,1794,av_intraday_5min/raw_monthly/JNJ/2010-03.csv,csv ohlcv,2026-05-17T13:24:15Z
JNJ,2010-04,ok,1638,av_intraday_5min/raw_monthly/JNJ/2010-04.csv,csv ohlcv,2026-05-17T13:24:16Z
JNJ,2010-05,ok,1560,av_intraday_5min/raw_monthly/JNJ/2010-05.csv,csv ohlcv,2026-05-17T13:24:17Z
JNJ,2010-06,ok,1716,av_intraday_5min/raw_monthly/JNJ/2010-06.csv,csv ohlcv,2026-05-17T13:24:18Z
JNJ,2010-07,ok,1638,av_intraday_5min/raw_monthly/JNJ/2010-07.csv,csv ohlcv,2026-05-17T13:24:18Z
JNJ,2010-08,ok,1716,av_intraday_5min/raw_monthly/JNJ/2010-08.csv,csv ohlcv,2026-05-17T13:24:19Z
JNJ,2010-09,ok,1638,av_intraday_5min/raw_monthly/JNJ/2010-09.csv,csv ohlcv,2026-05-17T13:24:20Z
JNJ,2010-10,ok,1638,av_intraday_5min/raw_monthly/JNJ/2010-10.csv,csv ohlcv,2026-05-17T13:24:21Z
JNJ,2010-11,ok,1611,av_intraday_5min/raw_monthly/JNJ/2010-11.csv,csv ohlcv,2026-05-17T13:24:22Z
JNJ,2010-12,ok,1716,av_intraday_5min/raw_monthly/JNJ/2010-12.csv,csv ohlcv,2026-05-17T13:24:23Z
JNJ,2011-01,ok,1560,av_intraday_5min/raw_monthly/JNJ/2011-01.csv,csv ohlcv,2026-05-17T13:24:23Z
JNJ,2011-02,ok,1482,av_intraday_5min/raw_monthly/JNJ/2011-02.csv,csv ohlcv,2026-05-17T13:24:24Z
JNJ,2011-03,ok,1794,av_intraday_5min/raw_monthly/JNJ/2011-03.csv,csv ohlcv,2026-05-17T13:24:25Z
JNJ,2011-04,ok,1560,av_intraday_5min/raw_monthly/JNJ/2011-04.csv,csv ohlcv,2026-05-17T13:24:26Z
JNJ,2011-05,ok,1638,av_intraday_5min/raw_monthly/JNJ/2011-05.csv,csv ohlcv,2026-05-17T13:24:27Z
JNJ,2011-06,ok,1716,av_intraday_5min/raw_monthly/JNJ/2011-06.csv,csv ohlcv,2026-05-17T13:24:28Z
JNJ,2011-07,ok,1560,av_intraday_5min/raw_monthly/JNJ/2011-07.csv,csv ohlcv,2026-05-17T13:24:28Z
JNJ,2011-08,ok,1794,av_intraday_5min/raw_monthly/JNJ/2011-08.csv,csv ohlcv,2026-05-17T13:24:29Z
JNJ,2011-09,ok,1638,av_intraday_5min/raw_monthly/JNJ/2011-09.csv,csv ohlcv,2026-05-17T13:24:30Z
JNJ,2011-10,ok,1638,av_intraday_5min/raw_monthly/JNJ/2011-10.csv,csv ohlcv,2026-05-17T13:24:31Z
JNJ,2011-11,ok,1610,av_intraday_5min/raw_monthly/JNJ/2011-11.csv,csv ohlcv,2026-05-17T13:24:32Z
JNJ,2011-12,ok,1638,av_intraday_5min/raw_monthly/JNJ/2011-12.csv,csv ohlcv,2026-05-17T13:24:32Z
JNJ,2012-01,ok,1560,av_intraday_5min/raw_monthly/JNJ/2012-01.csv,csv ohlcv,2026-05-17T13:24:33Z
JNJ,2012-02,ok,1560,av_intraday_5min/raw_monthly/JNJ/2012-02.csv,csv ohlcv,2026-05-17T13:24:34Z
JNJ,2012-03,ok,1716,av_intraday_5min/raw_monthly/JNJ/2012-03.csv,csv ohlcv,2026-05-17T13:24:35Z
JNJ,2012-04,ok,1560,av_intraday_5min/raw_monthly/JNJ/2012-04.csv,csv ohlcv,2026-05-17T13:24:36Z
JNJ,2012-05,ok,1716,av_intraday_5min/raw_monthly/JNJ/2012-05.csv,csv ohlcv,2026-05-17T13:24:37Z
JNJ,2012-06,ok,1638,av_intraday_5min/raw_monthly/JNJ/2012-06.csv,csv ohlcv,2026-05-17T13:24:37Z
JNJ,2012-07,ok,1608,av_intraday_5min/raw_monthly/JNJ/2012-07.csv,csv ohlcv,2026-05-17T13:24:38Z
JNJ,2012-08,ok,1794,av_intraday_5min/raw_monthly/JNJ/2012-08.csv,csv ohlcv,2026-05-17T13:24:39Z
JNJ,2012-09,ok,1482,av_intraday_5min/raw_monthly/JNJ/2012-09.csv,csv ohlcv,2026-05-17T13:24:40Z
JNJ,2012-10,ok,1638,av_intraday_5min/raw_monthly/JNJ/2012-10.csv,csv ohlcv,2026-05-17T13:24:41Z
JNJ,2012-11,ok,1606,av_intraday_5min/raw_monthly/JNJ/2012-11.csv,csv ohlcv,2026-05-17T13:24:41Z
JNJ,2012-12,ok,1525,av_intraday_5min/raw_monthly/JNJ/2012-12.csv,csv ohlcv,2026-05-17T13:24:42Z
JNJ,2013-01,ok,1638,av_intraday_5min/raw_monthly/JNJ/2013-01.csv,csv ohlcv,2026-05-17T13:24:43Z
JNJ,2013-02,ok,1482,av_intraday_5min/raw_monthly/JNJ/2013-02.csv,csv ohlcv,2026-05-17T13:24:44Z
JNJ,2013-03,ok,1560,av_intraday_5min/raw_monthly/JNJ/2013-03.csv,csv ohlcv,2026-05-17T13:24:45Z
JNJ,2013-04,ok,1716,av_intraday_5min/raw_monthly/JNJ/2013-04.csv,csv ohlcv,2026-05-17T13:24:45Z
JNJ,2013-05,ok,1716,av_intraday_5min/raw_monthly/JNJ/2013-05.csv,csv ohlcv,2026-05-17T13:24:46Z
JNJ,2013-06,ok,1560,av_intraday_5min/raw_monthly/JNJ/2013-06.csv,csv ohlcv,2026-05-17T13:24:47Z
JNJ,2013-07,ok,1684,av_intraday_5min/raw_monthly/JNJ/2013-07.csv,csv ohlcv,2026-05-17T13:24:48Z
JNJ,2013-08,ok,1716,av_intraday_5min/raw_monthly/JNJ/2013-08.csv,csv ohlcv,2026-05-17T13:24:49Z
JNJ,2013-09,ok,1560,av_intraday_5min/raw_monthly/JNJ/2013-09.csv,csv ohlcv,2026-05-17T13:24:50Z
JNJ,2013-10,ok,1794,av_intraday_5min/raw_monthly/JNJ/2013-10.csv,csv ohlcv,2026-05-17T13:24:50Z
JNJ,2013-11,ok,1530,av_intraday_5min/raw_monthly/JNJ/2013-11.csv,csv ohlcv,2026-05-17T13:24:51Z
JNJ,2013-12,ok,1607,av_intraday_5min/raw_monthly/JNJ/2013-12.csv,csv ohlcv,2026-05-17T13:24:52Z
JNJ,2014-01,ok,1638,av_intraday_5min/raw_monthly/JNJ/2014-01.csv,csv ohlcv,2026-05-17T13:24:53Z
JNJ,2014-02,ok,1482,av_intraday_5min/raw_monthly/JNJ/2014-02.csv,csv ohlcv,2026-05-17T13:24:54Z
JNJ,2014-03,ok,1638,av_intraday_5min/raw_monthly/JNJ/2014-03.csv,csv ohlcv,2026-05-17T13:24:55Z
JNJ,2014-04,ok,1638,av_intraday_5min/raw_monthly/JNJ/2014-04.csv,csv ohlcv,2026-05-17T13:24:55Z
JNJ,2014-05,ok,1638,av_intraday_5min/raw_monthly/JNJ/2014-05.csv,csv ohlcv,2026-05-17T13:24:56Z
JNJ,2014-06,ok,1638,av_intraday_5min/raw_monthly/JNJ/2014-06.csv,csv ohlcv,2026-05-17T13:24:57Z
JNJ,2014-07,ok,1687,av_intraday_5min/raw_monthly/JNJ/2014-07.csv,csv ohlcv,2026-05-17T13:24:58Z
JNJ,2014-08,ok,1638,av_intraday_5min/raw_monthly/JNJ/2014-08.csv,csv ohlcv,2026-05-17T13:24:59Z
JNJ,2014-09,ok,1638,av_intraday_5min/raw_monthly/JNJ/2014-09.csv,csv ohlcv,2026-05-17T13:25:00Z
JNJ,2014-10,ok,1783,av_intraday_5min/raw_monthly/JNJ/2014-10.csv,csv ohlcv,2026-05-17T13:25:01Z
JNJ,2014-11,ok,1451,av_intraday_5min/raw_monthly/JNJ/2014-11.csv,csv ohlcv,2026-05-17T13:25:02Z
JNJ,2014-12,ok,1682,av_intraday_5min/raw_monthly/JNJ/2014-12.csv,csv ohlcv,2026-05-17T13:25:03Z
JNJ,2015-01,ok,1560,av_intraday_5min/raw_monthly/JNJ/2015-01.csv,csv ohlcv,2026-05-17T13:25:04Z
JNJ,2015-02,ok,1482,av_intraday_5min/raw_monthly/JNJ/2015-02.csv,csv ohlcv,2026-05-17T13:25:04Z
JNJ,2015-03,ok,1716,av_intraday_5min/raw_monthly/JNJ/2015-03.csv,csv ohlcv,2026-05-17T13:25:05Z
JNJ,2015-04,ok,1638,av_intraday_5min/raw_monthly/JNJ/2015-04.csv,csv ohlcv,2026-05-17T13:25:06Z
JNJ,2015-05,ok,1560,av_intraday_5min/raw_monthly/JNJ/2015-05.csv,csv ohlcv,2026-05-17T13:25:07Z
JNJ,2015-06,ok,1716,av_intraday_5min/raw_monthly/JNJ/2015-06.csv,csv ohlcv,2026-05-17T13:25:08Z
JNJ,2015-07,ok,1716,av_intraday_5min/raw_monthly/JNJ/2015-07.csv,csv ohlcv,2026-05-17T13:25:08Z
JNJ,2015-08,ok,1638,av_intraday_5min/raw_monthly/JNJ/2015-08.csv,csv ohlcv,2026-05-17T13:25:09Z
JNJ,2015-09,ok,1638,av_intraday_5min/raw_monthly/JNJ/2015-09.csv,csv ohlcv,2026-05-17T13:25:10Z
JNJ,2015-10,ok,1716,av_intraday_5min/raw_monthly/JNJ/2015-10.csv,csv ohlcv,2026-05-17T13:25:11Z
JNJ,2015-11,ok,1530,av_intraday_5min/raw_monthly/JNJ/2015-11.csv,csv ohlcv,2026-05-17T13:25:12Z
JNJ,2015-12,ok,1682,av_intraday_5min/raw_monthly/JNJ/2015-12.csv,csv ohlcv,2026-05-17T13:25:13Z
JNJ,2016-01,ok,1482,av_intraday_5min/raw_monthly/JNJ/2016-01.csv,csv ohlcv,2026-05-17T13:25:13Z
JNJ,2016-02,ok,1560,av_intraday_5min/raw_monthly/JNJ/2016-02.csv,csv ohlcv,2026-05-17T13:25:14Z
JNJ,2016-03,ok,1716,av_intraday_5min/raw_monthly/JNJ/2016-03.csv,csv ohlcv,2026-05-17T13:25:15Z
JNJ,2016-04,ok,1638,av_intraday_5min/raw_monthly/JNJ/2016-04.csv,csv ohlcv,2026-05-17T13:25:16Z
JNJ,2016-05,ok,1638,av_intraday_5min/raw_monthly/JNJ/2016-05.csv,csv ohlcv,2026-05-17T13:25:17Z
JNJ,2016-06,ok,1716,av_intraday_5min/raw_monthly/JNJ/2016-06.csv,csv ohlcv,2026-05-17T13:25:18Z
JNJ,2016-07,ok,1560,av_intraday_5min/raw_monthly/JNJ/2016-07.csv,csv ohlcv,2026-05-17T13:25:18Z
JNJ,2016-08,ok,1794,av_intraday_5min/raw_monthly/JNJ/2016-08.csv,csv ohlcv,2026-05-17T13:25:19Z
JNJ,2016-09,ok,1638,av_intraday_5min/raw_monthly/JNJ/2016-09.csv,csv ohlcv,2026-05-17T13:25:20Z
JNJ,2016-10,ok,1638,av_intraday_5min/raw_monthly/JNJ/2016-10.csv,csv ohlcv,2026-05-17T13:25:21Z
JNJ,2016-11,ok,1611,av_intraday_5min/raw_monthly/JNJ/2016-11.csv,csv ohlcv,2026-05-17T13:25:22Z
JNJ,2016-12,ok,1638,av_intraday_5min/raw_monthly/JNJ/2016-12.csv,csv ohlcv,2026-05-17T13:25:23Z
JNJ,2017-01,ok,1560,av_intraday_5min/raw_monthly/JNJ/2017-01.csv,csv ohlcv,2026-05-17T13:25:23Z
JNJ,2017-02,ok,1482,av_intraday_5min/raw_monthly/JNJ/2017-02.csv,csv ohlcv,2026-05-17T13:25:24Z
JNJ,2017-03,ok,1794,av_intraday_5min/raw_monthly/JNJ/2017-03.csv,csv ohlcv,2026-05-17T13:25:25Z
JNJ,2017-04,ok,1482,av_intraday_5min/raw_monthly/JNJ/2017-04.csv,csv ohlcv,2026-05-17T13:25:26Z
JNJ,2017-05,ok,1716,av_intraday_5min/raw_monthly/JNJ/2017-05.csv,csv ohlcv,2026-05-17T13:25:27Z
JNJ,2017-06,ok,1716,av_intraday_5min/raw_monthly/JNJ/2017-06.csv,csv ohlcv,2026-05-17T13:25:28Z
JNJ,2017-07,ok,1527,av_intraday_5min/raw_monthly/JNJ/2017-07.csv,csv ohlcv,2026-05-17T13:25:29Z
JNJ,2017-08,ok,1794,av_intraday_5min/raw_monthly/JNJ/2017-08.csv,csv ohlcv,2026-05-17T13:25:30Z
JNJ,2017-09,ok,1560,av_intraday_5min/raw_monthly/JNJ/2017-09.csv,csv ohlcv,2026-05-17T13:25:30Z
JNJ,2017-10,ok,1716,av_intraday_5min/raw_monthly/JNJ/2017-10.csv,csv ohlcv,2026-05-17T13:25:31Z
JNJ,2017-11,ok,1608,av_intraday_5min/raw_monthly/JNJ/2017-11.csv,csv ohlcv,2026-05-17T13:25:32Z
JNJ,2017-12,ok,1560,av_intraday_5min/raw_monthly/JNJ/2017-12.csv,csv ohlcv,2026-05-17T13:25:33Z
JPM,2001-02,ok,1482,av_intraday_5min/raw_monthly/JPM/2001-02.csv,csv ohlcv,2026-05-17T13:25:34Z
JPM,2001-03,ok,1714,av_intraday_5min/raw_monthly/JPM/2001-03.csv,csv ohlcv,2026-05-17T13:25:35Z
JPM,2001-04,ok,1559,av_intraday_5min/raw_monthly/JPM/2001-04.csv,csv ohlcv,2026-05-17T13:25:35Z
JPM,2001-05,ok,1714,av_intraday_5min/raw_monthly/JPM/2001-05.csv,csv ohlcv,2026-05-17T13:25:36Z
JPM,2001-06,ok,1623,av_intraday_5min/raw_monthly/JPM/2001-06.csv,csv ohlcv,2026-05-17T13:25:37Z
JPM,2001-07,ok,1604,av_intraday_5min/raw_monthly/JPM/2001-07.csv,csv ohlcv,2026-05-17T13:25:38Z
JPM,2001-08,ok,1794,av_intraday_5min/raw_monthly/JPM/2001-08.csv,csv ohlcv,2026-05-17T13:25:38Z
JPM,2001-09,ok,1168,av_intraday_5min/raw_monthly/JPM/2001-09.csv,csv ohlcv,2026-05-17T13:25:39Z
JPM,2001-10,ok,1791,av_intraday_5min/raw_monthly/JPM/2001-10.csv,csv ohlcv,2026-05-17T13:25:40Z
JPM,2001-11,ok,1600,av_intraday_5min/raw_monthly/JPM/2001-11.csv,csv ohlcv,2026-05-17T13:25:41Z
JPM,2001-12,ok,1525,av_intraday_5min/raw_monthly/JPM/2001-12.csv,csv ohlcv,2026-05-17T13:25:42Z
JPM,2002-01,ok,1638,av_intraday_5min/raw_monthly/JPM/2002-01.csv,csv ohlcv,2026-05-17T13:25:42Z
JPM,2002-02,ok,1482,av_intraday_5min/raw_monthly/JPM/2002-02.csv,csv ohlcv,2026-05-17T13:25:43Z
JPM,2002-03,ok,1560,av_intraday_5min/raw_monthly/JPM/2002-03.csv,csv ohlcv,2026-05-17T13:25:44Z
JPM,2002-04,ok,1716,av_intraday_5min/raw_monthly/JPM/2002-04.csv,csv ohlcv,2026-05-17T13:25:45Z
JPM,2002-05,ok,1716,av_intraday_5min/raw_monthly/JPM/2002-05.csv,csv ohlcv,2026-05-17T13:25:46Z
JPM,2002-06,ok,1560,av_intraday_5min/raw_monthly/JPM/2002-06.csv,csv ohlcv,2026-05-17T13:25:46Z
JPM,2002-07,ok,1681,av_intraday_5min/raw_monthly/JPM/2002-07.csv,csv ohlcv,2026-05-17T13:25:47Z
JPM,2002-08,ok,1716,av_intraday_5min/raw_monthly/JPM/2002-08.csv,csv ohlcv,2026-05-17T13:25:48Z
JPM,2002-09,ok,1536,av_intraday_5min/raw_monthly/JPM/2002-09.csv,csv ohlcv,2026-05-17T13:25:49Z
JPM,2002-10,ok,1794,av_intraday_5min/raw_monthly/JPM/2002-10.csv,csv ohlcv,2026-05-17T13:25:50Z
JPM,2002-11,ok,1525,av_intraday_5min/raw_monthly/JPM/2002-11.csv,csv ohlcv,2026-05-17T13:25:50Z
JPM,2002-12,ok,1603,av_intraday_5min/raw_monthly/JPM/2002-12.csv,csv ohlcv,2026-05-17T13:25:51Z
JPM,2003-01,ok,1625,av_intraday_5min/raw_monthly/JPM/2003-01.csv,csv ohlcv,2026-05-17T13:25:52Z
JPM,2003-02,ok,1482,av_intraday_5min/raw_monthly/JPM/2003-02.csv,csv ohlcv,2026-05-17T13:25:53Z
JPM,2003-03,ok,1638,av_intraday_5min/raw_monthly/JPM/2003-03.csv,csv ohlcv,2026-05-17T13:25:54Z
JPM,2003-04,ok,1638,av_intraday_5min/raw_monthly/JPM/2003-04.csv,csv ohlcv,2026-05-17T13:25:55Z
JPM,2003-05,ok,1638,av_intraday_5min/raw_monthly/JPM/2003-05.csv,csv ohlcv,2026-05-17T13:25:55Z
JPM,2003-06,ok,1636,av_intraday_5min/raw_monthly/JPM/2003-06.csv,csv ohlcv,2026-05-17T13:25:56Z
JPM,2003-07,ok,1681,av_intraday_5min/raw_monthly/JPM/2003-07.csv,csv ohlcv,2026-05-17T13:25:57Z
JPM,2003-08,ok,1637,av_intraday_5min/raw_monthly/JPM/2003-08.csv,csv ohlcv,2026-05-17T13:25:58Z
JPM,2003-09,ok,1638,av_intraday_5min/raw_monthly/JPM/2003-09.csv,csv ohlcv,2026-05-17T13:25:58Z
JPM,2003-10,ok,1794,av_intraday_5min/raw_monthly/JPM/2003-10.csv,csv ohlcv,2026-05-17T13:25:59Z
JPM,2003-11,ok,1447,av_intraday_5min/raw_monthly/JPM/2003-11.csv,csv ohlcv,2026-05-17T13:26:00Z
JPM,2003-12,ok,1646,av_intraday_5min/raw_monthly/JPM/2003-12.csv,csv ohlcv,2026-05-17T13:26:01Z
JPM,2004-01,ok,1560,av_intraday_5min/raw_monthly/JPM/2004-01.csv,csv ohlcv,2026-05-17T13:26:02Z
JPM,2004-02,ok,1482,av_intraday_5min/raw_monthly/JPM/2004-02.csv,csv ohlcv,2026-05-17T13:26:03Z
JPM,2004-03,ok,1794,av_intraday_5min/raw_monthly/JPM/2004-03.csv,csv ohlcv,2026-05-17T13:26:04Z
JPM,2004-04,ok,1637,av_intraday_5min/raw_monthly/JPM/2004-04.csv,csv ohlcv,2026-05-17T13:26:05Z
JPM,2004-05,ok,1560,av_intraday_5min/raw_monthly/JPM/2004-05.csv,csv ohlcv,2026-05-17T13:26:05Z
JPM,2004-06,ok,1638,av_intraday_5min/raw_monthly/JPM/2004-06.csv,csv ohlcv,2026-05-17T13:26:06Z
JPM,2004-07,ok,1638,av_intraday_5min/raw_monthly/JPM/2004-07.csv,csv ohlcv,2026-05-17T13:26:07Z
JPM,2004-08,ok,1716,av_intraday_5min/raw_monthly/JPM/2004-08.csv,csv ohlcv,2026-05-17T13:26:08Z
JPM,2004-09,ok,1638,av_intraday_5min/raw_monthly/JPM/2004-09.csv,csv ohlcv,2026-05-17T13:26:08Z
JPM,2004-10,ok,1638,av_intraday_5min/raw_monthly/JPM/2004-10.csv,csv ohlcv,2026-05-17T13:26:09Z
JPM,2004-11,ok,1605,av_intraday_5min/raw_monthly/JPM/2004-11.csv,csv ohlcv,2026-05-17T13:26:10Z
JPM,2004-12,ok,1716,av_intraday_5min/raw_monthly/JPM/2004-12.csv,csv ohlcv,2026-05-17T13:26:11Z
JPM,2005-01,ok,1560,av_intraday_5min/raw_monthly/JPM/2005-01.csv,csv ohlcv,2026-05-17T13:26:12Z
JPM,2005-02,ok,1460,av_intraday_5min/raw_monthly/JPM/2005-02.csv,csv ohlcv,2026-05-17T13:26:13Z
JPM,2005-03,ok,1716,av_intraday_5min/raw_monthly/JPM/2005-03.csv,csv ohlcv,2026-05-17T13:26:13Z
JPM,2005-04,ok,1638,av_intraday_5min/raw_monthly/JPM/2005-04.csv,csv ohlcv,2026-05-17T13:26:14Z
JPM,2005-05,ok,1638,av_intraday_5min/raw_monthly/JPM/2005-05.csv,csv ohlcv,2026-05-17T13:26:15Z
JPM,2005-06,ok,1714,av_intraday_5min/raw_monthly/JPM/2005-06.csv,csv ohlcv,2026-05-17T13:26:16Z
JPM,2005-07,ok,1560,av_intraday_5min/raw_monthly/JPM/2005-07.csv,csv ohlcv,2026-05-17T13:26:16Z
JPM,2005-08,ok,1794,av_intraday_5min/raw_monthly/JPM/2005-08.csv,csv ohlcv,2026-05-17T13:26:17Z
JPM,2005-09,ok,1638,av_intraday_5min/raw_monthly/JPM/2005-09.csv,csv ohlcv,2026-05-17T13:26:18Z
JPM,2005-10,ok,1638,av_intraday_5min/raw_monthly/JPM/2005-10.csv,csv ohlcv,2026-05-17T13:26:19Z
JPM,2005-11,ok,1603,av_intraday_5min/raw_monthly/JPM/2005-11.csv,csv ohlcv,2026-05-17T13:26:20Z
JPM,2005-12,ok,1638,av_intraday_5min/raw_monthly/JPM/2005-12.csv,csv ohlcv,2026-05-17T13:26:20Z
JPM,2006-01,ok,1560,av_intraday_5min/raw_monthly/JPM/2006-01.csv,csv ohlcv,2026-05-17T13:26:21Z
JPM,2006-02,ok,1482,av_intraday_5min/raw_monthly/JPM/2006-02.csv,csv ohlcv,2026-05-17T13:26:22Z
JPM,2006-03,ok,1794,av_intraday_5min/raw_monthly/JPM/2006-03.csv,csv ohlcv,2026-05-17T13:26:23Z
JPM,2006-04,ok,1482,av_intraday_5min/raw_monthly/JPM/2006-04.csv,csv ohlcv,2026-05-17T13:26:24Z
JPM,2006-05,ok,1716,av_intraday_5min/raw_monthly/JPM/2006-05.csv,csv ohlcv,2026-05-17T13:26:25Z
JPM,2006-06,ok,1716,av_intraday_5min/raw_monthly/JPM/2006-06.csv,csv ohlcv,2026-05-17T13:26:25Z
JPM,2006-07,ok,1525,av_intraday_5min/raw_monthly/JPM/2006-07.csv,csv ohlcv,2026-05-17T13:26:26Z
JPM,2006-08,ok,1794,av_intraday_5min/raw_monthly/JPM/2006-08.csv,csv ohlcv,2026-05-17T13:26:27Z
JPM,2006-09,ok,1560,av_intraday_5min/raw_monthly/JPM/2006-09.csv,csv ohlcv,2026-05-17T13:26:28Z
JPM,2006-10,ok,1716,av_intraday_5min/raw_monthly/JPM/2006-10.csv,csv ohlcv,2026-05-17T13:26:29Z
JPM,2006-11,ok,1603,av_intraday_5min/raw_monthly/JPM/2006-11.csv,csv ohlcv,2026-05-17T13:26:29Z
JPM,2006-12,ok,1560,av_intraday_5min/raw_monthly/JPM/2006-12.csv,csv ohlcv,2026-05-17T13:26:30Z
JPM,2007-01,ok,1560,av_intraday_5min/raw_monthly/JPM/2007-01.csv,csv ohlcv,2026-05-17T13:26:31Z
JPM,2007-02,ok,1482,av_intraday_5min/raw_monthly/JPM/2007-02.csv,csv ohlcv,2026-05-17T13:26:32Z
JPM,2007-03,ok,1716,av_intraday_5min/raw_monthly/JPM/2007-03.csv,csv ohlcv,2026-05-17T13:26:32Z
JPM,2007-04,ok,1560,av_intraday_5min/raw_monthly/JPM/2007-04.csv,csv ohlcv,2026-05-17T13:26:33Z
JPM,2007-05,ok,1716,av_intraday_5min/raw_monthly/JPM/2007-05.csv,csv ohlcv,2026-05-17T13:26:34Z
JPM,2007-06,ok,1638,av_intraday_5min/raw_monthly/JPM/2007-06.csv,csv ohlcv,2026-05-17T13:26:35Z
JPM,2007-07,ok,1608,av_intraday_5min/raw_monthly/JPM/2007-07.csv,csv ohlcv,2026-05-17T13:26:36Z
JPM,2007-08,ok,1794,av_intraday_5min/raw_monthly/JPM/2007-08.csv,csv ohlcv,2026-05-17T13:26:36Z
JPM,2007-09,ok,1482,av_intraday_5min/raw_monthly/JPM/2007-09.csv,csv ohlcv,2026-05-17T13:26:37Z
JPM,2007-10,ok,1794,av_intraday_5min/raw_monthly/JPM/2007-10.csv,csv ohlcv,2026-05-17T13:26:38Z
JPM,2007-11,ok,1612,av_intraday_5min/raw_monthly/JPM/2007-11.csv,csv ohlcv,2026-05-17T13:26:39Z
JPM,2007-12,ok,1529,av_intraday_5min/raw_monthly/JPM/2007-12.csv,csv ohlcv,2026-05-17T13:26:40Z
JPM,2008-01,ok,1638,av_intraday_5min/raw_monthly/JPM/2008-01.csv,csv ohlcv,2026-05-17T13:26:41Z
JPM,2008-02,ok,1560,av_intraday_5min/raw_monthly/JPM/2008-02.csv,csv ohlcv,2026-05-17T13:26:42Z
JPM,2008-03,ok,1560,av_intraday_5min/raw_monthly/JPM/2008-03.csv,csv ohlcv,2026-05-17T13:26:42Z
JPM,2008-04,ok,1716,av_intraday_5min/raw_monthly/JPM/2008-04.csv,csv ohlcv,2026-05-17T13:26:43Z
JPM,2008-05,ok,1638,av_intraday_5min/raw_monthly/JPM/2008-05.csv,csv ohlcv,2026-05-17T13:26:44Z
JPM,2008-06,ok,1638,av_intraday_5min/raw_monthly/JPM/2008-06.csv,csv ohlcv,2026-05-17T13:26:45Z
JPM,2008-07,ok,1694,av_intraday_5min/raw_monthly/JPM/2008-07.csv,csv ohlcv,2026-05-17T13:26:46Z
JPM,2008-08,ok,1638,av_intraday_5min/raw_monthly/JPM/2008-08.csv,csv ohlcv,2026-05-17T13:26:47Z
JPM,2008-09,ok,1637,av_intraday_5min/raw_monthly/JPM/2008-09.csv,csv ohlcv,2026-05-17T13:26:48Z
JPM,2008-10,ok,1794,av_intraday_5min/raw_monthly/JPM/2008-10.csv,csv ohlcv,2026-05-17T13:26:49Z
JPM,2008-11,ok,1465,av_intraday_5min/raw_monthly/JPM/2008-11.csv,csv ohlcv,2026-05-17T13:26:50Z
JPM,2008-12,ok,1690,av_intraday_5min/raw_monthly/JPM/2008-12.csv,csv ohlcv,2026-05-17T13:26:50Z
JPM,2009-01,ok,1560,av_intraday_5min/raw_monthly/JPM/2009-01.csv,csv ohlcv,2026-05-17T13:26:51Z
JPM,2009-02,ok,1482,av_intraday_5min/raw_monthly/JPM/2009-02.csv,csv ohlcv,2026-05-17T13:26:52Z
JPM,2009-03,ok,1716,av_intraday_5min/raw_monthly/JPM/2009-03.csv,csv ohlcv,2026-05-17T13:26:53Z
JPM,2009-04,ok,1638,av_intraday_5min/raw_monthly/JPM/2009-04.csv,csv ohlcv,2026-05-17T13:26:54Z
JPM,2009-05,ok,1560,av_intraday_5min/raw_monthly/JPM/2009-05.csv,csv ohlcv,2026-05-17T13:26:55Z
JPM,2009-06,ok,1716,av_intraday_5min/raw_monthly/JPM/2009-06.csv,csv ohlcv,2026-05-17T13:26:56Z
JPM,2009-07,ok,1716,av_intraday_5min/raw_monthly/JPM/2009-07.csv,csv ohlcv,2026-05-17T13:26:57Z
JPM,2009-08,ok,1638,av_intraday_5min/raw_monthly/JPM/2009-08.csv,csv ohlcv,2026-05-17T13:26:58Z
JPM,2009-09,ok,1638,av_intraday_5min/raw_monthly/JPM/2009-09.csv,csv ohlcv,2026-05-17T13:26:59Z
JPM,2009-10,ok,1716,av_intraday_5min/raw_monthly/JPM/2009-10.csv,csv ohlcv,2026-05-17T13:27:00Z
JPM,2009-11,ok,1546,av_intraday_5min/raw_monthly/JPM/2009-11.csv,csv ohlcv,2026-05-17T13:27:01Z
JPM,2009-12,ok,1693,av_intraday_5min/raw_monthly/JPM/2009-12.csv,csv ohlcv,2026-05-17T13:27:02Z
JPM,2010-01,ok,1482,av_intraday_5min/raw_monthly/JPM/2010-01.csv,csv ohlcv,2026-05-17T13:27:02Z
JPM,2010-02,ok,1482,av_intraday_5min/raw_monthly/JPM/2010-02.csv,csv ohlcv,2026-05-17T13:27:03Z
JPM,2010-03,ok,1794,av_intraday_5min/raw_monthly/JPM/2010-03.csv,csv ohlcv,2026-05-17T13:27:04Z
JPM,2010-04,ok,1638,av_intraday_5min/raw_monthly/JPM/2010-04.csv,csv ohlcv,2026-05-17T13:27:05Z
JPM,2010-05,ok,1560,av_intraday_5min/raw_monthly/JPM/2010-05.csv,csv ohlcv,2026-05-17T13:27:06Z
JPM,2010-06,ok,1716,av_intraday_5min/raw_monthly/JPM/2010-06.csv,csv ohlcv,2026-05-17T13:27:07Z
JPM,2010-07,ok,1638,av_intraday_5min/raw_monthly/JPM/2010-07.csv,csv ohlcv,2026-05-17T13:27:08Z
JPM,2010-08,ok,1716,av_intraday_5min/raw_monthly/JPM/2010-08.csv,csv ohlcv,2026-05-17T13:27:09Z
JPM,2010-09,ok,1638,av_intraday_5min/raw_monthly/JPM/2010-09.csv,csv ohlcv,2026-05-17T13:27:10Z
JPM,2010-10,ok,1638,av_intraday_5min/raw_monthly/JPM/2010-10.csv,csv ohlcv,2026-05-17T13:27:11Z
JPM,2010-11,ok,1625,av_intraday_5min/raw_monthly/JPM/2010-11.csv,csv ohlcv,2026-05-17T13:27:11Z
JPM,2010-12,ok,1716,av_intraday_5min/raw_monthly/JPM/2010-12.csv,csv ohlcv,2026-05-17T13:27:12Z
JPM,2011-01,ok,1560,av_intraday_5min/raw_monthly/JPM/2011-01.csv,csv ohlcv,2026-05-17T13:27:13Z
JPM,2011-02,ok,1482,av_intraday_5min/raw_monthly/JPM/2011-02.csv,csv ohlcv,2026-05-17T13:27:14Z
JPM,2011-03,ok,1794,av_intraday_5min/raw_monthly/JPM/2011-03.csv,csv ohlcv,2026-05-17T13:27:15Z
JPM,2011-04,ok,1560,av_intraday_5min/raw_monthly/JPM/2011-04.csv,csv ohlcv,2026-05-17T13:27:16Z
JPM,2011-05,ok,1638,av_intraday_5min/raw_monthly/JPM/2011-05.csv,csv ohlcv,2026-05-17T13:27:16Z
JPM,2011-06,ok,1716,av_intraday_5min/raw_monthly/JPM/2011-06.csv,csv ohlcv,2026-05-17T13:27:17Z
JPM,2011-07,ok,1560,av_intraday_5min/raw_monthly/JPM/2011-07.csv,csv ohlcv,2026-05-17T13:27:18Z
JPM,2011-08,ok,1794,av_intraday_5min/raw_monthly/JPM/2011-08.csv,csv ohlcv,2026-05-17T13:27:19Z
JPM,2011-09,ok,1638,av_intraday_5min/raw_monthly/JPM/2011-09.csv,csv ohlcv,2026-05-17T13:27:20Z
JPM,2011-10,ok,1638,av_intraday_5min/raw_monthly/JPM/2011-10.csv,csv ohlcv,2026-05-17T13:27:21Z
JPM,2011-11,ok,1624,av_intraday_5min/raw_monthly/JPM/2011-11.csv,csv ohlcv,2026-05-17T13:27:22Z
JPM,2011-12,ok,1638,av_intraday_5min/raw_monthly/JPM/2011-12.csv,csv ohlcv,2026-05-17T13:27:23Z
JPM,2012-01,ok,1560,av_intraday_5min/raw_monthly/JPM/2012-01.csv,csv ohlcv,2026-05-17T13:27:24Z
JPM,2012-02,ok,1560,av_intraday_5min/raw_monthly/JPM/2012-02.csv,csv ohlcv,2026-05-17T13:27:25Z
JPM,2012-03,ok,1716,av_intraday_5min/raw_monthly/JPM/2012-03.csv,csv ohlcv,2026-05-17T13:27:25Z
JPM,2012-04,ok,1560,av_intraday_5min/raw_monthly/JPM/2012-04.csv,csv ohlcv,2026-05-17T13:27:26Z
JPM,2012-05,ok,1716,av_intraday_5min/raw_monthly/JPM/2012-05.csv,csv ohlcv,2026-05-17T13:27:27Z
JPM,2012-06,ok,1638,av_intraday_5min/raw_monthly/JPM/2012-06.csv,csv ohlcv,2026-05-17T13:27:28Z
JPM,2012-07,ok,1633,av_intraday_5min/raw_monthly/JPM/2012-07.csv,csv ohlcv,2026-05-17T13:27:29Z
JPM,2012-08,ok,1794,av_intraday_5min/raw_monthly/JPM/2012-08.csv,csv ohlcv,2026-05-17T13:27:30Z
JPM,2012-09,ok,1482,av_intraday_5min/raw_monthly/JPM/2012-09.csv,csv ohlcv,2026-05-17T13:27:31Z
JPM,2012-10,ok,1638,av_intraday_5min/raw_monthly/JPM/2012-10.csv,csv ohlcv,2026-05-17T13:27:31Z
JPM,2012-11,ok,1613,av_intraday_5min/raw_monthly/JPM/2012-11.csv,csv ohlcv,2026-05-17T13:27:32Z
JPM,2012-12,ok,1532,av_intraday_5min/raw_monthly/JPM/2012-12.csv,csv ohlcv,2026-05-17T13:27:34Z
JPM,2013-01,ok,1638,av_intraday_5min/raw_monthly/JPM/2013-01.csv,csv ohlcv,2026-05-17T13:27:35Z
JPM,2013-02,ok,1482,av_intraday_5min/raw_monthly/JPM/2013-02.csv,csv ohlcv,2026-05-17T13:27:36Z
JPM,2013-03,ok,1560,av_intraday_5min/raw_monthly/JPM/2013-03.csv,csv ohlcv,2026-05-17T13:27:36Z
JPM,2013-04,ok,1716,av_intraday_5min/raw_monthly/JPM/2013-04.csv,csv ohlcv,2026-05-17T13:27:37Z
JPM,2013-05,ok,1716,av_intraday_5min/raw_monthly/JPM/2013-05.csv,csv ohlcv,2026-05-17T13:27:38Z
JPM,2013-06,ok,1560,av_intraday_5min/raw_monthly/JPM/2013-06.csv,csv ohlcv,2026-05-17T13:27:39Z
JPM,2013-07,ok,1690,av_intraday_5min/raw_monthly/JPM/2013-07.csv,csv ohlcv,2026-05-17T13:27:40Z
JPM,2013-08,ok,1716,av_intraday_5min/raw_monthly/JPM/2013-08.csv,csv ohlcv,2026-05-17T13:27:41Z
JPM,2013-09,ok,1560,av_intraday_5min/raw_monthly/JPM/2013-09.csv,csv ohlcv,2026-05-17T13:27:42Z
JPM,2013-10,ok,1794,av_intraday_5min/raw_monthly/JPM/2013-10.csv,csv ohlcv,2026-05-17T13:27:42Z
JPM,2013-11,ok,1534,av_intraday_5min/raw_monthly/JPM/2013-11.csv,csv ohlcv,2026-05-17T13:27:43Z
JPM,2013-12,ok,1607,av_intraday_5min/raw_monthly/JPM/2013-12.csv,csv ohlcv,2026-05-17T13:27:44Z
JPM,2014-01,ok,1638,av_intraday_5min/raw_monthly/JPM/2014-01.csv,csv ohlcv,2026-05-17T13:27:45Z
JPM,2014-02,ok,1482,av_intraday_5min/raw_monthly/JPM/2014-02.csv,csv ohlcv,2026-05-17T13:27:46Z
JPM,2014-03,ok,1638,av_intraday_5min/raw_monthly/JPM/2014-03.csv,csv ohlcv,2026-05-17T13:27:47Z
JPM,2014-04,ok,1638,av_intraday_5min/raw_monthly/JPM/2014-04.csv,csv ohlcv,2026-05-17T13:27:48Z
JPM,2014-05,ok,1638,av_intraday_5min/raw_monthly/JPM/2014-05.csv,csv ohlcv,2026-05-17T13:27:49Z
JPM,2014-06,ok,1638,av_intraday_5min/raw_monthly/JPM/2014-06.csv,csv ohlcv,2026-05-17T13:27:50Z
JPM,2014-07,ok,1694,av_intraday_5min/raw_monthly/JPM/2014-07.csv,csv ohlcv,2026-05-17T13:27:51Z
JPM,2014-08,ok,1638,av_intraday_5min/raw_monthly/JPM/2014-08.csv,csv ohlcv,2026-05-17T13:27:51Z
JPM,2014-09,ok,1638,av_intraday_5min/raw_monthly/JPM/2014-09.csv,csv ohlcv,2026-05-17T13:27:52Z
JPM,2014-10,ok,1783,av_intraday_5min/raw_monthly/JPM/2014-10.csv,csv ohlcv,2026-05-17T13:27:53Z
JPM,2014-11,ok,1455,av_intraday_5min/raw_monthly/JPM/2014-11.csv,csv ohlcv,2026-05-17T13:27:54Z
JPM,2014-12,ok,1682,av_intraday_5min/raw_monthly/JPM/2014-12.csv,csv ohlcv,2026-05-17T13:27:55Z
JPM,2015-01,ok,1560,av_intraday_5min/raw_monthly/JPM/2015-01.csv,csv ohlcv,2026-05-17T13:27:56Z
JPM,2015-02,ok,1482,av_intraday_5min/raw_monthly/JPM/2015-02.csv,csv ohlcv,2026-05-17T13:27:57Z
JPM,2015-03,ok,1716,av_intraday_5min/raw_monthly/JPM/2015-03.csv,csv ohlcv,2026-05-17T13:27:57Z
JPM,2015-04,ok,1638,av_intraday_5min/raw_monthly/JPM/2015-04.csv,csv ohlcv,2026-05-17T13:27:58Z
JPM,2015-05,ok,1560,av_intraday_5min/raw_monthly/JPM/2015-05.csv,csv ohlcv,2026-05-17T13:27:59Z
JPM,2015-06,ok,1716,av_intraday_5min/raw_monthly/JPM/2015-06.csv,csv ohlcv,2026-05-17T13:28:00Z
JPM,2015-07,ok,1716,av_intraday_5min/raw_monthly/JPM/2015-07.csv,csv ohlcv,2026-05-17T13:28:01Z
JPM,2015-08,ok,1638,av_intraday_5min/raw_monthly/JPM/2015-08.csv,csv ohlcv,2026-05-17T13:28:02Z
JPM,2015-09,ok,1638,av_intraday_5min/raw_monthly/JPM/2015-09.csv,csv ohlcv,2026-05-17T13:28:03Z
JPM,2015-10,ok,1716,av_intraday_5min/raw_monthly/JPM/2015-10.csv,csv ohlcv,2026-05-17T13:28:04Z
JPM,2015-11,ok,1530,av_intraday_5min/raw_monthly/JPM/2015-11.csv,csv ohlcv,2026-05-17T13:28:05Z
JPM,2015-12,ok,1683,av_intraday_5min/raw_monthly/JPM/2015-12.csv,csv ohlcv,2026-05-17T13:28:06Z
JPM,2016-01,ok,1482,av_intraday_5min/raw_monthly/JPM/2016-01.csv,csv ohlcv,2026-05-17T13:28:07Z
JPM,2016-02,ok,1560,av_intraday_5min/raw_monthly/JPM/2016-02.csv,csv ohlcv,2026-05-17T13:28:08Z
JPM,2016-03,ok,1716,av_intraday_5min/raw_monthly/JPM/2016-03.csv,csv ohlcv,2026-05-17T13:28:09Z
JPM,2016-04,ok,1638,av_intraday_5min/raw_monthly/JPM/2016-04.csv,csv ohlcv,2026-05-17T13:28:10Z
JPM,2016-05,ok,1638,av_intraday_5min/raw_monthly/JPM/2016-05.csv,csv ohlcv,2026-05-17T13:28:10Z
JPM,2016-06,ok,1716,av_intraday_5min/raw_monthly/JPM/2016-06.csv,csv ohlcv,2026-05-17T13:28:11Z
JPM,2016-07,ok,1560,av_intraday_5min/raw_monthly/JPM/2016-07.csv,csv ohlcv,2026-05-17T13:28:12Z
JPM,2016-08,ok,1794,av_intraday_5min/raw_monthly/JPM/2016-08.csv,csv ohlcv,2026-05-17T13:28:13Z
JPM,2016-09,ok,1638,av_intraday_5min/raw_monthly/JPM/2016-09.csv,csv ohlcv,2026-05-17T13:28:14Z
JPM,2016-10,ok,1638,av_intraday_5min/raw_monthly/JPM/2016-10.csv,csv ohlcv,2026-05-17T13:28:15Z
JPM,2016-11,ok,1609,av_intraday_5min/raw_monthly/JPM/2016-11.csv,csv ohlcv,2026-05-17T13:28:15Z
JPM,2016-12,ok,1638,av_intraday_5min/raw_monthly/JPM/2016-12.csv,csv ohlcv,2026-05-17T13:28:16Z
JPM,2017-01,ok,1560,av_intraday_5min/raw_monthly/JPM/2017-01.csv,csv ohlcv,2026-05-17T13:28:17Z
JPM,2017-02,ok,1482,av_intraday_5min/raw_monthly/JPM/2017-02.csv,csv ohlcv,2026-05-17T13:28:18Z
JPM,2017-03,ok,1794,av_intraday_5min/raw_monthly/JPM/2017-03.csv,csv ohlcv,2026-05-17T13:28:19Z
JPM,2017-04,ok,1482,av_intraday_5min/raw_monthly/JPM/2017-04.csv,csv ohlcv,2026-05-17T13:28:20Z
JPM,2017-05,ok,1716,av_intraday_5min/raw_monthly/JPM/2017-05.csv,csv ohlcv,2026-05-17T13:28:21Z
JPM,2017-06,ok,1716,av_intraday_5min/raw_monthly/JPM/2017-06.csv,csv ohlcv,2026-05-17T13:28:21Z
JPM,2017-07,ok,1544,av_intraday_5min/raw_monthly/JPM/2017-07.csv,csv ohlcv,2026-05-17T13:28:22Z
JPM,2017-08,ok,1794,av_intraday_5min/raw_monthly/JPM/2017-08.csv,csv ohlcv,2026-05-17T13:28:23Z
JPM,2017-09,ok,1560,av_intraday_5min/raw_monthly/JPM/2017-09.csv,csv ohlcv,2026-05-17T13:28:24Z
JPM,2017-10,ok,1716,av_intraday_5min/raw_monthly/JPM/2017-10.csv,csv ohlcv,2026-05-17T13:28:25Z
JPM,2017-11,ok,1609,av_intraday_5min/raw_monthly/JPM/2017-11.csv,csv ohlcv,2026-05-17T13:28:26Z
JPM,2017-12,ok,1560,av_intraday_5min/raw_monthly/JPM/2017-12.csv,csv ohlcv,2026-05-17T13:28:27Z
KO,2001-02,ok,1475,av_intraday_5min/raw_monthly/KO/2001-02.csv,csv ohlcv,2026-05-17T13:28:28Z
KO,2001-03,ok,1708,av_intraday_5min/raw_monthly/KO/2001-03.csv,csv ohlcv,2026-05-17T13:28:28Z
KO,2001-04,ok,1553,av_intraday_5min/raw_monthly/KO/2001-04.csv,csv ohlcv,2026-05-17T13:28:29Z
KO,2001-05,ok,1710,av_intraday_5min/raw_monthly/KO/2001-05.csv,csv ohlcv,2026-05-17T13:28:30Z
KO,2001-06,ok,1618,av_intraday_5min/raw_monthly/KO/2001-06.csv,csv ohlcv,2026-05-17T13:28:31Z
KO,2001-07,ok,1601,av_intraday_5min/raw_monthly/KO/2001-07.csv,csv ohlcv,2026-05-17T13:28:32Z
KO,2001-08,ok,1794,av_intraday_5min/raw_monthly/KO/2001-08.csv,csv ohlcv,2026-05-17T13:28:33Z
KO,2001-09,ok,1164,av_intraday_5min/raw_monthly/KO/2001-09.csv,csv ohlcv,2026-05-17T13:28:33Z
KO,2001-10,ok,1790,av_intraday_5min/raw_monthly/KO/2001-10.csv,csv ohlcv,2026-05-17T13:28:34Z
KO,2001-11,ok,1598,av_intraday_5min/raw_monthly/KO/2001-11.csv,csv ohlcv,2026-05-17T13:28:35Z
KO,2001-12,ok,1521,av_intraday_5min/raw_monthly/KO/2001-12.csv,csv ohlcv,2026-05-17T13:28:36Z
KO,2002-01,ok,1633,av_intraday_5min/raw_monthly/KO/2002-01.csv,csv ohlcv,2026-05-17T13:28:37Z
KO,2002-02,ok,1480,av_intraday_5min/raw_monthly/KO/2002-02.csv,csv ohlcv,2026-05-17T13:28:37Z
KO,2002-03,ok,1559,av_intraday_5min/raw_monthly/KO/2002-03.csv,csv ohlcv,2026-05-17T13:28:38Z
KO,2002-04,ok,1713,av_intraday_5min/raw_monthly/KO/2002-04.csv,csv ohlcv,2026-05-17T13:28:39Z
KO,2002-05,ok,1715,av_intraday_5min/raw_monthly/KO/2002-05.csv,csv ohlcv,2026-05-17T13:28:40Z
KO,2002-06,ok,1560,av_intraday_5min/raw_monthly/KO/2002-06.csv,csv ohlcv,2026-05-17T13:28:41Z
KO,2002-07,ok,1680,av_intraday_5min/raw_monthly/KO/2002-07.csv,csv ohlcv,2026-05-17T13:28:42Z
KO,2002-08,ok,1715,av_intraday_5min/raw_monthly/KO/2002-08.csv,csv ohlcv,2026-05-17T13:28:42Z
KO,2002-09,ok,1527,av_intraday_5min/raw_monthly/KO/2002-09.csv,csv ohlcv,2026-05-17T13:28:43Z
KO,2002-10,ok,1790,av_intraday_5min/raw_monthly/KO/2002-10.csv,csv ohlcv,2026-05-17T13:28:44Z
KO,2002-11,ok,1524,av_intraday_5min/raw_monthly/KO/2002-11.csv,csv ohlcv,2026-05-17T13:28:45Z
KO,2002-12,ok,1603,av_intraday_5min/raw_monthly/KO/2002-12.csv,csv ohlcv,2026-05-17T13:28:46Z
KO,2003-01,ok,1637,av_intraday_5min/raw_monthly/KO/2003-01.csv,csv ohlcv,2026-05-17T13:28:46Z
KO,2003-02,ok,1482,av_intraday_5min/raw_monthly/KO/2003-02.csv,csv ohlcv,2026-05-17T13:28:47Z
KO,2003-03,ok,1638,av_intraday_5min/raw_monthly/KO/2003-03.csv,csv ohlcv,2026-05-17T13:28:48Z
KO,2003-04,ok,1636,av_intraday_5min/raw_monthly/KO/2003-04.csv,csv ohlcv,2026-05-17T13:28:49Z
KO,2003-05,ok,1638,av_intraday_5min/raw_monthly/KO/2003-05.csv,csv ohlcv,2026-05-17T13:28:50Z
KO,2003-06,ok,1636,av_intraday_5min/raw_monthly/KO/2003-06.csv,csv ohlcv,2026-05-17T13:28:51Z
KO,2003-07,ok,1681,av_intraday_5min/raw_monthly/KO/2003-07.csv,csv ohlcv,2026-05-17T13:28:51Z
KO,2003-08,ok,1637,av_intraday_5min/raw_monthly/KO/2003-08.csv,csv ohlcv,2026-05-17T13:28:52Z
KO,2003-09,ok,1637,av_intraday_5min/raw_monthly/KO/2003-09.csv,csv ohlcv,2026-05-17T13:28:53Z
KO,2003-10,ok,1793,av_intraday_5min/raw_monthly/KO/2003-10.csv,csv ohlcv,2026-05-17T13:28:54Z
KO,2003-11,ok,1447,av_intraday_5min/raw_monthly/KO/2003-11.csv,csv ohlcv,2026-05-17T13:28:55Z
KO,2003-12,ok,1645,av_intraday_5min/raw_monthly/KO/2003-12.csv,csv ohlcv,2026-05-17T13:28:55Z
KO,2004-01,ok,1559,av_intraday_5min/raw_monthly/KO/2004-01.csv,csv ohlcv,2026-05-17T13:28:56Z
KO,2004-02,ok,1481,av_intraday_5min/raw_monthly/KO/2004-02.csv,csv ohlcv,2026-05-17T13:28:57Z
KO,2004-03,ok,1794,av_intraday_5min/raw_monthly/KO/2004-03.csv,csv ohlcv,2026-05-17T13:28:58Z
KO,2004-04,ok,1637,av_intraday_5min/raw_monthly/KO/2004-04.csv,csv ohlcv,2026-05-17T13:28:59Z
KO,2004-05,ok,1559,av_intraday_5min/raw_monthly/KO/2004-05.csv,csv ohlcv,2026-05-17T13:28:59Z
KO,2004-06,ok,1637,av_intraday_5min/raw_monthly/KO/2004-06.csv,csv ohlcv,2026-05-17T13:29:00Z
KO,2004-07,ok,1638,av_intraday_5min/raw_monthly/KO/2004-07.csv,csv ohlcv,2026-05-17T13:29:01Z
KO,2004-08,ok,1716,av_intraday_5min/raw_monthly/KO/2004-08.csv,csv ohlcv,2026-05-17T13:29:02Z
KO,2004-09,ok,1638,av_intraday_5min/raw_monthly/KO/2004-09.csv,csv ohlcv,2026-05-17T13:29:03Z
KO,2004-10,ok,1638,av_intraday_5min/raw_monthly/KO/2004-10.csv,csv ohlcv,2026-05-17T13:29:04Z
KO,2004-11,ok,1603,av_intraday_5min/raw_monthly/KO/2004-11.csv,csv ohlcv,2026-05-17T13:29:04Z
KO,2004-12,ok,1716,av_intraday_5min/raw_monthly/KO/2004-12.csv,csv ohlcv,2026-05-17T13:29:05Z
KO,2005-01,ok,1560,av_intraday_5min/raw_monthly/KO/2005-01.csv,csv ohlcv,2026-05-17T13:29:06Z
KO,2005-02,ok,1482,av_intraday_5min/raw_monthly/KO/2005-02.csv,csv ohlcv,2026-05-17T13:29:07Z
KO,2005-03,ok,1716,av_intraday_5min/raw_monthly/KO/2005-03.csv,csv ohlcv,2026-05-17T13:29:08Z
KO,2005-04,ok,1638,av_intraday_5min/raw_monthly/KO/2005-04.csv,csv ohlcv,2026-05-17T13:29:08Z
KO,2005-05,ok,1638,av_intraday_5min/raw_monthly/KO/2005-05.csv,csv ohlcv,2026-05-17T13:29:09Z
KO,2005-06,ok,1714,av_intraday_5min/raw_monthly/KO/2005-06.csv,csv ohlcv,2026-05-17T13:29:10Z
KO,2005-07,ok,1560,av_intraday_5min/raw_monthly/KO/2005-07.csv,csv ohlcv,2026-05-17T13:29:11Z
KO,2005-08,ok,1794,av_intraday_5min/raw_monthly/KO/2005-08.csv,csv ohlcv,2026-05-17T13:29:12Z
KO,2005-09,ok,1638,av_intraday_5min/raw_monthly/KO/2005-09.csv,csv ohlcv,2026-05-17T13:29:12Z
KO,2005-10,ok,1638,av_intraday_5min/raw_monthly/KO/2005-10.csv,csv ohlcv,2026-05-17T13:29:13Z
KO,2005-11,ok,1603,av_intraday_5min/raw_monthly/KO/2005-11.csv,csv ohlcv,2026-05-17T13:29:14Z
KO,2005-12,ok,1638,av_intraday_5min/raw_monthly/KO/2005-12.csv,csv ohlcv,2026-05-17T13:29:15Z
KO,2006-01,ok,1560,av_intraday_5min/raw_monthly/KO/2006-01.csv,csv ohlcv,2026-05-17T13:29:16Z
KO,2006-02,ok,1482,av_intraday_5min/raw_monthly/KO/2006-02.csv,csv ohlcv,2026-05-17T13:29:16Z
KO,2006-03,ok,1794,av_intraday_5min/raw_monthly/KO/2006-03.csv,csv ohlcv,2026-05-17T13:29:17Z
KO,2006-04,ok,1482,av_intraday_5min/raw_monthly/KO/2006-04.csv,csv ohlcv,2026-05-17T13:29:18Z
KO,2006-05,ok,1716,av_intraday_5min/raw_monthly/KO/2006-05.csv,csv ohlcv,2026-05-17T13:29:19Z
KO,2006-06,ok,1716,av_intraday_5min/raw_monthly/KO/2006-06.csv,csv ohlcv,2026-05-17T13:29:20Z
KO,2006-07,ok,1525,av_intraday_5min/raw_monthly/KO/2006-07.csv,csv ohlcv,2026-05-17T13:29:21Z
KO,2006-08,ok,1794,av_intraday_5min/raw_monthly/KO/2006-08.csv,csv ohlcv,2026-05-17T13:29:21Z
KO,2006-09,ok,1560,av_intraday_5min/raw_monthly/KO/2006-09.csv,csv ohlcv,2026-05-17T13:29:22Z
KO,2006-10,ok,1715,av_intraday_5min/raw_monthly/KO/2006-10.csv,csv ohlcv,2026-05-17T13:29:23Z
KO,2006-11,ok,1603,av_intraday_5min/raw_monthly/KO/2006-11.csv,csv ohlcv,2026-05-17T13:29:24Z
KO,2006-12,ok,1560,av_intraday_5min/raw_monthly/KO/2006-12.csv,csv ohlcv,2026-05-17T13:29:25Z
KO,2007-01,ok,1560,av_intraday_5min/raw_monthly/KO/2007-01.csv,csv ohlcv,2026-05-17T13:29:25Z
KO,2007-02,ok,1482,av_intraday_5min/raw_monthly/KO/2007-02.csv,csv ohlcv,2026-05-17T13:29:26Z
KO,2007-03,ok,1716,av_intraday_5min/raw_monthly/KO/2007-03.csv,csv ohlcv,2026-05-17T13:29:27Z
KO,2007-04,ok,1560,av_intraday_5min/raw_monthly/KO/2007-04.csv,csv ohlcv,2026-05-17T13:29:28Z
KO,2007-05,ok,1716,av_intraday_5min/raw_monthly/KO/2007-05.csv,csv ohlcv,2026-05-17T13:29:29Z
KO,2007-06,ok,1638,av_intraday_5min/raw_monthly/KO/2007-06.csv,csv ohlcv,2026-05-17T13:29:29Z
KO,2007-07,ok,1607,av_intraday_5min/raw_monthly/KO/2007-07.csv,csv ohlcv,2026-05-17T13:29:30Z
KO,2007-08,ok,1794,av_intraday_5min/raw_monthly/KO/2007-08.csv,csv ohlcv,2026-05-17T13:29:31Z
KO,2007-09,ok,1482,av_intraday_5min/raw_monthly/KO/2007-09.csv,csv ohlcv,2026-05-17T13:29:32Z
KO,2007-10,ok,1794,av_intraday_5min/raw_monthly/KO/2007-10.csv,csv ohlcv,2026-05-17T13:29:32Z
KO,2007-11,ok,1613,av_intraday_5min/raw_monthly/KO/2007-11.csv,csv ohlcv,2026-05-17T13:29:33Z
KO,2007-12,ok,1529,av_intraday_5min/raw_monthly/KO/2007-12.csv,csv ohlcv,2026-05-17T13:29:34Z
KO,2008-01,ok,1638,av_intraday_5min/raw_monthly/KO/2008-01.csv,csv ohlcv,2026-05-17T13:29:35Z
KO,2008-02,ok,1560,av_intraday_5min/raw_monthly/KO/2008-02.csv,csv ohlcv,2026-05-17T13:29:36Z
KO,2008-03,ok,1560,av_intraday_5min/raw_monthly/KO/2008-03.csv,csv ohlcv,2026-05-17T13:29:36Z
KO,2008-04,ok,1716,av_intraday_5min/raw_monthly/KO/2008-04.csv,csv ohlcv,2026-05-17T13:29:37Z
KO,2008-05,ok,1638,av_intraday_5min/raw_monthly/KO/2008-05.csv,csv ohlcv,2026-05-17T13:29:38Z
KO,2008-06,ok,1638,av_intraday_5min/raw_monthly/KO/2008-06.csv,csv ohlcv,2026-05-17T13:29:39Z
KO,2008-07,ok,1685,av_intraday_5min/raw_monthly/KO/2008-07.csv,csv ohlcv,2026-05-17T13:29:40Z
KO,2008-08,ok,1638,av_intraday_5min/raw_monthly/KO/2008-08.csv,csv ohlcv,2026-05-17T13:29:40Z
KO,2008-09,ok,1637,av_intraday_5min/raw_monthly/KO/2008-09.csv,csv ohlcv,2026-05-17T13:29:41Z
KO,2008-10,ok,1794,av_intraday_5min/raw_monthly/KO/2008-10.csv,csv ohlcv,2026-05-17T13:29:42Z
KO,2008-11,ok,1456,av_intraday_5min/raw_monthly/KO/2008-11.csv,csv ohlcv,2026-05-17T13:29:43Z
KO,2008-12,ok,1682,av_intraday_5min/raw_monthly/KO/2008-12.csv,csv ohlcv,2026-05-17T13:29:44Z
KO,2009-01,ok,1560,av_intraday_5min/raw_monthly/KO/2009-01.csv,csv ohlcv,2026-05-17T13:29:45Z
KO,2009-02,ok,1482,av_intraday_5min/raw_monthly/KO/2009-02.csv,csv ohlcv,2026-05-17T13:29:45Z
KO,2009-03,ok,1716,av_intraday_5min/raw_monthly/KO/2009-03.csv,csv ohlcv,2026-05-17T13:29:46Z
KO,2009-04,ok,1638,av_intraday_5min/raw_monthly/KO/2009-04.csv,csv ohlcv,2026-05-17T13:29:47Z
KO,2009-05,ok,1560,av_intraday_5min/raw_monthly/KO/2009-05.csv,csv ohlcv,2026-05-17T13:29:48Z
KO,2009-06,ok,1716,av_intraday_5min/raw_monthly/KO/2009-06.csv,csv ohlcv,2026-05-17T13:29:49Z
KO,2009-07,ok,1716,av_intraday_5min/raw_monthly/KO/2009-07.csv,csv ohlcv,2026-05-17T13:29:49Z
KO,2009-08,ok,1638,av_intraday_5min/raw_monthly/KO/2009-08.csv,csv ohlcv,2026-05-17T13:29:50Z
KO,2009-09,ok,1638,av_intraday_5min/raw_monthly/KO/2009-09.csv,csv ohlcv,2026-05-17T13:29:51Z
KO,2009-10,ok,1716,av_intraday_5min/raw_monthly/KO/2009-10.csv,csv ohlcv,2026-05-17T13:29:52Z
KO,2009-11,ok,1532,av_intraday_5min/raw_monthly/KO/2009-11.csv,csv ohlcv,2026-05-17T13:29:53Z
KO,2009-12,ok,1681,av_intraday_5min/raw_monthly/KO/2009-12.csv,csv ohlcv,2026-05-17T13:29:54Z
KO,2010-01,ok,1482,av_intraday_5min/raw_monthly/KO/2010-01.csv,csv ohlcv,2026-05-17T13:29:54Z
KO,2010-02,ok,1482,av_intraday_5min/raw_monthly/KO/2010-02.csv,csv ohlcv,2026-05-17T13:29:55Z
KO,2010-03,ok,1794,av_intraday_5min/raw_monthly/KO/2010-03.csv,csv ohlcv,2026-05-17T13:29:56Z
KO,2010-04,ok,1638,av_intraday_5min/raw_monthly/KO/2010-04.csv,csv ohlcv,2026-05-17T13:29:57Z
KO,2010-05,ok,1560,av_intraday_5min/raw_monthly/KO/2010-05.csv,csv ohlcv,2026-05-17T13:29:58Z
KO,2010-06,ok,1716,av_intraday_5min/raw_monthly/KO/2010-06.csv,csv ohlcv,2026-05-17T13:29:58Z
KO,2010-07,ok,1638,av_intraday_5min/raw_monthly/KO/2010-07.csv,csv ohlcv,2026-05-17T13:29:59Z
KO,2010-08,ok,1716,av_intraday_5min/raw_monthly/KO/2010-08.csv,csv ohlcv,2026-05-17T13:30:00Z
KO,2010-09,ok,1638,av_intraday_5min/raw_monthly/KO/2010-09.csv,csv ohlcv,2026-05-17T13:30:01Z
KO,2010-10,ok,1638,av_intraday_5min/raw_monthly/KO/2010-10.csv,csv ohlcv,2026-05-17T13:30:02Z
KO,2010-11,ok,1609,av_intraday_5min/raw_monthly/KO/2010-11.csv,csv ohlcv,2026-05-17T13:30:03Z
KO,2010-12,ok,1716,av_intraday_5min/raw_monthly/KO/2010-12.csv,csv ohlcv,2026-05-17T13:30:03Z
KO,2011-01,ok,1560,av_intraday_5min/raw_monthly/KO/2011-01.csv,csv ohlcv,2026-05-17T13:30:05Z
KO,2011-02,ok,1482,av_intraday_5min/raw_monthly/KO/2011-02.csv,csv ohlcv,2026-05-17T13:30:05Z
KO,2011-03,ok,1794,av_intraday_5min/raw_monthly/KO/2011-03.csv,csv ohlcv,2026-05-17T13:30:06Z
KO,2011-04,ok,1560,av_intraday_5min/raw_monthly/KO/2011-04.csv,csv ohlcv,2026-05-17T13:30:07Z
KO,2011-05,ok,1638,av_intraday_5min/raw_monthly/KO/2011-05.csv,csv ohlcv,2026-05-17T13:30:08Z
KO,2011-06,ok,1716,av_intraday_5min/raw_monthly/KO/2011-06.csv,csv ohlcv,2026-05-17T13:30:09Z
KO,2011-07,ok,1560,av_intraday_5min/raw_monthly/KO/2011-07.csv,csv ohlcv,2026-05-17T13:30:10Z
KO,2011-08,ok,1794,av_intraday_5min/raw_monthly/KO/2011-08.csv,csv ohlcv,2026-05-17T13:30:11Z
KO,2011-09,ok,1638,av_intraday_5min/raw_monthly/KO/2011-09.csv,csv ohlcv,2026-05-17T13:30:12Z
KO,2011-10,ok,1638,av_intraday_5min/raw_monthly/KO/2011-10.csv,csv ohlcv,2026-05-17T13:30:13Z
KO,2011-11,ok,1607,av_intraday_5min/raw_monthly/KO/2011-11.csv,csv ohlcv,2026-05-17T13:30:14Z
KO,2011-12,ok,1638,av_intraday_5min/raw_monthly/KO/2011-12.csv,csv ohlcv,2026-05-17T13:30:15Z
KO,2012-01,ok,1560,av_intraday_5min/raw_monthly/KO/2012-01.csv,csv ohlcv,2026-05-17T13:30:15Z
KO,2012-02,ok,1560,av_intraday_5min/raw_monthly/KO/2012-02.csv,csv ohlcv,2026-05-17T13:30:16Z
KO,2012-03,ok,1716,av_intraday_5min/raw_monthly/KO/2012-03.csv,csv ohlcv,2026-05-17T13:30:17Z
KO,2012-04,ok,1560,av_intraday_5min/raw_monthly/KO/2012-04.csv,csv ohlcv,2026-05-17T13:30:18Z
KO,2012-05,ok,1716,av_intraday_5min/raw_monthly/KO/2012-05.csv,csv ohlcv,2026-05-17T13:30:19Z
KO,2012-06,ok,1638,av_intraday_5min/raw_monthly/KO/2012-06.csv,csv ohlcv,2026-05-17T13:30:20Z
KO,2012-07,ok,1605,av_intraday_5min/raw_monthly/KO/2012-07.csv,csv ohlcv,2026-05-17T13:30:21Z
KO,2012-08,ok,1794,av_intraday_5min/raw_monthly/KO/2012-08.csv,csv ohlcv,2026-05-17T13:30:22Z
KO,2012-09,ok,1482,av_intraday_5min/raw_monthly/KO/2012-09.csv,csv ohlcv,2026-05-17T13:30:22Z
KO,2012-10,ok,1638,av_intraday_5min/raw_monthly/KO/2012-10.csv,csv ohlcv,2026-05-17T13:30:23Z
KO,2012-11,ok,1606,av_intraday_5min/raw_monthly/KO/2012-11.csv,csv ohlcv,2026-05-17T13:30:24Z
KO,2012-12,ok,1525,av_intraday_5min/raw_monthly/KO/2012-12.csv,csv ohlcv,2026-05-17T13:30:25Z
KO,2013-01,ok,1638,av_intraday_5min/raw_monthly/KO/2013-01.csv,csv ohlcv,2026-05-17T13:30:25Z
KO,2013-02,ok,1482,av_intraday_5min/raw_monthly/KO/2013-02.csv,csv ohlcv,2026-05-17T13:30:26Z
KO,2013-03,ok,1560,av_intraday_5min/raw_monthly/KO/2013-03.csv,csv ohlcv,2026-05-17T13:30:27Z
KO,2013-04,ok,1716,av_intraday_5min/raw_monthly/KO/2013-04.csv,csv ohlcv,2026-05-17T13:30:28Z
KO,2013-05,ok,1716,av_intraday_5min/raw_monthly/KO/2013-05.csv,csv ohlcv,2026-05-17T13:30:29Z
KO,2013-06,ok,1560,av_intraday_5min/raw_monthly/KO/2013-06.csv,csv ohlcv,2026-05-17T13:30:30Z
KO,2013-07,ok,1685,av_intraday_5min/raw_monthly/KO/2013-07.csv,csv ohlcv,2026-05-17T13:30:30Z
KO,2013-08,ok,1716,av_intraday_5min/raw_monthly/KO/2013-08.csv,csv ohlcv,2026-05-17T13:30:31Z
KO,2013-09,ok,1560,av_intraday_5min/raw_monthly/KO/2013-09.csv,csv ohlcv,2026-05-17T13:30:32Z
KO,2013-10,ok,1794,av_intraday_5min/raw_monthly/KO/2013-10.csv,csv ohlcv,2026-05-17T13:30:33Z
KO,2013-11,ok,1527,av_intraday_5min/raw_monthly/KO/2013-11.csv,csv ohlcv,2026-05-17T13:30:34Z
KO,2013-12,ok,1607,av_intraday_5min/raw_monthly/KO/2013-12.csv,csv ohlcv,2026-05-17T13:30:34Z
KO,2014-01,ok,1638,av_intraday_5min/raw_monthly/KO/2014-01.csv,csv ohlcv,2026-05-17T13:30:35Z
KO,2014-02,ok,1482,av_intraday_5min/raw_monthly/KO/2014-02.csv,csv ohlcv,2026-05-17T13:30:36Z
KO,2014-03,ok,1638,av_intraday_5min/raw_monthly/KO/2014-03.csv,csv ohlcv,2026-05-17T13:30:37Z
KO,2014-04,ok,1638,av_intraday_5min/raw_monthly/KO/2014-04.csv,csv ohlcv,2026-05-17T13:30:38Z
KO,2014-05,ok,1638,av_intraday_5min/raw_monthly/KO/2014-05.csv,csv ohlcv,2026-05-17T13:30:39Z
KO,2014-06,ok,1638,av_intraday_5min/raw_monthly/KO/2014-06.csv,csv ohlcv,2026-05-17T13:30:40Z
KO,2014-07,ok,1688,av_intraday_5min/raw_monthly/KO/2014-07.csv,csv ohlcv,2026-05-17T13:30:40Z
KO,2014-08,ok,1638,av_intraday_5min/raw_monthly/KO/2014-08.csv,csv ohlcv,2026-05-17T13:30:41Z
KO,2014-09,ok,1638,av_intraday_5min/raw_monthly/KO/2014-09.csv,csv ohlcv,2026-05-17T13:30:42Z
KO,2014-10,ok,1783,av_intraday_5min/raw_monthly/KO/2014-10.csv,csv ohlcv,2026-05-17T13:30:43Z
KO,2014-11,ok,1450,av_intraday_5min/raw_monthly/KO/2014-11.csv,csv ohlcv,2026-05-17T13:30:44Z
KO,2014-12,ok,1683,av_intraday_5min/raw_monthly/KO/2014-12.csv,csv ohlcv,2026-05-17T13:30:45Z
KO,2015-01,ok,1560,av_intraday_5min/raw_monthly/KO/2015-01.csv,csv ohlcv,2026-05-17T13:30:46Z
KO,2015-02,ok,1482,av_intraday_5min/raw_monthly/KO/2015-02.csv,csv ohlcv,2026-05-17T13:30:47Z
KO,2015-03,ok,1716,av_intraday_5min/raw_monthly/KO/2015-03.csv,csv ohlcv,2026-05-17T13:30:47Z
KO,2015-04,ok,1638,av_intraday_5min/raw_monthly/KO/2015-04.csv,csv ohlcv,2026-05-17T13:30:48Z
KO,2015-05,ok,1560,av_intraday_5min/raw_monthly/KO/2015-05.csv,csv ohlcv,2026-05-17T13:30:49Z
KO,2015-06,ok,1716,av_intraday_5min/raw_monthly/KO/2015-06.csv,csv ohlcv,2026-05-17T13:30:50Z
KO,2015-07,ok,1716,av_intraday_5min/raw_monthly/KO/2015-07.csv,csv ohlcv,2026-05-17T13:30:51Z
KO,2015-08,ok,1638,av_intraday_5min/raw_monthly/KO/2015-08.csv,csv ohlcv,2026-05-17T13:30:52Z
KO,2015-09,ok,1638,av_intraday_5min/raw_monthly/KO/2015-09.csv,csv ohlcv,2026-05-17T13:30:53Z
KO,2015-10,ok,1716,av_intraday_5min/raw_monthly/KO/2015-10.csv,csv ohlcv,2026-05-17T13:30:54Z
KO,2015-11,ok,1529,av_intraday_5min/raw_monthly/KO/2015-11.csv,csv ohlcv,2026-05-17T13:30:55Z
KO,2015-12,ok,1681,av_intraday_5min/raw_monthly/KO/2015-12.csv,csv ohlcv,2026-05-17T13:30:56Z
KO,2016-01,ok,1482,av_intraday_5min/raw_monthly/KO/2016-01.csv,csv ohlcv,2026-05-17T13:30:56Z
KO,2016-02,ok,1560,av_intraday_5min/raw_monthly/KO/2016-02.csv,csv ohlcv,2026-05-17T13:30:57Z
KO,2016-03,ok,1716,av_intraday_5min/raw_monthly/KO/2016-03.csv,csv ohlcv,2026-05-17T13:30:58Z
KO,2016-04,ok,1638,av_intraday_5min/raw_monthly/KO/2016-04.csv,csv ohlcv,2026-05-17T13:30:59Z
KO,2016-05,ok,1638,av_intraday_5min/raw_monthly/KO/2016-05.csv,csv ohlcv,2026-05-17T13:31:00Z
KO,2016-06,ok,1716,av_intraday_5min/raw_monthly/KO/2016-06.csv,csv ohlcv,2026-05-17T13:31:01Z
KO,2016-07,ok,1560,av_intraday_5min/raw_monthly/KO/2016-07.csv,csv ohlcv,2026-05-17T13:31:02Z
KO,2016-08,ok,1794,av_intraday_5min/raw_monthly/KO/2016-08.csv,csv ohlcv,2026-05-17T13:31:03Z
KO,2016-09,ok,1638,av_intraday_5min/raw_monthly/KO/2016-09.csv,csv ohlcv,2026-05-17T13:31:03Z
KO,2016-10,ok,1638,av_intraday_5min/raw_monthly/KO/2016-10.csv,csv ohlcv,2026-05-17T13:31:04Z
KO,2016-11,ok,1611,av_intraday_5min/raw_monthly/KO/2016-11.csv,csv ohlcv,2026-05-17T13:31:05Z
KO,2016-12,ok,1638,av_intraday_5min/raw_monthly/KO/2016-12.csv,csv ohlcv,2026-05-17T13:31:06Z
KO,2017-01,ok,1560,av_intraday_5min/raw_monthly/KO/2017-01.csv,csv ohlcv,2026-05-17T13:31:07Z
KO,2017-02,ok,1482,av_intraday_5min/raw_monthly/KO/2017-02.csv,csv ohlcv,2026-05-17T13:31:08Z
KO,2017-03,ok,1794,av_intraday_5min/raw_monthly/KO/2017-03.csv,csv ohlcv,2026-05-17T13:31:09Z
KO,2017-04,ok,1482,av_intraday_5min/raw_monthly/KO/2017-04.csv,csv ohlcv,2026-05-17T13:31:10Z
KO,2017-05,ok,1716,av_intraday_5min/raw_monthly/KO/2017-05.csv,csv ohlcv,2026-05-17T13:31:10Z
KO,2017-06,ok,1716,av_intraday_5min/raw_monthly/KO/2017-06.csv,csv ohlcv,2026-05-17T13:31:11Z
KO,2017-07,ok,1531,av_intraday_5min/raw_monthly/KO/2017-07.csv,csv ohlcv,2026-05-17T13:31:12Z
KO,2017-08,ok,1794,av_intraday_5min/raw_monthly/KO/2017-08.csv,csv ohlcv,2026-05-17T13:31:13Z
KO,2017-09,ok,1560,av_intraday_5min/raw_monthly/KO/2017-09.csv,csv ohlcv,2026-05-17T13:31:14Z
KO,2017-10,ok,1716,av_intraday_5min/raw_monthly/KO/2017-10.csv,csv ohlcv,2026-05-17T13:31:14Z
KO,2017-11,ok,1604,av_intraday_5min/raw_monthly/KO/2017-11.csv,csv ohlcv,2026-05-17T13:31:15Z
KO,2017-12,ok,1560,av_intraday_5min/raw_monthly/KO/2017-12.csv,csv ohlcv,2026-05-17T13:31:16Z
MCD,2001-02,ok,1481,av_intraday_5min/raw_monthly/MCD/2001-02.csv,csv ohlcv,2026-05-17T13:31:17Z
MCD,2001-03,ok,1711,av_intraday_5min/raw_monthly/MCD/2001-03.csv,csv ohlcv,2026-05-17T13:31:17Z
MCD,2001-04,ok,1559,av_intraday_5min/raw_monthly/MCD/2001-04.csv,csv ohlcv,2026-05-17T13:31:18Z
MCD,2001-05,ok,1712,av_intraday_5min/raw_monthly/MCD/2001-05.csv,csv ohlcv,2026-05-17T13:31:19Z
MCD,2001-06,ok,1623,av_intraday_5min/raw_monthly/MCD/2001-06.csv,csv ohlcv,2026-05-17T13:31:20Z
MCD,2001-07,ok,1600,av_intraday_5min/raw_monthly/MCD/2001-07.csv,csv ohlcv,2026-05-17T13:31:21Z
MCD,2001-08,ok,1794,av_intraday_5min/raw_monthly/MCD/2001-08.csv,csv ohlcv,2026-05-17T13:31:22Z
MCD,2001-09,ok,1164,av_intraday_5min/raw_monthly/MCD/2001-09.csv,csv ohlcv,2026-05-17T13:31:22Z
MCD,2001-10,ok,1794,av_intraday_5min/raw_monthly/MCD/2001-10.csv,csv ohlcv,2026-05-17T13:31:23Z
MCD,2001-11,ok,1598,av_intraday_5min/raw_monthly/MCD/2001-11.csv,csv ohlcv,2026-05-17T13:31:24Z
MCD,2001-12,ok,1525,av_intraday_5min/raw_monthly/MCD/2001-12.csv,csv ohlcv,2026-05-17T13:31:25Z
MCD,2002-01,ok,1637,av_intraday_5min/raw_monthly/MCD/2002-01.csv,csv ohlcv,2026-05-17T13:31:26Z
MCD,2002-02,ok,1482,av_intraday_5min/raw_monthly/MCD/2002-02.csv,csv ohlcv,2026-05-17T13:31:27Z
MCD,2002-03,ok,1559,av_intraday_5min/raw_monthly/MCD/2002-03.csv,csv ohlcv,2026-05-17T13:31:27Z
MCD,2002-04,ok,1715,av_intraday_5min/raw_monthly/MCD/2002-04.csv,csv ohlcv,2026-05-17T13:31:28Z
MCD,2002-05,ok,1715,av_intraday_5min/raw_monthly/MCD/2002-05.csv,csv ohlcv,2026-05-17T13:31:29Z
MCD,2002-06,ok,1559,av_intraday_5min/raw_monthly/MCD/2002-06.csv,csv ohlcv,2026-05-17T13:31:30Z
MCD,2002-07,ok,1680,av_intraday_5min/raw_monthly/MCD/2002-07.csv,csv ohlcv,2026-05-17T13:31:31Z
MCD,2002-08,ok,1715,av_intraday_5min/raw_monthly/MCD/2002-08.csv,csv ohlcv,2026-05-17T13:31:31Z
MCD,2002-09,ok,1528,av_intraday_5min/raw_monthly/MCD/2002-09.csv,csv ohlcv,2026-05-17T13:31:32Z
MCD,2002-10,ok,1793,av_intraday_5min/raw_monthly/MCD/2002-10.csv,csv ohlcv,2026-05-17T13:31:33Z
MCD,2002-11,ok,1525,av_intraday_5min/raw_monthly/MCD/2002-11.csv,csv ohlcv,2026-05-17T13:31:34Z
MCD,2002-12,ok,1602,av_intraday_5min/raw_monthly/MCD/2002-12.csv,csv ohlcv,2026-05-17T13:31:35Z
MCD,2003-01,ok,1638,av_intraday_5min/raw_monthly/MCD/2003-01.csv,csv ohlcv,2026-05-17T13:31:36Z
MCD,2003-02,ok,1482,av_intraday_5min/raw_monthly/MCD/2003-02.csv,csv ohlcv,2026-05-17T13:31:36Z
MCD,2003-03,ok,1638,av_intraday_5min/raw_monthly/MCD/2003-03.csv,csv ohlcv,2026-05-17T13:31:37Z
MCD,2003-04,ok,1638,av_intraday_5min/raw_monthly/MCD/2003-04.csv,csv ohlcv,2026-05-17T13:31:38Z
MCD,2003-05,ok,1636,av_intraday_5min/raw_monthly/MCD/2003-05.csv,csv ohlcv,2026-05-17T13:31:39Z
MCD,2003-06,ok,1636,av_intraday_5min/raw_monthly/MCD/2003-06.csv,csv ohlcv,2026-05-17T13:31:40Z
MCD,2003-07,ok,1681,av_intraday_5min/raw_monthly/MCD/2003-07.csv,csv ohlcv,2026-05-17T13:31:41Z
MCD,2003-08,ok,1638,av_intraday_5min/raw_monthly/MCD/2003-08.csv,csv ohlcv,2026-05-17T13:31:42Z
MCD,2003-09,ok,1638,av_intraday_5min/raw_monthly/MCD/2003-09.csv,csv ohlcv,2026-05-17T13:31:43Z
MCD,2003-10,ok,1794,av_intraday_5min/raw_monthly/MCD/2003-10.csv,csv ohlcv,2026-05-17T13:31:43Z
MCD,2003-11,ok,1447,av_intraday_5min/raw_monthly/MCD/2003-11.csv,csv ohlcv,2026-05-17T13:31:44Z
MCD,2003-12,ok,1646,av_intraday_5min/raw_monthly/MCD/2003-12.csv,csv ohlcv,2026-05-17T13:31:45Z
MCD,2004-01,ok,1560,av_intraday_5min/raw_monthly/MCD/2004-01.csv,csv ohlcv,2026-05-17T13:31:46Z
MCD,2004-02,ok,1482,av_intraday_5min/raw_monthly/MCD/2004-02.csv,csv ohlcv,2026-05-17T13:31:47Z
MCD,2004-03,ok,1794,av_intraday_5min/raw_monthly/MCD/2004-03.csv,csv ohlcv,2026-05-17T13:31:48Z
MCD,2004-04,ok,1636,av_intraday_5min/raw_monthly/MCD/2004-04.csv,csv ohlcv,2026-05-17T13:31:49Z
MCD,2004-05,ok,1560,av_intraday_5min/raw_monthly/MCD/2004-05.csv,csv ohlcv,2026-05-17T13:31:50Z
MCD,2004-06,ok,1638,av_intraday_5min/raw_monthly/MCD/2004-06.csv,csv ohlcv,2026-05-17T13:31:50Z
MCD,2004-07,ok,1638,av_intraday_5min/raw_monthly/MCD/2004-07.csv,csv ohlcv,2026-05-17T13:31:51Z
MCD,2004-08,ok,1716,av_intraday_5min/raw_monthly/MCD/2004-08.csv,csv ohlcv,2026-05-17T13:31:52Z
MCD,2004-09,ok,1638,av_intraday_5min/raw_monthly/MCD/2004-09.csv,csv ohlcv,2026-05-17T13:31:53Z
MCD,2004-10,ok,1638,av_intraday_5min/raw_monthly/MCD/2004-10.csv,csv ohlcv,2026-05-17T13:31:54Z
MCD,2004-11,ok,1604,av_intraday_5min/raw_monthly/MCD/2004-11.csv,csv ohlcv,2026-05-17T13:31:55Z
MCD,2004-12,ok,1716,av_intraday_5min/raw_monthly/MCD/2004-12.csv,csv ohlcv,2026-05-17T13:31:55Z
MCD,2005-01,ok,1560,av_intraday_5min/raw_monthly/MCD/2005-01.csv,csv ohlcv,2026-05-17T13:31:56Z
MCD,2005-02,ok,1482,av_intraday_5min/raw_monthly/MCD/2005-02.csv,csv ohlcv,2026-05-17T13:31:57Z
MCD,2005-03,ok,1716,av_intraday_5min/raw_monthly/MCD/2005-03.csv,csv ohlcv,2026-05-17T13:31:58Z
MCD,2005-04,ok,1638,av_intraday_5min/raw_monthly/MCD/2005-04.csv,csv ohlcv,2026-05-17T13:31:59Z
MCD,2005-05,ok,1638,av_intraday_5min/raw_monthly/MCD/2005-05.csv,csv ohlcv,2026-05-17T13:31:59Z
MCD,2005-06,ok,1714,av_intraday_5min/raw_monthly/MCD/2005-06.csv,csv ohlcv,2026-05-17T13:32:00Z
MCD,2005-07,ok,1560,av_intraday_5min/raw_monthly/MCD/2005-07.csv,csv ohlcv,2026-05-17T13:32:01Z
MCD,2005-08,ok,1794,av_intraday_5min/raw_monthly/MCD/2005-08.csv,csv ohlcv,2026-05-17T13:32:02Z
MCD,2005-09,ok,1638,av_intraday_5min/raw_monthly/MCD/2005-09.csv,csv ohlcv,2026-05-17T13:32:03Z
MCD,2005-10,ok,1638,av_intraday_5min/raw_monthly/MCD/2005-10.csv,csv ohlcv,2026-05-17T13:32:04Z
MCD,2005-11,ok,1603,av_intraday_5min/raw_monthly/MCD/2005-11.csv,csv ohlcv,2026-05-17T13:32:05Z
MCD,2005-12,ok,1638,av_intraday_5min/raw_monthly/MCD/2005-12.csv,csv ohlcv,2026-05-17T13:32:05Z
MCD,2006-01,ok,1560,av_intraday_5min/raw_monthly/MCD/2006-01.csv,csv ohlcv,2026-05-17T13:32:06Z
MCD,2006-02,ok,1482,av_intraday_5min/raw_monthly/MCD/2006-02.csv,csv ohlcv,2026-05-17T13:32:07Z
MCD,2006-03,ok,1794,av_intraday_5min/raw_monthly/MCD/2006-03.csv,csv ohlcv,2026-05-17T13:32:08Z
MCD,2006-04,ok,1482,av_intraday_5min/raw_monthly/MCD/2006-04.csv,csv ohlcv,2026-05-17T13:32:09Z
MCD,2006-05,ok,1716,av_intraday_5min/raw_monthly/MCD/2006-05.csv,csv ohlcv,2026-05-17T13:32:10Z
MCD,2006-06,ok,1716,av_intraday_5min/raw_monthly/MCD/2006-06.csv,csv ohlcv,2026-05-17T13:32:10Z
MCD,2006-07,ok,1525,av_intraday_5min/raw_monthly/MCD/2006-07.csv,csv ohlcv,2026-05-17T13:32:11Z
MCD,2006-08,ok,1794,av_intraday_5min/raw_monthly/MCD/2006-08.csv,csv ohlcv,2026-05-17T13:32:12Z
MCD,2006-09,ok,1560,av_intraday_5min/raw_monthly/MCD/2006-09.csv,csv ohlcv,2026-05-17T13:32:13Z
MCD,2006-10,ok,1716,av_intraday_5min/raw_monthly/MCD/2006-10.csv,csv ohlcv,2026-05-17T13:32:14Z
MCD,2006-11,ok,1603,av_intraday_5min/raw_monthly/MCD/2006-11.csv,csv ohlcv,2026-05-17T13:32:15Z
MCD,2006-12,ok,1559,av_intraday_5min/raw_monthly/MCD/2006-12.csv,csv ohlcv,2026-05-17T13:32:15Z
MCD,2007-01,ok,1560,av_intraday_5min/raw_monthly/MCD/2007-01.csv,csv ohlcv,2026-05-17T13:32:16Z
MCD,2007-02,ok,1482,av_intraday_5min/raw_monthly/MCD/2007-02.csv,csv ohlcv,2026-05-17T13:32:17Z
MCD,2007-03,ok,1716,av_intraday_5min/raw_monthly/MCD/2007-03.csv,csv ohlcv,2026-05-17T13:32:18Z
MCD,2007-04,ok,1560,av_intraday_5min/raw_monthly/MCD/2007-04.csv,csv ohlcv,2026-05-17T13:32:19Z
MCD,2007-05,ok,1716,av_intraday_5min/raw_monthly/MCD/2007-05.csv,csv ohlcv,2026-05-17T13:32:20Z
MCD,2007-06,ok,1638,av_intraday_5min/raw_monthly/MCD/2007-06.csv,csv ohlcv,2026-05-17T13:32:20Z
MCD,2007-07,ok,1607,av_intraday_5min/raw_monthly/MCD/2007-07.csv,csv ohlcv,2026-05-17T13:32:21Z
MCD,2007-08,ok,1794,av_intraday_5min/raw_monthly/MCD/2007-08.csv,csv ohlcv,2026-05-17T13:32:22Z
MCD,2007-09,ok,1481,av_intraday_5min/raw_monthly/MCD/2007-09.csv,csv ohlcv,2026-05-17T13:32:23Z
MCD,2007-10,ok,1794,av_intraday_5min/raw_monthly/MCD/2007-10.csv,csv ohlcv,2026-05-17T13:32:24Z
MCD,2007-11,ok,1610,av_intraday_5min/raw_monthly/MCD/2007-11.csv,csv ohlcv,2026-05-17T13:32:25Z
MCD,2007-12,ok,1528,av_intraday_5min/raw_monthly/MCD/2007-12.csv,csv ohlcv,2026-05-17T13:32:26Z
MCD,2008-01,ok,1638,av_intraday_5min/raw_monthly/MCD/2008-01.csv,csv ohlcv,2026-05-17T13:32:26Z
MCD,2008-02,ok,1560,av_intraday_5min/raw_monthly/MCD/2008-02.csv,csv ohlcv,2026-05-17T13:32:27Z
MCD,2008-03,ok,1560,av_intraday_5min/raw_monthly/MCD/2008-03.csv,csv ohlcv,2026-05-17T13:32:28Z
MCD,2008-04,ok,1716,av_intraday_5min/raw_monthly/MCD/2008-04.csv,csv ohlcv,2026-05-17T13:32:29Z
MCD,2008-05,ok,1638,av_intraday_5min/raw_monthly/MCD/2008-05.csv,csv ohlcv,2026-05-17T13:32:30Z
MCD,2008-06,ok,1638,av_intraday_5min/raw_monthly/MCD/2008-06.csv,csv ohlcv,2026-05-17T13:32:31Z
MCD,2008-07,ok,1685,av_intraday_5min/raw_monthly/MCD/2008-07.csv,csv ohlcv,2026-05-17T13:32:32Z
MCD,2008-08,ok,1638,av_intraday_5min/raw_monthly/MCD/2008-08.csv,csv ohlcv,2026-05-17T13:32:32Z
MCD,2008-09,ok,1638,av_intraday_5min/raw_monthly/MCD/2008-09.csv,csv ohlcv,2026-05-17T13:32:33Z
MCD,2008-10,ok,1794,av_intraday_5min/raw_monthly/MCD/2008-10.csv,csv ohlcv,2026-05-17T13:32:34Z
MCD,2008-11,ok,1453,av_intraday_5min/raw_monthly/MCD/2008-11.csv,csv ohlcv,2026-05-17T13:32:35Z
MCD,2008-12,ok,1683,av_intraday_5min/raw_monthly/MCD/2008-12.csv,csv ohlcv,2026-05-17T13:32:36Z
MCD,2009-01,ok,1560,av_intraday_5min/raw_monthly/MCD/2009-01.csv,csv ohlcv,2026-05-17T13:32:37Z
MCD,2009-02,ok,1482,av_intraday_5min/raw_monthly/MCD/2009-02.csv,csv ohlcv,2026-05-17T13:32:38Z
MCD,2009-03,ok,1716,av_intraday_5min/raw_monthly/MCD/2009-03.csv,csv ohlcv,2026-05-17T13:32:38Z
MCD,2009-04,ok,1638,av_intraday_5min/raw_monthly/MCD/2009-04.csv,csv ohlcv,2026-05-17T13:32:39Z
MCD,2009-05,ok,1560,av_intraday_5min/raw_monthly/MCD/2009-05.csv,csv ohlcv,2026-05-17T13:32:40Z
MCD,2009-06,ok,1716,av_intraday_5min/raw_monthly/MCD/2009-06.csv,csv ohlcv,2026-05-17T13:32:41Z
MCD,2009-07,ok,1716,av_intraday_5min/raw_monthly/MCD/2009-07.csv,csv ohlcv,2026-05-17T13:32:42Z
MCD,2009-08,ok,1638,av_intraday_5min/raw_monthly/MCD/2009-08.csv,csv ohlcv,2026-05-17T13:32:43Z
MCD,2009-09,ok,1638,av_intraday_5min/raw_monthly/MCD/2009-09.csv,csv ohlcv,2026-05-17T13:32:43Z
MCD,2009-10,ok,1716,av_intraday_5min/raw_monthly/MCD/2009-10.csv,csv ohlcv,2026-05-17T13:32:44Z
MCD,2009-11,ok,1529,av_intraday_5min/raw_monthly/MCD/2009-11.csv,csv ohlcv,2026-05-17T13:32:45Z
MCD,2009-12,ok,1682,av_intraday_5min/raw_monthly/MCD/2009-12.csv,csv ohlcv,2026-05-17T13:32:46Z
MCD,2010-01,ok,1482,av_intraday_5min/raw_monthly/MCD/2010-01.csv,csv ohlcv,2026-05-17T13:32:47Z
MCD,2010-02,ok,1482,av_intraday_5min/raw_monthly/MCD/2010-02.csv,csv ohlcv,2026-05-17T13:32:47Z
MCD,2010-03,ok,1794,av_intraday_5min/raw_monthly/MCD/2010-03.csv,csv ohlcv,2026-05-17T13:32:48Z
MCD,2010-04,ok,1638,av_intraday_5min/raw_monthly/MCD/2010-04.csv,csv ohlcv,2026-05-17T13:32:49Z
MCD,2010-05,ok,1560,av_intraday_5min/raw_monthly/MCD/2010-05.csv,csv ohlcv,2026-05-17T13:32:50Z
MCD,2010-06,ok,1716,av_intraday_5min/raw_monthly/MCD/2010-06.csv,csv ohlcv,2026-05-17T13:32:51Z
MCD,2010-07,ok,1638,av_intraday_5min/raw_monthly/MCD/2010-07.csv,csv ohlcv,2026-05-17T13:32:52Z
MCD,2010-08,ok,1716,av_intraday_5min/raw_monthly/MCD/2010-08.csv,csv ohlcv,2026-05-17T13:32:52Z
MCD,2010-09,ok,1638,av_intraday_5min/raw_monthly/MCD/2010-09.csv,csv ohlcv,2026-05-17T13:32:53Z
MCD,2010-10,ok,1638,av_intraday_5min/raw_monthly/MCD/2010-10.csv,csv ohlcv,2026-05-17T13:32:54Z
MCD,2010-11,ok,1613,av_intraday_5min/raw_monthly/MCD/2010-11.csv,csv ohlcv,2026-05-17T13:32:55Z
MCD,2010-12,ok,1716,av_intraday_5min/raw_monthly/MCD/2010-12.csv,csv ohlcv,2026-05-17T13:32:56Z
MCD,2011-01,ok,1560,av_intraday_5min/raw_monthly/MCD/2011-01.csv,csv ohlcv,2026-05-17T13:32:57Z
MCD,2011-02,ok,1482,av_intraday_5min/raw_monthly/MCD/2011-02.csv,csv ohlcv,2026-05-17T13:32:57Z
MCD,2011-03,ok,1794,av_intraday_5min/raw_monthly/MCD/2011-03.csv,csv ohlcv,2026-05-17T13:32:58Z
MCD,2011-04,ok,1560,av_intraday_5min/raw_monthly/MCD/2011-04.csv,csv ohlcv,2026-05-17T13:32:59Z
MCD,2011-05,ok,1638,av_intraday_5min/raw_monthly/MCD/2011-05.csv,csv ohlcv,2026-05-17T13:33:00Z
MCD,2011-06,ok,1716,av_intraday_5min/raw_monthly/MCD/2011-06.csv,csv ohlcv,2026-05-17T13:33:01Z
MCD,2011-07,ok,1560,av_intraday_5min/raw_monthly/MCD/2011-07.csv,csv ohlcv,2026-05-17T13:33:02Z
MCD,2011-08,ok,1794,av_intraday_5min/raw_monthly/MCD/2011-08.csv,csv ohlcv,2026-05-17T13:33:03Z
MCD,2011-09,ok,1638,av_intraday_5min/raw_monthly/MCD/2011-09.csv,csv ohlcv,2026-05-17T13:33:04Z
MCD,2011-10,ok,1638,av_intraday_5min/raw_monthly/MCD/2011-10.csv,csv ohlcv,2026-05-17T13:33:05Z
MCD,2011-11,ok,1608,av_intraday_5min/raw_monthly/MCD/2011-11.csv,csv ohlcv,2026-05-17T13:33:05Z
MCD,2011-12,ok,1638,av_intraday_5min/raw_monthly/MCD/2011-12.csv,csv ohlcv,2026-05-17T13:33:06Z
MCD,2012-01,ok,1560,av_intraday_5min/raw_monthly/MCD/2012-01.csv,csv ohlcv,2026-05-17T13:33:07Z
MCD,2012-02,ok,1560,av_intraday_5min/raw_monthly/MCD/2012-02.csv,csv ohlcv,2026-05-17T13:33:08Z
MCD,2012-03,ok,1716,av_intraday_5min/raw_monthly/MCD/2012-03.csv,csv ohlcv,2026-05-17T13:33:09Z
MCD,2012-04,ok,1560,av_intraday_5min/raw_monthly/MCD/2012-04.csv,csv ohlcv,2026-05-17T13:33:10Z
MCD,2012-05,ok,1716,av_intraday_5min/raw_monthly/MCD/2012-05.csv,csv ohlcv,2026-05-17T13:33:11Z
MCD,2012-06,ok,1638,av_intraday_5min/raw_monthly/MCD/2012-06.csv,csv ohlcv,2026-05-17T13:33:11Z
MCD,2012-07,ok,1605,av_intraday_5min/raw_monthly/MCD/2012-07.csv,csv ohlcv,2026-05-17T13:33:12Z
MCD,2012-08,ok,1794,av_intraday_5min/raw_monthly/MCD/2012-08.csv,csv ohlcv,2026-05-17T13:33:13Z
MCD,2012-09,ok,1482,av_intraday_5min/raw_monthly/MCD/2012-09.csv,csv ohlcv,2026-05-17T13:33:14Z
MCD,2012-10,ok,1638,av_intraday_5min/raw_monthly/MCD/2012-10.csv,csv ohlcv,2026-05-17T13:33:15Z
MCD,2012-11,ok,1603,av_intraday_5min/raw_monthly/MCD/2012-11.csv,csv ohlcv,2026-05-17T13:33:16Z
MCD,2012-12,ok,1527,av_intraday_5min/raw_monthly/MCD/2012-12.csv,csv ohlcv,2026-05-17T13:33:17Z
MCD,2013-01,ok,1638,av_intraday_5min/raw_monthly/MCD/2013-01.csv,csv ohlcv,2026-05-17T13:33:18Z
MCD,2013-02,ok,1482,av_intraday_5min/raw_monthly/MCD/2013-02.csv,csv ohlcv,2026-05-17T13:33:19Z
MCD,2013-03,ok,1560,av_intraday_5min/raw_monthly/MCD/2013-03.csv,csv ohlcv,2026-05-17T13:33:20Z
MCD,2013-04,ok,1716,av_intraday_5min/raw_monthly/MCD/2013-04.csv,csv ohlcv,2026-05-17T13:33:20Z
MCD,2013-05,ok,1716,av_intraday_5min/raw_monthly/MCD/2013-05.csv,csv ohlcv,2026-05-17T13:33:21Z
MCD,2013-06,ok,1560,av_intraday_5min/raw_monthly/MCD/2013-06.csv,csv ohlcv,2026-05-17T13:33:22Z
MCD,2013-07,ok,1684,av_intraday_5min/raw_monthly/MCD/2013-07.csv,csv ohlcv,2026-05-17T13:33:23Z
MCD,2013-08,ok,1716,av_intraday_5min/raw_monthly/MCD/2013-08.csv,csv ohlcv,2026-05-17T13:33:24Z
MCD,2013-09,ok,1560,av_intraday_5min/raw_monthly/MCD/2013-09.csv,csv ohlcv,2026-05-17T13:33:24Z
MCD,2013-10,ok,1794,av_intraday_5min/raw_monthly/MCD/2013-10.csv,csv ohlcv,2026-05-17T13:33:25Z
MCD,2013-11,ok,1528,av_intraday_5min/raw_monthly/MCD/2013-11.csv,csv ohlcv,2026-05-17T13:33:26Z
MCD,2013-12,ok,1605,av_intraday_5min/raw_monthly/MCD/2013-12.csv,csv ohlcv,2026-05-17T13:33:27Z
MCD,2014-01,ok,1638,av_intraday_5min/raw_monthly/MCD/2014-01.csv,csv ohlcv,2026-05-17T13:33:28Z
MCD,2014-02,ok,1482,av_intraday_5min/raw_monthly/MCD/2014-02.csv,csv ohlcv,2026-05-17T13:33:29Z
MCD,2014-03,ok,1638,av_intraday_5min/raw_monthly/MCD/2014-03.csv,csv ohlcv,2026-05-17T13:33:29Z
MCD,2014-04,ok,1638,av_intraday_5min/raw_monthly/MCD/2014-04.csv,csv ohlcv,2026-05-17T13:33:30Z
MCD,2014-05,ok,1638,av_intraday_5min/raw_monthly/MCD/2014-05.csv,csv ohlcv,2026-05-17T13:33:31Z
MCD,2014-06,ok,1638,av_intraday_5min/raw_monthly/MCD/2014-06.csv,csv ohlcv,2026-05-17T13:33:32Z
MCD,2014-07,ok,1687,av_intraday_5min/raw_monthly/MCD/2014-07.csv,csv ohlcv,2026-05-17T13:33:33Z
MCD,2014-08,ok,1638,av_intraday_5min/raw_monthly/MCD/2014-08.csv,csv ohlcv,2026-05-17T13:33:33Z
MCD,2014-09,ok,1638,av_intraday_5min/raw_monthly/MCD/2014-09.csv,csv ohlcv,2026-05-17T13:33:34Z
MCD,2014-10,ok,1783,av_intraday_5min/raw_monthly/MCD/2014-10.csv,csv ohlcv,2026-05-17T13:33:35Z
MCD,2014-11,ok,1451,av_intraday_5min/raw_monthly/MCD/2014-11.csv,csv ohlcv,2026-05-17T13:33:36Z
MCD,2014-12,ok,1683,av_intraday_5min/raw_monthly/MCD/2014-12.csv,csv ohlcv,2026-05-17T13:33:37Z
MCD,2015-01,ok,1560,av_intraday_5min/raw_monthly/MCD/2015-01.csv,csv ohlcv,2026-05-17T13:33:38Z
MCD,2015-02,ok,1482,av_intraday_5min/raw_monthly/MCD/2015-02.csv,csv ohlcv,2026-05-17T13:33:39Z
MCD,2015-03,ok,1716,av_intraday_5min/raw_monthly/MCD/2015-03.csv,csv ohlcv,2026-05-17T13:33:39Z
MCD,2015-04,ok,1638,av_intraday_5min/raw_monthly/MCD/2015-04.csv,csv ohlcv,2026-05-17T13:33:40Z
MCD,2015-05,ok,1560,av_intraday_5min/raw_monthly/MCD/2015-05.csv,csv ohlcv,2026-05-17T13:33:41Z
MCD,2015-06,ok,1716,av_intraday_5min/raw_monthly/MCD/2015-06.csv,csv ohlcv,2026-05-17T13:33:42Z
MCD,2015-07,ok,1716,av_intraday_5min/raw_monthly/MCD/2015-07.csv,csv ohlcv,2026-05-17T13:33:43Z
MCD,2015-08,ok,1638,av_intraday_5min/raw_monthly/MCD/2015-08.csv,csv ohlcv,2026-05-17T13:33:44Z
MCD,2015-09,ok,1638,av_intraday_5min/raw_monthly/MCD/2015-09.csv,csv ohlcv,2026-05-17T13:33:45Z
MCD,2015-10,ok,1716,av_intraday_5min/raw_monthly/MCD/2015-10.csv,csv ohlcv,2026-05-17T13:33:45Z
MCD,2015-11,ok,1520,av_intraday_5min/raw_monthly/MCD/2015-11.csv,csv ohlcv,2026-05-17T13:33:46Z
MCD,2015-12,ok,1681,av_intraday_5min/raw_monthly/MCD/2015-12.csv,csv ohlcv,2026-05-17T13:33:47Z
MCD,2016-01,ok,1482,av_intraday_5min/raw_monthly/MCD/2016-01.csv,csv ohlcv,2026-05-17T13:33:48Z
MCD,2016-02,ok,1560,av_intraday_5min/raw_monthly/MCD/2016-02.csv,csv ohlcv,2026-05-17T13:33:49Z
MCD,2016-03,ok,1716,av_intraday_5min/raw_monthly/MCD/2016-03.csv,csv ohlcv,2026-05-17T13:33:49Z
MCD,2016-04,ok,1638,av_intraday_5min/raw_monthly/MCD/2016-04.csv,csv ohlcv,2026-05-17T13:33:50Z
MCD,2016-05,ok,1638,av_intraday_5min/raw_monthly/MCD/2016-05.csv,csv ohlcv,2026-05-17T13:33:51Z
MCD,2016-06,ok,1716,av_intraday_5min/raw_monthly/MCD/2016-06.csv,csv ohlcv,2026-05-17T13:33:52Z
MCD,2016-07,ok,1560,av_intraday_5min/raw_monthly/MCD/2016-07.csv,csv ohlcv,2026-05-17T13:33:53Z
MCD,2016-08,ok,1794,av_intraday_5min/raw_monthly/MCD/2016-08.csv,csv ohlcv,2026-05-17T13:33:54Z
MCD,2016-09,ok,1638,av_intraday_5min/raw_monthly/MCD/2016-09.csv,csv ohlcv,2026-05-17T13:33:55Z
MCD,2016-10,ok,1638,av_intraday_5min/raw_monthly/MCD/2016-10.csv,csv ohlcv,2026-05-17T13:33:55Z
MCD,2016-11,ok,1607,av_intraday_5min/raw_monthly/MCD/2016-11.csv,csv ohlcv,2026-05-17T13:33:56Z
MCD,2016-12,ok,1638,av_intraday_5min/raw_monthly/MCD/2016-12.csv,csv ohlcv,2026-05-17T13:33:57Z
MCD,2017-01,ok,1560,av_intraday_5min/raw_monthly/MCD/2017-01.csv,csv ohlcv,2026-05-17T13:33:58Z
MCD,2017-02,ok,1482,av_intraday_5min/raw_monthly/MCD/2017-02.csv,csv ohlcv,2026-05-17T13:33:59Z
MCD,2017-03,ok,1778,av_intraday_5min/raw_monthly/MCD/2017-03.csv,csv ohlcv,2026-05-17T13:33:59Z
MCD,2017-04,ok,1482,av_intraday_5min/raw_monthly/MCD/2017-04.csv,csv ohlcv,2026-05-17T13:34:00Z
MCD,2017-05,ok,1716,av_intraday_5min/raw_monthly/MCD/2017-05.csv,csv ohlcv,2026-05-17T13:34:01Z
MCD,2017-06,ok,1716,av_intraday_5min/raw_monthly/MCD/2017-06.csv,csv ohlcv,2026-05-17T13:34:02Z
MCD,2017-07,ok,1528,av_intraday_5min/raw_monthly/MCD/2017-07.csv,csv ohlcv,2026-05-17T13:34:02Z
MCD,2017-08,ok,1794,av_intraday_5min/raw_monthly/MCD/2017-08.csv,csv ohlcv,2026-05-17T13:34:04Z
MCD,2017-09,ok,1560,av_intraday_5min/raw_monthly/MCD/2017-09.csv,csv ohlcv,2026-05-17T13:34:05Z
MCD,2017-10,ok,1716,av_intraday_5min/raw_monthly/MCD/2017-10.csv,csv ohlcv,2026-05-17T13:34:06Z
MCD,2017-11,ok,1604,av_intraday_5min/raw_monthly/MCD/2017-11.csv,csv ohlcv,2026-05-17T13:34:06Z
MCD,2017-12,ok,1560,av_intraday_5min/raw_monthly/MCD/2017-12.csv,csv ohlcv,2026-05-17T13:34:07Z
MMM,2001-02,ok,1482,av_intraday_5min/raw_monthly/MMM/2001-02.csv,csv ohlcv,2026-05-17T13:34:08Z
MMM,2001-03,ok,1708,av_intraday_5min/raw_monthly/MMM/2001-03.csv,csv ohlcv,2026-05-17T13:34:09Z
MMM,2001-04,ok,1555,av_intraday_5min/raw_monthly/MMM/2001-04.csv,csv ohlcv,2026-05-17T13:34:10Z
MMM,2001-05,ok,1713,av_intraday_5min/raw_monthly/MMM/2001-05.csv,csv ohlcv,2026-05-17T13:34:11Z
MMM,2001-06,ok,1612,av_intraday_5min/raw_monthly/MMM/2001-06.csv,csv ohlcv,2026-05-17T13:34:12Z
MMM,2001-07,ok,1603,av_intraday_5min/raw_monthly/MMM/2001-07.csv,csv ohlcv,2026-05-17T13:34:12Z
MMM,2001-08,ok,1793,av_intraday_5min/raw_monthly/MMM/2001-08.csv,csv ohlcv,2026-05-17T13:34:13Z
MMM,2001-09,ok,1168,av_intraday_5min/raw_monthly/MMM/2001-09.csv,csv ohlcv,2026-05-17T13:34:14Z
MMM,2001-10,ok,1793,av_intraday_5min/raw_monthly/MMM/2001-10.csv,csv ohlcv,2026-05-17T13:34:15Z
MMM,2001-11,ok,1600,av_intraday_5min/raw_monthly/MMM/2001-11.csv,csv ohlcv,2026-05-17T13:34:15Z
MMM,2001-12,ok,1523,av_intraday_5min/raw_monthly/MMM/2001-12.csv,csv ohlcv,2026-05-17T13:34:16Z
MMM,2002-01,ok,1637,av_intraday_5min/raw_monthly/MMM/2002-01.csv,csv ohlcv,2026-05-17T13:34:17Z
MMM,2002-02,ok,1480,av_intraday_5min/raw_monthly/MMM/2002-02.csv,csv ohlcv,2026-05-17T13:34:18Z
MMM,2002-03,ok,1560,av_intraday_5min/raw_monthly/MMM/2002-03.csv,csv ohlcv,2026-05-17T13:34:19Z
MMM,2002-04,ok,1713,av_intraday_5min/raw_monthly/MMM/2002-04.csv,csv ohlcv,2026-05-17T13:34:19Z
MMM,2002-05,ok,1715,av_intraday_5min/raw_monthly/MMM/2002-05.csv,csv ohlcv,2026-05-17T13:34:20Z
MMM,2002-06,ok,1559,av_intraday_5min/raw_monthly/MMM/2002-06.csv,csv ohlcv,2026-05-17T13:34:21Z
MMM,2002-07,ok,1678,av_intraday_5min/raw_monthly/MMM/2002-07.csv,csv ohlcv,2026-05-17T13:34:22Z
MMM,2002-08,ok,1716,av_intraday_5min/raw_monthly/MMM/2002-08.csv,csv ohlcv,2026-05-17T13:34:23Z
MMM,2002-09,ok,1528,av_intraday_5min/raw_monthly/MMM/2002-09.csv,csv ohlcv,2026-05-17T13:34:23Z
MMM,2002-10,ok,1794,av_intraday_5min/raw_monthly/MMM/2002-10.csv,csv ohlcv,2026-05-17T13:34:24Z
MMM,2002-11,ok,1525,av_intraday_5min/raw_monthly/MMM/2002-11.csv,csv ohlcv,2026-05-17T13:34:25Z
MMM,2002-12,ok,1602,av_intraday_5min/raw_monthly/MMM/2002-12.csv,csv ohlcv,2026-05-17T13:34:26Z
MMM,2003-01,ok,1638,av_intraday_5min/raw_monthly/MMM/2003-01.csv,csv ohlcv,2026-05-17T13:34:27Z
MMM,2003-02,ok,1482,av_intraday_5min/raw_monthly/MMM/2003-02.csv,csv ohlcv,2026-05-17T13:34:28Z
MMM,2003-03,ok,1637,av_intraday_5min/raw_monthly/MMM/2003-03.csv,csv ohlcv,2026-05-17T13:34:29Z
MMM,2003-04,ok,1637,av_intraday_5min/raw_monthly/MMM/2003-04.csv,csv ohlcv,2026-05-17T13:34:29Z
MMM,2003-05,ok,1638,av_intraday_5min/raw_monthly/MMM/2003-05.csv,csv ohlcv,2026-05-17T13:34:30Z
MMM,2003-06,ok,1638,av_intraday_5min/raw_monthly/MMM/2003-06.csv,csv ohlcv,2026-05-17T13:34:31Z
MMM,2003-07,ok,1681,av_intraday_5min/raw_monthly/MMM/2003-07.csv,csv ohlcv,2026-05-17T13:34:32Z
MMM,2003-08,ok,1638,av_intraday_5min/raw_monthly/MMM/2003-08.csv,csv ohlcv,2026-05-17T13:34:33Z
MMM,2003-09,ok,1637,av_intraday_5min/raw_monthly/MMM/2003-09.csv,csv ohlcv,2026-05-17T13:34:34Z
MMM,2003-10,ok,1794,av_intraday_5min/raw_monthly/MMM/2003-10.csv,csv ohlcv,2026-05-17T13:34:35Z
MMM,2003-11,ok,1446,av_intraday_5min/raw_monthly/MMM/2003-11.csv,csv ohlcv,2026-05-17T13:34:35Z
MMM,2003-12,ok,1646,av_intraday_5min/raw_monthly/MMM/2003-12.csv,csv ohlcv,2026-05-17T13:34:36Z
MMM,2004-01,ok,1560,av_intraday_5min/raw_monthly/MMM/2004-01.csv,csv ohlcv,2026-05-17T13:34:37Z
MMM,2004-02,ok,1480,av_intraday_5min/raw_monthly/MMM/2004-02.csv,csv ohlcv,2026-05-17T13:34:38Z
MMM,2004-03,ok,1794,av_intraday_5min/raw_monthly/MMM/2004-03.csv,csv ohlcv,2026-05-17T13:34:38Z
MMM,2004-04,ok,1637,av_intraday_5min/raw_monthly/MMM/2004-04.csv,csv ohlcv,2026-05-17T13:34:39Z
MMM,2004-05,ok,1558,av_intraday_5min/raw_monthly/MMM/2004-05.csv,csv ohlcv,2026-05-17T13:34:40Z
MMM,2004-06,ok,1635,av_intraday_5min/raw_monthly/MMM/2004-06.csv,csv ohlcv,2026-05-17T13:34:41Z
MMM,2004-07,ok,1638,av_intraday_5min/raw_monthly/MMM/2004-07.csv,csv ohlcv,2026-05-17T13:34:42Z
MMM,2004-08,ok,1716,av_intraday_5min/raw_monthly/MMM/2004-08.csv,csv ohlcv,2026-05-17T13:34:43Z
MMM,2004-09,ok,1637,av_intraday_5min/raw_monthly/MMM/2004-09.csv,csv ohlcv,2026-05-17T13:34:43Z
MMM,2004-10,ok,1638,av_intraday_5min/raw_monthly/MMM/2004-10.csv,csv ohlcv,2026-05-17T13:34:44Z
MMM,2004-11,ok,1603,av_intraday_5min/raw_monthly/MMM/2004-11.csv,csv ohlcv,2026-05-17T13:34:45Z
MMM,2004-12,ok,1715,av_intraday_5min/raw_monthly/MMM/2004-12.csv,csv ohlcv,2026-05-17T13:34:46Z
MMM,2005-01,ok,1560,av_intraday_5min/raw_monthly/MMM/2005-01.csv,csv ohlcv,2026-05-17T13:34:46Z
MMM,2005-02,ok,1482,av_intraday_5min/raw_monthly/MMM/2005-02.csv,csv ohlcv,2026-05-17T13:34:47Z
MMM,2005-03,ok,1716,av_intraday_5min/raw_monthly/MMM/2005-03.csv,csv ohlcv,2026-05-17T13:34:48Z
MMM,2005-04,ok,1638,av_intraday_5min/raw_monthly/MMM/2005-04.csv,csv ohlcv,2026-05-17T13:34:49Z
MMM,2005-05,ok,1638,av_intraday_5min/raw_monthly/MMM/2005-05.csv,csv ohlcv,2026-05-17T13:34:50Z
MMM,2005-06,ok,1713,av_intraday_5min/raw_monthly/MMM/2005-06.csv,csv ohlcv,2026-05-17T13:34:51Z
MMM,2005-07,ok,1559,av_intraday_5min/raw_monthly/MMM/2005-07.csv,csv ohlcv,2026-05-17T13:34:51Z
MMM,2005-08,ok,1794,av_intraday_5min/raw_monthly/MMM/2005-08.csv,csv ohlcv,2026-05-17T13:34:52Z
MMM,2005-09,ok,1637,av_intraday_5min/raw_monthly/MMM/2005-09.csv,csv ohlcv,2026-05-17T13:34:53Z
MMM,2005-10,ok,1638,av_intraday_5min/raw_monthly/MMM/2005-10.csv,csv ohlcv,2026-05-17T13:34:54Z
MMM,2005-11,ok,1602,av_intraday_5min/raw_monthly/MMM/2005-11.csv,csv ohlcv,2026-05-17T13:34:55Z
MMM,2005-12,ok,1628,av_intraday_5min/raw_monthly/MMM/2005-12.csv,csv ohlcv,2026-05-17T13:34:56Z
MMM,2006-01,ok,1560,av_intraday_5min/raw_monthly/MMM/2006-01.csv,csv ohlcv,2026-05-17T13:34:56Z
MMM,2006-02,ok,1482,av_intraday_5min/raw_monthly/MMM/2006-02.csv,csv ohlcv,2026-05-17T13:34:57Z
MMM,2006-03,ok,1794,av_intraday_5min/raw_monthly/MMM/2006-03.csv,csv ohlcv,2026-05-17T13:34:58Z
MMM,2006-04,ok,1482,av_intraday_5min/raw_monthly/MMM/2006-04.csv,csv ohlcv,2026-05-17T13:34:59Z
MMM,2006-05,ok,1716,av_intraday_5min/raw_monthly/MMM/2006-05.csv,csv ohlcv,2026-05-17T13:35:00Z
MMM,2006-06,ok,1716,av_intraday_5min/raw_monthly/MMM/2006-06.csv,csv ohlcv,2026-05-17T13:35:01Z
MMM,2006-07,ok,1524,av_intraday_5min/raw_monthly/MMM/2006-07.csv,csv ohlcv,2026-05-17T13:35:02Z
MMM,2006-08,ok,1793,av_intraday_5min/raw_monthly/MMM/2006-08.csv,csv ohlcv,2026-05-17T13:35:02Z
MMM,2006-09,ok,1560,av_intraday_5min/raw_monthly/MMM/2006-09.csv,csv ohlcv,2026-05-17T13:35:03Z
MMM,2006-10,ok,1716,av_intraday_5min/raw_monthly/MMM/2006-10.csv,csv ohlcv,2026-05-17T13:35:04Z
MMM,2006-11,ok,1603,av_intraday_5min/raw_monthly/MMM/2006-11.csv,csv ohlcv,2026-05-17T13:35:05Z
MMM,2006-12,ok,1560,av_intraday_5min/raw_monthly/MMM/2006-12.csv,csv ohlcv,2026-05-17T13:35:06Z
MMM,2007-01,ok,1560,av_intraday_5min/raw_monthly/MMM/2007-01.csv,csv ohlcv,2026-05-17T13:35:07Z
MMM,2007-02,ok,1482,av_intraday_5min/raw_monthly/MMM/2007-02.csv,csv ohlcv,2026-05-17T13:35:07Z
MMM,2007-03,ok,1716,av_intraday_5min/raw_monthly/MMM/2007-03.csv,csv ohlcv,2026-05-17T13:35:08Z
MMM,2007-04,ok,1560,av_intraday_5min/raw_monthly/MMM/2007-04.csv,csv ohlcv,2026-05-17T13:35:09Z
MMM,2007-05,ok,1716,av_intraday_5min/raw_monthly/MMM/2007-05.csv,csv ohlcv,2026-05-17T13:35:10Z
MMM,2007-06,ok,1638,av_intraday_5min/raw_monthly/MMM/2007-06.csv,csv ohlcv,2026-05-17T13:35:11Z
MMM,2007-07,ok,1605,av_intraday_5min/raw_monthly/MMM/2007-07.csv,csv ohlcv,2026-05-17T13:35:12Z
MMM,2007-08,ok,1794,av_intraday_5min/raw_monthly/MMM/2007-08.csv,csv ohlcv,2026-05-17T13:35:13Z
MMM,2007-09,ok,1482,av_intraday_5min/raw_monthly/MMM/2007-09.csv,csv ohlcv,2026-05-17T13:35:13Z
MMM,2007-10,ok,1794,av_intraday_5min/raw_monthly/MMM/2007-10.csv,csv ohlcv,2026-05-17T13:35:14Z
MMM,2007-11,ok,1606,av_intraday_5min/raw_monthly/MMM/2007-11.csv,csv ohlcv,2026-05-17T13:35:15Z
MMM,2007-12,ok,1526,av_intraday_5min/raw_monthly/MMM/2007-12.csv,csv ohlcv,2026-05-17T13:35:16Z
MMM,2008-01,ok,1638,av_intraday_5min/raw_monthly/MMM/2008-01.csv,csv ohlcv,2026-05-17T13:35:17Z
MMM,2008-02,ok,1560,av_intraday_5min/raw_monthly/MMM/2008-02.csv,csv ohlcv,2026-05-17T13:35:18Z
MMM,2008-03,ok,1560,av_intraday_5min/raw_monthly/MMM/2008-03.csv,csv ohlcv,2026-05-17T13:35:18Z
MMM,2008-04,ok,1716,av_intraday_5min/raw_monthly/MMM/2008-04.csv,csv ohlcv,2026-05-17T13:35:19Z
MMM,2008-05,ok,1638,av_intraday_5min/raw_monthly/MMM/2008-05.csv,csv ohlcv,2026-05-17T13:35:20Z
MMM,2008-06,ok,1638,av_intraday_5min/raw_monthly/MMM/2008-06.csv,csv ohlcv,2026-05-17T13:35:21Z
MMM,2008-07,ok,1685,av_intraday_5min/raw_monthly/MMM/2008-07.csv,csv ohlcv,2026-05-17T13:35:22Z
MMM,2008-08,ok,1638,av_intraday_5min/raw_monthly/MMM/2008-08.csv,csv ohlcv,2026-05-17T13:35:23Z
MMM,2008-09,ok,1638,av_intraday_5min/raw_monthly/MMM/2008-09.csv,csv ohlcv,2026-05-17T13:35:23Z
MMM,2008-10,ok,1794,av_intraday_5min/raw_monthly/MMM/2008-10.csv,csv ohlcv,2026-05-17T13:35:24Z
MMM,2008-11,ok,1454,av_intraday_5min/raw_monthly/MMM/2008-11.csv,csv ohlcv,2026-05-17T13:35:25Z
MMM,2008-12,ok,1682,av_intraday_5min/raw_monthly/MMM/2008-12.csv,csv ohlcv,2026-05-17T13:35:26Z
MMM,2009-01,ok,1560,av_intraday_5min/raw_monthly/MMM/2009-01.csv,csv ohlcv,2026-05-17T13:35:27Z
MMM,2009-02,ok,1482,av_intraday_5min/raw_monthly/MMM/2009-02.csv,csv ohlcv,2026-05-17T13:35:28Z
MMM,2009-03,ok,1716,av_intraday_5min/raw_monthly/MMM/2009-03.csv,csv ohlcv,2026-05-17T13:35:28Z
MMM,2009-04,ok,1638,av_intraday_5min/raw_monthly/MMM/2009-04.csv,csv ohlcv,2026-05-17T13:35:29Z
MMM,2009-05,ok,1560,av_intraday_5min/raw_monthly/MMM/2009-05.csv,csv ohlcv,2026-05-17T13:35:30Z
MMM,2009-06,ok,1716,av_intraday_5min/raw_monthly/MMM/2009-06.csv,csv ohlcv,2026-05-17T13:35:31Z
MMM,2009-07,ok,1716,av_intraday_5min/raw_monthly/MMM/2009-07.csv,csv ohlcv,2026-05-17T13:35:32Z
MMM,2009-08,ok,1638,av_intraday_5min/raw_monthly/MMM/2009-08.csv,csv ohlcv,2026-05-17T13:35:33Z
MMM,2009-09,ok,1638,av_intraday_5min/raw_monthly/MMM/2009-09.csv,csv ohlcv,2026-05-17T13:35:34Z
MMM,2009-10,ok,1716,av_intraday_5min/raw_monthly/MMM/2009-10.csv,csv ohlcv,2026-05-17T13:35:34Z
MMM,2009-11,ok,1529,av_intraday_5min/raw_monthly/MMM/2009-11.csv,csv ohlcv,2026-05-17T13:35:35Z
MMM,2009-12,ok,1682,av_intraday_5min/raw_monthly/MMM/2009-12.csv,csv ohlcv,2026-05-17T13:35:36Z
MMM,2010-01,ok,1482,av_intraday_5min/raw_monthly/MMM/2010-01.csv,csv ohlcv,2026-05-17T13:35:37Z
MMM,2010-02,ok,1482,av_intraday_5min/raw_monthly/MMM/2010-02.csv,csv ohlcv,2026-05-17T13:35:38Z
MMM,2010-03,ok,1794,av_intraday_5min/raw_monthly/MMM/2010-03.csv,csv ohlcv,2026-05-17T13:35:38Z
MMM,2010-04,ok,1638,av_intraday_5min/raw_monthly/MMM/2010-04.csv,csv ohlcv,2026-05-17T13:35:39Z
MMM,2010-05,ok,1560,av_intraday_5min/raw_monthly/MMM/2010-05.csv,csv ohlcv,2026-05-17T13:35:40Z
MMM,2010-06,ok,1716,av_intraday_5min/raw_monthly/MMM/2010-06.csv,csv ohlcv,2026-05-17T13:35:41Z
MMM,2010-07,ok,1638,av_intraday_5min/raw_monthly/MMM/2010-07.csv,csv ohlcv,2026-05-17T13:35:42Z
MMM,2010-08,ok,1716,av_intraday_5min/raw_monthly/MMM/2010-08.csv,csv ohlcv,2026-05-17T13:35:43Z
MMM,2010-09,ok,1638,av_intraday_5min/raw_monthly/MMM/2010-09.csv,csv ohlcv,2026-05-17T13:35:44Z
MMM,2010-10,ok,1638,av_intraday_5min/raw_monthly/MMM/2010-10.csv,csv ohlcv,2026-05-17T13:35:44Z
MMM,2010-11,ok,1611,av_intraday_5min/raw_monthly/MMM/2010-11.csv,csv ohlcv,2026-05-17T13:35:45Z
MMM,2010-12,ok,1716,av_intraday_5min/raw_monthly/MMM/2010-12.csv,csv ohlcv,2026-05-17T13:35:46Z
MMM,2011-01,ok,1560,av_intraday_5min/raw_monthly/MMM/2011-01.csv,csv ohlcv,2026-05-17T13:35:47Z
MMM,2011-02,ok,1482,av_intraday_5min/raw_monthly/MMM/2011-02.csv,csv ohlcv,2026-05-17T13:35:48Z
MMM,2011-03,ok,1794,av_intraday_5min/raw_monthly/MMM/2011-03.csv,csv ohlcv,2026-05-17T13:35:48Z
MMM,2011-04,ok,1560,av_intraday_5min/raw_monthly/MMM/2011-04.csv,csv ohlcv,2026-05-17T13:35:49Z
MMM,2011-05,ok,1638,av_intraday_5min/raw_monthly/MMM/2011-05.csv,csv ohlcv,2026-05-17T13:35:50Z
MMM,2011-06,ok,1716,av_intraday_5min/raw_monthly/MMM/2011-06.csv,csv ohlcv,2026-05-17T13:35:51Z
MMM,2011-07,ok,1560,av_intraday_5min/raw_monthly/MMM/2011-07.csv,csv ohlcv,2026-05-17T13:35:52Z
MMM,2011-08,ok,1794,av_intraday_5min/raw_monthly/MMM/2011-08.csv,csv ohlcv,2026-05-17T13:35:53Z
MMM,2011-09,ok,1638,av_intraday_5min/raw_monthly/MMM/2011-09.csv,csv ohlcv,2026-05-17T13:35:54Z
MMM,2011-10,ok,1638,av_intraday_5min/raw_monthly/MMM/2011-10.csv,csv ohlcv,2026-05-17T13:35:55Z
MMM,2011-11,ok,1609,av_intraday_5min/raw_monthly/MMM/2011-11.csv,csv ohlcv,2026-05-17T13:35:56Z
MMM,2011-12,ok,1638,av_intraday_5min/raw_monthly/MMM/2011-12.csv,csv ohlcv,2026-05-17T13:35:56Z
MMM,2012-01,ok,1560,av_intraday_5min/raw_monthly/MMM/2012-01.csv,csv ohlcv,2026-05-17T13:35:57Z
MMM,2012-02,ok,1560,av_intraday_5min/raw_monthly/MMM/2012-02.csv,csv ohlcv,2026-05-17T13:35:58Z
MMM,2012-03,ok,1716,av_intraday_5min/raw_monthly/MMM/2012-03.csv,csv ohlcv,2026-05-17T13:35:59Z
MMM,2012-04,ok,1560,av_intraday_5min/raw_monthly/MMM/2012-04.csv,csv ohlcv,2026-05-17T13:36:00Z
MMM,2012-05,ok,1716,av_intraday_5min/raw_monthly/MMM/2012-05.csv,csv ohlcv,2026-05-17T13:36:01Z
MMM,2012-06,ok,1638,av_intraday_5min/raw_monthly/MMM/2012-06.csv,csv ohlcv,2026-05-17T13:36:02Z
MMM,2012-07,ok,1604,av_intraday_5min/raw_monthly/MMM/2012-07.csv,csv ohlcv,2026-05-17T13:36:02Z
MMM,2012-08,ok,1794,av_intraday_5min/raw_monthly/MMM/2012-08.csv,csv ohlcv,2026-05-17T13:36:03Z
MMM,2012-09,ok,1482,av_intraday_5min/raw_monthly/MMM/2012-09.csv,csv ohlcv,2026-05-17T13:36:04Z
MMM,2012-10,ok,1638,av_intraday_5min/raw_monthly/MMM/2012-10.csv,csv ohlcv,2026-05-17T13:36:05Z
MMM,2012-11,ok,1603,av_intraday_5min/raw_monthly/MMM/2012-11.csv,csv ohlcv,2026-05-17T13:36:06Z
MMM,2012-12,ok,1525,av_intraday_5min/raw_monthly/MMM/2012-12.csv,csv ohlcv,2026-05-17T13:36:06Z
MMM,2013-01,ok,1638,av_intraday_5min/raw_monthly/MMM/2013-01.csv,csv ohlcv,2026-05-17T13:36:07Z
MMM,2013-02,ok,1482,av_intraday_5min/raw_monthly/MMM/2013-02.csv,csv ohlcv,2026-05-17T13:36:08Z
MMM,2013-03,ok,1560,av_intraday_5min/raw_monthly/MMM/2013-03.csv,csv ohlcv,2026-05-17T13:36:09Z
MMM,2013-04,ok,1716,av_intraday_5min/raw_monthly/MMM/2013-04.csv,csv ohlcv,2026-05-17T13:36:09Z
MMM,2013-05,ok,1716,av_intraday_5min/raw_monthly/MMM/2013-05.csv,csv ohlcv,2026-05-17T13:36:10Z
MMM,2013-06,ok,1560,av_intraday_5min/raw_monthly/MMM/2013-06.csv,csv ohlcv,2026-05-17T13:36:11Z
MMM,2013-07,ok,1685,av_intraday_5min/raw_monthly/MMM/2013-07.csv,csv ohlcv,2026-05-17T13:36:12Z
MMM,2013-08,ok,1716,av_intraday_5min/raw_monthly/MMM/2013-08.csv,csv ohlcv,2026-05-17T13:36:13Z
MMM,2013-09,ok,1560,av_intraday_5min/raw_monthly/MMM/2013-09.csv,csv ohlcv,2026-05-17T13:36:14Z
MMM,2013-10,ok,1794,av_intraday_5min/raw_monthly/MMM/2013-10.csv,csv ohlcv,2026-05-17T13:36:14Z
MMM,2013-11,ok,1525,av_intraday_5min/raw_monthly/MMM/2013-11.csv,csv ohlcv,2026-05-17T13:36:15Z
MMM,2013-12,ok,1604,av_intraday_5min/raw_monthly/MMM/2013-12.csv,csv ohlcv,2026-05-17T13:36:16Z
MMM,2014-01,ok,1638,av_intraday_5min/raw_monthly/MMM/2014-01.csv,csv ohlcv,2026-05-17T13:36:17Z
MMM,2014-02,ok,1482,av_intraday_5min/raw_monthly/MMM/2014-02.csv,csv ohlcv,2026-05-17T13:36:17Z
MMM,2014-03,ok,1638,av_intraday_5min/raw_monthly/MMM/2014-03.csv,csv ohlcv,2026-05-17T13:36:18Z
MMM,2014-04,ok,1638,av_intraday_5min/raw_monthly/MMM/2014-04.csv,csv ohlcv,2026-05-17T13:36:19Z
MMM,2014-05,ok,1638,av_intraday_5min/raw_monthly/MMM/2014-05.csv,csv ohlcv,2026-05-17T13:36:20Z
MMM,2014-06,ok,1638,av_intraday_5min/raw_monthly/MMM/2014-06.csv,csv ohlcv,2026-05-17T13:36:21Z
MMM,2014-07,ok,1683,av_intraday_5min/raw_monthly/MMM/2014-07.csv,csv ohlcv,2026-05-17T13:36:21Z
MMM,2014-08,ok,1638,av_intraday_5min/raw_monthly/MMM/2014-08.csv,csv ohlcv,2026-05-17T13:36:22Z
MMM,2014-09,ok,1638,av_intraday_5min/raw_monthly/MMM/2014-09.csv,csv ohlcv,2026-05-17T13:36:23Z
MMM,2014-10,ok,1783,av_intraday_5min/raw_monthly/MMM/2014-10.csv,csv ohlcv,2026-05-17T13:36:24Z
MMM,2014-11,ok,1450,av_intraday_5min/raw_monthly/MMM/2014-11.csv,csv ohlcv,2026-05-17T13:36:25Z
MMM,2014-12,ok,1682,av_intraday_5min/raw_monthly/MMM/2014-12.csv,csv ohlcv,2026-05-17T13:36:26Z
MMM,2015-01,ok,1560,av_intraday_5min/raw_monthly/MMM/2015-01.csv,csv ohlcv,2026-05-17T13:36:26Z
MMM,2015-02,ok,1482,av_intraday_5min/raw_monthly/MMM/2015-02.csv,csv ohlcv,2026-05-17T13:36:27Z
MMM,2015-03,ok,1716,av_intraday_5min/raw_monthly/MMM/2015-03.csv,csv ohlcv,2026-05-17T13:36:28Z
MMM,2015-04,ok,1638,av_intraday_5min/raw_monthly/MMM/2015-04.csv,csv ohlcv,2026-05-17T13:36:29Z
MMM,2015-05,ok,1560,av_intraday_5min/raw_monthly/MMM/2015-05.csv,csv ohlcv,2026-05-17T13:36:30Z
MMM,2015-06,ok,1716,av_intraday_5min/raw_monthly/MMM/2015-06.csv,csv ohlcv,2026-05-17T13:36:31Z
MMM,2015-07,ok,1716,av_intraday_5min/raw_monthly/MMM/2015-07.csv,csv ohlcv,2026-05-17T13:36:32Z
MMM,2015-08,ok,1638,av_intraday_5min/raw_monthly/MMM/2015-08.csv,csv ohlcv,2026-05-17T13:36:33Z
MMM,2015-09,ok,1638,av_intraday_5min/raw_monthly/MMM/2015-09.csv,csv ohlcv,2026-05-17T13:36:33Z
MMM,2015-10,ok,1716,av_intraday_5min/raw_monthly/MMM/2015-10.csv,csv ohlcv,2026-05-17T13:36:34Z
MMM,2015-11,ok,1528,av_intraday_5min/raw_monthly/MMM/2015-11.csv,csv ohlcv,2026-05-17T13:36:35Z
MMM,2015-12,ok,1681,av_intraday_5min/raw_monthly/MMM/2015-12.csv,csv ohlcv,2026-05-17T13:36:36Z
MMM,2016-01,ok,1482,av_intraday_5min/raw_monthly/MMM/2016-01.csv,csv ohlcv,2026-05-17T13:36:37Z
MMM,2016-02,ok,1560,av_intraday_5min/raw_monthly/MMM/2016-02.csv,csv ohlcv,2026-05-17T13:36:38Z
MMM,2016-03,ok,1715,av_intraday_5min/raw_monthly/MMM/2016-03.csv,csv ohlcv,2026-05-17T13:36:38Z
MMM,2016-04,ok,1638,av_intraday_5min/raw_monthly/MMM/2016-04.csv,csv ohlcv,2026-05-17T13:36:39Z
MMM,2016-05,ok,1638,av_intraday_5min/raw_monthly/MMM/2016-05.csv,csv ohlcv,2026-05-17T13:36:40Z
MMM,2016-06,ok,1716,av_intraday_5min/raw_monthly/MMM/2016-06.csv,csv ohlcv,2026-05-17T13:36:41Z
MMM,2016-07,ok,1560,av_intraday_5min/raw_monthly/MMM/2016-07.csv,csv ohlcv,2026-05-17T13:36:42Z
MMM,2016-08,ok,1794,av_intraday_5min/raw_monthly/MMM/2016-08.csv,csv ohlcv,2026-05-17T13:36:43Z
MMM,2016-09,ok,1638,av_intraday_5min/raw_monthly/MMM/2016-09.csv,csv ohlcv,2026-05-17T13:36:43Z
MMM,2016-10,ok,1638,av_intraday_5min/raw_monthly/MMM/2016-10.csv,csv ohlcv,2026-05-17T13:36:44Z
MMM,2016-11,ok,1606,av_intraday_5min/raw_monthly/MMM/2016-11.csv,csv ohlcv,2026-05-17T13:36:45Z
MMM,2016-12,ok,1638,av_intraday_5min/raw_monthly/MMM/2016-12.csv,csv ohlcv,2026-05-17T13:36:46Z
MMM,2017-01,ok,1560,av_intraday_5min/raw_monthly/MMM/2017-01.csv,csv ohlcv,2026-05-17T13:36:47Z
MMM,2017-02,ok,1482,av_intraday_5min/raw_monthly/MMM/2017-02.csv,csv ohlcv,2026-05-17T13:36:48Z
MMM,2017-03,ok,1794,av_intraday_5min/raw_monthly/MMM/2017-03.csv,csv ohlcv,2026-05-17T13:36:49Z
MMM,2017-04,ok,1482,av_intraday_5min/raw_monthly/MMM/2017-04.csv,csv ohlcv,2026-05-17T13:36:49Z
MMM,2017-05,ok,1716,av_intraday_5min/raw_monthly/MMM/2017-05.csv,csv ohlcv,2026-05-17T13:36:50Z
MMM,2017-06,ok,1716,av_intraday_5min/raw_monthly/MMM/2017-06.csv,csv ohlcv,2026-05-17T13:36:51Z
MMM,2017-07,ok,1529,av_intraday_5min/raw_monthly/MMM/2017-07.csv,csv ohlcv,2026-05-17T13:36:52Z
MMM,2017-08,ok,1794,av_intraday_5min/raw_monthly/MMM/2017-08.csv,csv ohlcv,2026-05-17T13:36:53Z
MMM,2017-09,ok,1560,av_intraday_5min/raw_monthly/MMM/2017-09.csv,csv ohlcv,2026-05-17T13:36:54Z
MMM,2017-10,ok,1716,av_intraday_5min/raw_monthly/MMM/2017-10.csv,csv ohlcv,2026-05-17T13:36:54Z
MMM,2017-11,ok,1605,av_intraday_5min/raw_monthly/MMM/2017-11.csv,csv ohlcv,2026-05-17T13:36:55Z
MMM,2017-12,ok,1560,av_intraday_5min/raw_monthly/MMM/2017-12.csv,csv ohlcv,2026-05-17T13:36:56Z
MRK,2001-02,ok,1478,av_intraday_5min/raw_monthly/MRK/2001-02.csv,csv ohlcv,2026-05-17T13:36:57Z
MRK,2001-03,ok,1711,av_intraday_5min/raw_monthly/MRK/2001-03.csv,csv ohlcv,2026-05-17T13:36:58Z
MRK,2001-04,ok,1558,av_intraday_5min/raw_monthly/MRK/2001-04.csv,csv ohlcv,2026-05-17T13:36:59Z
MRK,2001-05,ok,1713,av_intraday_5min/raw_monthly/MRK/2001-05.csv,csv ohlcv,2026-05-17T13:36:59Z
MRK,2001-06,ok,1622,av_intraday_5min/raw_monthly/MRK/2001-06.csv,csv ohlcv,2026-05-17T13:37:00Z
MRK,2001-07,ok,1602,av_intraday_5min/raw_monthly/MRK/2001-07.csv,csv ohlcv,2026-05-17T13:37:01Z
MRK,2001-08,ok,1794,av_intraday_5min/raw_monthly/MRK/2001-08.csv,csv ohlcv,2026-05-17T13:37:02Z
MRK,2001-09,ok,1163,av_intraday_5min/raw_monthly/MRK/2001-09.csv,csv ohlcv,2026-05-17T13:37:03Z
MRK,2001-10,ok,1792,av_intraday_5min/raw_monthly/MRK/2001-10.csv,csv ohlcv,2026-05-17T13:37:04Z
MRK,2001-11,ok,1597,av_intraday_5min/raw_monthly/MRK/2001-11.csv,csv ohlcv,2026-05-17T13:37:04Z
MRK,2001-12,ok,1519,av_intraday_5min/raw_monthly/MRK/2001-12.csv,csv ohlcv,2026-05-17T13:37:05Z
MRK,2002-01,ok,1635,av_intraday_5min/raw_monthly/MRK/2002-01.csv,csv ohlcv,2026-05-17T13:37:06Z
MRK,2002-02,ok,1481,av_intraday_5min/raw_monthly/MRK/2002-02.csv,csv ohlcv,2026-05-17T13:37:07Z
MRK,2002-03,ok,1560,av_intraday_5min/raw_monthly/MRK/2002-03.csv,csv ohlcv,2026-05-17T13:37:08Z
MRK,2002-04,ok,1715,av_intraday_5min/raw_monthly/MRK/2002-04.csv,csv ohlcv,2026-05-17T13:37:08Z
MRK,2002-05,ok,1715,av_intraday_5min/raw_monthly/MRK/2002-05.csv,csv ohlcv,2026-05-17T13:37:09Z
MRK,2002-06,ok,1560,av_intraday_5min/raw_monthly/MRK/2002-06.csv,csv ohlcv,2026-05-17T13:37:10Z
MRK,2002-07,ok,1680,av_intraday_5min/raw_monthly/MRK/2002-07.csv,csv ohlcv,2026-05-17T13:37:11Z
MRK,2002-08,ok,1716,av_intraday_5min/raw_monthly/MRK/2002-08.csv,csv ohlcv,2026-05-17T13:37:12Z
MRK,2002-09,ok,1525,av_intraday_5min/raw_monthly/MRK/2002-09.csv,csv ohlcv,2026-05-17T13:37:13Z
MRK,2002-10,ok,1793,av_intraday_5min/raw_monthly/MRK/2002-10.csv,csv ohlcv,2026-05-17T13:37:13Z
MRK,2002-11,ok,1524,av_intraday_5min/raw_monthly/MRK/2002-11.csv,csv ohlcv,2026-05-17T13:37:14Z
MRK,2002-12,ok,1603,av_intraday_5min/raw_monthly/MRK/2002-12.csv,csv ohlcv,2026-05-17T13:37:15Z
MRK,2003-01,ok,1637,av_intraday_5min/raw_monthly/MRK/2003-01.csv,csv ohlcv,2026-05-17T13:37:16Z
MRK,2003-02,ok,1481,av_intraday_5min/raw_monthly/MRK/2003-02.csv,csv ohlcv,2026-05-17T13:37:17Z
MRK,2003-03,ok,1638,av_intraday_5min/raw_monthly/MRK/2003-03.csv,csv ohlcv,2026-05-17T13:37:18Z
MRK,2003-04,ok,1637,av_intraday_5min/raw_monthly/MRK/2003-04.csv,csv ohlcv,2026-05-17T13:37:18Z
MRK,2003-05,ok,1638,av_intraday_5min/raw_monthly/MRK/2003-05.csv,csv ohlcv,2026-05-17T13:37:19Z
MRK,2003-06,ok,1638,av_intraday_5min/raw_monthly/MRK/2003-06.csv,csv ohlcv,2026-05-17T13:37:20Z
MRK,2003-07,ok,1681,av_intraday_5min/raw_monthly/MRK/2003-07.csv,csv ohlcv,2026-05-17T13:37:21Z
MRK,2003-08,ok,1637,av_intraday_5min/raw_monthly/MRK/2003-08.csv,csv ohlcv,2026-05-17T13:37:22Z
MRK,2003-09,ok,1638,av_intraday_5min/raw_monthly/MRK/2003-09.csv,csv ohlcv,2026-05-17T13:37:23Z
MRK,2003-10,ok,1794,av_intraday_5min/raw_monthly/MRK/2003-10.csv,csv ohlcv,2026-05-17T13:37:23Z
MRK,2003-11,ok,1448,av_intraday_5min/raw_monthly/MRK/2003-11.csv,csv ohlcv,2026-05-17T13:37:24Z
MRK,2003-12,ok,1646,av_intraday_5min/raw_monthly/MRK/2003-12.csv,csv ohlcv,2026-05-17T13:37:25Z
MRK,2004-01,ok,1559,av_intraday_5min/raw_monthly/MRK/2004-01.csv,csv ohlcv,2026-05-17T13:37:26Z
MRK,2004-02,ok,1482,av_intraday_5min/raw_monthly/MRK/2004-02.csv,csv ohlcv,2026-05-17T13:37:27Z
MRK,2004-03,ok,1794,av_intraday_5min/raw_monthly/MRK/2004-03.csv,csv ohlcv,2026-05-17T13:37:27Z
MRK,2004-04,ok,1637,av_intraday_5min/raw_monthly/MRK/2004-04.csv,csv ohlcv,2026-05-17T13:37:28Z
MRK,2004-05,ok,1560,av_intraday_5min/raw_monthly/MRK/2004-05.csv,csv ohlcv,2026-05-17T13:37:29Z
MRK,2004-06,ok,1638,av_intraday_5min/raw_monthly/MRK/2004-06.csv,csv ohlcv,2026-05-17T13:37:30Z
MRK,2004-07,ok,1638,av_intraday_5min/raw_monthly/MRK/2004-07.csv,csv ohlcv,2026-05-17T13:37:31Z
MRK,2004-08,ok,1716,av_intraday_5min/raw_monthly/MRK/2004-08.csv,csv ohlcv,2026-05-17T13:37:32Z
MRK,2004-09,ok,1638,av_intraday_5min/raw_monthly/MRK/2004-09.csv,csv ohlcv,2026-05-17T13:37:33Z
MRK,2004-10,ok,1638,av_intraday_5min/raw_monthly/MRK/2004-10.csv,csv ohlcv,2026-05-17T13:37:33Z
MRK,2004-11,ok,1603,av_intraday_5min/raw_monthly/MRK/2004-11.csv,csv ohlcv,2026-05-17T13:37:34Z
MRK,2004-12,ok,1716,av_intraday_5min/raw_monthly/MRK/2004-12.csv,csv ohlcv,2026-05-17T13:37:35Z
MRK,2005-01,ok,1560,av_intraday_5min/raw_monthly/MRK/2005-01.csv,csv ohlcv,2026-05-17T13:37:36Z
MRK,2005-02,ok,1482,av_intraday_5min/raw_monthly/MRK/2005-02.csv,csv ohlcv,2026-05-17T13:37:37Z
MRK,2005-03,ok,1716,av_intraday_5min/raw_monthly/MRK/2005-03.csv,csv ohlcv,2026-05-17T13:37:38Z
MRK,2005-04,ok,1638,av_intraday_5min/raw_monthly/MRK/2005-04.csv,csv ohlcv,2026-05-17T13:37:38Z
MRK,2005-05,ok,1638,av_intraday_5min/raw_monthly/MRK/2005-05.csv,csv ohlcv,2026-05-17T13:37:39Z
MRK,2005-06,ok,1714,av_intraday_5min/raw_monthly/MRK/2005-06.csv,csv ohlcv,2026-05-17T13:37:40Z
MRK,2005-07,ok,1560,av_intraday_5min/raw_monthly/MRK/2005-07.csv,csv ohlcv,2026-05-17T13:37:41Z
MRK,2005-08,ok,1793,av_intraday_5min/raw_monthly/MRK/2005-08.csv,csv ohlcv,2026-05-17T13:37:42Z
MRK,2005-09,ok,1638,av_intraday_5min/raw_monthly/MRK/2005-09.csv,csv ohlcv,2026-05-17T13:37:43Z
MRK,2005-10,ok,1637,av_intraday_5min/raw_monthly/MRK/2005-10.csv,csv ohlcv,2026-05-17T13:37:44Z
MRK,2005-11,ok,1603,av_intraday_5min/raw_monthly/MRK/2005-11.csv,csv ohlcv,2026-05-17T13:37:45Z
MRK,2005-12,ok,1638,av_intraday_5min/raw_monthly/MRK/2005-12.csv,csv ohlcv,2026-05-17T13:37:46Z
MRK,2006-01,ok,1560,av_intraday_5min/raw_monthly/MRK/2006-01.csv,csv ohlcv,2026-05-17T13:37:47Z
MRK,2006-02,ok,1482,av_intraday_5min/raw_monthly/MRK/2006-02.csv,csv ohlcv,2026-05-17T13:37:48Z
MRK,2006-03,ok,1794,av_intraday_5min/raw_monthly/MRK/2006-03.csv,csv ohlcv,2026-05-17T13:37:49Z
MRK,2006-04,ok,1482,av_intraday_5min/raw_monthly/MRK/2006-04.csv,csv ohlcv,2026-05-17T13:37:49Z
MRK,2006-05,ok,1716,av_intraday_5min/raw_monthly/MRK/2006-05.csv,csv ohlcv,2026-05-17T13:37:50Z
MRK,2006-06,ok,1716,av_intraday_5min/raw_monthly/MRK/2006-06.csv,csv ohlcv,2026-05-17T13:37:51Z
MRK,2006-07,ok,1525,av_intraday_5min/raw_monthly/MRK/2006-07.csv,csv ohlcv,2026-05-17T13:37:52Z
MRK,2006-08,ok,1794,av_intraday_5min/raw_monthly/MRK/2006-08.csv,csv ohlcv,2026-05-17T13:37:53Z
MRK,2006-09,ok,1560,av_intraday_5min/raw_monthly/MRK/2006-09.csv,csv ohlcv,2026-05-17T13:37:53Z
MRK,2006-10,ok,1716,av_intraday_5min/raw_monthly/MRK/2006-10.csv,csv ohlcv,2026-05-17T13:37:54Z
MRK,2006-11,ok,1603,av_intraday_5min/raw_monthly/MRK/2006-11.csv,csv ohlcv,2026-05-17T13:37:55Z
MRK,2006-12,ok,1560,av_intraday_5min/raw_monthly/MRK/2006-12.csv,csv ohlcv,2026-05-17T13:37:56Z
MRK,2007-01,ok,1560,av_intraday_5min/raw_monthly/MRK/2007-01.csv,csv ohlcv,2026-05-17T13:37:57Z
MRK,2007-02,ok,1482,av_intraday_5min/raw_monthly/MRK/2007-02.csv,csv ohlcv,2026-05-17T13:37:58Z
MRK,2007-03,ok,1716,av_intraday_5min/raw_monthly/MRK/2007-03.csv,csv ohlcv,2026-05-17T13:37:58Z
MRK,2007-04,ok,1560,av_intraday_5min/raw_monthly/MRK/2007-04.csv,csv ohlcv,2026-05-17T13:37:59Z
MRK,2007-05,ok,1716,av_intraday_5min/raw_monthly/MRK/2007-05.csv,csv ohlcv,2026-05-17T13:38:00Z
MRK,2007-06,ok,1638,av_intraday_5min/raw_monthly/MRK/2007-06.csv,csv ohlcv,2026-05-17T13:38:01Z
MRK,2007-07,ok,1612,av_intraday_5min/raw_monthly/MRK/2007-07.csv,csv ohlcv,2026-05-17T13:38:02Z
MRK,2007-08,ok,1794,av_intraday_5min/raw_monthly/MRK/2007-08.csv,csv ohlcv,2026-05-17T13:38:03Z
MRK,2007-09,ok,1482,av_intraday_5min/raw_monthly/MRK/2007-09.csv,csv ohlcv,2026-05-17T13:38:03Z
MRK,2007-10,ok,1794,av_intraday_5min/raw_monthly/MRK/2007-10.csv,csv ohlcv,2026-05-17T13:38:04Z
MRK,2007-11,ok,1612,av_intraday_5min/raw_monthly/MRK/2007-11.csv,csv ohlcv,2026-05-17T13:38:05Z
MRK,2007-12,ok,1529,av_intraday_5min/raw_monthly/MRK/2007-12.csv,csv ohlcv,2026-05-17T13:38:06Z
MRK,2008-01,ok,1638,av_intraday_5min/raw_monthly/MRK/2008-01.csv,csv ohlcv,2026-05-17T13:38:06Z
MRK,2008-02,ok,1560,av_intraday_5min/raw_monthly/MRK/2008-02.csv,csv ohlcv,2026-05-17T13:38:07Z
MRK,2008-03,ok,1560,av_intraday_5min/raw_monthly/MRK/2008-03.csv,csv ohlcv,2026-05-17T13:38:08Z
MRK,2008-04,ok,1716,av_intraday_5min/raw_monthly/MRK/2008-04.csv,csv ohlcv,2026-05-17T13:38:09Z
MRK,2008-05,ok,1638,av_intraday_5min/raw_monthly/MRK/2008-05.csv,csv ohlcv,2026-05-17T13:38:10Z
MRK,2008-06,ok,1638,av_intraday_5min/raw_monthly/MRK/2008-06.csv,csv ohlcv,2026-05-17T13:38:11Z
MRK,2008-07,ok,1686,av_intraday_5min/raw_monthly/MRK/2008-07.csv,csv ohlcv,2026-05-17T13:38:11Z
MRK,2008-08,ok,1638,av_intraday_5min/raw_monthly/MRK/2008-08.csv,csv ohlcv,2026-05-17T13:38:12Z
MRK,2008-09,ok,1638,av_intraday_5min/raw_monthly/MRK/2008-09.csv,csv ohlcv,2026-05-17T13:38:13Z
MRK,2008-10,ok,1794,av_intraday_5min/raw_monthly/MRK/2008-10.csv,csv ohlcv,2026-05-17T13:38:14Z
MRK,2008-11,ok,1453,av_intraday_5min/raw_monthly/MRK/2008-11.csv,csv ohlcv,2026-05-17T13:38:15Z
MRK,2008-12,ok,1684,av_intraday_5min/raw_monthly/MRK/2008-12.csv,csv ohlcv,2026-05-17T13:38:16Z
MRK,2009-01,ok,1560,av_intraday_5min/raw_monthly/MRK/2009-01.csv,csv ohlcv,2026-05-17T13:38:17Z
MRK,2009-02,ok,1482,av_intraday_5min/raw_monthly/MRK/2009-02.csv,csv ohlcv,2026-05-17T13:38:18Z
MRK,2009-03,ok,1716,av_intraday_5min/raw_monthly/MRK/2009-03.csv,csv ohlcv,2026-05-17T13:38:19Z
MRK,2009-04,ok,1638,av_intraday_5min/raw_monthly/MRK/2009-04.csv,csv ohlcv,2026-05-17T13:38:19Z
MRK,2009-05,ok,1560,av_intraday_5min/raw_monthly/MRK/2009-05.csv,csv ohlcv,2026-05-17T13:38:20Z
MRK,2009-06,ok,1716,av_intraday_5min/raw_monthly/MRK/2009-06.csv,csv ohlcv,2026-05-17T13:38:21Z
MRK,2009-07,ok,1716,av_intraday_5min/raw_monthly/MRK/2009-07.csv,csv ohlcv,2026-05-17T13:38:22Z
MRK,2009-08,ok,1638,av_intraday_5min/raw_monthly/MRK/2009-08.csv,csv ohlcv,2026-05-17T13:38:23Z
MRK,2009-09,ok,1638,av_intraday_5min/raw_monthly/MRK/2009-09.csv,csv ohlcv,2026-05-17T13:38:24Z
MRK,2009-10,ok,1716,av_intraday_5min/raw_monthly/MRK/2009-10.csv,csv ohlcv,2026-05-17T13:38:25Z
MRK,2009-11,ok,1531,av_intraday_5min/raw_monthly/MRK/2009-11.csv,csv ohlcv,2026-05-17T13:38:26Z
MRK,2009-12,ok,1685,av_intraday_5min/raw_monthly/MRK/2009-12.csv,csv ohlcv,2026-05-17T13:38:26Z
MRK,2010-01,ok,1482,av_intraday_5min/raw_monthly/MRK/2010-01.csv,csv ohlcv,2026-05-17T13:38:27Z
MRK,2010-02,ok,1482,av_intraday_5min/raw_monthly/MRK/2010-02.csv,csv ohlcv,2026-05-17T13:38:28Z
MRK,2010-03,ok,1794,av_intraday_5min/raw_monthly/MRK/2010-03.csv,csv ohlcv,2026-05-17T13:38:29Z
MRK,2010-04,ok,1638,av_intraday_5min/raw_monthly/MRK/2010-04.csv,csv ohlcv,2026-05-17T13:38:30Z
MRK,2010-05,ok,1560,av_intraday_5min/raw_monthly/MRK/2010-05.csv,csv ohlcv,2026-05-17T13:38:31Z
MRK,2010-06,ok,1716,av_intraday_5min/raw_monthly/MRK/2010-06.csv,csv ohlcv,2026-05-17T13:38:32Z
MRK,2010-07,ok,1638,av_intraday_5min/raw_monthly/MRK/2010-07.csv,csv ohlcv,2026-05-17T13:38:32Z
MRK,2010-08,ok,1716,av_intraday_5min/raw_monthly/MRK/2010-08.csv,csv ohlcv,2026-05-17T13:38:33Z
MRK,2010-09,ok,1638,av_intraday_5min/raw_monthly/MRK/2010-09.csv,csv ohlcv,2026-05-17T13:38:34Z
MRK,2010-10,ok,1638,av_intraday_5min/raw_monthly/MRK/2010-10.csv,csv ohlcv,2026-05-17T13:38:35Z
MRK,2010-11,ok,1609,av_intraday_5min/raw_monthly/MRK/2010-11.csv,csv ohlcv,2026-05-17T13:38:36Z
MRK,2010-12,ok,1716,av_intraday_5min/raw_monthly/MRK/2010-12.csv,csv ohlcv,2026-05-17T13:38:37Z
MRK,2011-01,ok,1560,av_intraday_5min/raw_monthly/MRK/2011-01.csv,csv ohlcv,2026-05-17T13:38:38Z
MRK,2011-02,ok,1482,av_intraday_5min/raw_monthly/MRK/2011-02.csv,csv ohlcv,2026-05-17T13:38:39Z
MRK,2011-03,ok,1794,av_intraday_5min/raw_monthly/MRK/2011-03.csv,csv ohlcv,2026-05-17T13:38:40Z
MRK,2011-04,ok,1560,av_intraday_5min/raw_monthly/MRK/2011-04.csv,csv ohlcv,2026-05-17T13:38:41Z
MRK,2011-05,ok,1638,av_intraday_5min/raw_monthly/MRK/2011-05.csv,csv ohlcv,2026-05-17T13:38:41Z
MRK,2011-06,ok,1716,av_intraday_5min/raw_monthly/MRK/2011-06.csv,csv ohlcv,2026-05-17T13:38:42Z
MRK,2011-07,ok,1560,av_intraday_5min/raw_monthly/MRK/2011-07.csv,csv ohlcv,2026-05-17T13:38:43Z
MRK,2011-08,ok,1794,av_intraday_5min/raw_monthly/MRK/2011-08.csv,csv ohlcv,2026-05-17T13:38:44Z
MRK,2011-09,ok,1638,av_intraday_5min/raw_monthly/MRK/2011-09.csv,csv ohlcv,2026-05-17T13:38:45Z
MRK,2011-10,ok,1638,av_intraday_5min/raw_monthly/MRK/2011-10.csv,csv ohlcv,2026-05-17T13:38:46Z
MRK,2011-11,ok,1609,av_intraday_5min/raw_monthly/MRK/2011-11.csv,csv ohlcv,2026-05-17T13:38:47Z
MRK,2011-12,ok,1638,av_intraday_5min/raw_monthly/MRK/2011-12.csv,csv ohlcv,2026-05-17T13:38:48Z
MRK,2012-01,ok,1560,av_intraday_5min/raw_monthly/MRK/2012-01.csv,csv ohlcv,2026-05-17T13:38:49Z
MRK,2012-02,ok,1560,av_intraday_5min/raw_monthly/MRK/2012-02.csv,csv ohlcv,2026-05-17T13:38:50Z
MRK,2012-03,ok,1716,av_intraday_5min/raw_monthly/MRK/2012-03.csv,csv ohlcv,2026-05-17T13:38:50Z
MRK,2012-04,ok,1560,av_intraday_5min/raw_monthly/MRK/2012-04.csv,csv ohlcv,2026-05-17T13:38:51Z
MRK,2012-05,ok,1716,av_intraday_5min/raw_monthly/MRK/2012-05.csv,csv ohlcv,2026-05-17T13:38:52Z
MRK,2012-06,ok,1638,av_intraday_5min/raw_monthly/MRK/2012-06.csv,csv ohlcv,2026-05-17T13:38:53Z
MRK,2012-07,ok,1607,av_intraday_5min/raw_monthly/MRK/2012-07.csv,csv ohlcv,2026-05-17T13:38:54Z
MRK,2012-08,ok,1794,av_intraday_5min/raw_monthly/MRK/2012-08.csv,csv ohlcv,2026-05-17T13:38:55Z
MRK,2012-09,ok,1482,av_intraday_5min/raw_monthly/MRK/2012-09.csv,csv ohlcv,2026-05-17T13:38:56Z
MRK,2012-10,ok,1638,av_intraday_5min/raw_monthly/MRK/2012-10.csv,csv ohlcv,2026-05-17T13:38:56Z
MRK,2012-11,ok,1607,av_intraday_5min/raw_monthly/MRK/2012-11.csv,csv ohlcv,2026-05-17T13:38:57Z
MRK,2012-12,ok,1528,av_intraday_5min/raw_monthly/MRK/2012-12.csv,csv ohlcv,2026-05-17T13:38:58Z
MRK,2013-01,ok,1638,av_intraday_5min/raw_monthly/MRK/2013-01.csv,csv ohlcv,2026-05-17T13:38:59Z
MRK,2013-02,ok,1482,av_intraday_5min/raw_monthly/MRK/2013-02.csv,csv ohlcv,2026-05-17T13:39:00Z
MRK,2013-03,ok,1560,av_intraday_5min/raw_monthly/MRK/2013-03.csv,csv ohlcv,2026-05-17T13:39:01Z
MRK,2013-04,ok,1716,av_intraday_5min/raw_monthly/MRK/2013-04.csv,csv ohlcv,2026-05-17T13:39:02Z
MRK,2013-05,ok,1716,av_intraday_5min/raw_monthly/MRK/2013-05.csv,csv ohlcv,2026-05-17T13:39:02Z
MRK,2013-06,ok,1560,av_intraday_5min/raw_monthly/MRK/2013-06.csv,csv ohlcv,2026-05-17T13:39:03Z
MRK,2013-07,ok,1685,av_intraday_5min/raw_monthly/MRK/2013-07.csv,csv ohlcv,2026-05-17T13:39:04Z
MRK,2013-08,ok,1716,av_intraday_5min/raw_monthly/MRK/2013-08.csv,csv ohlcv,2026-05-17T13:39:05Z
MRK,2013-09,ok,1560,av_intraday_5min/raw_monthly/MRK/2013-09.csv,csv ohlcv,2026-05-17T13:39:06Z
MRK,2013-10,ok,1794,av_intraday_5min/raw_monthly/MRK/2013-10.csv,csv ohlcv,2026-05-17T13:39:07Z
MRK,2013-11,ok,1525,av_intraday_5min/raw_monthly/MRK/2013-11.csv,csv ohlcv,2026-05-17T13:39:08Z
MRK,2013-12,ok,1605,av_intraday_5min/raw_monthly/MRK/2013-12.csv,csv ohlcv,2026-05-17T13:39:09Z
MRK,2014-01,ok,1638,av_intraday_5min/raw_monthly/MRK/2014-01.csv,csv ohlcv,2026-05-17T13:39:10Z
MRK,2014-02,ok,1482,av_intraday_5min/raw_monthly/MRK/2014-02.csv,csv ohlcv,2026-05-17T13:39:10Z
MRK,2014-03,ok,1638,av_intraday_5min/raw_monthly/MRK/2014-03.csv,csv ohlcv,2026-05-17T13:39:11Z
MRK,2014-04,ok,1638,av_intraday_5min/raw_monthly/MRK/2014-04.csv,csv ohlcv,2026-05-17T13:39:12Z
MRK,2014-05,ok,1638,av_intraday_5min/raw_monthly/MRK/2014-05.csv,csv ohlcv,2026-05-17T13:39:13Z
MRK,2014-06,ok,1638,av_intraday_5min/raw_monthly/MRK/2014-06.csv,csv ohlcv,2026-05-17T13:39:14Z
MRK,2014-07,ok,1685,av_intraday_5min/raw_monthly/MRK/2014-07.csv,csv ohlcv,2026-05-17T13:39:15Z
MRK,2014-08,ok,1638,av_intraday_5min/raw_monthly/MRK/2014-08.csv,csv ohlcv,2026-05-17T13:39:16Z
MRK,2014-09,ok,1638,av_intraday_5min/raw_monthly/MRK/2014-09.csv,csv ohlcv,2026-05-17T13:39:16Z
MRK,2014-10,ok,1783,av_intraday_5min/raw_monthly/MRK/2014-10.csv,csv ohlcv,2026-05-17T13:39:17Z
MRK,2014-11,ok,1453,av_intraday_5min/raw_monthly/MRK/2014-11.csv,csv ohlcv,2026-05-17T13:39:18Z
MRK,2014-12,ok,1682,av_intraday_5min/raw_monthly/MRK/2014-12.csv,csv ohlcv,2026-05-17T13:39:19Z
MRK,2015-01,ok,1560,av_intraday_5min/raw_monthly/MRK/2015-01.csv,csv ohlcv,2026-05-17T13:39:20Z
MRK,2015-02,ok,1482,av_intraday_5min/raw_monthly/MRK/2015-02.csv,csv ohlcv,2026-05-17T13:39:20Z
MRK,2015-03,ok,1716,av_intraday_5min/raw_monthly/MRK/2015-03.csv,csv ohlcv,2026-05-17T13:39:21Z
MRK,2015-04,ok,1638,av_intraday_5min/raw_monthly/MRK/2015-04.csv,csv ohlcv,2026-05-17T13:39:22Z
MRK,2015-05,ok,1560,av_intraday_5min/raw_monthly/MRK/2015-05.csv,csv ohlcv,2026-05-17T13:39:23Z
MRK,2015-06,ok,1716,av_intraday_5min/raw_monthly/MRK/2015-06.csv,csv ohlcv,2026-05-17T13:39:23Z
MRK,2015-07,ok,1716,av_intraday_5min/raw_monthly/MRK/2015-07.csv,csv ohlcv,2026-05-17T13:39:24Z
MRK,2015-08,ok,1638,av_intraday_5min/raw_monthly/MRK/2015-08.csv,csv ohlcv,2026-05-17T13:39:25Z
MRK,2015-09,ok,1638,av_intraday_5min/raw_monthly/MRK/2015-09.csv,csv ohlcv,2026-05-17T13:39:26Z
MRK,2015-10,ok,1716,av_intraday_5min/raw_monthly/MRK/2015-10.csv,csv ohlcv,2026-05-17T13:39:27Z
MRK,2015-11,ok,1528,av_intraday_5min/raw_monthly/MRK/2015-11.csv,csv ohlcv,2026-05-17T13:39:28Z
MRK,2015-12,ok,1681,av_intraday_5min/raw_monthly/MRK/2015-12.csv,csv ohlcv,2026-05-17T13:39:28Z
MRK,2016-01,ok,1482,av_intraday_5min/raw_monthly/MRK/2016-01.csv,csv ohlcv,2026-05-17T13:39:29Z
MRK,2016-02,ok,1560,av_intraday_5min/raw_monthly/MRK/2016-02.csv,csv ohlcv,2026-05-17T13:39:30Z
MRK,2016-03,ok,1716,av_intraday_5min/raw_monthly/MRK/2016-03.csv,csv ohlcv,2026-05-17T13:39:31Z
MRK,2016-04,ok,1638,av_intraday_5min/raw_monthly/MRK/2016-04.csv,csv ohlcv,2026-05-17T13:39:32Z
MRK,2016-05,ok,1638,av_intraday_5min/raw_monthly/MRK/2016-05.csv,csv ohlcv,2026-05-17T13:39:33Z
MRK,2016-06,ok,1716,av_intraday_5min/raw_monthly/MRK/2016-06.csv,csv ohlcv,2026-05-17T13:39:34Z
MRK,2016-07,ok,1560,av_intraday_5min/raw_monthly/MRK/2016-07.csv,csv ohlcv,2026-05-17T13:39:35Z
MRK,2016-08,ok,1794,av_intraday_5min/raw_monthly/MRK/2016-08.csv,csv ohlcv,2026-05-17T13:39:35Z
MRK,2016-09,ok,1638,av_intraday_5min/raw_monthly/MRK/2016-09.csv,csv ohlcv,2026-05-17T13:39:36Z
MRK,2016-10,ok,1638,av_intraday_5min/raw_monthly/MRK/2016-10.csv,csv ohlcv,2026-05-17T13:39:37Z
MRK,2016-11,ok,1609,av_intraday_5min/raw_monthly/MRK/2016-11.csv,csv ohlcv,2026-05-17T13:39:38Z
MRK,2016-12,ok,1638,av_intraday_5min/raw_monthly/MRK/2016-12.csv,csv ohlcv,2026-05-17T13:39:39Z
MRK,2017-01,ok,1560,av_intraday_5min/raw_monthly/MRK/2017-01.csv,csv ohlcv,2026-05-17T13:39:40Z
MRK,2017-02,ok,1482,av_intraday_5min/raw_monthly/MRK/2017-02.csv,csv ohlcv,2026-05-17T13:39:41Z
MRK,2017-03,ok,1794,av_intraday_5min/raw_monthly/MRK/2017-03.csv,csv ohlcv,2026-05-17T13:39:42Z
MRK,2017-04,ok,1482,av_intraday_5min/raw_monthly/MRK/2017-04.csv,csv ohlcv,2026-05-17T13:39:42Z
MRK,2017-05,ok,1716,av_intraday_5min/raw_monthly/MRK/2017-05.csv,csv ohlcv,2026-05-17T13:39:43Z
MRK,2017-06,ok,1716,av_intraday_5min/raw_monthly/MRK/2017-06.csv,csv ohlcv,2026-05-17T13:39:44Z
MRK,2017-07,ok,1531,av_intraday_5min/raw_monthly/MRK/2017-07.csv,csv ohlcv,2026-05-17T13:39:45Z
MRK,2017-08,ok,1794,av_intraday_5min/raw_monthly/MRK/2017-08.csv,csv ohlcv,2026-05-17T13:39:46Z
MRK,2017-09,ok,1560,av_intraday_5min/raw_monthly/MRK/2017-09.csv,csv ohlcv,2026-05-17T13:39:47Z
MRK,2017-10,ok,1716,av_intraday_5min/raw_monthly/MRK/2017-10.csv,csv ohlcv,2026-05-17T13:39:48Z
MRK,2017-11,ok,1603,av_intraday_5min/raw_monthly/MRK/2017-11.csv,csv ohlcv,2026-05-17T13:39:48Z
MRK,2017-12,ok,1560,av_intraday_5min/raw_monthly/MRK/2017-12.csv,csv ohlcv,2026-05-17T13:39:49Z
MSFT,2001-02,ok,1482,av_intraday_5min/raw_monthly/MSFT/2001-02.csv,csv ohlcv,2026-05-17T13:39:50Z
MSFT,2001-03,ok,1716,av_intraday_5min/raw_monthly/MSFT/2001-03.csv,csv ohlcv,2026-05-17T13:39:51Z
MSFT,2001-04,ok,1560,av_intraday_5min/raw_monthly/MSFT/2001-04.csv,csv ohlcv,2026-05-17T13:39:52Z
MSFT,2001-05,ok,1716,av_intraday_5min/raw_monthly/MSFT/2001-05.csv,csv ohlcv,2026-05-17T13:39:53Z
MSFT,2001-06,ok,1599,av_intraday_5min/raw_monthly/MSFT/2001-06.csv,csv ohlcv,2026-05-17T13:39:54Z
MSFT,2001-07,ok,1603,av_intraday_5min/raw_monthly/MSFT/2001-07.csv,csv ohlcv,2026-05-17T13:39:55Z
MSFT,2001-08,ok,1794,av_intraday_5min/raw_monthly/MSFT/2001-08.csv,csv ohlcv,2026-05-17T13:39:55Z
MSFT,2001-09,ok,1170,av_intraday_5min/raw_monthly/MSFT/2001-09.csv,csv ohlcv,2026-05-17T13:39:56Z
MSFT,2001-10,ok,1794,av_intraday_5min/raw_monthly/MSFT/2001-10.csv,csv ohlcv,2026-05-17T13:39:57Z
MSFT,2001-11,ok,1603,av_intraday_5min/raw_monthly/MSFT/2001-11.csv,csv ohlcv,2026-05-17T13:39:58Z
MSFT,2001-12,ok,1525,av_intraday_5min/raw_monthly/MSFT/2001-12.csv,csv ohlcv,2026-05-17T13:39:59Z
MSFT,2002-01,ok,1638,av_intraday_5min/raw_monthly/MSFT/2002-01.csv,csv ohlcv,2026-05-17T13:40:00Z
MSFT,2002-02,ok,1482,av_intraday_5min/raw_monthly/MSFT/2002-02.csv,csv ohlcv,2026-05-17T13:40:01Z
MSFT,2002-03,ok,1560,av_intraday_5min/raw_monthly/MSFT/2002-03.csv,csv ohlcv,2026-05-17T13:40:02Z
MSFT,2002-04,ok,1716,av_intraday_5min/raw_monthly/MSFT/2002-04.csv,csv ohlcv,2026-05-17T13:40:03Z
MSFT,2002-05,ok,1716,av_intraday_5min/raw_monthly/MSFT/2002-05.csv,csv ohlcv,2026-05-17T13:40:03Z
MSFT,2002-06,ok,1560,av_intraday_5min/raw_monthly/MSFT/2002-06.csv,csv ohlcv,2026-05-17T13:40:04Z
MSFT,2002-07,ok,1681,av_intraday_5min/raw_monthly/MSFT/2002-07.csv,csv ohlcv,2026-05-17T13:40:05Z
MSFT,2002-08,ok,1716,av_intraday_5min/raw_monthly/MSFT/2002-08.csv,csv ohlcv,2026-05-17T13:40:06Z
MSFT,2002-09,ok,1542,av_intraday_5min/raw_monthly/MSFT/2002-09.csv,csv ohlcv,2026-05-17T13:40:07Z
MSFT,2002-10,ok,1794,av_intraday_5min/raw_monthly/MSFT/2002-10.csv,csv ohlcv,2026-05-17T13:40:09Z
MSFT,2002-11,ok,1525,av_intraday_5min/raw_monthly/MSFT/2002-11.csv,csv ohlcv,2026-05-17T13:40:10Z
MSFT,2002-12,ok,1598,av_intraday_5min/raw_monthly/MSFT/2002-12.csv,csv ohlcv,2026-05-17T13:40:10Z
MSFT,2003-01,ok,1638,av_intraday_5min/raw_monthly/MSFT/2003-01.csv,csv ohlcv,2026-05-17T13:40:11Z
MSFT,2003-02,ok,1482,av_intraday_5min/raw_monthly/MSFT/2003-02.csv,csv ohlcv,2026-05-17T13:40:12Z
MSFT,2003-03,ok,1638,av_intraday_5min/raw_monthly/MSFT/2003-03.csv,csv ohlcv,2026-05-17T13:40:13Z
MSFT,2003-04,ok,1638,av_intraday_5min/raw_monthly/MSFT/2003-04.csv,csv ohlcv,2026-05-17T13:40:14Z
MSFT,2003-05,ok,1638,av_intraday_5min/raw_monthly/MSFT/2003-05.csv,csv ohlcv,2026-05-17T13:40:15Z
MSFT,2003-06,ok,1638,av_intraday_5min/raw_monthly/MSFT/2003-06.csv,csv ohlcv,2026-05-17T13:40:17Z
MSFT,2003-07,ok,1685,av_intraday_5min/raw_monthly/MSFT/2003-07.csv,csv ohlcv,2026-05-17T13:40:18Z
MSFT,2003-08,ok,1638,av_intraday_5min/raw_monthly/MSFT/2003-08.csv,csv ohlcv,2026-05-17T13:40:18Z
MSFT,2003-09,ok,1638,av_intraday_5min/raw_monthly/MSFT/2003-09.csv,csv ohlcv,2026-05-17T13:40:19Z
MSFT,2003-10,ok,1794,av_intraday_5min/raw_monthly/MSFT/2003-10.csv,csv ohlcv,2026-05-17T13:40:20Z
MSFT,2003-11,ok,1447,av_intraday_5min/raw_monthly/MSFT/2003-11.csv,csv ohlcv,2026-05-17T13:40:21Z
MSFT,2003-12,ok,1646,av_intraday_5min/raw_monthly/MSFT/2003-12.csv,csv ohlcv,2026-05-17T13:40:22Z
MSFT,2004-01,ok,1560,av_intraday_5min/raw_monthly/MSFT/2004-01.csv,csv ohlcv,2026-05-17T13:40:23Z
MSFT,2004-02,ok,1482,av_intraday_5min/raw_monthly/MSFT/2004-02.csv,csv ohlcv,2026-05-17T13:40:24Z
MSFT,2004-03,ok,1794,av_intraday_5min/raw_monthly/MSFT/2004-03.csv,csv ohlcv,2026-05-17T13:40:25Z
MSFT,2004-04,ok,1637,av_intraday_5min/raw_monthly/MSFT/2004-04.csv,csv ohlcv,2026-05-17T13:40:26Z
MSFT,2004-05,ok,1560,av_intraday_5min/raw_monthly/MSFT/2004-05.csv,csv ohlcv,2026-05-17T13:40:27Z
MSFT,2004-06,ok,1638,av_intraday_5min/raw_monthly/MSFT/2004-06.csv,csv ohlcv,2026-05-17T13:40:28Z
MSFT,2004-07,ok,1638,av_intraday_5min/raw_monthly/MSFT/2004-07.csv,csv ohlcv,2026-05-17T13:40:29Z
MSFT,2004-08,ok,1716,av_intraday_5min/raw_monthly/MSFT/2004-08.csv,csv ohlcv,2026-05-17T13:40:30Z
MSFT,2004-09,ok,1638,av_intraday_5min/raw_monthly/MSFT/2004-09.csv,csv ohlcv,2026-05-17T13:40:31Z
MSFT,2004-10,ok,1638,av_intraday_5min/raw_monthly/MSFT/2004-10.csv,csv ohlcv,2026-05-17T13:40:32Z
MSFT,2004-11,ok,1603,av_intraday_5min/raw_monthly/MSFT/2004-11.csv,csv ohlcv,2026-05-17T13:40:33Z
MSFT,2004-12,ok,1716,av_intraday_5min/raw_monthly/MSFT/2004-12.csv,csv ohlcv,2026-05-17T13:40:34Z
MSFT,2005-01,ok,1560,av_intraday_5min/raw_monthly/MSFT/2005-01.csv,csv ohlcv,2026-05-17T13:40:34Z
MSFT,2005-02,ok,1482,av_intraday_5min/raw_monthly/MSFT/2005-02.csv,csv ohlcv,2026-05-17T13:40:35Z
MSFT,2005-03,ok,1716,av_intraday_5min/raw_monthly/MSFT/2005-03.csv,csv ohlcv,2026-05-17T13:40:36Z
MSFT,2005-04,ok,1638,av_intraday_5min/raw_monthly/MSFT/2005-04.csv,csv ohlcv,2026-05-17T13:40:37Z
MSFT,2005-05,ok,1638,av_intraday_5min/raw_monthly/MSFT/2005-05.csv,csv ohlcv,2026-05-17T13:40:38Z
MSFT,2005-06,ok,1716,av_intraday_5min/raw_monthly/MSFT/2005-06.csv,csv ohlcv,2026-05-17T13:40:39Z
MSFT,2005-07,ok,1560,av_intraday_5min/raw_monthly/MSFT/2005-07.csv,csv ohlcv,2026-05-17T13:40:40Z
MSFT,2005-08,ok,1794,av_intraday_5min/raw_monthly/MSFT/2005-08.csv,csv ohlcv,2026-05-17T13:40:41Z
MSFT,2005-09,ok,1638,av_intraday_5min/raw_monthly/MSFT/2005-09.csv,csv ohlcv,2026-05-17T13:40:42Z
MSFT,2005-10,ok,1638,av_intraday_5min/raw_monthly/MSFT/2005-10.csv,csv ohlcv,2026-05-17T13:40:42Z
MSFT,2005-11,ok,1603,av_intraday_5min/raw_monthly/MSFT/2005-11.csv,csv ohlcv,2026-05-17T13:40:43Z
MSFT,2005-12,ok,1634,av_intraday_5min/raw_monthly/MSFT/2005-12.csv,csv ohlcv,2026-05-17T13:40:44Z
MSFT,2006-01,ok,1560,av_intraday_5min/raw_monthly/MSFT/2006-01.csv,csv ohlcv,2026-05-17T13:40:45Z
MSFT,2006-02,ok,1482,av_intraday_5min/raw_monthly/MSFT/2006-02.csv,csv ohlcv,2026-05-17T13:40:46Z
MSFT,2006-03,ok,1794,av_intraday_5min/raw_monthly/MSFT/2006-03.csv,csv ohlcv,2026-05-17T13:40:47Z
MSFT,2006-04,ok,1482,av_intraday_5min/raw_monthly/MSFT/2006-04.csv,csv ohlcv,2026-05-17T13:40:48Z
MSFT,2006-05,ok,1716,av_intraday_5min/raw_monthly/MSFT/2006-05.csv,csv ohlcv,2026-05-17T13:40:49Z
MSFT,2006-06,ok,1712,av_intraday_5min/raw_monthly/MSFT/2006-06.csv,csv ohlcv,2026-05-17T13:40:50Z
MSFT,2006-07,ok,1525,av_intraday_5min/raw_monthly/MSFT/2006-07.csv,csv ohlcv,2026-05-17T13:40:50Z
MSFT,2006-08,ok,1794,av_intraday_5min/raw_monthly/MSFT/2006-08.csv,csv ohlcv,2026-05-17T13:40:51Z
MSFT,2006-09,ok,1560,av_intraday_5min/raw_monthly/MSFT/2006-09.csv,csv ohlcv,2026-05-17T13:40:52Z
MSFT,2006-10,ok,1716,av_intraday_5min/raw_monthly/MSFT/2006-10.csv,csv ohlcv,2026-05-17T13:40:53Z
MSFT,2006-11,ok,1603,av_intraday_5min/raw_monthly/MSFT/2006-11.csv,csv ohlcv,2026-05-17T13:40:54Z
MSFT,2006-12,ok,1560,av_intraday_5min/raw_monthly/MSFT/2006-12.csv,csv ohlcv,2026-05-17T13:40:55Z
MSFT,2007-01,ok,1560,av_intraday_5min/raw_monthly/MSFT/2007-01.csv,csv ohlcv,2026-05-17T13:40:56Z
MSFT,2007-02,ok,1479,av_intraday_5min/raw_monthly/MSFT/2007-02.csv,csv ohlcv,2026-05-17T13:40:57Z
MSFT,2007-03,ok,1716,av_intraday_5min/raw_monthly/MSFT/2007-03.csv,csv ohlcv,2026-05-17T13:40:58Z
MSFT,2007-04,ok,1560,av_intraday_5min/raw_monthly/MSFT/2007-04.csv,csv ohlcv,2026-05-17T13:40:59Z
MSFT,2007-05,ok,1715,av_intraday_5min/raw_monthly/MSFT/2007-05.csv,csv ohlcv,2026-05-17T13:41:00Z
MSFT,2007-06,ok,1638,av_intraday_5min/raw_monthly/MSFT/2007-06.csv,csv ohlcv,2026-05-17T13:41:01Z
MSFT,2007-07,ok,1618,av_intraday_5min/raw_monthly/MSFT/2007-07.csv,csv ohlcv,2026-05-17T13:41:01Z
MSFT,2007-08,ok,1794,av_intraday_5min/raw_monthly/MSFT/2007-08.csv,csv ohlcv,2026-05-17T13:41:02Z
MSFT,2007-09,ok,1482,av_intraday_5min/raw_monthly/MSFT/2007-09.csv,csv ohlcv,2026-05-17T13:41:04Z
MSFT,2007-10,ok,1794,av_intraday_5min/raw_monthly/MSFT/2007-10.csv,csv ohlcv,2026-05-17T13:41:04Z
MSFT,2007-11,ok,1614,av_intraday_5min/raw_monthly/MSFT/2007-11.csv,csv ohlcv,2026-05-17T13:41:05Z
MSFT,2007-12,ok,1536,av_intraday_5min/raw_monthly/MSFT/2007-12.csv,csv ohlcv,2026-05-17T13:41:06Z
MSFT,2008-01,ok,1638,av_intraday_5min/raw_monthly/MSFT/2008-01.csv,csv ohlcv,2026-05-17T13:41:07Z
MSFT,2008-02,ok,1560,av_intraday_5min/raw_monthly/MSFT/2008-02.csv,csv ohlcv,2026-05-17T13:41:08Z
MSFT,2008-03,ok,1560,av_intraday_5min/raw_monthly/MSFT/2008-03.csv,csv ohlcv,2026-05-17T13:41:09Z
MSFT,2008-04,ok,1716,av_intraday_5min/raw_monthly/MSFT/2008-04.csv,csv ohlcv,2026-05-17T13:41:10Z
MSFT,2008-05,ok,1638,av_intraday_5min/raw_monthly/MSFT/2008-05.csv,csv ohlcv,2026-05-17T13:41:10Z
MSFT,2008-06,ok,1638,av_intraday_5min/raw_monthly/MSFT/2008-06.csv,csv ohlcv,2026-05-17T13:41:11Z
MSFT,2008-07,ok,1697,av_intraday_5min/raw_monthly/MSFT/2008-07.csv,csv ohlcv,2026-05-17T13:41:12Z
MSFT,2008-08,ok,1638,av_intraday_5min/raw_monthly/MSFT/2008-08.csv,csv ohlcv,2026-05-17T13:41:13Z
MSFT,2008-09,ok,1638,av_intraday_5min/raw_monthly/MSFT/2008-09.csv,csv ohlcv,2026-05-17T13:41:14Z
MSFT,2008-10,ok,1794,av_intraday_5min/raw_monthly/MSFT/2008-10.csv,csv ohlcv,2026-05-17T13:41:15Z
MSFT,2008-11,ok,1462,av_intraday_5min/raw_monthly/MSFT/2008-11.csv,csv ohlcv,2026-05-17T13:41:16Z
MSFT,2008-12,ok,1702,av_intraday_5min/raw_monthly/MSFT/2008-12.csv,csv ohlcv,2026-05-17T13:41:17Z
MSFT,2009-01,ok,1560,av_intraday_5min/raw_monthly/MSFT/2009-01.csv,csv ohlcv,2026-05-17T13:41:18Z
MSFT,2009-02,ok,1482,av_intraday_5min/raw_monthly/MSFT/2009-02.csv,csv ohlcv,2026-05-17T13:41:19Z
MSFT,2009-03,ok,1716,av_intraday_5min/raw_monthly/MSFT/2009-03.csv,csv ohlcv,2026-05-17T13:41:20Z
MSFT,2009-04,ok,1638,av_intraday_5min/raw_monthly/MSFT/2009-04.csv,csv ohlcv,2026-05-17T13:41:20Z
MSFT,2009-05,ok,1560,av_intraday_5min/raw_monthly/MSFT/2009-05.csv,csv ohlcv,2026-05-17T13:41:21Z
MSFT,2009-06,ok,1716,av_intraday_5min/raw_monthly/MSFT/2009-06.csv,csv ohlcv,2026-05-17T13:41:22Z
MSFT,2009-07,ok,1716,av_intraday_5min/raw_monthly/MSFT/2009-07.csv,csv ohlcv,2026-05-17T13:41:23Z
MSFT,2009-08,ok,1638,av_intraday_5min/raw_monthly/MSFT/2009-08.csv,csv ohlcv,2026-05-17T13:41:24Z
MSFT,2009-09,ok,1638,av_intraday_5min/raw_monthly/MSFT/2009-09.csv,csv ohlcv,2026-05-17T13:41:25Z
MSFT,2009-10,ok,1716,av_intraday_5min/raw_monthly/MSFT/2009-10.csv,csv ohlcv,2026-05-17T13:41:26Z
MSFT,2009-11,ok,1542,av_intraday_5min/raw_monthly/MSFT/2009-11.csv,csv ohlcv,2026-05-17T13:41:27Z
MSFT,2009-12,ok,1697,av_intraday_5min/raw_monthly/MSFT/2009-12.csv,csv ohlcv,2026-05-17T13:41:27Z
MSFT,2010-01,ok,1482,av_intraday_5min/raw_monthly/MSFT/2010-01.csv,csv ohlcv,2026-05-17T13:41:28Z
MSFT,2010-02,ok,1482,av_intraday_5min/raw_monthly/MSFT/2010-02.csv,csv ohlcv,2026-05-17T13:41:29Z
MSFT,2010-03,ok,1794,av_intraday_5min/raw_monthly/MSFT/2010-03.csv,csv ohlcv,2026-05-17T13:41:30Z
MSFT,2010-04,ok,1638,av_intraday_5min/raw_monthly/MSFT/2010-04.csv,csv ohlcv,2026-05-17T13:41:31Z
MSFT,2010-05,ok,1560,av_intraday_5min/raw_monthly/MSFT/2010-05.csv,csv ohlcv,2026-05-17T13:41:32Z
MSFT,2010-06,ok,1716,av_intraday_5min/raw_monthly/MSFT/2010-06.csv,csv ohlcv,2026-05-17T13:41:33Z
MSFT,2010-07,ok,1638,av_intraday_5min/raw_monthly/MSFT/2010-07.csv,csv ohlcv,2026-05-17T13:41:34Z
MSFT,2010-08,ok,1716,av_intraday_5min/raw_monthly/MSFT/2010-08.csv,csv ohlcv,2026-05-17T13:41:34Z
MSFT,2010-09,ok,1638,av_intraday_5min/raw_monthly/MSFT/2010-09.csv,csv ohlcv,2026-05-17T13:41:35Z
MSFT,2010-10,ok,1638,av_intraday_5min/raw_monthly/MSFT/2010-10.csv,csv ohlcv,2026-05-17T13:41:36Z
MSFT,2010-11,ok,1616,av_intraday_5min/raw_monthly/MSFT/2010-11.csv,csv ohlcv,2026-05-17T13:41:37Z
MSFT,2010-12,ok,1716,av_intraday_5min/raw_monthly/MSFT/2010-12.csv,csv ohlcv,2026-05-17T13:41:38Z
MSFT,2011-01,ok,1560,av_intraday_5min/raw_monthly/MSFT/2011-01.csv,csv ohlcv,2026-05-17T13:41:39Z
MSFT,2011-02,ok,1482,av_intraday_5min/raw_monthly/MSFT/2011-02.csv,csv ohlcv,2026-05-17T13:41:40Z
MSFT,2011-03,ok,1794,av_intraday_5min/raw_monthly/MSFT/2011-03.csv,csv ohlcv,2026-05-17T13:41:41Z
MSFT,2011-04,ok,1560,av_intraday_5min/raw_monthly/MSFT/2011-04.csv,csv ohlcv,2026-05-17T13:41:42Z
MSFT,2011-05,ok,1638,av_intraday_5min/raw_monthly/MSFT/2011-05.csv,csv ohlcv,2026-05-17T13:41:43Z
MSFT,2011-06,ok,1716,av_intraday_5min/raw_monthly/MSFT/2011-06.csv,csv ohlcv,2026-05-17T13:41:44Z
MSFT,2011-07,ok,1560,av_intraday_5min/raw_monthly/MSFT/2011-07.csv,csv ohlcv,2026-05-17T13:41:45Z
MSFT,2011-08,ok,1794,av_intraday_5min/raw_monthly/MSFT/2011-08.csv,csv ohlcv,2026-05-17T13:41:46Z
MSFT,2011-09,ok,1638,av_intraday_5min/raw_monthly/MSFT/2011-09.csv,csv ohlcv,2026-05-17T13:41:47Z
MSFT,2011-10,ok,1638,av_intraday_5min/raw_monthly/MSFT/2011-10.csv,csv ohlcv,2026-05-17T13:41:48Z
MSFT,2011-11,ok,1623,av_intraday_5min/raw_monthly/MSFT/2011-11.csv,csv ohlcv,2026-05-17T13:41:48Z
MSFT,2011-12,ok,1638,av_intraday_5min/raw_monthly/MSFT/2011-12.csv,csv ohlcv,2026-05-17T13:41:49Z
MSFT,2012-01,ok,1560,av_intraday_5min/raw_monthly/MSFT/2012-01.csv,csv ohlcv,2026-05-17T13:41:50Z
MSFT,2012-02,ok,1560,av_intraday_5min/raw_monthly/MSFT/2012-02.csv,csv ohlcv,2026-05-17T13:41:51Z
MSFT,2012-03,ok,1716,av_intraday_5min/raw_monthly/MSFT/2012-03.csv,csv ohlcv,2026-05-17T13:41:52Z
MSFT,2012-04,ok,1560,av_intraday_5min/raw_monthly/MSFT/2012-04.csv,csv ohlcv,2026-05-17T13:41:53Z
MSFT,2012-05,ok,1716,av_intraday_5min/raw_monthly/MSFT/2012-05.csv,csv ohlcv,2026-05-17T13:41:54Z
MSFT,2012-06,ok,1638,av_intraday_5min/raw_monthly/MSFT/2012-06.csv,csv ohlcv,2026-05-17T13:41:55Z
MSFT,2012-07,ok,1624,av_intraday_5min/raw_monthly/MSFT/2012-07.csv,csv ohlcv,2026-05-17T13:41:56Z
MSFT,2012-08,ok,1794,av_intraday_5min/raw_monthly/MSFT/2012-08.csv,csv ohlcv,2026-05-17T13:41:57Z
MSFT,2012-09,ok,1482,av_intraday_5min/raw_monthly/MSFT/2012-09.csv,csv ohlcv,2026-05-17T13:41:58Z
MSFT,2012-10,ok,1638,av_intraday_5min/raw_monthly/MSFT/2012-10.csv,csv ohlcv,2026-05-17T13:41:59Z
MSFT,2012-11,ok,1626,av_intraday_5min/raw_monthly/MSFT/2012-11.csv,csv ohlcv,2026-05-17T13:42:00Z
MSFT,2012-12,ok,1538,av_intraday_5min/raw_monthly/MSFT/2012-12.csv,csv ohlcv,2026-05-17T13:42:01Z
MSFT,2013-01,ok,1635,av_intraday_5min/raw_monthly/MSFT/2013-01.csv,csv ohlcv,2026-05-17T13:42:01Z
MSFT,2013-02,ok,1482,av_intraday_5min/raw_monthly/MSFT/2013-02.csv,csv ohlcv,2026-05-17T13:42:02Z
MSFT,2013-03,ok,1560,av_intraday_5min/raw_monthly/MSFT/2013-03.csv,csv ohlcv,2026-05-17T13:42:03Z
MSFT,2013-04,ok,1716,av_intraday_5min/raw_monthly/MSFT/2013-04.csv,csv ohlcv,2026-05-17T13:42:04Z
MSFT,2013-05,ok,1716,av_intraday_5min/raw_monthly/MSFT/2013-05.csv,csv ohlcv,2026-05-17T13:42:05Z
MSFT,2013-06,ok,1560,av_intraday_5min/raw_monthly/MSFT/2013-06.csv,csv ohlcv,2026-05-17T13:42:06Z
MSFT,2013-07,ok,1693,av_intraday_5min/raw_monthly/MSFT/2013-07.csv,csv ohlcv,2026-05-17T13:42:07Z
MSFT,2013-08,ok,1680,av_intraday_5min/raw_monthly/MSFT/2013-08.csv,csv ohlcv,2026-05-17T13:42:08Z
MSFT,2013-09,ok,1560,av_intraday_5min/raw_monthly/MSFT/2013-09.csv,csv ohlcv,2026-05-17T13:42:08Z
MSFT,2013-10,ok,1794,av_intraday_5min/raw_monthly/MSFT/2013-10.csv,csv ohlcv,2026-05-17T13:42:09Z
MSFT,2013-11,ok,1535,av_intraday_5min/raw_monthly/MSFT/2013-11.csv,csv ohlcv,2026-05-17T13:42:10Z
MSFT,2013-12,ok,1614,av_intraday_5min/raw_monthly/MSFT/2013-12.csv,csv ohlcv,2026-05-17T13:42:11Z
MSFT,2014-01,ok,1638,av_intraday_5min/raw_monthly/MSFT/2014-01.csv,csv ohlcv,2026-05-17T13:42:12Z
MSFT,2014-02,ok,1482,av_intraday_5min/raw_monthly/MSFT/2014-02.csv,csv ohlcv,2026-05-17T13:42:13Z
MSFT,2014-03,ok,1638,av_intraday_5min/raw_monthly/MSFT/2014-03.csv,csv ohlcv,2026-05-17T13:42:14Z
MSFT,2014-04,ok,1638,av_intraday_5min/raw_monthly/MSFT/2014-04.csv,csv ohlcv,2026-05-17T13:42:15Z
MSFT,2014-05,ok,1638,av_intraday_5min/raw_monthly/MSFT/2014-05.csv,csv ohlcv,2026-05-17T13:42:16Z
MSFT,2014-06,ok,1638,av_intraday_5min/raw_monthly/MSFT/2014-06.csv,csv ohlcv,2026-05-17T13:42:16Z
MSFT,2014-07,ok,1692,av_intraday_5min/raw_monthly/MSFT/2014-07.csv,csv ohlcv,2026-05-17T13:42:17Z
MSFT,2014-08,ok,1638,av_intraday_5min/raw_monthly/MSFT/2014-08.csv,csv ohlcv,2026-05-17T13:42:18Z
MSFT,2014-09,ok,1638,av_intraday_5min/raw_monthly/MSFT/2014-09.csv,csv ohlcv,2026-05-17T13:42:19Z
MSFT,2014-10,ok,1794,av_intraday_5min/raw_monthly/MSFT/2014-10.csv,csv ohlcv,2026-05-17T13:42:20Z
MSFT,2014-11,ok,1458,av_intraday_5min/raw_monthly/MSFT/2014-11.csv,csv ohlcv,2026-05-17T13:42:21Z
MSFT,2014-12,ok,1693,av_intraday_5min/raw_monthly/MSFT/2014-12.csv,csv ohlcv,2026-05-17T13:42:22Z
MSFT,2015-01,ok,1560,av_intraday_5min/raw_monthly/MSFT/2015-01.csv,csv ohlcv,2026-05-17T13:42:23Z
MSFT,2015-02,ok,1482,av_intraday_5min/raw_monthly/MSFT/2015-02.csv,csv ohlcv,2026-05-17T13:42:24Z
MSFT,2015-03,ok,1716,av_intraday_5min/raw_monthly/MSFT/2015-03.csv,csv ohlcv,2026-05-17T13:42:24Z
MSFT,2015-04,ok,1638,av_intraday_5min/raw_monthly/MSFT/2015-04.csv,csv ohlcv,2026-05-17T13:42:25Z
MSFT,2015-05,ok,1560,av_intraday_5min/raw_monthly/MSFT/2015-05.csv,csv ohlcv,2026-05-17T13:42:26Z
MSFT,2015-06,ok,1716,av_intraday_5min/raw_monthly/MSFT/2015-06.csv,csv ohlcv,2026-05-17T13:42:27Z
MSFT,2015-07,ok,1716,av_intraday_5min/raw_monthly/MSFT/2015-07.csv,csv ohlcv,2026-05-17T13:42:28Z
MSFT,2015-08,ok,1638,av_intraday_5min/raw_monthly/MSFT/2015-08.csv,csv ohlcv,2026-05-17T13:42:29Z
MSFT,2015-09,ok,1638,av_intraday_5min/raw_monthly/MSFT/2015-09.csv,csv ohlcv,2026-05-17T13:42:30Z
MSFT,2015-10,ok,1716,av_intraday_5min/raw_monthly/MSFT/2015-10.csv,csv ohlcv,2026-05-17T13:42:31Z
MSFT,2015-11,ok,1531,av_intraday_5min/raw_monthly/MSFT/2015-11.csv,csv ohlcv,2026-05-17T13:42:32Z
MSFT,2015-12,ok,1684,av_intraday_5min/raw_monthly/MSFT/2015-12.csv,csv ohlcv,2026-05-17T13:42:33Z
MSFT,2016-01,ok,1482,av_intraday_5min/raw_monthly/MSFT/2016-01.csv,csv ohlcv,2026-05-17T13:42:33Z
MSFT,2016-02,ok,1560,av_intraday_5min/raw_monthly/MSFT/2016-02.csv,csv ohlcv,2026-05-17T13:42:34Z
MSFT,2016-03,ok,1716,av_intraday_5min/raw_monthly/MSFT/2016-03.csv,csv ohlcv,2026-05-17T13:42:35Z
MSFT,2016-04,ok,1638,av_intraday_5min/raw_monthly/MSFT/2016-04.csv,csv ohlcv,2026-05-17T13:42:36Z
MSFT,2016-05,ok,1638,av_intraday_5min/raw_monthly/MSFT/2016-05.csv,csv ohlcv,2026-05-17T13:42:37Z
MSFT,2016-06,ok,1716,av_intraday_5min/raw_monthly/MSFT/2016-06.csv,csv ohlcv,2026-05-17T13:42:38Z
MSFT,2016-07,ok,1560,av_intraday_5min/raw_monthly/MSFT/2016-07.csv,csv ohlcv,2026-05-17T13:42:39Z
MSFT,2016-08,ok,1794,av_intraday_5min/raw_monthly/MSFT/2016-08.csv,csv ohlcv,2026-05-17T13:42:40Z
MSFT,2016-09,ok,1638,av_intraday_5min/raw_monthly/MSFT/2016-09.csv,csv ohlcv,2026-05-17T13:42:41Z
MSFT,2016-10,ok,1638,av_intraday_5min/raw_monthly/MSFT/2016-10.csv,csv ohlcv,2026-05-17T13:42:42Z
MSFT,2016-11,ok,1618,av_intraday_5min/raw_monthly/MSFT/2016-11.csv,csv ohlcv,2026-05-17T13:42:43Z
MSFT,2016-12,ok,1638,av_intraday_5min/raw_monthly/MSFT/2016-12.csv,csv ohlcv,2026-05-17T13:42:44Z
MSFT,2017-01,ok,1560,av_intraday_5min/raw_monthly/MSFT/2017-01.csv,csv ohlcv,2026-05-17T13:42:44Z
MSFT,2017-02,ok,1482,av_intraday_5min/raw_monthly/MSFT/2017-02.csv,csv ohlcv,2026-05-17T13:42:45Z
MSFT,2017-03,ok,1794,av_intraday_5min/raw_monthly/MSFT/2017-03.csv,csv ohlcv,2026-05-17T13:42:46Z
MSFT,2017-04,ok,1482,av_intraday_5min/raw_monthly/MSFT/2017-04.csv,csv ohlcv,2026-05-17T13:42:47Z
MSFT,2017-05,ok,1716,av_intraday_5min/raw_monthly/MSFT/2017-05.csv,csv ohlcv,2026-05-17T13:42:48Z
MSFT,2017-06,ok,1716,av_intraday_5min/raw_monthly/MSFT/2017-06.csv,csv ohlcv,2026-05-17T13:42:49Z
MSFT,2017-07,ok,1544,av_intraday_5min/raw_monthly/MSFT/2017-07.csv,csv ohlcv,2026-05-17T13:42:50Z
MSFT,2017-08,ok,1794,av_intraday_5min/raw_monthly/MSFT/2017-08.csv,csv ohlcv,2026-05-17T13:42:50Z
MSFT,2017-09,ok,1560,av_intraday_5min/raw_monthly/MSFT/2017-09.csv,csv ohlcv,2026-05-17T13:42:51Z
MSFT,2017-10,ok,1716,av_intraday_5min/raw_monthly/MSFT/2017-10.csv,csv ohlcv,2026-05-17T13:42:52Z
MSFT,2017-11,ok,1612,av_intraday_5min/raw_monthly/MSFT/2017-11.csv,csv ohlcv,2026-05-17T13:42:53Z
MSFT,2017-12,ok,1560,av_intraday_5min/raw_monthly/MSFT/2017-12.csv,csv ohlcv,2026-05-17T13:42:54Z
NKE,2001-02,ok,1468,av_intraday_5min/raw_monthly/NKE/2001-02.csv,csv ohlcv,2026-05-17T13:42:55Z
NKE,2001-03,ok,1698,av_intraday_5min/raw_monthly/NKE/2001-03.csv,csv ohlcv,2026-05-17T13:42:56Z
NKE,2001-04,ok,1546,av_intraday_5min/raw_monthly/NKE/2001-04.csv,csv ohlcv,2026-05-17T13:42:57Z
NKE,2001-05,ok,1692,av_intraday_5min/raw_monthly/NKE/2001-05.csv,csv ohlcv,2026-05-17T13:42:58Z
NKE,2001-06,ok,1587,av_intraday_5min/raw_monthly/NKE/2001-06.csv,csv ohlcv,2026-05-17T13:42:58Z
NKE,2001-07,ok,1592,av_intraday_5min/raw_monthly/NKE/2001-07.csv,csv ohlcv,2026-05-17T13:42:59Z
NKE,2001-08,ok,1777,av_intraday_5min/raw_monthly/NKE/2001-08.csv,csv ohlcv,2026-05-17T13:43:00Z
NKE,2001-09,ok,1155,av_intraday_5min/raw_monthly/NKE/2001-09.csv,csv ohlcv,2026-05-17T13:43:01Z
NKE,2001-10,ok,1786,av_intraday_5min/raw_monthly/NKE/2001-10.csv,csv ohlcv,2026-05-17T13:43:02Z
NKE,2001-11,ok,1587,av_intraday_5min/raw_monthly/NKE/2001-11.csv,csv ohlcv,2026-05-17T13:43:02Z
NKE,2001-12,ok,1517,av_intraday_5min/raw_monthly/NKE/2001-12.csv,csv ohlcv,2026-05-17T13:43:03Z
NKE,2002-01,ok,1632,av_intraday_5min/raw_monthly/NKE/2002-01.csv,csv ohlcv,2026-05-17T13:43:04Z
NKE,2002-02,ok,1478,av_intraday_5min/raw_monthly/NKE/2002-02.csv,csv ohlcv,2026-05-17T13:43:05Z
NKE,2002-03,ok,1559,av_intraday_5min/raw_monthly/NKE/2002-03.csv,csv ohlcv,2026-05-17T13:43:06Z
NKE,2002-04,ok,1715,av_intraday_5min/raw_monthly/NKE/2002-04.csv,csv ohlcv,2026-05-17T13:43:06Z
NKE,2002-05,ok,1716,av_intraday_5min/raw_monthly/NKE/2002-05.csv,csv ohlcv,2026-05-17T13:43:07Z
NKE,2002-06,ok,1557,av_intraday_5min/raw_monthly/NKE/2002-06.csv,csv ohlcv,2026-05-17T13:43:08Z
NKE,2002-07,ok,1677,av_intraday_5min/raw_monthly/NKE/2002-07.csv,csv ohlcv,2026-05-17T13:43:09Z
NKE,2002-08,ok,1709,av_intraday_5min/raw_monthly/NKE/2002-08.csv,csv ohlcv,2026-05-17T13:43:10Z
NKE,2002-09,ok,1524,av_intraday_5min/raw_monthly/NKE/2002-09.csv,csv ohlcv,2026-05-17T13:43:10Z
NKE,2002-10,ok,1794,av_intraday_5min/raw_monthly/NKE/2002-10.csv,csv ohlcv,2026-05-17T13:43:11Z
NKE,2002-11,ok,1525,av_intraday_5min/raw_monthly/NKE/2002-11.csv,csv ohlcv,2026-05-17T13:43:12Z
NKE,2002-12,ok,1601,av_intraday_5min/raw_monthly/NKE/2002-12.csv,csv ohlcv,2026-05-17T13:43:13Z
NKE,2003-01,ok,1636,av_intraday_5min/raw_monthly/NKE/2003-01.csv,csv ohlcv,2026-05-17T13:43:14Z
NKE,2003-02,ok,1480,av_intraday_5min/raw_monthly/NKE/2003-02.csv,csv ohlcv,2026-05-17T13:43:14Z
NKE,2003-03,ok,1636,av_intraday_5min/raw_monthly/NKE/2003-03.csv,csv ohlcv,2026-05-17T13:43:15Z
NKE,2003-04,ok,1636,av_intraday_5min/raw_monthly/NKE/2003-04.csv,csv ohlcv,2026-05-17T13:43:16Z
NKE,2003-05,ok,1636,av_intraday_5min/raw_monthly/NKE/2003-05.csv,csv ohlcv,2026-05-17T13:43:17Z
NKE,2003-06,ok,1636,av_intraday_5min/raw_monthly/NKE/2003-06.csv,csv ohlcv,2026-05-17T13:43:18Z
NKE,2003-07,ok,1679,av_intraday_5min/raw_monthly/NKE/2003-07.csv,csv ohlcv,2026-05-17T13:43:18Z
NKE,2003-08,ok,1638,av_intraday_5min/raw_monthly/NKE/2003-08.csv,csv ohlcv,2026-05-17T13:43:19Z
NKE,2003-09,ok,1637,av_intraday_5min/raw_monthly/NKE/2003-09.csv,csv ohlcv,2026-05-17T13:43:20Z
NKE,2003-10,ok,1794,av_intraday_5min/raw_monthly/NKE/2003-10.csv,csv ohlcv,2026-05-17T13:43:21Z
NKE,2003-11,ok,1446,av_intraday_5min/raw_monthly/NKE/2003-11.csv,csv ohlcv,2026-05-17T13:43:22Z
NKE,2003-12,ok,1646,av_intraday_5min/raw_monthly/NKE/2003-12.csv,csv ohlcv,2026-05-17T13:43:22Z
NKE,2004-01,ok,1560,av_intraday_5min/raw_monthly/NKE/2004-01.csv,csv ohlcv,2026-05-17T13:43:23Z
NKE,2004-02,ok,1480,av_intraday_5min/raw_monthly/NKE/2004-02.csv,csv ohlcv,2026-05-17T13:43:24Z
NKE,2004-03,ok,1793,av_intraday_5min/raw_monthly/NKE/2004-03.csv,csv ohlcv,2026-05-17T13:43:25Z
NKE,2004-04,ok,1635,av_intraday_5min/raw_monthly/NKE/2004-04.csv,csv ohlcv,2026-05-17T13:43:26Z
NKE,2004-05,ok,1558,av_intraday_5min/raw_monthly/NKE/2004-05.csv,csv ohlcv,2026-05-17T13:43:26Z
NKE,2004-06,ok,1638,av_intraday_5min/raw_monthly/NKE/2004-06.csv,csv ohlcv,2026-05-17T13:43:27Z
NKE,2004-07,ok,1633,av_intraday_5min/raw_monthly/NKE/2004-07.csv,csv ohlcv,2026-05-17T13:43:28Z
NKE,2004-08,ok,1715,av_intraday_5min/raw_monthly/NKE/2004-08.csv,csv ohlcv,2026-05-17T13:43:29Z
NKE,2004-09,ok,1638,av_intraday_5min/raw_monthly/NKE/2004-09.csv,csv ohlcv,2026-05-17T13:43:30Z
NKE,2004-10,ok,1637,av_intraday_5min/raw_monthly/NKE/2004-10.csv,csv ohlcv,2026-05-17T13:43:30Z
NKE,2004-11,ok,1603,av_intraday_5min/raw_monthly/NKE/2004-11.csv,csv ohlcv,2026-05-17T13:43:31Z
NKE,2004-12,ok,1716,av_intraday_5min/raw_monthly/NKE/2004-12.csv,csv ohlcv,2026-05-17T13:43:32Z
NKE,2005-01,ok,1560,av_intraday_5min/raw_monthly/NKE/2005-01.csv,csv ohlcv,2026-05-17T13:43:33Z
NKE,2005-02,ok,1481,av_intraday_5min/raw_monthly/NKE/2005-02.csv,csv ohlcv,2026-05-17T13:43:34Z
NKE,2005-03,ok,1713,av_intraday_5min/raw_monthly/NKE/2005-03.csv,csv ohlcv,2026-05-17T13:43:35Z
NKE,2005-04,ok,1637,av_intraday_5min/raw_monthly/NKE/2005-04.csv,csv ohlcv,2026-05-17T13:43:35Z
NKE,2005-05,ok,1637,av_intraday_5min/raw_monthly/NKE/2005-05.csv,csv ohlcv,2026-05-17T13:43:36Z
NKE,2005-06,ok,1714,av_intraday_5min/raw_monthly/NKE/2005-06.csv,csv ohlcv,2026-05-17T13:43:37Z
NKE,2005-07,ok,1559,av_intraday_5min/raw_monthly/NKE/2005-07.csv,csv ohlcv,2026-05-17T13:43:38Z
NKE,2005-08,ok,1794,av_intraday_5min/raw_monthly/NKE/2005-08.csv,csv ohlcv,2026-05-17T13:43:39Z
NKE,2005-09,ok,1638,av_intraday_5min/raw_monthly/NKE/2005-09.csv,csv ohlcv,2026-05-17T13:43:39Z
NKE,2005-10,ok,1638,av_intraday_5min/raw_monthly/NKE/2005-10.csv,csv ohlcv,2026-05-17T13:43:40Z
NKE,2005-11,ok,1602,av_intraday_5min/raw_monthly/NKE/2005-11.csv,csv ohlcv,2026-05-17T13:43:41Z
NKE,2005-12,ok,1636,av_intraday_5min/raw_monthly/NKE/2005-12.csv,csv ohlcv,2026-05-17T13:43:42Z
NKE,2006-01,ok,1559,av_intraday_5min/raw_monthly/NKE/2006-01.csv,csv ohlcv,2026-05-17T13:43:43Z
NKE,2006-02,ok,1480,av_intraday_5min/raw_monthly/NKE/2006-02.csv,csv ohlcv,2026-05-17T13:43:44Z
NKE,2006-03,ok,1794,av_intraday_5min/raw_monthly/NKE/2006-03.csv,csv ohlcv,2026-05-17T13:43:44Z
NKE,2006-04,ok,1482,av_intraday_5min/raw_monthly/NKE/2006-04.csv,csv ohlcv,2026-05-17T13:43:45Z
NKE,2006-05,ok,1715,av_intraday_5min/raw_monthly/NKE/2006-05.csv,csv ohlcv,2026-05-17T13:43:46Z
NKE,2006-06,ok,1716,av_intraday_5min/raw_monthly/NKE/2006-06.csv,csv ohlcv,2026-05-17T13:43:47Z
NKE,2006-07,ok,1524,av_intraday_5min/raw_monthly/NKE/2006-07.csv,csv ohlcv,2026-05-17T13:43:48Z
NKE,2006-08,ok,1794,av_intraday_5min/raw_monthly/NKE/2006-08.csv,csv ohlcv,2026-05-17T13:43:48Z
NKE,2006-09,ok,1559,av_intraday_5min/raw_monthly/NKE/2006-09.csv,csv ohlcv,2026-05-17T13:43:49Z
NKE,2006-10,ok,1714,av_intraday_5min/raw_monthly/NKE/2006-10.csv,csv ohlcv,2026-05-17T13:43:50Z
NKE,2006-11,ok,1603,av_intraday_5min/raw_monthly/NKE/2006-11.csv,csv ohlcv,2026-05-17T13:43:51Z
NKE,2006-12,ok,1560,av_intraday_5min/raw_monthly/NKE/2006-12.csv,csv ohlcv,2026-05-17T13:43:52Z
NKE,2007-01,ok,1560,av_intraday_5min/raw_monthly/NKE/2007-01.csv,csv ohlcv,2026-05-17T13:43:52Z
NKE,2007-02,ok,1481,av_intraday_5min/raw_monthly/NKE/2007-02.csv,csv ohlcv,2026-05-17T13:43:53Z
NKE,2007-03,ok,1716,av_intraday_5min/raw_monthly/NKE/2007-03.csv,csv ohlcv,2026-05-17T13:43:54Z
NKE,2007-04,ok,1560,av_intraday_5min/raw_monthly/NKE/2007-04.csv,csv ohlcv,2026-05-17T13:43:55Z
NKE,2007-05,ok,1716,av_intraday_5min/raw_monthly/NKE/2007-05.csv,csv ohlcv,2026-05-17T13:43:56Z
NKE,2007-06,ok,1637,av_intraday_5min/raw_monthly/NKE/2007-06.csv,csv ohlcv,2026-05-17T13:43:57Z
NKE,2007-07,ok,1608,av_intraday_5min/raw_monthly/NKE/2007-07.csv,csv ohlcv,2026-05-17T13:43:57Z
NKE,2007-08,ok,1793,av_intraday_5min/raw_monthly/NKE/2007-08.csv,csv ohlcv,2026-05-17T13:43:58Z
NKE,2007-09,ok,1482,av_intraday_5min/raw_monthly/NKE/2007-09.csv,csv ohlcv,2026-05-17T13:43:59Z
NKE,2007-10,ok,1792,av_intraday_5min/raw_monthly/NKE/2007-10.csv,csv ohlcv,2026-05-17T13:44:00Z
NKE,2007-11,ok,1608,av_intraday_5min/raw_monthly/NKE/2007-11.csv,csv ohlcv,2026-05-17T13:44:01Z
NKE,2007-12,ok,1526,av_intraday_5min/raw_monthly/NKE/2007-12.csv,csv ohlcv,2026-05-17T13:44:01Z
NKE,2008-01,ok,1638,av_intraday_5min/raw_monthly/NKE/2008-01.csv,csv ohlcv,2026-05-17T13:44:02Z
NKE,2008-02,ok,1560,av_intraday_5min/raw_monthly/NKE/2008-02.csv,csv ohlcv,2026-05-17T13:44:03Z
NKE,2008-03,ok,1560,av_intraday_5min/raw_monthly/NKE/2008-03.csv,csv ohlcv,2026-05-17T13:44:04Z
NKE,2008-04,ok,1716,av_intraday_5min/raw_monthly/NKE/2008-04.csv,csv ohlcv,2026-05-17T13:44:05Z
NKE,2008-05,ok,1638,av_intraday_5min/raw_monthly/NKE/2008-05.csv,csv ohlcv,2026-05-17T13:44:05Z
NKE,2008-06,ok,1638,av_intraday_5min/raw_monthly/NKE/2008-06.csv,csv ohlcv,2026-05-17T13:44:06Z
NKE,2008-07,ok,1684,av_intraday_5min/raw_monthly/NKE/2008-07.csv,csv ohlcv,2026-05-17T13:44:07Z
NKE,2008-08,ok,1638,av_intraday_5min/raw_monthly/NKE/2008-08.csv,csv ohlcv,2026-05-17T13:44:08Z
NKE,2008-09,ok,1638,av_intraday_5min/raw_monthly/NKE/2008-09.csv,csv ohlcv,2026-05-17T13:44:08Z
NKE,2008-10,ok,1794,av_intraday_5min/raw_monthly/NKE/2008-10.csv,csv ohlcv,2026-05-17T13:44:09Z
NKE,2008-11,ok,1453,av_intraday_5min/raw_monthly/NKE/2008-11.csv,csv ohlcv,2026-05-17T13:44:10Z
NKE,2008-12,ok,1682,av_intraday_5min/raw_monthly/NKE/2008-12.csv,csv ohlcv,2026-05-17T13:44:11Z
NKE,2009-01,ok,1560,av_intraday_5min/raw_monthly/NKE/2009-01.csv,csv ohlcv,2026-05-17T13:44:12Z
NKE,2009-02,ok,1482,av_intraday_5min/raw_monthly/NKE/2009-02.csv,csv ohlcv,2026-05-17T13:44:13Z
NKE,2009-03,ok,1716,av_intraday_5min/raw_monthly/NKE/2009-03.csv,csv ohlcv,2026-05-17T13:44:14Z
NKE,2009-04,ok,1638,av_intraday_5min/raw_monthly/NKE/2009-04.csv,csv ohlcv,2026-05-17T13:44:14Z
NKE,2009-05,ok,1560,av_intraday_5min/raw_monthly/NKE/2009-05.csv,csv ohlcv,2026-05-17T13:44:15Z
NKE,2009-06,ok,1716,av_intraday_5min/raw_monthly/NKE/2009-06.csv,csv ohlcv,2026-05-17T13:44:16Z
NKE,2009-07,ok,1716,av_intraday_5min/raw_monthly/NKE/2009-07.csv,csv ohlcv,2026-05-17T13:44:17Z
NKE,2009-08,ok,1638,av_intraday_5min/raw_monthly/NKE/2009-08.csv,csv ohlcv,2026-05-17T13:44:18Z
NKE,2009-09,ok,1638,av_intraday_5min/raw_monthly/NKE/2009-09.csv,csv ohlcv,2026-05-17T13:44:18Z
NKE,2009-10,ok,1716,av_intraday_5min/raw_monthly/NKE/2009-10.csv,csv ohlcv,2026-05-17T13:44:19Z
NKE,2009-11,ok,1530,av_intraday_5min/raw_monthly/NKE/2009-11.csv,csv ohlcv,2026-05-17T13:44:20Z
NKE,2009-12,ok,1683,av_intraday_5min/raw_monthly/NKE/2009-12.csv,csv ohlcv,2026-05-17T13:44:21Z
NKE,2010-01,ok,1482,av_intraday_5min/raw_monthly/NKE/2010-01.csv,csv ohlcv,2026-05-17T13:44:22Z
NKE,2010-02,ok,1482,av_intraday_5min/raw_monthly/NKE/2010-02.csv,csv ohlcv,2026-05-17T13:44:23Z
NKE,2010-03,ok,1794,av_intraday_5min/raw_monthly/NKE/2010-03.csv,csv ohlcv,2026-05-17T13:44:23Z
NKE,2010-04,ok,1638,av_intraday_5min/raw_monthly/NKE/2010-04.csv,csv ohlcv,2026-05-17T13:44:24Z
NKE,2010-05,ok,1560,av_intraday_5min/raw_monthly/NKE/2010-05.csv,csv ohlcv,2026-05-17T13:44:25Z
NKE,2010-06,ok,1716,av_intraday_5min/raw_monthly/NKE/2010-06.csv,csv ohlcv,2026-05-17T13:44:26Z
NKE,2010-07,ok,1638,av_intraday_5min/raw_monthly/NKE/2010-07.csv,csv ohlcv,2026-05-17T13:44:27Z
NKE,2010-08,ok,1716,av_intraday_5min/raw_monthly/NKE/2010-08.csv,csv ohlcv,2026-05-17T13:44:28Z
NKE,2010-09,ok,1638,av_intraday_5min/raw_monthly/NKE/2010-09.csv,csv ohlcv,2026-05-17T13:44:28Z
NKE,2010-10,ok,1638,av_intraday_5min/raw_monthly/NKE/2010-10.csv,csv ohlcv,2026-05-17T13:44:29Z
NKE,2010-11,ok,1606,av_intraday_5min/raw_monthly/NKE/2010-11.csv,csv ohlcv,2026-05-17T13:44:30Z
NKE,2010-12,ok,1716,av_intraday_5min/raw_monthly/NKE/2010-12.csv,csv ohlcv,2026-05-17T13:44:31Z
NKE,2011-01,ok,1560,av_intraday_5min/raw_monthly/NKE/2011-01.csv,csv ohlcv,2026-05-17T13:44:32Z
NKE,2011-02,ok,1482,av_intraday_5min/raw_monthly/NKE/2011-02.csv,csv ohlcv,2026-05-17T13:44:32Z
NKE,2011-03,ok,1794,av_intraday_5min/raw_monthly/NKE/2011-03.csv,csv ohlcv,2026-05-17T13:44:33Z
NKE,2011-04,ok,1560,av_intraday_5min/raw_monthly/NKE/2011-04.csv,csv ohlcv,2026-05-17T13:44:34Z
NKE,2011-05,ok,1638,av_intraday_5min/raw_monthly/NKE/2011-05.csv,csv ohlcv,2026-05-17T13:44:35Z
NKE,2011-06,ok,1716,av_intraday_5min/raw_monthly/NKE/2011-06.csv,csv ohlcv,2026-05-17T13:44:36Z
NKE,2011-07,ok,1560,av_intraday_5min/raw_monthly/NKE/2011-07.csv,csv ohlcv,2026-05-17T13:44:37Z
NKE,2011-08,ok,1794,av_intraday_5min/raw_monthly/NKE/2011-08.csv,csv ohlcv,2026-05-17T13:44:38Z
NKE,2011-09,ok,1638,av_intraday_5min/raw_monthly/NKE/2011-09.csv,csv ohlcv,2026-05-17T13:44:38Z
NKE,2011-10,ok,1638,av_intraday_5min/raw_monthly/NKE/2011-10.csv,csv ohlcv,2026-05-17T13:44:39Z
NKE,2011-11,ok,1605,av_intraday_5min/raw_monthly/NKE/2011-11.csv,csv ohlcv,2026-05-17T13:44:40Z
NKE,2011-12,ok,1638,av_intraday_5min/raw_monthly/NKE/2011-12.csv,csv ohlcv,2026-05-17T13:44:41Z
NKE,2012-01,ok,1560,av_intraday_5min/raw_monthly/NKE/2012-01.csv,csv ohlcv,2026-05-17T13:44:42Z
NKE,2012-02,ok,1560,av_intraday_5min/raw_monthly/NKE/2012-02.csv,csv ohlcv,2026-05-17T13:44:43Z
NKE,2012-03,ok,1716,av_intraday_5min/raw_monthly/NKE/2012-03.csv,csv ohlcv,2026-05-17T13:44:43Z
NKE,2012-04,ok,1560,av_intraday_5min/raw_monthly/NKE/2012-04.csv,csv ohlcv,2026-05-17T13:44:44Z
NKE,2012-05,ok,1716,av_intraday_5min/raw_monthly/NKE/2012-05.csv,csv ohlcv,2026-05-17T13:44:45Z
NKE,2012-06,ok,1638,av_intraday_5min/raw_monthly/NKE/2012-06.csv,csv ohlcv,2026-05-17T13:44:46Z
NKE,2012-07,ok,1614,av_intraday_5min/raw_monthly/NKE/2012-07.csv,csv ohlcv,2026-05-17T13:44:47Z
NKE,2012-08,ok,1794,av_intraday_5min/raw_monthly/NKE/2012-08.csv,csv ohlcv,2026-05-17T13:44:48Z
NKE,2012-09,ok,1482,av_intraday_5min/raw_monthly/NKE/2012-09.csv,csv ohlcv,2026-05-17T13:44:48Z
NKE,2012-10,ok,1638,av_intraday_5min/raw_monthly/NKE/2012-10.csv,csv ohlcv,2026-05-17T13:44:49Z
NKE,2012-11,ok,1606,av_intraday_5min/raw_monthly/NKE/2012-11.csv,csv ohlcv,2026-05-17T13:44:50Z
NKE,2012-12,ok,1525,av_intraday_5min/raw_monthly/NKE/2012-12.csv,csv ohlcv,2026-05-17T13:44:51Z
NKE,2013-01,ok,1638,av_intraday_5min/raw_monthly/NKE/2013-01.csv,csv ohlcv,2026-05-17T13:44:52Z
NKE,2013-02,ok,1482,av_intraday_5min/raw_monthly/NKE/2013-02.csv,csv ohlcv,2026-05-17T13:44:53Z
NKE,2013-03,ok,1560,av_intraday_5min/raw_monthly/NKE/2013-03.csv,csv ohlcv,2026-05-17T13:44:54Z
NKE,2013-04,ok,1716,av_intraday_5min/raw_monthly/NKE/2013-04.csv,csv ohlcv,2026-05-17T13:44:55Z
NKE,2013-05,ok,1716,av_intraday_5min/raw_monthly/NKE/2013-05.csv,csv ohlcv,2026-05-17T13:44:56Z
NKE,2013-06,ok,1560,av_intraday_5min/raw_monthly/NKE/2013-06.csv,csv ohlcv,2026-05-17T13:44:56Z
NKE,2013-07,ok,1683,av_intraday_5min/raw_monthly/NKE/2013-07.csv,csv ohlcv,2026-05-17T13:44:57Z
NKE,2013-08,ok,1716,av_intraday_5min/raw_monthly/NKE/2013-08.csv,csv ohlcv,2026-05-17T13:44:58Z
NKE,2013-09,ok,1560,av_intraday_5min/raw_monthly/NKE/2013-09.csv,csv ohlcv,2026-05-17T13:44:59Z
NKE,2013-10,ok,1794,av_intraday_5min/raw_monthly/NKE/2013-10.csv,csv ohlcv,2026-05-17T13:45:00Z
NKE,2013-11,ok,1528,av_intraday_5min/raw_monthly/NKE/2013-11.csv,csv ohlcv,2026-05-17T13:45:01Z
NKE,2013-12,ok,1607,av_intraday_5min/raw_monthly/NKE/2013-12.csv,csv ohlcv,2026-05-17T13:45:01Z
NKE,2014-01,ok,1638,av_intraday_5min/raw_monthly/NKE/2014-01.csv,csv ohlcv,2026-05-17T13:45:02Z
NKE,2014-02,ok,1482,av_intraday_5min/raw_monthly/NKE/2014-02.csv,csv ohlcv,2026-05-17T13:45:03Z
NKE,2014-03,ok,1638,av_intraday_5min/raw_monthly/NKE/2014-03.csv,csv ohlcv,2026-05-17T13:45:04Z
NKE,2014-04,ok,1638,av_intraday_5min/raw_monthly/NKE/2014-04.csv,csv ohlcv,2026-05-17T13:45:05Z
NKE,2014-05,ok,1638,av_intraday_5min/raw_monthly/NKE/2014-05.csv,csv ohlcv,2026-05-17T13:45:06Z
NKE,2014-06,ok,1638,av_intraday_5min/raw_monthly/NKE/2014-06.csv,csv ohlcv,2026-05-17T13:45:07Z
NKE,2014-07,ok,1685,av_intraday_5min/raw_monthly/NKE/2014-07.csv,csv ohlcv,2026-05-17T13:45:08Z
NKE,2014-08,ok,1638,av_intraday_5min/raw_monthly/NKE/2014-08.csv,csv ohlcv,2026-05-17T13:45:09Z
NKE,2014-09,ok,1638,av_intraday_5min/raw_monthly/NKE/2014-09.csv,csv ohlcv,2026-05-17T13:45:10Z
NKE,2014-10,ok,1783,av_intraday_5min/raw_monthly/NKE/2014-10.csv,csv ohlcv,2026-05-17T13:45:11Z
NKE,2014-11,ok,1448,av_intraday_5min/raw_monthly/NKE/2014-11.csv,csv ohlcv,2026-05-17T13:45:12Z
NKE,2014-12,ok,1682,av_intraday_5min/raw_monthly/NKE/2014-12.csv,csv ohlcv,2026-05-17T13:45:12Z
NKE,2015-01,ok,1560,av_intraday_5min/raw_monthly/NKE/2015-01.csv,csv ohlcv,2026-05-17T13:45:13Z
NKE,2015-02,ok,1482,av_intraday_5min/raw_monthly/NKE/2015-02.csv,csv ohlcv,2026-05-17T13:45:14Z
NKE,2015-03,ok,1716,av_intraday_5min/raw_monthly/NKE/2015-03.csv,csv ohlcv,2026-05-17T13:45:15Z
NKE,2015-04,ok,1638,av_intraday_5min/raw_monthly/NKE/2015-04.csv,csv ohlcv,2026-05-17T13:45:16Z
NKE,2015-05,ok,1560,av_intraday_5min/raw_monthly/NKE/2015-05.csv,csv ohlcv,2026-05-17T13:45:17Z
NKE,2015-06,ok,1716,av_intraday_5min/raw_monthly/NKE/2015-06.csv,csv ohlcv,2026-05-17T13:45:18Z
NKE,2015-07,ok,1716,av_intraday_5min/raw_monthly/NKE/2015-07.csv,csv ohlcv,2026-05-17T13:45:19Z
NKE,2015-08,ok,1638,av_intraday_5min/raw_monthly/NKE/2015-08.csv,csv ohlcv,2026-05-17T13:45:20Z
NKE,2015-09,ok,1638,av_intraday_5min/raw_monthly/NKE/2015-09.csv,csv ohlcv,2026-05-17T13:45:20Z
NKE,2015-10,ok,1716,av_intraday_5min/raw_monthly/NKE/2015-10.csv,csv ohlcv,2026-05-17T13:45:21Z
NKE,2015-11,ok,1532,av_intraday_5min/raw_monthly/NKE/2015-11.csv,csv ohlcv,2026-05-17T13:45:22Z
NKE,2015-12,ok,1698,av_intraday_5min/raw_monthly/NKE/2015-12.csv,csv ohlcv,2026-05-17T13:45:23Z
NKE,2016-01,ok,1482,av_intraday_5min/raw_monthly/NKE/2016-01.csv,csv ohlcv,2026-05-17T13:45:24Z
NKE,2016-02,ok,1560,av_intraday_5min/raw_monthly/NKE/2016-02.csv,csv ohlcv,2026-05-17T13:45:25Z
NKE,2016-03,ok,1716,av_intraday_5min/raw_monthly/NKE/2016-03.csv,csv ohlcv,2026-05-17T13:45:25Z
NKE,2016-04,ok,1638,av_intraday_5min/raw_monthly/NKE/2016-04.csv,csv ohlcv,2026-05-17T13:45:26Z
NKE,2016-05,ok,1638,av_intraday_5min/raw_monthly/NKE/2016-05.csv,csv ohlcv,2026-05-17T13:45:27Z
NKE,2016-06,ok,1716,av_intraday_5min/raw_monthly/NKE/2016-06.csv,csv ohlcv,2026-05-17T13:45:28Z
NKE,2016-07,ok,1560,av_intraday_5min/raw_monthly/NKE/2016-07.csv,csv ohlcv,2026-05-17T13:45:30Z
NKE,2016-08,ok,1794,av_intraday_5min/raw_monthly/NKE/2016-08.csv,csv ohlcv,2026-05-17T13:45:30Z
NKE,2016-09,ok,1638,av_intraday_5min/raw_monthly/NKE/2016-09.csv,csv ohlcv,2026-05-17T13:45:31Z
NKE,2016-10,ok,1638,av_intraday_5min/raw_monthly/NKE/2016-10.csv,csv ohlcv,2026-05-17T13:45:32Z
NKE,2016-11,ok,1607,av_intraday_5min/raw_monthly/NKE/2016-11.csv,csv ohlcv,2026-05-17T13:45:33Z
NKE,2016-12,ok,1638,av_intraday_5min/raw_monthly/NKE/2016-12.csv,csv ohlcv,2026-05-17T13:45:34Z
NKE,2017-01,ok,1560,av_intraday_5min/raw_monthly/NKE/2017-01.csv,csv ohlcv,2026-05-17T13:45:35Z
NKE,2017-02,ok,1482,av_intraday_5min/raw_monthly/NKE/2017-02.csv,csv ohlcv,2026-05-17T13:45:36Z
NKE,2017-03,ok,1794,av_intraday_5min/raw_monthly/NKE/2017-03.csv,csv ohlcv,2026-05-17T13:45:36Z
NKE,2017-04,ok,1482,av_intraday_5min/raw_monthly/NKE/2017-04.csv,csv ohlcv,2026-05-17T13:45:37Z
NKE,2017-05,ok,1716,av_intraday_5min/raw_monthly/NKE/2017-05.csv,csv ohlcv,2026-05-17T13:45:38Z
NKE,2017-06,ok,1716,av_intraday_5min/raw_monthly/NKE/2017-06.csv,csv ohlcv,2026-05-17T13:45:39Z
NKE,2017-07,ok,1541,av_intraday_5min/raw_monthly/NKE/2017-07.csv,csv ohlcv,2026-05-17T13:45:40Z
NKE,2017-08,ok,1794,av_intraday_5min/raw_monthly/NKE/2017-08.csv,csv ohlcv,2026-05-17T13:45:41Z
NKE,2017-09,ok,1560,av_intraday_5min/raw_monthly/NKE/2017-09.csv,csv ohlcv,2026-05-17T13:45:42Z
NKE,2017-10,ok,1716,av_intraday_5min/raw_monthly/NKE/2017-10.csv,csv ohlcv,2026-05-17T13:45:43Z
NKE,2017-11,ok,1609,av_intraday_5min/raw_monthly/NKE/2017-11.csv,csv ohlcv,2026-05-17T13:45:44Z
NKE,2017-12,ok,1560,av_intraday_5min/raw_monthly/NKE/2017-12.csv,csv ohlcv,2026-05-17T13:45:44Z
PFE,2001-02,ok,1478,av_intraday_5min/raw_monthly/PFE/2001-02.csv,csv ohlcv,2026-05-17T13:45:45Z
PFE,2001-03,ok,1712,av_intraday_5min/raw_monthly/PFE/2001-03.csv,csv ohlcv,2026-05-17T13:45:46Z
PFE,2001-04,ok,1556,av_intraday_5min/raw_monthly/PFE/2001-04.csv,csv ohlcv,2026-05-17T13:45:47Z
PFE,2001-05,ok,1714,av_intraday_5min/raw_monthly/PFE/2001-05.csv,csv ohlcv,2026-05-17T13:45:48Z
PFE,2001-06,ok,1620,av_intraday_5min/raw_monthly/PFE/2001-06.csv,csv ohlcv,2026-05-17T13:45:49Z
PFE,2001-07,ok,1600,av_intraday_5min/raw_monthly/PFE/2001-07.csv,csv ohlcv,2026-05-17T13:45:50Z
PFE,2001-08,ok,1791,av_intraday_5min/raw_monthly/PFE/2001-08.csv,csv ohlcv,2026-05-17T13:45:51Z
PFE,2001-09,ok,1164,av_intraday_5min/raw_monthly/PFE/2001-09.csv,csv ohlcv,2026-05-17T13:45:51Z
PFE,2001-10,ok,1791,av_intraday_5min/raw_monthly/PFE/2001-10.csv,csv ohlcv,2026-05-17T13:45:52Z
PFE,2001-11,ok,1598,av_intraday_5min/raw_monthly/PFE/2001-11.csv,csv ohlcv,2026-05-17T13:45:53Z
PFE,2001-12,ok,1521,av_intraday_5min/raw_monthly/PFE/2001-12.csv,csv ohlcv,2026-05-17T13:45:54Z
PFE,2002-01,ok,1637,av_intraday_5min/raw_monthly/PFE/2002-01.csv,csv ohlcv,2026-05-17T13:45:55Z
PFE,2002-02,ok,1480,av_intraday_5min/raw_monthly/PFE/2002-02.csv,csv ohlcv,2026-05-17T13:45:56Z
PFE,2002-03,ok,1559,av_intraday_5min/raw_monthly/PFE/2002-03.csv,csv ohlcv,2026-05-17T13:45:57Z
PFE,2002-04,ok,1710,av_intraday_5min/raw_monthly/PFE/2002-04.csv,csv ohlcv,2026-05-17T13:45:58Z
PFE,2002-05,ok,1715,av_intraday_5min/raw_monthly/PFE/2002-05.csv,csv ohlcv,2026-05-17T13:45:59Z
PFE,2002-06,ok,1559,av_intraday_5min/raw_monthly/PFE/2002-06.csv,csv ohlcv,2026-05-17T13:45:59Z
PFE,2002-07,ok,1679,av_intraday_5min/raw_monthly/PFE/2002-07.csv,csv ohlcv,2026-05-17T13:46:00Z
PFE,2002-08,ok,1716,av_intraday_5min/raw_monthly/PFE/2002-08.csv,csv ohlcv,2026-05-17T13:46:01Z
PFE,2002-09,ok,1536,av_intraday_5min/raw_monthly/PFE/2002-09.csv,csv ohlcv,2026-05-17T13:46:02Z
PFE,2002-10,ok,1794,av_intraday_5min/raw_monthly/PFE/2002-10.csv,csv ohlcv,2026-05-17T13:46:03Z
PFE,2002-11,ok,1526,av_intraday_5min/raw_monthly/PFE/2002-11.csv,csv ohlcv,2026-05-17T13:46:04Z
PFE,2002-12,ok,1603,av_intraday_5min/raw_monthly/PFE/2002-12.csv,csv ohlcv,2026-05-17T13:46:05Z
PFE,2003-01,ok,1638,av_intraday_5min/raw_monthly/PFE/2003-01.csv,csv ohlcv,2026-05-17T13:46:05Z
PFE,2003-02,ok,1482,av_intraday_5min/raw_monthly/PFE/2003-02.csv,csv ohlcv,2026-05-17T13:46:06Z
PFE,2003-03,ok,1638,av_intraday_5min/raw_monthly/PFE/2003-03.csv,csv ohlcv,2026-05-17T13:46:07Z
PFE,2003-04,ok,1638,av_intraday_5min/raw_monthly/PFE/2003-04.csv,csv ohlcv,2026-05-17T13:46:08Z
PFE,2003-05,ok,1637,av_intraday_5min/raw_monthly/PFE/2003-05.csv,csv ohlcv,2026-05-17T13:46:09Z
PFE,2003-06,ok,1637,av_intraday_5min/raw_monthly/PFE/2003-06.csv,csv ohlcv,2026-05-17T13:46:10Z
PFE,2003-07,ok,1681,av_intraday_5min/raw_monthly/PFE/2003-07.csv,csv ohlcv,2026-05-17T13:46:11Z
PFE,2003-08,ok,1638,av_intraday_5min/raw_monthly/PFE/2003-08.csv,csv ohlcv,2026-05-17T13:46:11Z
PFE,2003-09,ok,1638,av_intraday_5min/raw_monthly/PFE/2003-09.csv,csv ohlcv,2026-05-17T13:46:12Z
PFE,2003-10,ok,1794,av_intraday_5min/raw_monthly/PFE/2003-10.csv,csv ohlcv,2026-05-17T13:46:13Z
PFE,2003-11,ok,1448,av_intraday_5min/raw_monthly/PFE/2003-11.csv,csv ohlcv,2026-05-17T13:46:14Z
PFE,2003-12,ok,1646,av_intraday_5min/raw_monthly/PFE/2003-12.csv,csv ohlcv,2026-05-17T13:46:15Z
PFE,2004-01,ok,1560,av_intraday_5min/raw_monthly/PFE/2004-01.csv,csv ohlcv,2026-05-17T13:46:16Z
PFE,2004-02,ok,1481,av_intraday_5min/raw_monthly/PFE/2004-02.csv,csv ohlcv,2026-05-17T13:46:16Z
PFE,2004-03,ok,1794,av_intraday_5min/raw_monthly/PFE/2004-03.csv,csv ohlcv,2026-05-17T13:46:17Z
PFE,2004-04,ok,1637,av_intraday_5min/raw_monthly/PFE/2004-04.csv,csv ohlcv,2026-05-17T13:46:18Z
PFE,2004-05,ok,1560,av_intraday_5min/raw_monthly/PFE/2004-05.csv,csv ohlcv,2026-05-17T13:46:19Z
PFE,2004-06,ok,1638,av_intraday_5min/raw_monthly/PFE/2004-06.csv,csv ohlcv,2026-05-17T13:46:20Z
PFE,2004-07,ok,1638,av_intraday_5min/raw_monthly/PFE/2004-07.csv,csv ohlcv,2026-05-17T13:46:21Z
PFE,2004-08,ok,1716,av_intraday_5min/raw_monthly/PFE/2004-08.csv,csv ohlcv,2026-05-17T13:46:22Z
PFE,2004-09,ok,1638,av_intraday_5min/raw_monthly/PFE/2004-09.csv,csv ohlcv,2026-05-17T13:46:22Z
PFE,2004-10,ok,1638,av_intraday_5min/raw_monthly/PFE/2004-10.csv,csv ohlcv,2026-05-17T13:46:23Z
PFE,2004-11,ok,1604,av_intraday_5min/raw_monthly/PFE/2004-11.csv,csv ohlcv,2026-05-17T13:46:24Z
PFE,2004-12,ok,1716,av_intraday_5min/raw_monthly/PFE/2004-12.csv,csv ohlcv,2026-05-17T13:46:25Z
PFE,2005-01,ok,1560,av_intraday_5min/raw_monthly/PFE/2005-01.csv,csv ohlcv,2026-05-17T13:46:26Z
PFE,2005-02,ok,1478,av_intraday_5min/raw_monthly/PFE/2005-02.csv,csv ohlcv,2026-05-17T13:46:27Z
PFE,2005-03,ok,1716,av_intraday_5min/raw_monthly/PFE/2005-03.csv,csv ohlcv,2026-05-17T13:46:28Z
PFE,2005-04,ok,1638,av_intraday_5min/raw_monthly/PFE/2005-04.csv,csv ohlcv,2026-05-17T13:46:29Z
PFE,2005-05,ok,1638,av_intraday_5min/raw_monthly/PFE/2005-05.csv,csv ohlcv,2026-05-17T13:46:30Z
PFE,2005-06,ok,1714,av_intraday_5min/raw_monthly/PFE/2005-06.csv,csv ohlcv,2026-05-17T13:46:31Z
PFE,2005-07,ok,1560,av_intraday_5min/raw_monthly/PFE/2005-07.csv,csv ohlcv,2026-05-17T13:46:31Z
PFE,2005-08,ok,1794,av_intraday_5min/raw_monthly/PFE/2005-08.csv,csv ohlcv,2026-05-17T13:46:32Z
PFE,2005-09,ok,1638,av_intraday_5min/raw_monthly/PFE/2005-09.csv,csv ohlcv,2026-05-17T13:46:33Z
PFE,2005-10,ok,1638,av_intraday_5min/raw_monthly/PFE/2005-10.csv,csv ohlcv,2026-05-17T13:46:34Z
PFE,2005-11,ok,1603,av_intraday_5min/raw_monthly/PFE/2005-11.csv,csv ohlcv,2026-05-17T13:46:35Z
PFE,2005-12,ok,1638,av_intraday_5min/raw_monthly/PFE/2005-12.csv,csv ohlcv,2026-05-17T13:46:36Z
PFE,2006-01,ok,1560,av_intraday_5min/raw_monthly/PFE/2006-01.csv,csv ohlcv,2026-05-17T13:46:37Z
PFE,2006-02,ok,1482,av_intraday_5min/raw_monthly/PFE/2006-02.csv,csv ohlcv,2026-05-17T13:46:38Z
PFE,2006-03,ok,1794,av_intraday_5min/raw_monthly/PFE/2006-03.csv,csv ohlcv,2026-05-17T13:46:39Z
PFE,2006-04,ok,1482,av_intraday_5min/raw_monthly/PFE/2006-04.csv,csv ohlcv,2026-05-17T13:46:39Z
PFE,2006-05,ok,1716,av_intraday_5min/raw_monthly/PFE/2006-05.csv,csv ohlcv,2026-05-17T13:46:40Z
PFE,2006-06,ok,1716,av_intraday_5min/raw_monthly/PFE/2006-06.csv,csv ohlcv,2026-05-17T13:46:41Z
PFE,2006-07,ok,1525,av_intraday_5min/raw_monthly/PFE/2006-07.csv,csv ohlcv,2026-05-17T13:46:42Z
PFE,2006-08,ok,1794,av_intraday_5min/raw_monthly/PFE/2006-08.csv,csv ohlcv,2026-05-17T13:46:43Z
PFE,2006-09,ok,1560,av_intraday_5min/raw_monthly/PFE/2006-09.csv,csv ohlcv,2026-05-17T13:46:44Z
PFE,2006-10,ok,1716,av_intraday_5min/raw_monthly/PFE/2006-10.csv,csv ohlcv,2026-05-17T13:46:45Z
PFE,2006-11,ok,1603,av_intraday_5min/raw_monthly/PFE/2006-11.csv,csv ohlcv,2026-05-17T13:46:46Z
PFE,2006-12,ok,1560,av_intraday_5min/raw_monthly/PFE/2006-12.csv,csv ohlcv,2026-05-17T13:46:47Z
PFE,2007-01,ok,1560,av_intraday_5min/raw_monthly/PFE/2007-01.csv,csv ohlcv,2026-05-17T13:46:48Z
PFE,2007-02,ok,1482,av_intraday_5min/raw_monthly/PFE/2007-02.csv,csv ohlcv,2026-05-17T13:46:48Z
PFE,2007-03,ok,1716,av_intraday_5min/raw_monthly/PFE/2007-03.csv,csv ohlcv,2026-05-17T13:46:49Z
PFE,2007-04,ok,1560,av_intraday_5min/raw_monthly/PFE/2007-04.csv,csv ohlcv,2026-05-17T13:46:50Z
PFE,2007-05,ok,1716,av_intraday_5min/raw_monthly/PFE/2007-05.csv,csv ohlcv,2026-05-17T13:46:51Z
PFE,2007-06,ok,1638,av_intraday_5min/raw_monthly/PFE/2007-06.csv,csv ohlcv,2026-05-17T13:46:52Z
PFE,2007-07,ok,1611,av_intraday_5min/raw_monthly/PFE/2007-07.csv,csv ohlcv,2026-05-17T13:46:53Z
PFE,2007-08,ok,1794,av_intraday_5min/raw_monthly/PFE/2007-08.csv,csv ohlcv,2026-05-17T13:46:54Z
PFE,2007-09,ok,1482,av_intraday_5min/raw_monthly/PFE/2007-09.csv,csv ohlcv,2026-05-17T13:46:55Z
PFE,2007-10,ok,1794,av_intraday_5min/raw_monthly/PFE/2007-10.csv,csv ohlcv,2026-05-17T13:46:56Z
PFE,2007-11,ok,1611,av_intraday_5min/raw_monthly/PFE/2007-11.csv,csv ohlcv,2026-05-17T13:46:56Z
PFE,2007-12,ok,1531,av_intraday_5min/raw_monthly/PFE/2007-12.csv,csv ohlcv,2026-05-17T13:46:57Z
PFE,2008-01,ok,1638,av_intraday_5min/raw_monthly/PFE/2008-01.csv,csv ohlcv,2026-05-17T13:46:58Z
PFE,2008-02,ok,1560,av_intraday_5min/raw_monthly/PFE/2008-02.csv,csv ohlcv,2026-05-17T13:46:59Z
PFE,2008-03,ok,1560,av_intraday_5min/raw_monthly/PFE/2008-03.csv,csv ohlcv,2026-05-17T13:47:00Z
PFE,2008-04,ok,1716,av_intraday_5min/raw_monthly/PFE/2008-04.csv,csv ohlcv,2026-05-17T13:47:01Z
PFE,2008-05,ok,1638,av_intraday_5min/raw_monthly/PFE/2008-05.csv,csv ohlcv,2026-05-17T13:47:02Z
PFE,2008-06,ok,1638,av_intraday_5min/raw_monthly/PFE/2008-06.csv,csv ohlcv,2026-05-17T13:47:03Z
PFE,2008-07,ok,1690,av_intraday_5min/raw_monthly/PFE/2008-07.csv,csv ohlcv,2026-05-17T13:47:04Z
PFE,2008-08,ok,1638,av_intraday_5min/raw_monthly/PFE/2008-08.csv,csv ohlcv,2026-05-17T13:47:05Z
PFE,2008-09,ok,1638,av_intraday_5min/raw_monthly/PFE/2008-09.csv,csv ohlcv,2026-05-17T13:47:05Z
PFE,2008-10,ok,1794,av_intraday_5min/raw_monthly/PFE/2008-10.csv,csv ohlcv,2026-05-17T13:47:06Z
PFE,2008-11,ok,1458,av_intraday_5min/raw_monthly/PFE/2008-11.csv,csv ohlcv,2026-05-17T13:47:07Z
PFE,2008-12,ok,1686,av_intraday_5min/raw_monthly/PFE/2008-12.csv,csv ohlcv,2026-05-17T13:47:08Z
PFE,2009-01,ok,1560,av_intraday_5min/raw_monthly/PFE/2009-01.csv,csv ohlcv,2026-05-17T13:47:09Z
PFE,2009-02,ok,1482,av_intraday_5min/raw_monthly/PFE/2009-02.csv,csv ohlcv,2026-05-17T13:47:10Z
PFE,2009-03,ok,1716,av_intraday_5min/raw_monthly/PFE/2009-03.csv,csv ohlcv,2026-05-17T13:47:11Z
PFE,2009-04,ok,1638,av_intraday_5min/raw_monthly/PFE/2009-04.csv,csv ohlcv,2026-05-17T13:47:12Z
PFE,2009-05,ok,1560,av_intraday_5min/raw_monthly/PFE/2009-05.csv,csv ohlcv,2026-05-17T13:47:13Z
PFE,2009-06,ok,1716,av_intraday_5min/raw_monthly/PFE/2009-06.csv,csv ohlcv,2026-05-17T13:47:14Z
PFE,2009-07,ok,1716,av_intraday_5min/raw_monthly/PFE/2009-07.csv,csv ohlcv,2026-05-17T13:47:15Z
PFE,2009-08,ok,1638,av_intraday_5min/raw_monthly/PFE/2009-08.csv,csv ohlcv,2026-05-17T13:47:15Z
PFE,2009-09,ok,1636,av_intraday_5min/raw_monthly/PFE/2009-09.csv,csv ohlcv,2026-05-17T13:47:16Z
PFE,2009-10,ok,1716,av_intraday_5min/raw_monthly/PFE/2009-10.csv,csv ohlcv,2026-05-17T13:47:17Z
PFE,2009-11,ok,1534,av_intraday_5min/raw_monthly/PFE/2009-11.csv,csv ohlcv,2026-05-17T13:47:18Z
PFE,2009-12,ok,1692,av_intraday_5min/raw_monthly/PFE/2009-12.csv,csv ohlcv,2026-05-17T13:47:19Z
PFE,2010-01,ok,1482,av_intraday_5min/raw_monthly/PFE/2010-01.csv,csv ohlcv,2026-05-17T13:47:20Z
PFE,2010-02,ok,1482,av_intraday_5min/raw_monthly/PFE/2010-02.csv,csv ohlcv,2026-05-17T13:47:21Z
PFE,2010-03,ok,1794,av_intraday_5min/raw_monthly/PFE/2010-03.csv,csv ohlcv,2026-05-17T13:47:22Z
PFE,2010-04,ok,1638,av_intraday_5min/raw_monthly/PFE/2010-04.csv,csv ohlcv,2026-05-17T13:47:23Z
PFE,2010-05,ok,1560,av_intraday_5min/raw_monthly/PFE/2010-05.csv,csv ohlcv,2026-05-17T13:47:24Z
PFE,2010-06,ok,1716,av_intraday_5min/raw_monthly/PFE/2010-06.csv,csv ohlcv,2026-05-17T13:47:25Z
PFE,2010-07,ok,1638,av_intraday_5min/raw_monthly/PFE/2010-07.csv,csv ohlcv,2026-05-17T13:47:26Z
PFE,2010-08,ok,1716,av_intraday_5min/raw_monthly/PFE/2010-08.csv,csv ohlcv,2026-05-17T13:47:27Z
PFE,2010-09,ok,1638,av_intraday_5min/raw_monthly/PFE/2010-09.csv,csv ohlcv,2026-05-17T13:47:28Z
PFE,2010-10,ok,1638,av_intraday_5min/raw_monthly/PFE/2010-10.csv,csv ohlcv,2026-05-17T13:47:29Z
PFE,2010-11,ok,1614,av_intraday_5min/raw_monthly/PFE/2010-11.csv,csv ohlcv,2026-05-17T13:47:29Z
PFE,2010-12,ok,1716,av_intraday_5min/raw_monthly/PFE/2010-12.csv,csv ohlcv,2026-05-17T13:47:30Z
PFE,2011-01,ok,1560,av_intraday_5min/raw_monthly/PFE/2011-01.csv,csv ohlcv,2026-05-17T13:47:31Z
PFE,2011-02,ok,1482,av_intraday_5min/raw_monthly/PFE/2011-02.csv,csv ohlcv,2026-05-17T13:47:32Z
PFE,2011-03,ok,1794,av_intraday_5min/raw_monthly/PFE/2011-03.csv,csv ohlcv,2026-05-17T13:47:33Z
PFE,2011-04,ok,1560,av_intraday_5min/raw_monthly/PFE/2011-04.csv,csv ohlcv,2026-05-17T13:47:34Z
PFE,2011-05,ok,1638,av_intraday_5min/raw_monthly/PFE/2011-05.csv,csv ohlcv,2026-05-17T13:47:35Z
PFE,2011-06,ok,1716,av_intraday_5min/raw_monthly/PFE/2011-06.csv,csv ohlcv,2026-05-17T13:47:36Z
PFE,2011-07,ok,1560,av_intraday_5min/raw_monthly/PFE/2011-07.csv,csv ohlcv,2026-05-17T13:47:37Z
PFE,2011-08,ok,1794,av_intraday_5min/raw_monthly/PFE/2011-08.csv,csv ohlcv,2026-05-17T13:47:37Z
PFE,2011-09,ok,1638,av_intraday_5min/raw_monthly/PFE/2011-09.csv,csv ohlcv,2026-05-17T13:47:38Z
PFE,2011-10,ok,1638,av_intraday_5min/raw_monthly/PFE/2011-10.csv,csv ohlcv,2026-05-17T13:47:39Z
PFE,2011-11,ok,1613,av_intraday_5min/raw_monthly/PFE/2011-11.csv,csv ohlcv,2026-05-17T13:47:40Z
PFE,2011-12,ok,1638,av_intraday_5min/raw_monthly/PFE/2011-12.csv,csv ohlcv,2026-05-17T13:47:41Z
PFE,2012-01,ok,1560,av_intraday_5min/raw_monthly/PFE/2012-01.csv,csv ohlcv,2026-05-17T13:47:42Z
PFE,2012-02,ok,1560,av_intraday_5min/raw_monthly/PFE/2012-02.csv,csv ohlcv,2026-05-17T13:47:43Z
PFE,2012-03,ok,1716,av_intraday_5min/raw_monthly/PFE/2012-03.csv,csv ohlcv,2026-05-17T13:47:43Z
PFE,2012-04,ok,1560,av_intraday_5min/raw_monthly/PFE/2012-04.csv,csv ohlcv,2026-05-17T13:47:44Z
PFE,2012-05,ok,1716,av_intraday_5min/raw_monthly/PFE/2012-05.csv,csv ohlcv,2026-05-17T13:47:45Z
PFE,2012-06,ok,1638,av_intraday_5min/raw_monthly/PFE/2012-06.csv,csv ohlcv,2026-05-17T13:47:46Z
PFE,2012-07,ok,1607,av_intraday_5min/raw_monthly/PFE/2012-07.csv,csv ohlcv,2026-05-17T13:47:47Z
PFE,2012-08,ok,1794,av_intraday_5min/raw_monthly/PFE/2012-08.csv,csv ohlcv,2026-05-17T13:47:48Z
PFE,2012-09,ok,1482,av_intraday_5min/raw_monthly/PFE/2012-09.csv,csv ohlcv,2026-05-17T13:47:49Z
PFE,2012-10,ok,1638,av_intraday_5min/raw_monthly/PFE/2012-10.csv,csv ohlcv,2026-05-17T13:47:50Z
PFE,2012-11,ok,1605,av_intraday_5min/raw_monthly/PFE/2012-11.csv,csv ohlcv,2026-05-17T13:47:51Z
PFE,2012-12,ok,1529,av_intraday_5min/raw_monthly/PFE/2012-12.csv,csv ohlcv,2026-05-17T13:47:52Z
PFE,2013-01,ok,1638,av_intraday_5min/raw_monthly/PFE/2013-01.csv,csv ohlcv,2026-05-17T13:47:53Z
PFE,2013-02,ok,1482,av_intraday_5min/raw_monthly/PFE/2013-02.csv,csv ohlcv,2026-05-17T13:47:53Z
PFE,2013-03,ok,1560,av_intraday_5min/raw_monthly/PFE/2013-03.csv,csv ohlcv,2026-05-17T13:47:54Z
PFE,2013-04,ok,1716,av_intraday_5min/raw_monthly/PFE/2013-04.csv,csv ohlcv,2026-05-17T13:47:55Z
PFE,2013-05,ok,1716,av_intraday_5min/raw_monthly/PFE/2013-05.csv,csv ohlcv,2026-05-17T13:47:56Z
PFE,2013-06,ok,1560,av_intraday_5min/raw_monthly/PFE/2013-06.csv,csv ohlcv,2026-05-17T13:47:57Z
PFE,2013-07,ok,1685,av_intraday_5min/raw_monthly/PFE/2013-07.csv,csv ohlcv,2026-05-17T13:47:58Z
PFE,2013-08,ok,1716,av_intraday_5min/raw_monthly/PFE/2013-08.csv,csv ohlcv,2026-05-17T13:47:59Z
PFE,2013-09,ok,1560,av_intraday_5min/raw_monthly/PFE/2013-09.csv,csv ohlcv,2026-05-17T13:48:00Z
PFE,2013-10,ok,1794,av_intraday_5min/raw_monthly/PFE/2013-10.csv,csv ohlcv,2026-05-17T13:48:01Z
PFE,2013-11,ok,1530,av_intraday_5min/raw_monthly/PFE/2013-11.csv,csv ohlcv,2026-05-17T13:48:02Z
PFE,2013-12,ok,1607,av_intraday_5min/raw_monthly/PFE/2013-12.csv,csv ohlcv,2026-05-17T13:48:02Z
PFE,2014-01,ok,1638,av_intraday_5min/raw_monthly/PFE/2014-01.csv,csv ohlcv,2026-05-17T13:48:03Z
PFE,2014-02,ok,1482,av_intraday_5min/raw_monthly/PFE/2014-02.csv,csv ohlcv,2026-05-17T13:48:04Z
PFE,2014-03,ok,1635,av_intraday_5min/raw_monthly/PFE/2014-03.csv,csv ohlcv,2026-05-17T13:48:05Z
PFE,2014-04,ok,1638,av_intraday_5min/raw_monthly/PFE/2014-04.csv,csv ohlcv,2026-05-17T13:48:06Z
PFE,2014-05,ok,1636,av_intraday_5min/raw_monthly/PFE/2014-05.csv,csv ohlcv,2026-05-17T13:48:07Z
PFE,2014-06,ok,1638,av_intraday_5min/raw_monthly/PFE/2014-06.csv,csv ohlcv,2026-05-17T13:48:07Z
PFE,2014-07,ok,1695,av_intraday_5min/raw_monthly/PFE/2014-07.csv,csv ohlcv,2026-05-17T13:48:08Z
PFE,2014-08,ok,1638,av_intraday_5min/raw_monthly/PFE/2014-08.csv,csv ohlcv,2026-05-17T13:48:09Z
PFE,2014-09,ok,1638,av_intraday_5min/raw_monthly/PFE/2014-09.csv,csv ohlcv,2026-05-17T13:48:10Z
PFE,2014-10,ok,1783,av_intraday_5min/raw_monthly/PFE/2014-10.csv,csv ohlcv,2026-05-17T13:48:11Z
PFE,2014-11,ok,1451,av_intraday_5min/raw_monthly/PFE/2014-11.csv,csv ohlcv,2026-05-17T13:48:12Z
PFE,2014-12,ok,1684,av_intraday_5min/raw_monthly/PFE/2014-12.csv,csv ohlcv,2026-05-17T13:48:13Z
PFE,2015-01,ok,1560,av_intraday_5min/raw_monthly/PFE/2015-01.csv,csv ohlcv,2026-05-17T13:48:14Z
PFE,2015-02,ok,1482,av_intraday_5min/raw_monthly/PFE/2015-02.csv,csv ohlcv,2026-05-17T13:48:14Z
PFE,2015-03,ok,1716,av_intraday_5min/raw_monthly/PFE/2015-03.csv,csv ohlcv,2026-05-17T13:48:15Z
PFE,2015-04,ok,1638,av_intraday_5min/raw_monthly/PFE/2015-04.csv,csv ohlcv,2026-05-17T13:48:16Z
PFE,2015-05,ok,1560,av_intraday_5min/raw_monthly/PFE/2015-05.csv,csv ohlcv,2026-05-17T13:48:17Z
PFE,2015-06,ok,1716,av_intraday_5min/raw_monthly/PFE/2015-06.csv,csv ohlcv,2026-05-17T13:48:18Z
PFE,2015-07,ok,1716,av_intraday_5min/raw_monthly/PFE/2015-07.csv,csv ohlcv,2026-05-17T13:48:19Z
PFE,2015-08,ok,1638,av_intraday_5min/raw_monthly/PFE/2015-08.csv,csv ohlcv,2026-05-17T13:48:20Z
PFE,2015-09,ok,1638,av_intraday_5min/raw_monthly/PFE/2015-09.csv,csv ohlcv,2026-05-17T13:48:21Z
PFE,2015-10,ok,1707,av_intraday_5min/raw_monthly/PFE/2015-10.csv,csv ohlcv,2026-05-17T13:48:21Z
PFE,2015-11,ok,1533,av_intraday_5min/raw_monthly/PFE/2015-11.csv,csv ohlcv,2026-05-17T13:48:22Z
PFE,2015-12,ok,1681,av_intraday_5min/raw_monthly/PFE/2015-12.csv,csv ohlcv,2026-05-17T13:48:23Z
PFE,2016-01,ok,1482,av_intraday_5min/raw_monthly/PFE/2016-01.csv,csv ohlcv,2026-05-17T13:48:24Z
PFE,2016-02,ok,1560,av_intraday_5min/raw_monthly/PFE/2016-02.csv,csv ohlcv,2026-05-17T13:48:25Z
PFE,2016-03,ok,1716,av_intraday_5min/raw_monthly/PFE/2016-03.csv,csv ohlcv,2026-05-17T13:48:26Z
PFE,2016-04,ok,1638,av_intraday_5min/raw_monthly/PFE/2016-04.csv,csv ohlcv,2026-05-17T13:48:27Z
PFE,2016-05,ok,1638,av_intraday_5min/raw_monthly/PFE/2016-05.csv,csv ohlcv,2026-05-17T13:48:28Z
PFE,2016-06,ok,1716,av_intraday_5min/raw_monthly/PFE/2016-06.csv,csv ohlcv,2026-05-17T13:48:28Z
PFE,2016-07,ok,1560,av_intraday_5min/raw_monthly/PFE/2016-07.csv,csv ohlcv,2026-05-17T13:48:29Z
PFE,2016-08,ok,1794,av_intraday_5min/raw_monthly/PFE/2016-08.csv,csv ohlcv,2026-05-17T13:48:30Z
PFE,2016-09,ok,1638,av_intraday_5min/raw_monthly/PFE/2016-09.csv,csv ohlcv,2026-05-17T13:48:31Z
PFE,2016-10,ok,1638,av_intraday_5min/raw_monthly/PFE/2016-10.csv,csv ohlcv,2026-05-17T13:48:32Z
PFE,2016-11,ok,1607,av_intraday_5min/raw_monthly/PFE/2016-11.csv,csv ohlcv,2026-05-17T13:48:33Z
PFE,2016-12,ok,1638,av_intraday_5min/raw_monthly/PFE/2016-12.csv,csv ohlcv,2026-05-17T13:48:34Z
PFE,2017-01,ok,1560,av_intraday_5min/raw_monthly/PFE/2017-01.csv,csv ohlcv,2026-05-17T13:48:35Z
PFE,2017-02,ok,1482,av_intraday_5min/raw_monthly/PFE/2017-02.csv,csv ohlcv,2026-05-17T13:48:36Z
PFE,2017-03,ok,1794,av_intraday_5min/raw_monthly/PFE/2017-03.csv,csv ohlcv,2026-05-17T13:48:36Z
PFE,2017-04,ok,1482,av_intraday_5min/raw_monthly/PFE/2017-04.csv,csv ohlcv,2026-05-17T13:48:37Z
PFE,2017-05,ok,1716,av_intraday_5min/raw_monthly/PFE/2017-05.csv,csv ohlcv,2026-05-17T13:48:38Z
PFE,2017-06,ok,1716,av_intraday_5min/raw_monthly/PFE/2017-06.csv,csv ohlcv,2026-05-17T13:48:39Z
PFE,2017-07,ok,1529,av_intraday_5min/raw_monthly/PFE/2017-07.csv,csv ohlcv,2026-05-17T13:48:40Z
PFE,2017-08,ok,1794,av_intraday_5min/raw_monthly/PFE/2017-08.csv,csv ohlcv,2026-05-17T13:48:41Z
PFE,2017-09,ok,1560,av_intraday_5min/raw_monthly/PFE/2017-09.csv,csv ohlcv,2026-05-17T13:48:42Z
PFE,2017-10,ok,1716,av_intraday_5min/raw_monthly/PFE/2017-10.csv,csv ohlcv,2026-05-17T13:48:42Z
PFE,2017-11,ok,1604,av_intraday_5min/raw_monthly/PFE/2017-11.csv,csv ohlcv,2026-05-17T13:48:43Z
PFE,2017-12,ok,1560,av_intraday_5min/raw_monthly/PFE/2017-12.csv,csv ohlcv,2026-05-17T13:48:44Z
PG,2001-02,ok,1480,av_intraday_5min/raw_monthly/PG/2001-02.csv,csv ohlcv,2026-05-17T13:48:45Z
PG,2001-03,ok,1714,av_intraday_5min/raw_monthly/PG/2001-03.csv,csv ohlcv,2026-05-17T13:48:46Z
PG,2001-04,ok,1559,av_intraday_5min/raw_monthly/PG/2001-04.csv,csv ohlcv,2026-05-17T13:48:47Z
PG,2001-05,ok,1713,av_intraday_5min/raw_monthly/PG/2001-05.csv,csv ohlcv,2026-05-17T13:48:47Z
PG,2001-06,ok,1617,av_intraday_5min/raw_monthly/PG/2001-06.csv,csv ohlcv,2026-05-17T13:48:48Z
PG,2001-07,ok,1601,av_intraday_5min/raw_monthly/PG/2001-07.csv,csv ohlcv,2026-05-17T13:48:49Z
PG,2001-08,ok,1792,av_intraday_5min/raw_monthly/PG/2001-08.csv,csv ohlcv,2026-05-17T13:48:50Z
PG,2001-09,ok,1163,av_intraday_5min/raw_monthly/PG/2001-09.csv,csv ohlcv,2026-05-17T13:48:51Z
PG,2001-10,ok,1793,av_intraday_5min/raw_monthly/PG/2001-10.csv,csv ohlcv,2026-05-17T13:48:51Z
PG,2001-11,ok,1598,av_intraday_5min/raw_monthly/PG/2001-11.csv,csv ohlcv,2026-05-17T13:48:52Z
PG,2001-12,ok,1525,av_intraday_5min/raw_monthly/PG/2001-12.csv,csv ohlcv,2026-05-17T13:48:53Z
PG,2002-01,ok,1633,av_intraday_5min/raw_monthly/PG/2002-01.csv,csv ohlcv,2026-05-17T13:48:54Z
PG,2002-02,ok,1481,av_intraday_5min/raw_monthly/PG/2002-02.csv,csv ohlcv,2026-05-17T13:48:54Z
PG,2002-03,ok,1560,av_intraday_5min/raw_monthly/PG/2002-03.csv,csv ohlcv,2026-05-17T13:48:55Z
PG,2002-04,ok,1716,av_intraday_5min/raw_monthly/PG/2002-04.csv,csv ohlcv,2026-05-17T13:48:56Z
PG,2002-05,ok,1716,av_intraday_5min/raw_monthly/PG/2002-05.csv,csv ohlcv,2026-05-17T13:48:57Z
PG,2002-06,ok,1560,av_intraday_5min/raw_monthly/PG/2002-06.csv,csv ohlcv,2026-05-17T13:48:58Z
PG,2002-07,ok,1679,av_intraday_5min/raw_monthly/PG/2002-07.csv,csv ohlcv,2026-05-17T13:48:59Z
PG,2002-08,ok,1716,av_intraday_5min/raw_monthly/PG/2002-08.csv,csv ohlcv,2026-05-17T13:48:59Z
PG,2002-09,ok,1530,av_intraday_5min/raw_monthly/PG/2002-09.csv,csv ohlcv,2026-05-17T13:49:00Z
PG,2002-10,ok,1793,av_intraday_5min/raw_monthly/PG/2002-10.csv,csv ohlcv,2026-05-17T13:49:01Z
PG,2002-11,ok,1527,av_intraday_5min/raw_monthly/PG/2002-11.csv,csv ohlcv,2026-05-17T13:49:02Z
PG,2002-12,ok,1603,av_intraday_5min/raw_monthly/PG/2002-12.csv,csv ohlcv,2026-05-17T13:49:03Z
PG,2003-01,ok,1638,av_intraday_5min/raw_monthly/PG/2003-01.csv,csv ohlcv,2026-05-17T13:49:04Z
PG,2003-02,ok,1482,av_intraday_5min/raw_monthly/PG/2003-02.csv,csv ohlcv,2026-05-17T13:49:05Z
PG,2003-03,ok,1637,av_intraday_5min/raw_monthly/PG/2003-03.csv,csv ohlcv,2026-05-17T13:49:05Z
PG,2003-04,ok,1638,av_intraday_5min/raw_monthly/PG/2003-04.csv,csv ohlcv,2026-05-17T13:49:06Z
PG,2003-05,ok,1637,av_intraday_5min/raw_monthly/PG/2003-05.csv,csv ohlcv,2026-05-17T13:49:07Z
PG,2003-06,ok,1638,av_intraday_5min/raw_monthly/PG/2003-06.csv,csv ohlcv,2026-05-17T13:49:08Z
PG,2003-07,ok,1681,av_intraday_5min/raw_monthly/PG/2003-07.csv,csv ohlcv,2026-05-17T13:49:08Z
PG,2003-08,ok,1638,av_intraday_5min/raw_monthly/PG/2003-08.csv,csv ohlcv,2026-05-17T13:49:09Z
PG,2003-09,ok,1637,av_intraday_5min/raw_monthly/PG/2003-09.csv,csv ohlcv,2026-05-17T13:49:10Z
PG,2003-10,ok,1794,av_intraday_5min/raw_monthly/PG/2003-10.csv,csv ohlcv,2026-05-17T13:49:11Z
PG,2003-11,ok,1447,av_intraday_5min/raw_monthly/PG/2003-11.csv,csv ohlcv,2026-05-17T13:49:12Z
PG,2003-12,ok,1645,av_intraday_5min/raw_monthly/PG/2003-12.csv,csv ohlcv,2026-05-17T13:49:13Z
PG,2004-01,ok,1560,av_intraday_5min/raw_monthly/PG/2004-01.csv,csv ohlcv,2026-05-17T13:49:14Z
PG,2004-02,ok,1482,av_intraday_5min/raw_monthly/PG/2004-02.csv,csv ohlcv,2026-05-17T13:49:14Z
PG,2004-03,ok,1793,av_intraday_5min/raw_monthly/PG/2004-03.csv,csv ohlcv,2026-05-17T13:49:15Z
PG,2004-04,ok,1637,av_intraday_5min/raw_monthly/PG/2004-04.csv,csv ohlcv,2026-05-17T13:49:16Z
PG,2004-05,ok,1560,av_intraday_5min/raw_monthly/PG/2004-05.csv,csv ohlcv,2026-05-17T13:49:17Z
PG,2004-06,ok,1638,av_intraday_5min/raw_monthly/PG/2004-06.csv,csv ohlcv,2026-05-17T13:49:18Z
PG,2004-07,ok,1638,av_intraday_5min/raw_monthly/PG/2004-07.csv,csv ohlcv,2026-05-17T13:49:19Z
PG,2004-08,ok,1716,av_intraday_5min/raw_monthly/PG/2004-08.csv,csv ohlcv,2026-05-17T13:49:19Z
PG,2004-09,ok,1638,av_intraday_5min/raw_monthly/PG/2004-09.csv,csv ohlcv,2026-05-17T13:49:20Z
PG,2004-10,ok,1638,av_intraday_5min/raw_monthly/PG/2004-10.csv,csv ohlcv,2026-05-17T13:49:21Z
PG,2004-11,ok,1602,av_intraday_5min/raw_monthly/PG/2004-11.csv,csv ohlcv,2026-05-17T13:49:22Z
PG,2004-12,ok,1716,av_intraday_5min/raw_monthly/PG/2004-12.csv,csv ohlcv,2026-05-17T13:49:23Z
PG,2005-01,ok,1559,av_intraday_5min/raw_monthly/PG/2005-01.csv,csv ohlcv,2026-05-17T13:49:24Z
PG,2005-02,ok,1464,av_intraday_5min/raw_monthly/PG/2005-02.csv,csv ohlcv,2026-05-17T13:49:24Z
PG,2005-03,ok,1716,av_intraday_5min/raw_monthly/PG/2005-03.csv,csv ohlcv,2026-05-17T13:49:25Z
PG,2005-04,ok,1638,av_intraday_5min/raw_monthly/PG/2005-04.csv,csv ohlcv,2026-05-17T13:49:26Z
PG,2005-05,ok,1638,av_intraday_5min/raw_monthly/PG/2005-05.csv,csv ohlcv,2026-05-17T13:49:27Z
PG,2005-06,ok,1714,av_intraday_5min/raw_monthly/PG/2005-06.csv,csv ohlcv,2026-05-17T13:49:27Z
PG,2005-07,ok,1560,av_intraday_5min/raw_monthly/PG/2005-07.csv,csv ohlcv,2026-05-17T13:49:28Z
PG,2005-08,ok,1794,av_intraday_5min/raw_monthly/PG/2005-08.csv,csv ohlcv,2026-05-17T13:49:29Z
PG,2005-09,ok,1638,av_intraday_5min/raw_monthly/PG/2005-09.csv,csv ohlcv,2026-05-17T13:49:30Z
PG,2005-10,ok,1638,av_intraday_5min/raw_monthly/PG/2005-10.csv,csv ohlcv,2026-05-17T13:49:31Z
PG,2005-11,ok,1603,av_intraday_5min/raw_monthly/PG/2005-11.csv,csv ohlcv,2026-05-17T13:49:32Z
PG,2005-12,ok,1617,av_intraday_5min/raw_monthly/PG/2005-12.csv,csv ohlcv,2026-05-17T13:49:33Z
PG,2006-01,ok,1560,av_intraday_5min/raw_monthly/PG/2006-01.csv,csv ohlcv,2026-05-17T13:49:33Z
PG,2006-02,ok,1482,av_intraday_5min/raw_monthly/PG/2006-02.csv,csv ohlcv,2026-05-17T13:49:34Z
PG,2006-03,ok,1794,av_intraday_5min/raw_monthly/PG/2006-03.csv,csv ohlcv,2026-05-17T13:49:35Z
PG,2006-04,ok,1482,av_intraday_5min/raw_monthly/PG/2006-04.csv,csv ohlcv,2026-05-17T13:49:36Z
PG,2006-05,ok,1716,av_intraday_5min/raw_monthly/PG/2006-05.csv,csv ohlcv,2026-05-17T13:49:37Z
PG,2006-06,ok,1716,av_intraday_5min/raw_monthly/PG/2006-06.csv,csv ohlcv,2026-05-17T13:49:37Z
PG,2006-07,ok,1525,av_intraday_5min/raw_monthly/PG/2006-07.csv,csv ohlcv,2026-05-17T13:49:38Z
PG,2006-08,ok,1794,av_intraday_5min/raw_monthly/PG/2006-08.csv,csv ohlcv,2026-05-17T13:49:39Z
PG,2006-09,ok,1560,av_intraday_5min/raw_monthly/PG/2006-09.csv,csv ohlcv,2026-05-17T13:49:40Z
PG,2006-10,ok,1716,av_intraday_5min/raw_monthly/PG/2006-10.csv,csv ohlcv,2026-05-17T13:49:41Z
PG,2006-11,ok,1603,av_intraday_5min/raw_monthly/PG/2006-11.csv,csv ohlcv,2026-05-17T13:49:41Z
PG,2006-12,ok,1560,av_intraday_5min/raw_monthly/PG/2006-12.csv,csv ohlcv,2026-05-17T13:49:42Z
PG,2007-01,ok,1560,av_intraday_5min/raw_monthly/PG/2007-01.csv,csv ohlcv,2026-05-17T13:49:43Z
PG,2007-02,ok,1482,av_intraday_5min/raw_monthly/PG/2007-02.csv,csv ohlcv,2026-05-17T13:49:44Z
PG,2007-03,ok,1716,av_intraday_5min/raw_monthly/PG/2007-03.csv,csv ohlcv,2026-05-17T13:49:45Z
PG,2007-04,ok,1560,av_intraday_5min/raw_monthly/PG/2007-04.csv,csv ohlcv,2026-05-17T13:49:46Z
PG,2007-05,ok,1716,av_intraday_5min/raw_monthly/PG/2007-05.csv,csv ohlcv,2026-05-17T13:49:46Z
PG,2007-06,ok,1638,av_intraday_5min/raw_monthly/PG/2007-06.csv,csv ohlcv,2026-05-17T13:49:47Z
PG,2007-07,ok,1607,av_intraday_5min/raw_monthly/PG/2007-07.csv,csv ohlcv,2026-05-17T13:49:48Z
PG,2007-08,ok,1794,av_intraday_5min/raw_monthly/PG/2007-08.csv,csv ohlcv,2026-05-17T13:49:49Z
PG,2007-09,ok,1482,av_intraday_5min/raw_monthly/PG/2007-09.csv,csv ohlcv,2026-05-17T13:49:50Z
PG,2007-10,ok,1794,av_intraday_5min/raw_monthly/PG/2007-10.csv,csv ohlcv,2026-05-17T13:49:51Z
PG,2007-11,ok,1607,av_intraday_5min/raw_monthly/PG/2007-11.csv,csv ohlcv,2026-05-17T13:49:51Z
PG,2007-12,ok,1528,av_intraday_5min/raw_monthly/PG/2007-12.csv,csv ohlcv,2026-05-17T13:49:52Z
PG,2008-01,ok,1638,av_intraday_5min/raw_monthly/PG/2008-01.csv,csv ohlcv,2026-05-17T13:49:53Z
PG,2008-02,ok,1560,av_intraday_5min/raw_monthly/PG/2008-02.csv,csv ohlcv,2026-05-17T13:49:54Z
PG,2008-03,ok,1560,av_intraday_5min/raw_monthly/PG/2008-03.csv,csv ohlcv,2026-05-17T13:49:55Z
PG,2008-04,ok,1716,av_intraday_5min/raw_monthly/PG/2008-04.csv,csv ohlcv,2026-05-17T13:49:56Z
PG,2008-05,ok,1638,av_intraday_5min/raw_monthly/PG/2008-05.csv,csv ohlcv,2026-05-17T13:49:56Z
PG,2008-06,ok,1638,av_intraday_5min/raw_monthly/PG/2008-06.csv,csv ohlcv,2026-05-17T13:49:57Z
PG,2008-07,ok,1687,av_intraday_5min/raw_monthly/PG/2008-07.csv,csv ohlcv,2026-05-17T13:49:58Z
PG,2008-08,ok,1638,av_intraday_5min/raw_monthly/PG/2008-08.csv,csv ohlcv,2026-05-17T13:49:59Z
PG,2008-09,ok,1638,av_intraday_5min/raw_monthly/PG/2008-09.csv,csv ohlcv,2026-05-17T13:50:00Z
PG,2008-10,ok,1794,av_intraday_5min/raw_monthly/PG/2008-10.csv,csv ohlcv,2026-05-17T13:50:01Z
PG,2008-11,ok,1454,av_intraday_5min/raw_monthly/PG/2008-11.csv,csv ohlcv,2026-05-17T13:50:02Z
PG,2008-12,ok,1683,av_intraday_5min/raw_monthly/PG/2008-12.csv,csv ohlcv,2026-05-17T13:50:02Z
PG,2009-01,ok,1560,av_intraday_5min/raw_monthly/PG/2009-01.csv,csv ohlcv,2026-05-17T13:50:03Z
PG,2009-02,ok,1482,av_intraday_5min/raw_monthly/PG/2009-02.csv,csv ohlcv,2026-05-17T13:50:04Z
PG,2009-03,ok,1716,av_intraday_5min/raw_monthly/PG/2009-03.csv,csv ohlcv,2026-05-17T13:50:05Z
PG,2009-04,ok,1638,av_intraday_5min/raw_monthly/PG/2009-04.csv,csv ohlcv,2026-05-17T13:50:06Z
PG,2009-05,ok,1560,av_intraday_5min/raw_monthly/PG/2009-05.csv,csv ohlcv,2026-05-17T13:50:06Z
PG,2009-06,ok,1716,av_intraday_5min/raw_monthly/PG/2009-06.csv,csv ohlcv,2026-05-17T13:50:07Z
PG,2009-07,ok,1716,av_intraday_5min/raw_monthly/PG/2009-07.csv,csv ohlcv,2026-05-17T13:50:08Z
PG,2009-08,ok,1638,av_intraday_5min/raw_monthly/PG/2009-08.csv,csv ohlcv,2026-05-17T13:50:09Z
PG,2009-09,ok,1638,av_intraday_5min/raw_monthly/PG/2009-09.csv,csv ohlcv,2026-05-17T13:50:10Z
PG,2009-10,ok,1716,av_intraday_5min/raw_monthly/PG/2009-10.csv,csv ohlcv,2026-05-17T13:50:11Z
PG,2009-11,ok,1532,av_intraday_5min/raw_monthly/PG/2009-11.csv,csv ohlcv,2026-05-17T13:50:12Z
PG,2009-12,ok,1685,av_intraday_5min/raw_monthly/PG/2009-12.csv,csv ohlcv,2026-05-17T13:50:13Z
PG,2010-01,ok,1482,av_intraday_5min/raw_monthly/PG/2010-01.csv,csv ohlcv,2026-05-17T13:50:14Z
PG,2010-02,ok,1482,av_intraday_5min/raw_monthly/PG/2010-02.csv,csv ohlcv,2026-05-17T13:50:14Z
PG,2010-03,ok,1794,av_intraday_5min/raw_monthly/PG/2010-03.csv,csv ohlcv,2026-05-17T13:50:15Z
PG,2010-04,ok,1638,av_intraday_5min/raw_monthly/PG/2010-04.csv,csv ohlcv,2026-05-17T13:50:16Z
PG,2010-05,ok,1560,av_intraday_5min/raw_monthly/PG/2010-05.csv,csv ohlcv,2026-05-17T13:50:17Z
PG,2010-06,ok,1716,av_intraday_5min/raw_monthly/PG/2010-06.csv,csv ohlcv,2026-05-17T13:50:18Z
PG,2010-07,ok,1638,av_intraday_5min/raw_monthly/PG/2010-07.csv,csv ohlcv,2026-05-17T13:50:19Z
PG,2010-08,ok,1716,av_intraday_5min/raw_monthly/PG/2010-08.csv,csv ohlcv,2026-05-17T13:50:19Z
PG,2010-09,ok,1638,av_intraday_5min/raw_monthly/PG/2010-09.csv,csv ohlcv,2026-05-17T13:50:20Z
PG,2010-10,ok,1638,av_intraday_5min/raw_monthly/PG/2010-10.csv,csv ohlcv,2026-05-17T13:50:21Z
PG,2010-11,ok,1617,av_intraday_5min/raw_monthly/PG/2010-11.csv,csv ohlcv,2026-05-17T13:50:22Z
PG,2010-12,ok,1716,av_intraday_5min/raw_monthly/PG/2010-12.csv,csv ohlcv,2026-05-17T13:50:23Z
PG,2011-01,ok,1560,av_intraday_5min/raw_monthly/PG/2011-01.csv,csv ohlcv,2026-05-17T13:50:24Z
PG,2011-02,ok,1482,av_intraday_5min/raw_monthly/PG/2011-02.csv,csv ohlcv,2026-05-17T13:50:25Z
PG,2011-03,ok,1794,av_intraday_5min/raw_monthly/PG/2011-03.csv,csv ohlcv,2026-05-17T13:50:26Z
PG,2011-04,ok,1560,av_intraday_5min/raw_monthly/PG/2011-04.csv,csv ohlcv,2026-05-17T13:50:26Z
PG,2011-05,ok,1638,av_intraday_5min/raw_monthly/PG/2011-05.csv,csv ohlcv,2026-05-17T13:50:27Z
PG,2011-06,ok,1716,av_intraday_5min/raw_monthly/PG/2011-06.csv,csv ohlcv,2026-05-17T13:50:28Z
PG,2011-07,ok,1560,av_intraday_5min/raw_monthly/PG/2011-07.csv,csv ohlcv,2026-05-17T13:50:29Z
PG,2011-08,ok,1794,av_intraday_5min/raw_monthly/PG/2011-08.csv,csv ohlcv,2026-05-17T13:50:30Z
PG,2011-09,ok,1638,av_intraday_5min/raw_monthly/PG/2011-09.csv,csv ohlcv,2026-05-17T13:50:31Z
PG,2011-10,ok,1638,av_intraday_5min/raw_monthly/PG/2011-10.csv,csv ohlcv,2026-05-17T13:50:32Z
PG,2011-11,ok,1608,av_intraday_5min/raw_monthly/PG/2011-11.csv,csv ohlcv,2026-05-17T13:50:33Z
PG,2011-12,ok,1638,av_intraday_5min/raw_monthly/PG/2011-12.csv,csv ohlcv,2026-05-17T13:50:34Z
PG,2012-01,ok,1560,av_intraday_5min/raw_monthly/PG/2012-01.csv,csv ohlcv,2026-05-17T13:50:34Z
PG,2012-02,ok,1560,av_intraday_5min/raw_monthly/PG/2012-02.csv,csv ohlcv,2026-05-17T13:50:35Z
PG,2012-03,ok,1716,av_intraday_5min/raw_monthly/PG/2012-03.csv,csv ohlcv,2026-05-17T13:50:36Z
PG,2012-04,ok,1560,av_intraday_5min/raw_monthly/PG/2012-04.csv,csv ohlcv,2026-05-17T13:50:37Z
PG,2012-05,ok,1716,av_intraday_5min/raw_monthly/PG/2012-05.csv,csv ohlcv,2026-05-17T13:50:38Z
PG,2012-06,ok,1638,av_intraday_5min/raw_monthly/PG/2012-06.csv,csv ohlcv,2026-05-17T13:50:39Z
PG,2012-07,ok,1608,av_intraday_5min/raw_monthly/PG/2012-07.csv,csv ohlcv,2026-05-17T13:50:40Z
PG,2012-08,ok,1794,av_intraday_5min/raw_monthly/PG/2012-08.csv,csv ohlcv,2026-05-17T13:50:40Z
PG,2012-09,ok,1482,av_intraday_5min/raw_monthly/PG/2012-09.csv,csv ohlcv,2026-05-17T13:50:41Z
PG,2012-10,ok,1638,av_intraday_5min/raw_monthly/PG/2012-10.csv,csv ohlcv,2026-05-17T13:50:42Z
PG,2012-11,ok,1604,av_intraday_5min/raw_monthly/PG/2012-11.csv,csv ohlcv,2026-05-17T13:50:43Z
PG,2012-12,ok,1526,av_intraday_5min/raw_monthly/PG/2012-12.csv,csv ohlcv,2026-05-17T13:50:44Z
PG,2013-01,ok,1638,av_intraday_5min/raw_monthly/PG/2013-01.csv,csv ohlcv,2026-05-17T13:50:45Z
PG,2013-02,ok,1482,av_intraday_5min/raw_monthly/PG/2013-02.csv,csv ohlcv,2026-05-17T13:50:46Z
PG,2013-03,ok,1560,av_intraday_5min/raw_monthly/PG/2013-03.csv,csv ohlcv,2026-05-17T13:50:46Z
PG,2013-04,ok,1716,av_intraday_5min/raw_monthly/PG/2013-04.csv,csv ohlcv,2026-05-17T13:50:47Z
PG,2013-05,ok,1716,av_intraday_5min/raw_monthly/PG/2013-05.csv,csv ohlcv,2026-05-17T13:50:48Z
PG,2013-06,ok,1560,av_intraday_5min/raw_monthly/PG/2013-06.csv,csv ohlcv,2026-05-17T13:50:49Z
PG,2013-07,ok,1684,av_intraday_5min/raw_monthly/PG/2013-07.csv,csv ohlcv,2026-05-17T13:50:50Z
PG,2013-08,ok,1716,av_intraday_5min/raw_monthly/PG/2013-08.csv,csv ohlcv,2026-05-17T13:50:51Z
PG,2013-09,ok,1560,av_intraday_5min/raw_monthly/PG/2013-09.csv,csv ohlcv,2026-05-17T13:50:52Z
PG,2013-10,ok,1794,av_intraday_5min/raw_monthly/PG/2013-10.csv,csv ohlcv,2026-05-17T13:50:52Z
PG,2013-11,ok,1531,av_intraday_5min/raw_monthly/PG/2013-11.csv,csv ohlcv,2026-05-17T13:50:53Z
PG,2013-12,ok,1607,av_intraday_5min/raw_monthly/PG/2013-12.csv,csv ohlcv,2026-05-17T13:50:54Z
PG,2014-01,ok,1638,av_intraday_5min/raw_monthly/PG/2014-01.csv,csv ohlcv,2026-05-17T13:50:55Z
PG,2014-02,ok,1482,av_intraday_5min/raw_monthly/PG/2014-02.csv,csv ohlcv,2026-05-17T13:50:56Z
PG,2014-03,ok,1638,av_intraday_5min/raw_monthly/PG/2014-03.csv,csv ohlcv,2026-05-17T13:50:56Z
PG,2014-04,ok,1638,av_intraday_5min/raw_monthly/PG/2014-04.csv,csv ohlcv,2026-05-17T13:50:57Z
PG,2014-05,ok,1638,av_intraday_5min/raw_monthly/PG/2014-05.csv,csv ohlcv,2026-05-17T13:50:58Z
PG,2014-06,ok,1638,av_intraday_5min/raw_monthly/PG/2014-06.csv,csv ohlcv,2026-05-17T13:50:59Z
PG,2014-07,ok,1689,av_intraday_5min/raw_monthly/PG/2014-07.csv,csv ohlcv,2026-05-17T13:51:00Z
PG,2014-08,ok,1638,av_intraday_5min/raw_monthly/PG/2014-08.csv,csv ohlcv,2026-05-17T13:51:01Z
PG,2014-09,ok,1638,av_intraday_5min/raw_monthly/PG/2014-09.csv,csv ohlcv,2026-05-17T13:51:02Z
PG,2014-10,ok,1783,av_intraday_5min/raw_monthly/PG/2014-10.csv,csv ohlcv,2026-05-17T13:51:02Z
PG,2014-11,ok,1457,av_intraday_5min/raw_monthly/PG/2014-11.csv,csv ohlcv,2026-05-17T13:51:03Z
PG,2014-12,ok,1682,av_intraday_5min/raw_monthly/PG/2014-12.csv,csv ohlcv,2026-05-17T13:51:04Z
PG,2015-01,ok,1560,av_intraday_5min/raw_monthly/PG/2015-01.csv,csv ohlcv,2026-05-17T13:51:05Z
PG,2015-02,ok,1482,av_intraday_5min/raw_monthly/PG/2015-02.csv,csv ohlcv,2026-05-17T13:51:06Z
PG,2015-03,ok,1716,av_intraday_5min/raw_monthly/PG/2015-03.csv,csv ohlcv,2026-05-17T13:51:07Z
PG,2015-04,ok,1638,av_intraday_5min/raw_monthly/PG/2015-04.csv,csv ohlcv,2026-05-17T13:51:08Z
PG,2015-05,ok,1560,av_intraday_5min/raw_monthly/PG/2015-05.csv,csv ohlcv,2026-05-17T13:51:08Z
PG,2015-06,ok,1716,av_intraday_5min/raw_monthly/PG/2015-06.csv,csv ohlcv,2026-05-17T13:51:09Z
PG,2015-07,ok,1716,av_intraday_5min/raw_monthly/PG/2015-07.csv,csv ohlcv,2026-05-17T13:51:10Z
PG,2015-08,ok,1638,av_intraday_5min/raw_monthly/PG/2015-08.csv,csv ohlcv,2026-05-17T13:51:11Z
PG,2015-09,ok,1638,av_intraday_5min/raw_monthly/PG/2015-09.csv,csv ohlcv,2026-05-17T13:51:12Z
PG,2015-10,ok,1716,av_intraday_5min/raw_monthly/PG/2015-10.csv,csv ohlcv,2026-05-17T13:51:13Z
PG,2015-11,ok,1529,av_intraday_5min/raw_monthly/PG/2015-11.csv,csv ohlcv,2026-05-17T13:51:14Z
PG,2015-12,ok,1681,av_intraday_5min/raw_monthly/PG/2015-12.csv,csv ohlcv,2026-05-17T13:51:14Z
PG,2016-01,ok,1482,av_intraday_5min/raw_monthly/PG/2016-01.csv,csv ohlcv,2026-05-17T13:51:15Z
PG,2016-02,ok,1560,av_intraday_5min/raw_monthly/PG/2016-02.csv,csv ohlcv,2026-05-17T13:51:16Z
PG,2016-03,ok,1716,av_intraday_5min/raw_monthly/PG/2016-03.csv,csv ohlcv,2026-05-17T13:51:17Z
PG,2016-04,ok,1638,av_intraday_5min/raw_monthly/PG/2016-04.csv,csv ohlcv,2026-05-17T13:51:18Z
PG,2016-05,ok,1638,av_intraday_5min/raw_monthly/PG/2016-05.csv,csv ohlcv,2026-05-17T13:51:19Z
PG,2016-06,ok,1716,av_intraday_5min/raw_monthly/PG/2016-06.csv,csv ohlcv,2026-05-17T13:51:19Z
PG,2016-07,ok,1560,av_intraday_5min/raw_monthly/PG/2016-07.csv,csv ohlcv,2026-05-17T13:51:20Z
PG,2016-08,ok,1794,av_intraday_5min/raw_monthly/PG/2016-08.csv,csv ohlcv,2026-05-17T13:51:21Z
PG,2016-09,ok,1638,av_intraday_5min/raw_monthly/PG/2016-09.csv,csv ohlcv,2026-05-17T13:51:22Z
PG,2016-10,ok,1638,av_intraday_5min/raw_monthly/PG/2016-10.csv,csv ohlcv,2026-05-17T13:51:23Z
PG,2016-11,ok,1608,av_intraday_5min/raw_monthly/PG/2016-11.csv,csv ohlcv,2026-05-17T13:51:24Z
PG,2016-12,ok,1638,av_intraday_5min/raw_monthly/PG/2016-12.csv,csv ohlcv,2026-05-17T13:51:25Z
PG,2017-01,ok,1560,av_intraday_5min/raw_monthly/PG/2017-01.csv,csv ohlcv,2026-05-17T13:51:25Z
PG,2017-02,ok,1482,av_intraday_5min/raw_monthly/PG/2017-02.csv,csv ohlcv,2026-05-17T13:51:26Z
PG,2017-03,ok,1794,av_intraday_5min/raw_monthly/PG/2017-03.csv,csv ohlcv,2026-05-17T13:51:27Z
PG,2017-04,ok,1482,av_intraday_5min/raw_monthly/PG/2017-04.csv,csv ohlcv,2026-05-17T13:51:28Z
PG,2017-05,ok,1716,av_intraday_5min/raw_monthly/PG/2017-05.csv,csv ohlcv,2026-05-17T13:51:29Z
PG,2017-06,ok,1716,av_intraday_5min/raw_monthly/PG/2017-06.csv,csv ohlcv,2026-05-17T13:51:29Z
PG,2017-07,ok,1530,av_intraday_5min/raw_monthly/PG/2017-07.csv,csv ohlcv,2026-05-17T13:51:30Z
PG,2017-08,ok,1794,av_intraday_5min/raw_monthly/PG/2017-08.csv,csv ohlcv,2026-05-17T13:51:31Z
PG,2017-09,ok,1560,av_intraday_5min/raw_monthly/PG/2017-09.csv,csv ohlcv,2026-05-17T13:51:32Z
PG,2017-10,ok,1716,av_intraday_5min/raw_monthly/PG/2017-10.csv,csv ohlcv,2026-05-17T13:51:33Z
PG,2017-11,ok,1605,av_intraday_5min/raw_monthly/PG/2017-11.csv,csv ohlcv,2026-05-17T13:51:34Z
PG,2017-12,ok,1560,av_intraday_5min/raw_monthly/PG/2017-12.csv,csv ohlcv,2026-05-17T13:51:35Z
UNH,2001-02,ok,1476,av_intraday_5min/raw_monthly/UNH/2001-02.csv,csv ohlcv,2026-05-17T13:51:36Z
UNH,2001-03,ok,1713,av_intraday_5min/raw_monthly/UNH/2001-03.csv,csv ohlcv,2026-05-17T13:51:36Z
UNH,2001-04,ok,1553,av_intraday_5min/raw_monthly/UNH/2001-04.csv,csv ohlcv,2026-05-17T13:51:37Z
UNH,2001-05,ok,1707,av_intraday_5min/raw_monthly/UNH/2001-05.csv,csv ohlcv,2026-05-17T13:51:38Z
UNH,2001-06,ok,1619,av_intraday_5min/raw_monthly/UNH/2001-06.csv,csv ohlcv,2026-05-17T13:51:39Z
UNH,2001-07,ok,1599,av_intraday_5min/raw_monthly/UNH/2001-07.csv,csv ohlcv,2026-05-17T13:51:40Z
UNH,2001-08,ok,1789,av_intraday_5min/raw_monthly/UNH/2001-08.csv,csv ohlcv,2026-05-17T13:51:41Z
UNH,2001-09,ok,1163,av_intraday_5min/raw_monthly/UNH/2001-09.csv,csv ohlcv,2026-05-17T13:51:42Z
UNH,2001-10,ok,1793,av_intraday_5min/raw_monthly/UNH/2001-10.csv,csv ohlcv,2026-05-17T13:51:42Z
UNH,2001-11,ok,1597,av_intraday_5min/raw_monthly/UNH/2001-11.csv,csv ohlcv,2026-05-17T13:51:43Z
UNH,2001-12,ok,1523,av_intraday_5min/raw_monthly/UNH/2001-12.csv,csv ohlcv,2026-05-17T13:51:44Z
UNH,2002-01,ok,1637,av_intraday_5min/raw_monthly/UNH/2002-01.csv,csv ohlcv,2026-05-17T13:51:45Z
UNH,2002-02,ok,1480,av_intraday_5min/raw_monthly/UNH/2002-02.csv,csv ohlcv,2026-05-17T13:51:46Z
UNH,2002-03,ok,1556,av_intraday_5min/raw_monthly/UNH/2002-03.csv,csv ohlcv,2026-05-17T13:51:46Z
UNH,2002-04,ok,1713,av_intraday_5min/raw_monthly/UNH/2002-04.csv,csv ohlcv,2026-05-17T13:51:47Z
UNH,2002-05,ok,1712,av_intraday_5min/raw_monthly/UNH/2002-05.csv,csv ohlcv,2026-05-17T13:51:48Z
UNH,2002-06,ok,1553,av_intraday_5min/raw_monthly/UNH/2002-06.csv,csv ohlcv,2026-05-17T13:51:49Z
UNH,2002-07,ok,1671,av_intraday_5min/raw_monthly/UNH/2002-07.csv,csv ohlcv,2026-05-17T13:51:50Z
UNH,2002-08,ok,1711,av_intraday_5min/raw_monthly/UNH/2002-08.csv,csv ohlcv,2026-05-17T13:51:51Z
UNH,2002-09,ok,1527,av_intraday_5min/raw_monthly/UNH/2002-09.csv,csv ohlcv,2026-05-17T13:51:51Z
UNH,2002-10,ok,1789,av_intraday_5min/raw_monthly/UNH/2002-10.csv,csv ohlcv,2026-05-17T13:51:52Z
UNH,2002-11,ok,1521,av_intraday_5min/raw_monthly/UNH/2002-11.csv,csv ohlcv,2026-05-17T13:51:53Z
UNH,2002-12,ok,1600,av_intraday_5min/raw_monthly/UNH/2002-12.csv,csv ohlcv,2026-05-17T13:51:54Z
UNH,2003-01,ok,1635,av_intraday_5min/raw_monthly/UNH/2003-01.csv,csv ohlcv,2026-05-17T13:51:55Z
UNH,2003-02,ok,1481,av_intraday_5min/raw_monthly/UNH/2003-02.csv,csv ohlcv,2026-05-17T13:51:56Z
UNH,2003-03,ok,1638,av_intraday_5min/raw_monthly/UNH/2003-03.csv,csv ohlcv,2026-05-17T13:51:56Z
UNH,2003-04,ok,1638,av_intraday_5min/raw_monthly/UNH/2003-04.csv,csv ohlcv,2026-05-17T13:51:57Z
UNH,2003-05,ok,1638,av_intraday_5min/raw_monthly/UNH/2003-05.csv,csv ohlcv,2026-05-17T13:51:58Z
UNH,2003-06,ok,1637,av_intraday_5min/raw_monthly/UNH/2003-06.csv,csv ohlcv,2026-05-17T13:51:59Z
UNH,2003-07,ok,1679,av_intraday_5min/raw_monthly/UNH/2003-07.csv,csv ohlcv,2026-05-17T13:52:00Z
UNH,2003-08,ok,1635,av_intraday_5min/raw_monthly/UNH/2003-08.csv,csv ohlcv,2026-05-17T13:52:01Z
UNH,2003-09,ok,1638,av_intraday_5min/raw_monthly/UNH/2003-09.csv,csv ohlcv,2026-05-17T13:52:02Z
UNH,2003-10,ok,1793,av_intraday_5min/raw_monthly/UNH/2003-10.csv,csv ohlcv,2026-05-17T13:52:02Z
UNH,2003-11,ok,1444,av_intraday_5min/raw_monthly/UNH/2003-11.csv,csv ohlcv,2026-05-17T13:52:03Z
UNH,2003-12,ok,1646,av_intraday_5min/raw_monthly/UNH/2003-12.csv,csv ohlcv,2026-05-17T13:52:04Z
UNH,2004-01,ok,1559,av_intraday_5min/raw_monthly/UNH/2004-01.csv,csv ohlcv,2026-05-17T13:52:05Z
UNH,2004-02,ok,1482,av_intraday_5min/raw_monthly/UNH/2004-02.csv,csv ohlcv,2026-05-17T13:52:06Z
UNH,2004-03,ok,1794,av_intraday_5min/raw_monthly/UNH/2004-03.csv,csv ohlcv,2026-05-17T13:52:07Z
UNH,2004-04,ok,1634,av_intraday_5min/raw_monthly/UNH/2004-04.csv,csv ohlcv,2026-05-17T13:52:08Z
UNH,2004-05,ok,1558,av_intraday_5min/raw_monthly/UNH/2004-05.csv,csv ohlcv,2026-05-17T13:52:08Z
UNH,2004-06,ok,1633,av_intraday_5min/raw_monthly/UNH/2004-06.csv,csv ohlcv,2026-05-17T13:52:09Z
UNH,2004-07,ok,1631,av_intraday_5min/raw_monthly/UNH/2004-07.csv,csv ohlcv,2026-05-17T13:52:10Z
UNH,2004-08,ok,1708,av_intraday_5min/raw_monthly/UNH/2004-08.csv,csv ohlcv,2026-05-17T13:52:11Z
UNH,2004-09,ok,1631,av_intraday_5min/raw_monthly/UNH/2004-09.csv,csv ohlcv,2026-05-17T13:52:12Z
UNH,2004-10,ok,1632,av_intraday_5min/raw_monthly/UNH/2004-10.csv,csv ohlcv,2026-05-17T13:52:13Z
UNH,2004-11,ok,1590,av_intraday_5min/raw_monthly/UNH/2004-11.csv,csv ohlcv,2026-05-17T13:52:14Z
UNH,2004-12,ok,1705,av_intraday_5min/raw_monthly/UNH/2004-12.csv,csv ohlcv,2026-05-17T13:52:15Z
UNH,2005-01,ok,1545,av_intraday_5min/raw_monthly/UNH/2005-01.csv,csv ohlcv,2026-05-17T13:52:15Z
UNH,2005-02,ok,1473,av_intraday_5min/raw_monthly/UNH/2005-02.csv,csv ohlcv,2026-05-17T13:52:16Z
UNH,2005-03,ok,1710,av_intraday_5min/raw_monthly/UNH/2005-03.csv,csv ohlcv,2026-05-17T13:52:17Z
UNH,2005-04,ok,1631,av_intraday_5min/raw_monthly/UNH/2005-04.csv,csv ohlcv,2026-05-17T13:52:18Z
UNH,2005-05,ok,1632,av_intraday_5min/raw_monthly/UNH/2005-05.csv,csv ohlcv,2026-05-17T13:52:19Z
UNH,2005-06,ok,1713,av_intraday_5min/raw_monthly/UNH/2005-06.csv,csv ohlcv,2026-05-17T13:52:20Z
UNH,2005-07,ok,1523,av_intraday_5min/raw_monthly/UNH/2005-07.csv,csv ohlcv,2026-05-17T13:52:21Z
UNH,2005-08,ok,1793,av_intraday_5min/raw_monthly/UNH/2005-08.csv,csv ohlcv,2026-05-17T13:52:21Z
UNH,2005-09,ok,1635,av_intraday_5min/raw_monthly/UNH/2005-09.csv,csv ohlcv,2026-05-17T13:52:22Z
UNH,2005-10,ok,1634,av_intraday_5min/raw_monthly/UNH/2005-10.csv,csv ohlcv,2026-05-17T13:52:23Z
UNH,2005-11,ok,1601,av_intraday_5min/raw_monthly/UNH/2005-11.csv,csv ohlcv,2026-05-17T13:52:24Z
UNH,2005-12,ok,1637,av_intraday_5min/raw_monthly/UNH/2005-12.csv,csv ohlcv,2026-05-17T13:52:25Z
UNH,2006-01,ok,1560,av_intraday_5min/raw_monthly/UNH/2006-01.csv,csv ohlcv,2026-05-17T13:52:26Z
UNH,2006-02,ok,1480,av_intraday_5min/raw_monthly/UNH/2006-02.csv,csv ohlcv,2026-05-17T13:52:27Z
UNH,2006-03,ok,1794,av_intraday_5min/raw_monthly/UNH/2006-03.csv,csv ohlcv,2026-05-17T13:52:27Z
UNH,2006-04,ok,1481,av_intraday_5min/raw_monthly/UNH/2006-04.csv,csv ohlcv,2026-05-17T13:52:28Z
UNH,2006-05,ok,1716,av_intraday_5min/raw_monthly/UNH/2006-05.csv,csv ohlcv,2026-05-17T13:52:29Z
UNH,2006-06,ok,1716,av_intraday_5min/raw_monthly/UNH/2006-06.csv,csv ohlcv,2026-05-17T13:52:30Z
UNH,2006-07,ok,1525,av_intraday_5min/raw_monthly/UNH/2006-07.csv,csv ohlcv,2026-05-17T13:52:31Z
UNH,2006-08,ok,1794,av_intraday_5min/raw_monthly/UNH/2006-08.csv,csv ohlcv,2026-05-17T13:52:32Z
UNH,2006-09,ok,1560,av_intraday_5min/raw_monthly/UNH/2006-09.csv,csv ohlcv,2026-05-17T13:52:33Z
UNH,2006-10,ok,1715,av_intraday_5min/raw_monthly/UNH/2006-10.csv,csv ohlcv,2026-05-17T13:52:34Z
UNH,2006-11,ok,1603,av_intraday_5min/raw_monthly/UNH/2006-11.csv,csv ohlcv,2026-05-17T13:52:35Z
UNH,2006-12,ok,1560,av_intraday_5min/raw_monthly/UNH/2006-12.csv,csv ohlcv,2026-05-17T13:52:35Z
UNH,2007-01,ok,1559,av_intraday_5min/raw_monthly/UNH/2007-01.csv,csv ohlcv,2026-05-17T13:52:36Z
UNH,2007-02,ok,1481,av_intraday_5min/raw_monthly/UNH/2007-02.csv,csv ohlcv,2026-05-17T13:52:37Z
UNH,2007-03,ok,1716,av_intraday_5min/raw_monthly/UNH/2007-03.csv,csv ohlcv,2026-05-17T13:52:38Z
UNH,2007-04,ok,1560,av_intraday_5min/raw_monthly/UNH/2007-04.csv,csv ohlcv,2026-05-17T13:52:39Z
UNH,2007-05,ok,1716,av_intraday_5min/raw_monthly/UNH/2007-05.csv,csv ohlcv,2026-05-17T13:52:40Z
UNH,2007-06,ok,1637,av_intraday_5min/raw_monthly/UNH/2007-06.csv,csv ohlcv,2026-05-17T13:52:41Z
UNH,2007-07,ok,1606,av_intraday_5min/raw_monthly/UNH/2007-07.csv,csv ohlcv,2026-05-17T13:52:41Z
UNH,2007-08,ok,1794,av_intraday_5min/raw_monthly/UNH/2007-08.csv,csv ohlcv,2026-05-17T13:52:42Z
UNH,2007-09,ok,1482,av_intraday_5min/raw_monthly/UNH/2007-09.csv,csv ohlcv,2026-05-17T13:52:43Z
UNH,2007-10,ok,1794,av_intraday_5min/raw_monthly/UNH/2007-10.csv,csv ohlcv,2026-05-17T13:52:44Z
UNH,2007-11,ok,1606,av_intraday_5min/raw_monthly/UNH/2007-11.csv,csv ohlcv,2026-05-17T13:52:45Z
UNH,2007-12,ok,1528,av_intraday_5min/raw_monthly/UNH/2007-12.csv,csv ohlcv,2026-05-17T13:52:46Z
UNH,2008-01,ok,1638,av_intraday_5min/raw_monthly/UNH/2008-01.csv,csv ohlcv,2026-05-17T13:52:46Z
UNH,2008-02,ok,1560,av_intraday_5min/raw_monthly/UNH/2008-02.csv,csv ohlcv,2026-05-17T13:52:47Z
UNH,2008-03,ok,1560,av_intraday_5min/raw_monthly/UNH/2008-03.csv,csv ohlcv,2026-05-17T13:52:48Z
UNH,2008-04,ok,1716,av_intraday_5min/raw_monthly/UNH/2008-04.csv,csv ohlcv,2026-05-17T13:52:49Z
UNH,2008-05,ok,1638,av_intraday_5min/raw_monthly/UNH/2008-05.csv,csv ohlcv,2026-05-17T13:52:50Z
UNH,2008-06,ok,1638,av_intraday_5min/raw_monthly/UNH/2008-06.csv,csv ohlcv,2026-05-17T13:52:51Z
UNH,2008-07,ok,1689,av_intraday_5min/raw_monthly/UNH/2008-07.csv,csv ohlcv,2026-05-17T13:52:52Z
UNH,2008-08,ok,1638,av_intraday_5min/raw_monthly/UNH/2008-08.csv,csv ohlcv,2026-05-17T13:52:52Z
UNH,2008-09,ok,1638,av_intraday_5min/raw_monthly/UNH/2008-09.csv,csv ohlcv,2026-05-17T13:52:53Z
UNH,2008-10,ok,1794,av_intraday_5min/raw_monthly/UNH/2008-10.csv,csv ohlcv,2026-05-17T13:52:54Z
UNH,2008-11,ok,1451,av_intraday_5min/raw_monthly/UNH/2008-11.csv,csv ohlcv,2026-05-17T13:52:55Z
UNH,2008-12,ok,1682,av_intraday_5min/raw_monthly/UNH/2008-12.csv,csv ohlcv,2026-05-17T13:52:56Z
UNH,2009-01,ok,1560,av_intraday_5min/raw_monthly/UNH/2009-01.csv,csv ohlcv,2026-05-17T13:52:57Z
UNH,2009-02,ok,1482,av_intraday_5min/raw_monthly/UNH/2009-02.csv,csv ohlcv,2026-05-17T13:52:58Z
UNH,2009-03,ok,1716,av_intraday_5min/raw_monthly/UNH/2009-03.csv,csv ohlcv,2026-05-17T13:52:58Z
UNH,2009-04,ok,1638,av_intraday_5min/raw_monthly/UNH/2009-04.csv,csv ohlcv,2026-05-17T13:52:59Z
UNH,2009-05,ok,1560,av_intraday_5min/raw_monthly/UNH/2009-05.csv,csv ohlcv,2026-05-17T13:53:00Z
UNH,2009-06,ok,1716,av_intraday_5min/raw_monthly/UNH/2009-06.csv,csv ohlcv,2026-05-17T13:53:01Z
UNH,2009-07,ok,1716,av_intraday_5min/raw_monthly/UNH/2009-07.csv,csv ohlcv,2026-05-17T13:53:02Z
UNH,2009-08,ok,1638,av_intraday_5min/raw_monthly/UNH/2009-08.csv,csv ohlcv,2026-05-17T13:53:02Z
UNH,2009-09,ok,1638,av_intraday_5min/raw_monthly/UNH/2009-09.csv,csv ohlcv,2026-05-17T13:53:03Z
UNH,2009-10,ok,1716,av_intraday_5min/raw_monthly/UNH/2009-10.csv,csv ohlcv,2026-05-17T13:53:04Z
UNH,2009-11,ok,1528,av_intraday_5min/raw_monthly/UNH/2009-11.csv,csv ohlcv,2026-05-17T13:53:05Z
UNH,2009-12,ok,1688,av_intraday_5min/raw_monthly/UNH/2009-12.csv,csv ohlcv,2026-05-17T13:53:06Z
UNH,2010-01,ok,1482,av_intraday_5min/raw_monthly/UNH/2010-01.csv,csv ohlcv,2026-05-17T13:53:06Z
UNH,2010-02,ok,1482,av_intraday_5min/raw_monthly/UNH/2010-02.csv,csv ohlcv,2026-05-17T13:53:07Z
UNH,2010-03,ok,1794,av_intraday_5min/raw_monthly/UNH/2010-03.csv,csv ohlcv,2026-05-17T13:53:08Z
UNH,2010-04,ok,1638,av_intraday_5min/raw_monthly/UNH/2010-04.csv,csv ohlcv,2026-05-17T13:53:08Z
UNH,2010-05,ok,1560,av_intraday_5min/raw_monthly/UNH/2010-05.csv,csv ohlcv,2026-05-17T13:53:09Z
UNH,2010-06,ok,1716,av_intraday_5min/raw_monthly/UNH/2010-06.csv,csv ohlcv,2026-05-17T13:53:10Z
UNH,2010-07,ok,1638,av_intraday_5min/raw_monthly/UNH/2010-07.csv,csv ohlcv,2026-05-17T13:53:11Z
UNH,2010-08,ok,1716,av_intraday_5min/raw_monthly/UNH/2010-08.csv,csv ohlcv,2026-05-17T13:53:12Z
UNH,2010-09,ok,1638,av_intraday_5min/raw_monthly/UNH/2010-09.csv,csv ohlcv,2026-05-17T13:53:13Z
UNH,2010-10,ok,1638,av_intraday_5min/raw_monthly/UNH/2010-10.csv,csv ohlcv,2026-05-17T13:53:14Z
UNH,2010-11,ok,1610,av_intraday_5min/raw_monthly/UNH/2010-11.csv,csv ohlcv,2026-05-17T13:53:15Z
UNH,2010-12,ok,1716,av_intraday_5min/raw_monthly/UNH/2010-12.csv,csv ohlcv,2026-05-17T13:53:15Z
UNH,2011-01,ok,1560,av_intraday_5min/raw_monthly/UNH/2011-01.csv,csv ohlcv,2026-05-17T13:53:16Z
UNH,2011-02,ok,1482,av_intraday_5min/raw_monthly/UNH/2011-02.csv,csv ohlcv,2026-05-17T13:53:17Z
UNH,2011-03,ok,1794,av_intraday_5min/raw_monthly/UNH/2011-03.csv,csv ohlcv,2026-05-17T13:53:18Z
UNH,2011-04,ok,1560,av_intraday_5min/raw_monthly/UNH/2011-04.csv,csv ohlcv,2026-05-17T13:53:19Z
UNH,2011-05,ok,1638,av_intraday_5min/raw_monthly/UNH/2011-05.csv,csv ohlcv,2026-05-17T13:53:19Z
UNH,2011-06,ok,1716,av_intraday_5min/raw_monthly/UNH/2011-06.csv,csv ohlcv,2026-05-17T13:53:20Z
UNH,2011-07,ok,1560,av_intraday_5min/raw_monthly/UNH/2011-07.csv,csv ohlcv,2026-05-17T13:53:21Z
UNH,2011-08,ok,1794,av_intraday_5min/raw_monthly/UNH/2011-08.csv,csv ohlcv,2026-05-17T13:53:22Z
UNH,2011-09,ok,1638,av_intraday_5min/raw_monthly/UNH/2011-09.csv,csv ohlcv,2026-05-17T13:53:23Z
UNH,2011-10,ok,1638,av_intraday_5min/raw_monthly/UNH/2011-10.csv,csv ohlcv,2026-05-17T13:53:24Z
UNH,2011-11,ok,1605,av_intraday_5min/raw_monthly/UNH/2011-11.csv,csv ohlcv,2026-05-17T13:53:25Z
UNH,2011-12,ok,1638,av_intraday_5min/raw_monthly/UNH/2011-12.csv,csv ohlcv,2026-05-17T13:53:25Z
UNH,2012-01,ok,1560,av_intraday_5min/raw_monthly/UNH/2012-01.csv,csv ohlcv,2026-05-17T13:53:26Z
UNH,2012-02,ok,1560,av_intraday_5min/raw_monthly/UNH/2012-02.csv,csv ohlcv,2026-05-17T13:53:27Z
UNH,2012-03,ok,1716,av_intraday_5min/raw_monthly/UNH/2012-03.csv,csv ohlcv,2026-05-17T13:53:28Z
UNH,2012-04,ok,1560,av_intraday_5min/raw_monthly/UNH/2012-04.csv,csv ohlcv,2026-05-17T13:53:29Z
UNH,2012-05,ok,1716,av_intraday_5min/raw_monthly/UNH/2012-05.csv,csv ohlcv,2026-05-17T13:53:30Z
UNH,2012-06,ok,1638,av_intraday_5min/raw_monthly/UNH/2012-06.csv,csv ohlcv,2026-05-17T13:53:31Z
UNH,2012-07,ok,1611,av_intraday_5min/raw_monthly/UNH/2012-07.csv,csv ohlcv,2026-05-17T13:53:32Z
UNH,2012-08,ok,1794,av_intraday_5min/raw_monthly/UNH/2012-08.csv,csv ohlcv,2026-05-17T13:53:32Z
UNH,2012-09,ok,1482,av_intraday_5min/raw_monthly/UNH/2012-09.csv,csv ohlcv,2026-05-17T13:53:33Z
UNH,2012-10,ok,1638,av_intraday_5min/raw_monthly/UNH/2012-10.csv,csv ohlcv,2026-05-17T13:53:34Z
UNH,2012-11,ok,1603,av_intraday_5min/raw_monthly/UNH/2012-11.csv,csv ohlcv,2026-05-17T13:53:35Z
UNH,2012-12,ok,1526,av_intraday_5min/raw_monthly/UNH/2012-12.csv,csv ohlcv,2026-05-17T13:53:36Z
UNH,2013-01,ok,1638,av_intraday_5min/raw_monthly/UNH/2013-01.csv,csv ohlcv,2026-05-17T13:53:37Z
UNH,2013-02,ok,1482,av_intraday_5min/raw_monthly/UNH/2013-02.csv,csv ohlcv,2026-05-17T13:53:37Z
UNH,2013-03,ok,1560,av_intraday_5min/raw_monthly/UNH/2013-03.csv,csv ohlcv,2026-05-17T13:53:38Z
UNH,2013-04,ok,1716,av_intraday_5min/raw_monthly/UNH/2013-04.csv,csv ohlcv,2026-05-17T13:53:39Z
UNH,2013-05,ok,1716,av_intraday_5min/raw_monthly/UNH/2013-05.csv,csv ohlcv,2026-05-17T13:53:40Z
UNH,2013-06,ok,1560,av_intraday_5min/raw_monthly/UNH/2013-06.csv,csv ohlcv,2026-05-17T13:53:41Z
UNH,2013-07,ok,1683,av_intraday_5min/raw_monthly/UNH/2013-07.csv,csv ohlcv,2026-05-17T13:53:41Z
UNH,2013-08,ok,1716,av_intraday_5min/raw_monthly/UNH/2013-08.csv,csv ohlcv,2026-05-17T13:53:42Z
UNH,2013-09,ok,1560,av_intraday_5min/raw_monthly/UNH/2013-09.csv,csv ohlcv,2026-05-17T13:53:43Z
UNH,2013-10,ok,1794,av_intraday_5min/raw_monthly/UNH/2013-10.csv,csv ohlcv,2026-05-17T13:53:44Z
UNH,2013-11,ok,1525,av_intraday_5min/raw_monthly/UNH/2013-11.csv,csv ohlcv,2026-05-17T13:53:45Z
UNH,2013-12,ok,1604,av_intraday_5min/raw_monthly/UNH/2013-12.csv,csv ohlcv,2026-05-17T13:53:46Z
UNH,2014-01,ok,1638,av_intraday_5min/raw_monthly/UNH/2014-01.csv,csv ohlcv,2026-05-17T13:53:47Z
UNH,2014-02,ok,1482,av_intraday_5min/raw_monthly/UNH/2014-02.csv,csv ohlcv,2026-05-17T13:53:47Z
UNH,2014-03,ok,1638,av_intraday_5min/raw_monthly/UNH/2014-03.csv,csv ohlcv,2026-05-17T13:53:48Z
UNH,2014-04,ok,1638,av_intraday_5min/raw_monthly/UNH/2014-04.csv,csv ohlcv,2026-05-17T13:53:49Z
UNH,2014-05,ok,1638,av_intraday_5min/raw_monthly/UNH/2014-05.csv,csv ohlcv,2026-05-17T13:53:50Z
UNH,2014-06,ok,1638,av_intraday_5min/raw_monthly/UNH/2014-06.csv,csv ohlcv,2026-05-17T13:53:53Z
UNH,2014-07,ok,1685,av_intraday_5min/raw_monthly/UNH/2014-07.csv,csv ohlcv,2026-05-17T13:53:53Z
UNH,2014-08,ok,1638,av_intraday_5min/raw_monthly/UNH/2014-08.csv,csv ohlcv,2026-05-17T13:53:54Z
UNH,2014-09,ok,1638,av_intraday_5min/raw_monthly/UNH/2014-09.csv,csv ohlcv,2026-05-17T13:53:55Z
UNH,2014-10,ok,1783,av_intraday_5min/raw_monthly/UNH/2014-10.csv,csv ohlcv,2026-05-17T13:53:56Z
UNH,2014-11,ok,1449,av_intraday_5min/raw_monthly/UNH/2014-11.csv,csv ohlcv,2026-05-17T13:53:57Z
UNH,2014-12,ok,1682,av_intraday_5min/raw_monthly/UNH/2014-12.csv,csv ohlcv,2026-05-17T13:53:58Z
UNH,2015-01,ok,1560,av_intraday_5min/raw_monthly/UNH/2015-01.csv,csv ohlcv,2026-05-17T13:53:58Z
UNH,2015-02,ok,1482,av_intraday_5min/raw_monthly/UNH/2015-02.csv,csv ohlcv,2026-05-17T13:53:59Z
UNH,2015-03,ok,1716,av_intraday_5min/raw_monthly/UNH/2015-03.csv,csv ohlcv,2026-05-17T13:54:00Z
UNH,2015-04,ok,1638,av_intraday_5min/raw_monthly/UNH/2015-04.csv,csv ohlcv,2026-05-17T13:54:01Z
UNH,2015-05,ok,1560,av_intraday_5min/raw_monthly/UNH/2015-05.csv,csv ohlcv,2026-05-17T13:54:02Z
UNH,2015-06,ok,1716,av_intraday_5min/raw_monthly/UNH/2015-06.csv,csv ohlcv,2026-05-17T13:54:03Z
UNH,2015-07,ok,1716,av_intraday_5min/raw_monthly/UNH/2015-07.csv,csv ohlcv,2026-05-17T13:54:04Z
UNH,2015-08,ok,1638,av_intraday_5min/raw_monthly/UNH/2015-08.csv,csv ohlcv,2026-05-17T13:54:05Z
UNH,2015-09,ok,1638,av_intraday_5min/raw_monthly/UNH/2015-09.csv,csv ohlcv,2026-05-17T13:54:05Z
UNH,2015-10,ok,1716,av_intraday_5min/raw_monthly/UNH/2015-10.csv,csv ohlcv,2026-05-17T13:54:06Z
UNH,2015-11,ok,1528,av_intraday_5min/raw_monthly/UNH/2015-11.csv,csv ohlcv,2026-05-17T13:54:07Z
UNH,2015-12,ok,1681,av_intraday_5min/raw_monthly/UNH/2015-12.csv,csv ohlcv,2026-05-17T13:54:08Z
UNH,2016-01,ok,1482,av_intraday_5min/raw_monthly/UNH/2016-01.csv,csv ohlcv,2026-05-17T13:54:09Z
UNH,2016-02,ok,1560,av_intraday_5min/raw_monthly/UNH/2016-02.csv,csv ohlcv,2026-05-17T13:54:09Z
UNH,2016-03,ok,1716,av_intraday_5min/raw_monthly/UNH/2016-03.csv,csv ohlcv,2026-05-17T13:54:10Z
UNH,2016-04,ok,1638,av_intraday_5min/raw_monthly/UNH/2016-04.csv,csv ohlcv,2026-05-17T13:54:11Z
UNH,2016-05,ok,1638,av_intraday_5min/raw_monthly/UNH/2016-05.csv,csv ohlcv,2026-05-17T13:54:12Z
UNH,2016-06,ok,1716,av_intraday_5min/raw_monthly/UNH/2016-06.csv,csv ohlcv,2026-05-17T13:54:13Z
UNH,2016-07,ok,1560,av_intraday_5min/raw_monthly/UNH/2016-07.csv,csv ohlcv,2026-05-17T13:54:14Z
UNH,2016-08,ok,1794,av_intraday_5min/raw_monthly/UNH/2016-08.csv,csv ohlcv,2026-05-17T13:54:14Z
UNH,2016-09,ok,1638,av_intraday_5min/raw_monthly/UNH/2016-09.csv,csv ohlcv,2026-05-17T13:54:15Z
UNH,2016-10,ok,1638,av_intraday_5min/raw_monthly/UNH/2016-10.csv,csv ohlcv,2026-05-17T13:54:16Z
UNH,2016-11,ok,1606,av_intraday_5min/raw_monthly/UNH/2016-11.csv,csv ohlcv,2026-05-17T13:54:17Z
UNH,2016-12,ok,1638,av_intraday_5min/raw_monthly/UNH/2016-12.csv,csv ohlcv,2026-05-17T13:54:18Z
UNH,2017-01,ok,1560,av_intraday_5min/raw_monthly/UNH/2017-01.csv,csv ohlcv,2026-05-17T13:54:18Z
UNH,2017-02,ok,1482,av_intraday_5min/raw_monthly/UNH/2017-02.csv,csv ohlcv,2026-05-17T13:54:19Z
UNH,2017-03,ok,1794,av_intraday_5min/raw_monthly/UNH/2017-03.csv,csv ohlcv,2026-05-17T13:54:20Z
UNH,2017-04,ok,1482,av_intraday_5min/raw_monthly/UNH/2017-04.csv,csv ohlcv,2026-05-17T13:54:21Z
UNH,2017-05,ok,1716,av_intraday_5min/raw_monthly/UNH/2017-05.csv,csv ohlcv,2026-05-17T13:54:22Z
UNH,2017-06,ok,1716,av_intraday_5min/raw_monthly/UNH/2017-06.csv,csv ohlcv,2026-05-17T13:54:23Z
UNH,2017-07,ok,1528,av_intraday_5min/raw_monthly/UNH/2017-07.csv,csv ohlcv,2026-05-17T13:54:24Z
UNH,2017-08,ok,1794,av_intraday_5min/raw_monthly/UNH/2017-08.csv,csv ohlcv,2026-05-17T13:54:24Z
UNH,2017-09,ok,1560,av_intraday_5min/raw_monthly/UNH/2017-09.csv,csv ohlcv,2026-05-17T13:54:25Z
UNH,2017-10,ok,1716,av_intraday_5min/raw_monthly/UNH/2017-10.csv,csv ohlcv,2026-05-17T13:54:26Z
UNH,2017-11,ok,1603,av_intraday_5min/raw_monthly/UNH/2017-11.csv,csv ohlcv,2026-05-17T13:54:27Z
UNH,2017-12,ok,1560,av_intraday_5min/raw_monthly/UNH/2017-12.csv,csv ohlcv,2026-05-17T13:54:28Z
VZ,2001-02,ok,1480,av_intraday_5min/raw_monthly/VZ/2001-02.csv,csv ohlcv,2026-05-17T13:54:29Z
VZ,2001-03,ok,1713,av_intraday_5min/raw_monthly/VZ/2001-03.csv,csv ohlcv,2026-05-17T13:54:30Z
VZ,2001-04,ok,1559,av_intraday_5min/raw_monthly/VZ/2001-04.csv,csv ohlcv,2026-05-17T13:54:31Z
VZ,2001-05,ok,1714,av_intraday_5min/raw_monthly/VZ/2001-05.csv,csv ohlcv,2026-05-17T13:54:31Z
VZ,2001-06,ok,1588,av_intraday_5min/raw_monthly/VZ/2001-06.csv,csv ohlcv,2026-05-17T13:54:32Z
VZ,2001-07,ok,1602,av_intraday_5min/raw_monthly/VZ/2001-07.csv,csv ohlcv,2026-05-17T13:54:33Z
VZ,2001-08,ok,1792,av_intraday_5min/raw_monthly/VZ/2001-08.csv,csv ohlcv,2026-05-17T13:54:34Z
VZ,2001-09,ok,1167,av_intraday_5min/raw_monthly/VZ/2001-09.csv,csv ohlcv,2026-05-17T13:54:35Z
VZ,2001-10,ok,1792,av_intraday_5min/raw_monthly/VZ/2001-10.csv,csv ohlcv,2026-05-17T13:54:36Z
VZ,2001-11,ok,1598,av_intraday_5min/raw_monthly/VZ/2001-11.csv,csv ohlcv,2026-05-17T13:54:36Z
VZ,2001-12,ok,1525,av_intraday_5min/raw_monthly/VZ/2001-12.csv,csv ohlcv,2026-05-17T13:54:37Z
VZ,2002-01,ok,1636,av_intraday_5min/raw_monthly/VZ/2002-01.csv,csv ohlcv,2026-05-17T13:54:38Z
VZ,2002-02,ok,1481,av_intraday_5min/raw_monthly/VZ/2002-02.csv,csv ohlcv,2026-05-17T13:54:39Z
VZ,2002-03,ok,1560,av_intraday_5min/raw_monthly/VZ/2002-03.csv,csv ohlcv,2026-05-17T13:54:40Z
VZ,2002-04,ok,1714,av_intraday_5min/raw_monthly/VZ/2002-04.csv,csv ohlcv,2026-05-17T13:54:41Z
VZ,2002-05,ok,1715,av_intraday_5min/raw_monthly/VZ/2002-05.csv,csv ohlcv,2026-05-17T13:54:41Z
VZ,2002-06,ok,1558,av_intraday_5min/raw_monthly/VZ/2002-06.csv,csv ohlcv,2026-05-17T13:54:42Z
VZ,2002-07,ok,1680,av_intraday_5min/raw_monthly/VZ/2002-07.csv,csv ohlcv,2026-05-17T13:54:43Z
VZ,2002-08,ok,1715,av_intraday_5min/raw_monthly/VZ/2002-08.csv,csv ohlcv,2026-05-17T13:54:44Z
VZ,2002-09,ok,1529,av_intraday_5min/raw_monthly/VZ/2002-09.csv,csv ohlcv,2026-05-17T13:54:45Z
VZ,2002-10,ok,1793,av_intraday_5min/raw_monthly/VZ/2002-10.csv,csv ohlcv,2026-05-17T13:54:46Z
VZ,2002-11,ok,1524,av_intraday_5min/raw_monthly/VZ/2002-11.csv,csv ohlcv,2026-05-17T13:54:46Z
VZ,2002-12,ok,1603,av_intraday_5min/raw_monthly/VZ/2002-12.csv,csv ohlcv,2026-05-17T13:54:47Z
VZ,2003-01,ok,1637,av_intraday_5min/raw_monthly/VZ/2003-01.csv,csv ohlcv,2026-05-17T13:54:48Z
VZ,2003-02,ok,1482,av_intraday_5min/raw_monthly/VZ/2003-02.csv,csv ohlcv,2026-05-17T13:54:49Z
VZ,2003-03,ok,1638,av_intraday_5min/raw_monthly/VZ/2003-03.csv,csv ohlcv,2026-05-17T13:54:50Z
VZ,2003-04,ok,1637,av_intraday_5min/raw_monthly/VZ/2003-04.csv,csv ohlcv,2026-05-17T13:54:51Z
VZ,2003-05,ok,1636,av_intraday_5min/raw_monthly/VZ/2003-05.csv,csv ohlcv,2026-05-17T13:54:52Z
VZ,2003-06,ok,1638,av_intraday_5min/raw_monthly/VZ/2003-06.csv,csv ohlcv,2026-05-17T13:54:53Z
VZ,2003-07,ok,1681,av_intraday_5min/raw_monthly/VZ/2003-07.csv,csv ohlcv,2026-05-17T13:54:53Z
VZ,2003-08,ok,1638,av_intraday_5min/raw_monthly/VZ/2003-08.csv,csv ohlcv,2026-05-17T13:54:54Z
VZ,2003-09,ok,1638,av_intraday_5min/raw_monthly/VZ/2003-09.csv,csv ohlcv,2026-05-17T13:54:55Z
VZ,2003-10,ok,1794,av_intraday_5min/raw_monthly/VZ/2003-10.csv,csv ohlcv,2026-05-17T13:54:56Z
VZ,2003-11,ok,1447,av_intraday_5min/raw_monthly/VZ/2003-11.csv,csv ohlcv,2026-05-17T13:54:57Z
VZ,2003-12,ok,1646,av_intraday_5min/raw_monthly/VZ/2003-12.csv,csv ohlcv,2026-05-17T13:54:58Z
VZ,2004-01,ok,1560,av_intraday_5min/raw_monthly/VZ/2004-01.csv,csv ohlcv,2026-05-17T13:54:58Z
VZ,2004-02,ok,1481,av_intraday_5min/raw_monthly/VZ/2004-02.csv,csv ohlcv,2026-05-17T13:54:59Z
VZ,2004-03,ok,1794,av_intraday_5min/raw_monthly/VZ/2004-03.csv,csv ohlcv,2026-05-17T13:55:00Z
VZ,2004-04,ok,1637,av_intraday_5min/raw_monthly/VZ/2004-04.csv,csv ohlcv,2026-05-17T13:55:01Z
VZ,2004-05,ok,1560,av_intraday_5min/raw_monthly/VZ/2004-05.csv,csv ohlcv,2026-05-17T13:55:02Z
VZ,2004-06,ok,1638,av_intraday_5min/raw_monthly/VZ/2004-06.csv,csv ohlcv,2026-05-17T13:55:02Z
VZ,2004-07,ok,1638,av_intraday_5min/raw_monthly/VZ/2004-07.csv,csv ohlcv,2026-05-17T13:55:03Z
VZ,2004-08,ok,1716,av_intraday_5min/raw_monthly/VZ/2004-08.csv,csv ohlcv,2026-05-17T13:55:04Z
VZ,2004-09,ok,1638,av_intraday_5min/raw_monthly/VZ/2004-09.csv,csv ohlcv,2026-05-17T13:55:05Z
VZ,2004-10,ok,1638,av_intraday_5min/raw_monthly/VZ/2004-10.csv,csv ohlcv,2026-05-17T13:55:05Z
VZ,2004-11,ok,1603,av_intraday_5min/raw_monthly/VZ/2004-11.csv,csv ohlcv,2026-05-17T13:55:06Z
VZ,2004-12,ok,1716,av_intraday_5min/raw_monthly/VZ/2004-12.csv,csv ohlcv,2026-05-17T13:55:07Z
VZ,2005-01,ok,1560,av_intraday_5min/raw_monthly/VZ/2005-01.csv,csv ohlcv,2026-05-17T13:55:08Z
VZ,2005-02,ok,1482,av_intraday_5min/raw_monthly/VZ/2005-02.csv,csv ohlcv,2026-05-17T13:55:09Z
VZ,2005-03,ok,1716,av_intraday_5min/raw_monthly/VZ/2005-03.csv,csv ohlcv,2026-05-17T13:55:10Z
VZ,2005-04,ok,1638,av_intraday_5min/raw_monthly/VZ/2005-04.csv,csv ohlcv,2026-05-17T13:55:10Z
VZ,2005-05,ok,1638,av_intraday_5min/raw_monthly/VZ/2005-05.csv,csv ohlcv,2026-05-17T13:55:11Z
VZ,2005-06,ok,1714,av_intraday_5min/raw_monthly/VZ/2005-06.csv,csv ohlcv,2026-05-17T13:55:12Z
VZ,2005-07,ok,1560,av_intraday_5min/raw_monthly/VZ/2005-07.csv,csv ohlcv,2026-05-17T13:55:13Z
VZ,2005-08,ok,1794,av_intraday_5min/raw_monthly/VZ/2005-08.csv,csv ohlcv,2026-05-17T13:55:14Z
VZ,2005-09,ok,1638,av_intraday_5min/raw_monthly/VZ/2005-09.csv,csv ohlcv,2026-05-17T13:55:15Z
VZ,2005-10,ok,1638,av_intraday_5min/raw_monthly/VZ/2005-10.csv,csv ohlcv,2026-05-17T13:55:16Z
VZ,2005-11,ok,1603,av_intraday_5min/raw_monthly/VZ/2005-11.csv,csv ohlcv,2026-05-17T13:55:17Z
VZ,2005-12,ok,1638,av_intraday_5min/raw_monthly/VZ/2005-12.csv,csv ohlcv,2026-05-17T13:55:17Z
VZ,2006-01,ok,1560,av_intraday_5min/raw_monthly/VZ/2006-01.csv,csv ohlcv,2026-05-17T13:55:18Z
VZ,2006-02,ok,1482,av_intraday_5min/raw_monthly/VZ/2006-02.csv,csv ohlcv,2026-05-17T13:55:19Z
VZ,2006-03,ok,1794,av_intraday_5min/raw_monthly/VZ/2006-03.csv,csv ohlcv,2026-05-17T13:55:20Z
VZ,2006-04,ok,1482,av_intraday_5min/raw_monthly/VZ/2006-04.csv,csv ohlcv,2026-05-17T13:55:21Z
VZ,2006-05,ok,1716,av_intraday_5min/raw_monthly/VZ/2006-05.csv,csv ohlcv,2026-05-17T13:55:22Z
VZ,2006-06,ok,1716,av_intraday_5min/raw_monthly/VZ/2006-06.csv,csv ohlcv,2026-05-17T13:55:23Z
VZ,2006-07,ok,1525,av_intraday_5min/raw_monthly/VZ/2006-07.csv,csv ohlcv,2026-05-17T13:55:23Z
VZ,2006-08,ok,1794,av_intraday_5min/raw_monthly/VZ/2006-08.csv,csv ohlcv,2026-05-17T13:55:24Z
VZ,2006-09,ok,1560,av_intraday_5min/raw_monthly/VZ/2006-09.csv,csv ohlcv,2026-05-17T13:55:25Z
VZ,2006-10,ok,1716,av_intraday_5min/raw_monthly/VZ/2006-10.csv,csv ohlcv,2026-05-17T13:55:26Z
VZ,2006-11,ok,1603,av_intraday_5min/raw_monthly/VZ/2006-11.csv,csv ohlcv,2026-05-17T13:55:27Z
VZ,2006-12,ok,1560,av_intraday_5min/raw_monthly/VZ/2006-12.csv,csv ohlcv,2026-05-17T13:55:28Z
VZ,2007-01,ok,1560,av_intraday_5min/raw_monthly/VZ/2007-01.csv,csv ohlcv,2026-05-17T13:55:29Z
VZ,2007-02,ok,1482,av_intraday_5min/raw_monthly/VZ/2007-02.csv,csv ohlcv,2026-05-17T13:55:29Z
VZ,2007-03,ok,1716,av_intraday_5min/raw_monthly/VZ/2007-03.csv,csv ohlcv,2026-05-17T13:55:30Z
VZ,2007-04,ok,1560,av_intraday_5min/raw_monthly/VZ/2007-04.csv,csv ohlcv,2026-05-17T13:55:31Z
VZ,2007-05,ok,1716,av_intraday_5min/raw_monthly/VZ/2007-05.csv,csv ohlcv,2026-05-17T13:55:32Z
VZ,2007-06,ok,1638,av_intraday_5min/raw_monthly/VZ/2007-06.csv,csv ohlcv,2026-05-17T13:55:33Z
VZ,2007-07,ok,1610,av_intraday_5min/raw_monthly/VZ/2007-07.csv,csv ohlcv,2026-05-17T13:55:34Z
VZ,2007-08,ok,1794,av_intraday_5min/raw_monthly/VZ/2007-08.csv,csv ohlcv,2026-05-17T13:55:34Z
VZ,2007-09,ok,1482,av_intraday_5min/raw_monthly/VZ/2007-09.csv,csv ohlcv,2026-05-17T13:55:35Z
VZ,2007-10,ok,1794,av_intraday_5min/raw_monthly/VZ/2007-10.csv,csv ohlcv,2026-05-17T13:55:36Z
VZ,2007-11,ok,1612,av_intraday_5min/raw_monthly/VZ/2007-11.csv,csv ohlcv,2026-05-17T13:55:37Z
VZ,2007-12,ok,1532,av_intraday_5min/raw_monthly/VZ/2007-12.csv,csv ohlcv,2026-05-17T13:55:38Z
VZ,2008-01,ok,1638,av_intraday_5min/raw_monthly/VZ/2008-01.csv,csv ohlcv,2026-05-17T13:55:38Z
VZ,2008-02,ok,1560,av_intraday_5min/raw_monthly/VZ/2008-02.csv,csv ohlcv,2026-05-17T13:55:39Z
VZ,2008-03,ok,1560,av_intraday_5min/raw_monthly/VZ/2008-03.csv,csv ohlcv,2026-05-17T13:55:40Z
VZ,2008-04,ok,1716,av_intraday_5min/raw_monthly/VZ/2008-04.csv,csv ohlcv,2026-05-17T13:55:41Z
VZ,2008-05,ok,1638,av_intraday_5min/raw_monthly/VZ/2008-05.csv,csv ohlcv,2026-05-17T13:55:42Z
VZ,2008-06,ok,1638,av_intraday_5min/raw_monthly/VZ/2008-06.csv,csv ohlcv,2026-05-17T13:55:43Z
VZ,2008-07,ok,1687,av_intraday_5min/raw_monthly/VZ/2008-07.csv,csv ohlcv,2026-05-17T13:55:43Z
VZ,2008-08,ok,1638,av_intraday_5min/raw_monthly/VZ/2008-08.csv,csv ohlcv,2026-05-17T13:55:44Z
VZ,2008-09,ok,1638,av_intraday_5min/raw_monthly/VZ/2008-09.csv,csv ohlcv,2026-05-17T13:55:45Z
VZ,2008-10,ok,1794,av_intraday_5min/raw_monthly/VZ/2008-10.csv,csv ohlcv,2026-05-17T13:55:46Z
VZ,2008-11,ok,1453,av_intraday_5min/raw_monthly/VZ/2008-11.csv,csv ohlcv,2026-05-17T13:55:47Z
VZ,2008-12,ok,1684,av_intraday_5min/raw_monthly/VZ/2008-12.csv,csv ohlcv,2026-05-17T13:55:48Z
VZ,2009-01,ok,1560,av_intraday_5min/raw_monthly/VZ/2009-01.csv,csv ohlcv,2026-05-17T13:55:49Z
VZ,2009-02,ok,1482,av_intraday_5min/raw_monthly/VZ/2009-02.csv,csv ohlcv,2026-05-17T13:55:50Z
VZ,2009-03,ok,1716,av_intraday_5min/raw_monthly/VZ/2009-03.csv,csv ohlcv,2026-05-17T13:55:50Z
VZ,2009-04,ok,1638,av_intraday_5min/raw_monthly/VZ/2009-04.csv,csv ohlcv,2026-05-17T13:55:51Z
VZ,2009-05,ok,1560,av_intraday_5min/raw_monthly/VZ/2009-05.csv,csv ohlcv,2026-05-17T13:55:52Z
VZ,2009-06,ok,1716,av_intraday_5min/raw_monthly/VZ/2009-06.csv,csv ohlcv,2026-05-17T13:55:53Z
VZ,2009-07,ok,1716,av_intraday_5min/raw_monthly/VZ/2009-07.csv,csv ohlcv,2026-05-17T13:55:54Z
VZ,2009-08,ok,1638,av_intraday_5min/raw_monthly/VZ/2009-08.csv,csv ohlcv,2026-05-17T13:55:55Z
VZ,2009-09,ok,1638,av_intraday_5min/raw_monthly/VZ/2009-09.csv,csv ohlcv,2026-05-17T13:55:56Z
VZ,2009-10,ok,1716,av_intraday_5min/raw_monthly/VZ/2009-10.csv,csv ohlcv,2026-05-17T13:55:57Z
VZ,2009-11,ok,1534,av_intraday_5min/raw_monthly/VZ/2009-11.csv,csv ohlcv,2026-05-17T13:55:58Z
VZ,2009-12,ok,1682,av_intraday_5min/raw_monthly/VZ/2009-12.csv,csv ohlcv,2026-05-17T13:55:58Z
VZ,2010-01,ok,1482,av_intraday_5min/raw_monthly/VZ/2010-01.csv,csv ohlcv,2026-05-17T13:55:59Z
VZ,2010-02,ok,1482,av_intraday_5min/raw_monthly/VZ/2010-02.csv,csv ohlcv,2026-05-17T13:56:00Z
VZ,2010-03,ok,1794,av_intraday_5min/raw_monthly/VZ/2010-03.csv,csv ohlcv,2026-05-17T13:56:01Z
VZ,2010-04,ok,1638,av_intraday_5min/raw_monthly/VZ/2010-04.csv,csv ohlcv,2026-05-17T13:56:02Z
VZ,2010-05,ok,1560,av_intraday_5min/raw_monthly/VZ/2010-05.csv,csv ohlcv,2026-05-17T13:56:03Z
VZ,2010-06,ok,1716,av_intraday_5min/raw_monthly/VZ/2010-06.csv,csv ohlcv,2026-05-17T13:56:04Z
VZ,2010-07,ok,1638,av_intraday_5min/raw_monthly/VZ/2010-07.csv,csv ohlcv,2026-05-17T13:56:05Z
VZ,2010-08,ok,1716,av_intraday_5min/raw_monthly/VZ/2010-08.csv,csv ohlcv,2026-05-17T13:56:06Z
VZ,2010-09,ok,1638,av_intraday_5min/raw_monthly/VZ/2010-09.csv,csv ohlcv,2026-05-17T13:56:06Z
VZ,2010-10,ok,1638,av_intraday_5min/raw_monthly/VZ/2010-10.csv,csv ohlcv,2026-05-17T13:56:07Z
VZ,2010-11,ok,1612,av_intraday_5min/raw_monthly/VZ/2010-11.csv,csv ohlcv,2026-05-17T13:56:08Z
VZ,2010-12,ok,1716,av_intraday_5min/raw_monthly/VZ/2010-12.csv,csv ohlcv,2026-05-17T13:56:09Z
VZ,2011-01,ok,1560,av_intraday_5min/raw_monthly/VZ/2011-01.csv,csv ohlcv,2026-05-17T13:56:10Z
VZ,2011-02,ok,1482,av_intraday_5min/raw_monthly/VZ/2011-02.csv,csv ohlcv,2026-05-17T13:56:11Z
VZ,2011-03,ok,1794,av_intraday_5min/raw_monthly/VZ/2011-03.csv,csv ohlcv,2026-05-17T13:56:12Z
VZ,2011-04,ok,1560,av_intraday_5min/raw_monthly/VZ/2011-04.csv,csv ohlcv,2026-05-17T13:56:12Z
VZ,2011-05,ok,1638,av_intraday_5min/raw_monthly/VZ/2011-05.csv,csv ohlcv,2026-05-17T13:56:13Z
VZ,2011-06,ok,1716,av_intraday_5min/raw_monthly/VZ/2011-06.csv,csv ohlcv,2026-05-17T13:56:14Z
VZ,2011-07,ok,1560,av_intraday_5min/raw_monthly/VZ/2011-07.csv,csv ohlcv,2026-05-17T13:56:15Z
VZ,2011-08,ok,1794,av_intraday_5min/raw_monthly/VZ/2011-08.csv,csv ohlcv,2026-05-17T13:56:16Z
VZ,2011-09,ok,1638,av_intraday_5min/raw_monthly/VZ/2011-09.csv,csv ohlcv,2026-05-17T13:56:17Z
VZ,2011-10,ok,1638,av_intraday_5min/raw_monthly/VZ/2011-10.csv,csv ohlcv,2026-05-17T13:56:18Z
VZ,2011-11,ok,1606,av_intraday_5min/raw_monthly/VZ/2011-11.csv,csv ohlcv,2026-05-17T13:56:19Z
VZ,2011-12,ok,1638,av_intraday_5min/raw_monthly/VZ/2011-12.csv,csv ohlcv,2026-05-17T13:56:19Z
VZ,2012-01,ok,1560,av_intraday_5min/raw_monthly/VZ/2012-01.csv,csv ohlcv,2026-05-17T13:56:20Z
VZ,2012-02,ok,1560,av_intraday_5min/raw_monthly/VZ/2012-02.csv,csv ohlcv,2026-05-17T13:56:21Z
VZ,2012-03,ok,1716,av_intraday_5min/raw_monthly/VZ/2012-03.csv,csv ohlcv,2026-05-17T13:56:22Z
VZ,2012-04,ok,1560,av_intraday_5min/raw_monthly/VZ/2012-04.csv,csv ohlcv,2026-05-17T13:56:23Z
VZ,2012-05,ok,1716,av_intraday_5min/raw_monthly/VZ/2012-05.csv,csv ohlcv,2026-05-17T13:56:24Z
VZ,2012-06,ok,1638,av_intraday_5min/raw_monthly/VZ/2012-06.csv,csv ohlcv,2026-05-17T13:56:25Z
VZ,2012-07,ok,1610,av_intraday_5min/raw_monthly/VZ/2012-07.csv,csv ohlcv,2026-05-17T13:56:25Z
VZ,2012-08,ok,1794,av_intraday_5min/raw_monthly/VZ/2012-08.csv,csv ohlcv,2026-05-17T13:56:26Z
VZ,2012-09,ok,1482,av_intraday_5min/raw_monthly/VZ/2012-09.csv,csv ohlcv,2026-05-17T13:56:27Z
VZ,2012-10,ok,1638,av_intraday_5min/raw_monthly/VZ/2012-10.csv,csv ohlcv,2026-05-17T13:56:28Z
VZ,2012-11,ok,1605,av_intraday_5min/raw_monthly/VZ/2012-11.csv,csv ohlcv,2026-05-17T13:56:29Z
VZ,2012-12,ok,1528,av_intraday_5min/raw_monthly/VZ/2012-12.csv,csv ohlcv,2026-05-17T13:56:29Z
VZ,2013-01,ok,1638,av_intraday_5min/raw_monthly/VZ/2013-01.csv,csv ohlcv,2026-05-17T13:56:30Z
VZ,2013-02,ok,1482,av_intraday_5min/raw_monthly/VZ/2013-02.csv,csv ohlcv,2026-05-17T13:56:31Z
VZ,2013-03,ok,1560,av_intraday_5min/raw_monthly/VZ/2013-03.csv,csv ohlcv,2026-05-17T13:56:32Z
VZ,2013-04,ok,1716,av_intraday_5min/raw_monthly/VZ/2013-04.csv,csv ohlcv,2026-05-17T13:56:33Z
VZ,2013-05,ok,1716,av_intraday_5min/raw_monthly/VZ/2013-05.csv,csv ohlcv,2026-05-17T13:56:34Z
VZ,2013-06,ok,1560,av_intraday_5min/raw_monthly/VZ/2013-06.csv,csv ohlcv,2026-05-17T13:56:34Z
VZ,2013-07,ok,1691,av_intraday_5min/raw_monthly/VZ/2013-07.csv,csv ohlcv,2026-05-17T13:56:35Z
VZ,2013-08,ok,1716,av_intraday_5min/raw_monthly/VZ/2013-08.csv,csv ohlcv,2026-05-17T13:56:36Z
VZ,2013-09,ok,1560,av_intraday_5min/raw_monthly/VZ/2013-09.csv,csv ohlcv,2026-05-17T13:56:37Z
VZ,2013-10,ok,1794,av_intraday_5min/raw_monthly/VZ/2013-10.csv,csv ohlcv,2026-05-17T13:56:38Z
VZ,2013-11,ok,1534,av_intraday_5min/raw_monthly/VZ/2013-11.csv,csv ohlcv,2026-05-17T13:56:39Z
VZ,2013-12,ok,1608,av_intraday_5min/raw_monthly/VZ/2013-12.csv,csv ohlcv,2026-05-17T13:56:40Z
VZ,2014-01,ok,1638,av_intraday_5min/raw_monthly/VZ/2014-01.csv,csv ohlcv,2026-05-17T13:56:41Z
VZ,2014-02,ok,1482,av_intraday_5min/raw_monthly/VZ/2014-02.csv,csv ohlcv,2026-05-17T13:56:41Z
VZ,2014-03,ok,1638,av_intraday_5min/raw_monthly/VZ/2014-03.csv,csv ohlcv,2026-05-17T13:56:42Z
VZ,2014-04,ok,1638,av_intraday_5min/raw_monthly/VZ/2014-04.csv,csv ohlcv,2026-05-17T13:56:43Z
VZ,2014-05,ok,1638,av_intraday_5min/raw_monthly/VZ/2014-05.csv,csv ohlcv,2026-05-17T13:56:44Z
VZ,2014-06,ok,1638,av_intraday_5min/raw_monthly/VZ/2014-06.csv,csv ohlcv,2026-05-17T13:56:45Z
VZ,2014-07,ok,1695,av_intraday_5min/raw_monthly/VZ/2014-07.csv,csv ohlcv,2026-05-17T13:56:46Z
VZ,2014-08,ok,1638,av_intraday_5min/raw_monthly/VZ/2014-08.csv,csv ohlcv,2026-05-17T13:56:47Z
VZ,2014-09,ok,1638,av_intraday_5min/raw_monthly/VZ/2014-09.csv,csv ohlcv,2026-05-17T13:56:47Z
VZ,2014-10,ok,1783,av_intraday_5min/raw_monthly/VZ/2014-10.csv,csv ohlcv,2026-05-17T13:56:48Z
VZ,2014-11,ok,1455,av_intraday_5min/raw_monthly/VZ/2014-11.csv,csv ohlcv,2026-05-17T13:56:49Z
VZ,2014-12,ok,1685,av_intraday_5min/raw_monthly/VZ/2014-12.csv,csv ohlcv,2026-05-17T13:56:50Z
VZ,2015-01,ok,1560,av_intraday_5min/raw_monthly/VZ/2015-01.csv,csv ohlcv,2026-05-17T13:56:51Z
VZ,2015-02,ok,1482,av_intraday_5min/raw_monthly/VZ/2015-02.csv,csv ohlcv,2026-05-17T13:56:52Z
VZ,2015-03,ok,1716,av_intraday_5min/raw_monthly/VZ/2015-03.csv,csv ohlcv,2026-05-17T13:56:53Z
VZ,2015-04,ok,1638,av_intraday_5min/raw_monthly/VZ/2015-04.csv,csv ohlcv,2026-05-17T13:56:53Z
VZ,2015-05,ok,1560,av_intraday_5min/raw_monthly/VZ/2015-05.csv,csv ohlcv,2026-05-17T13:56:54Z
VZ,2015-06,ok,1716,av_intraday_5min/raw_monthly/VZ/2015-06.csv,csv ohlcv,2026-05-17T13:56:55Z
VZ,2015-07,ok,1716,av_intraday_5min/raw_monthly/VZ/2015-07.csv,csv ohlcv,2026-05-17T13:56:56Z
VZ,2015-08,ok,1638,av_intraday_5min/raw_monthly/VZ/2015-08.csv,csv ohlcv,2026-05-17T13:56:57Z
VZ,2015-09,ok,1638,av_intraday_5min/raw_monthly/VZ/2015-09.csv,csv ohlcv,2026-05-17T13:56:58Z
VZ,2015-10,ok,1716,av_intraday_5min/raw_monthly/VZ/2015-10.csv,csv ohlcv,2026-05-17T13:56:59Z
VZ,2015-11,ok,1529,av_intraday_5min/raw_monthly/VZ/2015-11.csv,csv ohlcv,2026-05-17T13:57:00Z
VZ,2015-12,ok,1681,av_intraday_5min/raw_monthly/VZ/2015-12.csv,csv ohlcv,2026-05-17T13:57:01Z
VZ,2016-01,ok,1482,av_intraday_5min/raw_monthly/VZ/2016-01.csv,csv ohlcv,2026-05-17T13:57:02Z
VZ,2016-02,ok,1560,av_intraday_5min/raw_monthly/VZ/2016-02.csv,csv ohlcv,2026-05-17T13:57:03Z
VZ,2016-03,ok,1716,av_intraday_5min/raw_monthly/VZ/2016-03.csv,csv ohlcv,2026-05-17T13:57:03Z
VZ,2016-04,ok,1638,av_intraday_5min/raw_monthly/VZ/2016-04.csv,csv ohlcv,2026-05-17T13:57:04Z
VZ,2016-05,ok,1638,av_intraday_5min/raw_monthly/VZ/2016-05.csv,csv ohlcv,2026-05-17T13:57:05Z
VZ,2016-06,ok,1716,av_intraday_5min/raw_monthly/VZ/2016-06.csv,csv ohlcv,2026-05-17T13:57:06Z
VZ,2016-07,ok,1560,av_intraday_5min/raw_monthly/VZ/2016-07.csv,csv ohlcv,2026-05-17T13:57:07Z
VZ,2016-08,ok,1794,av_intraday_5min/raw_monthly/VZ/2016-08.csv,csv ohlcv,2026-05-17T13:57:08Z
VZ,2016-09,ok,1638,av_intraday_5min/raw_monthly/VZ/2016-09.csv,csv ohlcv,2026-05-17T13:57:08Z
VZ,2016-10,ok,1638,av_intraday_5min/raw_monthly/VZ/2016-10.csv,csv ohlcv,2026-05-17T13:57:09Z
VZ,2016-11,ok,1609,av_intraday_5min/raw_monthly/VZ/2016-11.csv,csv ohlcv,2026-05-17T13:57:10Z
VZ,2016-12,ok,1638,av_intraday_5min/raw_monthly/VZ/2016-12.csv,csv ohlcv,2026-05-17T13:57:11Z
VZ,2017-01,ok,1560,av_intraday_5min/raw_monthly/VZ/2017-01.csv,csv ohlcv,2026-05-17T13:57:12Z
VZ,2017-02,ok,1482,av_intraday_5min/raw_monthly/VZ/2017-02.csv,csv ohlcv,2026-05-17T13:57:13Z
VZ,2017-03,ok,1794,av_intraday_5min/raw_monthly/VZ/2017-03.csv,csv ohlcv,2026-05-17T13:57:14Z
VZ,2017-04,ok,1482,av_intraday_5min/raw_monthly/VZ/2017-04.csv,csv ohlcv,2026-05-17T13:57:15Z
VZ,2017-05,ok,1716,av_intraday_5min/raw_monthly/VZ/2017-05.csv,csv ohlcv,2026-05-17T13:57:15Z
VZ,2017-06,ok,1716,av_intraday_5min/raw_monthly/VZ/2017-06.csv,csv ohlcv,2026-05-17T13:57:16Z
VZ,2017-07,ok,1536,av_intraday_5min/raw_monthly/VZ/2017-07.csv,csv ohlcv,2026-05-17T13:57:17Z
VZ,2017-08,ok,1794,av_intraday_5min/raw_monthly/VZ/2017-08.csv,csv ohlcv,2026-05-17T13:57:18Z
VZ,2017-09,ok,1560,av_intraday_5min/raw_monthly/VZ/2017-09.csv,csv ohlcv,2026-05-17T13:57:19Z
VZ,2017-10,ok,1716,av_intraday_5min/raw_monthly/VZ/2017-10.csv,csv ohlcv,2026-05-17T13:57:20Z
VZ,2017-11,ok,1610,av_intraday_5min/raw_monthly/VZ/2017-11.csv,csv ohlcv,2026-05-17T13:57:21Z
VZ,2017-12,ok,1560,av_intraday_5min/raw_monthly/VZ/2017-12.csv,csv ohlcv,2026-05-17T13:57:22Z
WMT,2001-02,ok,1482,av_intraday_5min/raw_monthly/WMT/2001-02.csv,csv ohlcv,2026-05-17T13:57:22Z
WMT,2001-03,ok,1712,av_intraday_5min/raw_monthly/WMT/2001-03.csv,csv ohlcv,2026-05-17T13:57:23Z
WMT,2001-04,ok,1560,av_intraday_5min/raw_monthly/WMT/2001-04.csv,csv ohlcv,2026-05-17T13:57:24Z
WMT,2001-05,ok,1709,av_intraday_5min/raw_monthly/WMT/2001-05.csv,csv ohlcv,2026-05-17T13:57:25Z
WMT,2001-06,ok,1622,av_intraday_5min/raw_monthly/WMT/2001-06.csv,csv ohlcv,2026-05-17T13:57:26Z
WMT,2001-07,ok,1601,av_intraday_5min/raw_monthly/WMT/2001-07.csv,csv ohlcv,2026-05-17T13:57:27Z
WMT,2001-08,ok,1792,av_intraday_5min/raw_monthly/WMT/2001-08.csv,csv ohlcv,2026-05-17T13:57:27Z
WMT,2001-09,ok,1166,av_intraday_5min/raw_monthly/WMT/2001-09.csv,csv ohlcv,2026-05-17T13:57:28Z
WMT,2001-10,ok,1793,av_intraday_5min/raw_monthly/WMT/2001-10.csv,csv ohlcv,2026-05-17T13:57:29Z
WMT,2001-11,ok,1599,av_intraday_5min/raw_monthly/WMT/2001-11.csv,csv ohlcv,2026-05-17T13:57:30Z
WMT,2001-12,ok,1524,av_intraday_5min/raw_monthly/WMT/2001-12.csv,csv ohlcv,2026-05-17T13:57:31Z
WMT,2002-01,ok,1638,av_intraday_5min/raw_monthly/WMT/2002-01.csv,csv ohlcv,2026-05-17T13:57:32Z
WMT,2002-02,ok,1481,av_intraday_5min/raw_monthly/WMT/2002-02.csv,csv ohlcv,2026-05-17T13:57:33Z
WMT,2002-03,ok,1560,av_intraday_5min/raw_monthly/WMT/2002-03.csv,csv ohlcv,2026-05-17T13:57:33Z
WMT,2002-04,ok,1714,av_intraday_5min/raw_monthly/WMT/2002-04.csv,csv ohlcv,2026-05-17T13:57:34Z
WMT,2002-05,ok,1715,av_intraday_5min/raw_monthly/WMT/2002-05.csv,csv ohlcv,2026-05-17T13:57:35Z
WMT,2002-06,ok,1559,av_intraday_5min/raw_monthly/WMT/2002-06.csv,csv ohlcv,2026-05-17T13:57:36Z
WMT,2002-07,ok,1679,av_intraday_5min/raw_monthly/WMT/2002-07.csv,csv ohlcv,2026-05-17T13:57:37Z
WMT,2002-08,ok,1716,av_intraday_5min/raw_monthly/WMT/2002-08.csv,csv ohlcv,2026-05-17T13:57:38Z
WMT,2002-09,ok,1534,av_intraday_5min/raw_monthly/WMT/2002-09.csv,csv ohlcv,2026-05-17T13:57:39Z
WMT,2002-10,ok,1793,av_intraday_5min/raw_monthly/WMT/2002-10.csv,csv ohlcv,2026-05-17T13:57:40Z
WMT,2002-11,ok,1526,av_intraday_5min/raw_monthly/WMT/2002-11.csv,csv ohlcv,2026-05-17T13:57:40Z
WMT,2002-12,ok,1603,av_intraday_5min/raw_monthly/WMT/2002-12.csv,csv ohlcv,2026-05-17T13:57:41Z
WMT,2003-01,ok,1638,av_intraday_5min/raw_monthly/WMT/2003-01.csv,csv ohlcv,2026-05-17T13:57:42Z
WMT,2003-02,ok,1481,av_intraday_5min/raw_monthly/WMT/2003-02.csv,csv ohlcv,2026-05-17T13:57:43Z
WMT,2003-03,ok,1638,av_intraday_5min/raw_monthly/WMT/2003-03.csv,csv ohlcv,2026-05-17T13:57:44Z
WMT,2003-04,ok,1638,av_intraday_5min/raw_monthly/WMT/2003-04.csv,csv ohlcv,2026-05-17T13:57:45Z
WMT,2003-05,ok,1638,av_intraday_5min/raw_monthly/WMT/2003-05.csv,csv ohlcv,2026-05-17T13:57:45Z
WMT,2003-06,ok,1637,av_intraday_5min/raw_monthly/WMT/2003-06.csv,csv ohlcv,2026-05-17T13:57:46Z
WMT,2003-07,ok,1681,av_intraday_5min/raw_monthly/WMT/2003-07.csv,csv ohlcv,2026-05-17T13:57:47Z
WMT,2003-08,ok,1638,av_intraday_5min/raw_monthly/WMT/2003-08.csv,csv ohlcv,2026-05-17T13:57:48Z
WMT,2003-09,ok,1638,av_intraday_5min/raw_monthly/WMT/2003-09.csv,csv ohlcv,2026-05-17T13:57:49Z
WMT,2003-10,ok,1793,av_intraday_5min/raw_monthly/WMT/2003-10.csv,csv ohlcv,2026-05-17T13:57:50Z
WMT,2003-11,ok,1447,av_intraday_5min/raw_monthly/WMT/2003-11.csv,csv ohlcv,2026-05-17T13:57:51Z
WMT,2003-12,ok,1646,av_intraday_5min/raw_monthly/WMT/2003-12.csv,csv ohlcv,2026-05-17T13:57:52Z
WMT,2004-01,ok,1560,av_intraday_5min/raw_monthly/WMT/2004-01.csv,csv ohlcv,2026-05-17T13:57:52Z
WMT,2004-02,ok,1481,av_intraday_5min/raw_monthly/WMT/2004-02.csv,csv ohlcv,2026-05-17T13:57:53Z
WMT,2004-03,ok,1794,av_intraday_5min/raw_monthly/WMT/2004-03.csv,csv ohlcv,2026-05-17T13:57:54Z
WMT,2004-04,ok,1637,av_intraday_5min/raw_monthly/WMT/2004-04.csv,csv ohlcv,2026-05-17T13:57:55Z
WMT,2004-05,ok,1560,av_intraday_5min/raw_monthly/WMT/2004-05.csv,csv ohlcv,2026-05-17T13:57:56Z
WMT,2004-06,ok,1638,av_intraday_5min/raw_monthly/WMT/2004-06.csv,csv ohlcv,2026-05-17T13:57:57Z
WMT,2004-07,ok,1638,av_intraday_5min/raw_monthly/WMT/2004-07.csv,csv ohlcv,2026-05-17T13:57:58Z
WMT,2004-08,ok,1715,av_intraday_5min/raw_monthly/WMT/2004-08.csv,csv ohlcv,2026-05-17T13:57:59Z
WMT,2004-09,ok,1638,av_intraday_5min/raw_monthly/WMT/2004-09.csv,csv ohlcv,2026-05-17T13:57:59Z
WMT,2004-10,ok,1638,av_intraday_5min/raw_monthly/WMT/2004-10.csv,csv ohlcv,2026-05-17T13:58:00Z
WMT,2004-11,ok,1604,av_intraday_5min/raw_monthly/WMT/2004-11.csv,csv ohlcv,2026-05-17T13:58:01Z
WMT,2004-12,ok,1716,av_intraday_5min/raw_monthly/WMT/2004-12.csv,csv ohlcv,2026-05-17T13:58:02Z
WMT,2005-01,ok,1560,av_intraday_5min/raw_monthly/WMT/2005-01.csv,csv ohlcv,2026-05-17T13:58:03Z
WMT,2005-02,ok,1482,av_intraday_5min/raw_monthly/WMT/2005-02.csv,csv ohlcv,2026-05-17T13:58:04Z
WMT,2005-03,ok,1716,av_intraday_5min/raw_monthly/WMT/2005-03.csv,csv ohlcv,2026-05-17T13:58:05Z
WMT,2005-04,ok,1638,av_intraday_5min/raw_monthly/WMT/2005-04.csv,csv ohlcv,2026-05-17T13:58:06Z
WMT,2005-05,ok,1638,av_intraday_5min/raw_monthly/WMT/2005-05.csv,csv ohlcv,2026-05-17T13:58:06Z
WMT,2005-06,ok,1714,av_intraday_5min/raw_monthly/WMT/2005-06.csv,csv ohlcv,2026-05-17T13:58:07Z
WMT,2005-07,ok,1560,av_intraday_5min/raw_monthly/WMT/2005-07.csv,csv ohlcv,2026-05-17T13:58:08Z
WMT,2005-08,ok,1794,av_intraday_5min/raw_monthly/WMT/2005-08.csv,csv ohlcv,2026-05-17T13:58:09Z
WMT,2005-09,ok,1638,av_intraday_5min/raw_monthly/WMT/2005-09.csv,csv ohlcv,2026-05-17T13:58:10Z
WMT,2005-10,ok,1638,av_intraday_5min/raw_monthly/WMT/2005-10.csv,csv ohlcv,2026-05-17T13:58:11Z
WMT,2005-11,ok,1603,av_intraday_5min/raw_monthly/WMT/2005-11.csv,csv ohlcv,2026-05-17T13:58:12Z
WMT,2005-12,ok,1628,av_intraday_5min/raw_monthly/WMT/2005-12.csv,csv ohlcv,2026-05-17T13:58:12Z
WMT,2006-01,ok,1560,av_intraday_5min/raw_monthly/WMT/2006-01.csv,csv ohlcv,2026-05-17T13:58:13Z
WMT,2006-02,ok,1482,av_intraday_5min/raw_monthly/WMT/2006-02.csv,csv ohlcv,2026-05-17T13:58:14Z
WMT,2006-03,ok,1794,av_intraday_5min/raw_monthly/WMT/2006-03.csv,csv ohlcv,2026-05-17T13:58:15Z
WMT,2006-04,ok,1482,av_intraday_5min/raw_monthly/WMT/2006-04.csv,csv ohlcv,2026-05-17T13:58:16Z
WMT,2006-05,ok,1716,av_intraday_5min/raw_monthly/WMT/2006-05.csv,csv ohlcv,2026-05-17T13:58:17Z
WMT,2006-06,ok,1716,av_intraday_5min/raw_monthly/WMT/2006-06.csv,csv ohlcv,2026-05-17T13:58:18Z
WMT,2006-07,ok,1525,av_intraday_5min/raw_monthly/WMT/2006-07.csv,csv ohlcv,2026-05-17T13:58:18Z
WMT,2006-08,ok,1794,av_intraday_5min/raw_monthly/WMT/2006-08.csv,csv ohlcv,2026-05-17T13:58:19Z
WMT,2006-09,ok,1560,av_intraday_5min/raw_monthly/WMT/2006-09.csv,csv ohlcv,2026-05-17T13:58:20Z
WMT,2006-10,ok,1716,av_intraday_5min/raw_monthly/WMT/2006-10.csv,csv ohlcv,2026-05-17T13:58:21Z
WMT,2006-11,ok,1603,av_intraday_5min/raw_monthly/WMT/2006-11.csv,csv ohlcv,2026-05-17T13:58:22Z
WMT,2006-12,ok,1560,av_intraday_5min/raw_monthly/WMT/2006-12.csv,csv ohlcv,2026-05-17T13:58:23Z
WMT,2007-01,ok,1560,av_intraday_5min/raw_monthly/WMT/2007-01.csv,csv ohlcv,2026-05-17T13:58:24Z
WMT,2007-02,ok,1482,av_intraday_5min/raw_monthly/WMT/2007-02.csv,csv ohlcv,2026-05-17T13:58:24Z
WMT,2007-03,ok,1716,av_intraday_5min/raw_monthly/WMT/2007-03.csv,csv ohlcv,2026-05-17T13:58:25Z
WMT,2007-04,ok,1560,av_intraday_5min/raw_monthly/WMT/2007-04.csv,csv ohlcv,2026-05-17T13:58:26Z
WMT,2007-05,ok,1716,av_intraday_5min/raw_monthly/WMT/2007-05.csv,csv ohlcv,2026-05-17T13:58:27Z
WMT,2007-06,ok,1638,av_intraday_5min/raw_monthly/WMT/2007-06.csv,csv ohlcv,2026-05-17T13:58:28Z
WMT,2007-07,ok,1610,av_intraday_5min/raw_monthly/WMT/2007-07.csv,csv ohlcv,2026-05-17T13:58:29Z
WMT,2007-08,ok,1794,av_intraday_5min/raw_monthly/WMT/2007-08.csv,csv ohlcv,2026-05-17T13:58:29Z
WMT,2007-09,ok,1482,av_intraday_5min/raw_monthly/WMT/2007-09.csv,csv ohlcv,2026-05-17T13:58:30Z
WMT,2007-10,ok,1794,av_intraday_5min/raw_monthly/WMT/2007-10.csv,csv ohlcv,2026-05-17T13:58:31Z
WMT,2007-11,ok,1610,av_intraday_5min/raw_monthly/WMT/2007-11.csv,csv ohlcv,2026-05-17T13:58:32Z
WMT,2007-12,ok,1530,av_intraday_5min/raw_monthly/WMT/2007-12.csv,csv ohlcv,2026-05-17T13:58:33Z
WMT,2008-01,ok,1638,av_intraday_5min/raw_monthly/WMT/2008-01.csv,csv ohlcv,2026-05-17T13:58:34Z
WMT,2008-02,ok,1560,av_intraday_5min/raw_monthly/WMT/2008-02.csv,csv ohlcv,2026-05-17T13:58:34Z
WMT,2008-03,ok,1560,av_intraday_5min/raw_monthly/WMT/2008-03.csv,csv ohlcv,2026-05-17T13:58:35Z
WMT,2008-04,ok,1716,av_intraday_5min/raw_monthly/WMT/2008-04.csv,csv ohlcv,2026-05-17T13:58:36Z
WMT,2008-05,ok,1638,av_intraday_5min/raw_monthly/WMT/2008-05.csv,csv ohlcv,2026-05-17T13:58:37Z
WMT,2008-06,ok,1638,av_intraday_5min/raw_monthly/WMT/2008-06.csv,csv ohlcv,2026-05-17T13:58:38Z
WMT,2008-07,ok,1688,av_intraday_5min/raw_monthly/WMT/2008-07.csv,csv ohlcv,2026-05-17T13:58:39Z
WMT,2008-08,ok,1638,av_intraday_5min/raw_monthly/WMT/2008-08.csv,csv ohlcv,2026-05-17T13:58:40Z
WMT,2008-09,ok,1638,av_intraday_5min/raw_monthly/WMT/2008-09.csv,csv ohlcv,2026-05-17T13:58:41Z
WMT,2008-10,ok,1794,av_intraday_5min/raw_monthly/WMT/2008-10.csv,csv ohlcv,2026-05-17T13:58:42Z
WMT,2008-11,ok,1460,av_intraday_5min/raw_monthly/WMT/2008-11.csv,csv ohlcv,2026-05-17T13:58:42Z
WMT,2008-12,ok,1685,av_intraday_5min/raw_monthly/WMT/2008-12.csv,csv ohlcv,2026-05-17T13:58:43Z
WMT,2009-01,ok,1560,av_intraday_5min/raw_monthly/WMT/2009-01.csv,csv ohlcv,2026-05-17T13:58:44Z
WMT,2009-02,ok,1482,av_intraday_5min/raw_monthly/WMT/2009-02.csv,csv ohlcv,2026-05-17T13:58:45Z
WMT,2009-03,ok,1716,av_intraday_5min/raw_monthly/WMT/2009-03.csv,csv ohlcv,2026-05-17T13:58:46Z
WMT,2009-04,ok,1638,av_intraday_5min/raw_monthly/WMT/2009-04.csv,csv ohlcv,2026-05-17T13:58:47Z
WMT,2009-05,ok,1560,av_intraday_5min/raw_monthly/WMT/2009-05.csv,csv ohlcv,2026-05-17T13:58:48Z
WMT,2009-06,ok,1716,av_intraday_5min/raw_monthly/WMT/2009-06.csv,csv ohlcv,2026-05-17T13:58:49Z
WMT,2009-07,ok,1716,av_intraday_5min/raw_monthly/WMT/2009-07.csv,csv ohlcv,2026-05-17T13:58:49Z
WMT,2009-08,ok,1638,av_intraday_5min/raw_monthly/WMT/2009-08.csv,csv ohlcv,2026-05-17T13:58:50Z
WMT,2009-09,ok,1638,av_intraday_5min/raw_monthly/WMT/2009-09.csv,csv ohlcv,2026-05-17T13:58:51Z
WMT,2009-10,ok,1716,av_intraday_5min/raw_monthly/WMT/2009-10.csv,csv ohlcv,2026-05-17T13:58:52Z
WMT,2009-11,ok,1538,av_intraday_5min/raw_monthly/WMT/2009-11.csv,csv ohlcv,2026-05-17T13:58:53Z
WMT,2009-12,ok,1686,av_intraday_5min/raw_monthly/WMT/2009-12.csv,csv ohlcv,2026-05-17T13:58:54Z
WMT,2010-01,ok,1482,av_intraday_5min/raw_monthly/WMT/2010-01.csv,csv ohlcv,2026-05-17T13:58:55Z
WMT,2010-02,ok,1482,av_intraday_5min/raw_monthly/WMT/2010-02.csv,csv ohlcv,2026-05-17T13:58:56Z
WMT,2010-03,ok,1794,av_intraday_5min/raw_monthly/WMT/2010-03.csv,csv ohlcv,2026-05-17T13:58:56Z
WMT,2010-04,ok,1638,av_intraday_5min/raw_monthly/WMT/2010-04.csv,csv ohlcv,2026-05-17T13:58:57Z
WMT,2010-05,ok,1560,av_intraday_5min/raw_monthly/WMT/2010-05.csv,csv ohlcv,2026-05-17T13:58:58Z
WMT,2010-06,ok,1716,av_intraday_5min/raw_monthly/WMT/2010-06.csv,csv ohlcv,2026-05-17T13:58:59Z
WMT,2010-07,ok,1638,av_intraday_5min/raw_monthly/WMT/2010-07.csv,csv ohlcv,2026-05-17T13:59:00Z
WMT,2010-08,ok,1716,av_intraday_5min/raw_monthly/WMT/2010-08.csv,csv ohlcv,2026-05-17T13:59:01Z
WMT,2010-09,ok,1638,av_intraday_5min/raw_monthly/WMT/2010-09.csv,csv ohlcv,2026-05-17T13:59:02Z
WMT,2010-10,ok,1638,av_intraday_5min/raw_monthly/WMT/2010-10.csv,csv ohlcv,2026-05-17T13:59:02Z
WMT,2010-11,ok,1614,av_intraday_5min/raw_monthly/WMT/2010-11.csv,csv ohlcv,2026-05-17T13:59:03Z
WMT,2010-12,ok,1716,av_intraday_5min/raw_monthly/WMT/2010-12.csv,csv ohlcv,2026-05-17T13:59:04Z
WMT,2011-01,ok,1560,av_intraday_5min/raw_monthly/WMT/2011-01.csv,csv ohlcv,2026-05-17T13:59:05Z
WMT,2011-02,ok,1482,av_intraday_5min/raw_monthly/WMT/2011-02.csv,csv ohlcv,2026-05-17T13:59:06Z
WMT,2011-03,ok,1794,av_intraday_5min/raw_monthly/WMT/2011-03.csv,csv ohlcv,2026-05-17T13:59:07Z
WMT,2011-04,ok,1560,av_intraday_5min/raw_monthly/WMT/2011-04.csv,csv ohlcv,2026-05-17T13:59:08Z
WMT,2011-05,ok,1638,av_intraday_5min/raw_monthly/WMT/2011-05.csv,csv ohlcv,2026-05-17T13:59:09Z
WMT,2011-06,ok,1716,av_intraday_5min/raw_monthly/WMT/2011-06.csv,csv ohlcv,2026-05-17T13:59:10Z
WMT,2011-07,ok,1560,av_intraday_5min/raw_monthly/WMT/2011-07.csv,csv ohlcv,2026-05-17T13:59:11Z
WMT,2011-08,ok,1794,av_intraday_5min/raw_monthly/WMT/2011-08.csv,csv ohlcv,2026-05-17T13:59:11Z
WMT,2011-09,ok,1638,av_intraday_5min/raw_monthly/WMT/2011-09.csv,csv ohlcv,2026-05-17T13:59:12Z
WMT,2011-10,ok,1638,av_intraday_5min/raw_monthly/WMT/2011-10.csv,csv ohlcv,2026-05-17T13:59:13Z
WMT,2011-11,ok,1607,av_intraday_5min/raw_monthly/WMT/2011-11.csv,csv ohlcv,2026-05-17T13:59:14Z
WMT,2011-12,ok,1638,av_intraday_5min/raw_monthly/WMT/2011-12.csv,csv ohlcv,2026-05-17T13:59:15Z
WMT,2012-01,ok,1560,av_intraday_5min/raw_monthly/WMT/2012-01.csv,csv ohlcv,2026-05-17T13:59:16Z
WMT,2012-02,ok,1560,av_intraday_5min/raw_monthly/WMT/2012-02.csv,csv ohlcv,2026-05-17T13:59:17Z
WMT,2012-03,ok,1716,av_intraday_5min/raw_monthly/WMT/2012-03.csv,csv ohlcv,2026-05-17T13:59:18Z
WMT,2012-04,ok,1560,av_intraday_5min/raw_monthly/WMT/2012-04.csv,csv ohlcv,2026-05-17T13:59:19Z
WMT,2012-05,ok,1716,av_intraday_5min/raw_monthly/WMT/2012-05.csv,csv ohlcv,2026-05-17T13:59:19Z
WMT,2012-06,ok,1638,av_intraday_5min/raw_monthly/WMT/2012-06.csv,csv ohlcv,2026-05-17T13:59:20Z
WMT,2012-07,ok,1616,av_intraday_5min/raw_monthly/WMT/2012-07.csv,csv ohlcv,2026-05-17T13:59:21Z
WMT,2012-08,ok,1794,av_intraday_5min/raw_monthly/WMT/2012-08.csv,csv ohlcv,2026-05-17T13:59:22Z
WMT,2012-09,ok,1482,av_intraday_5min/raw_monthly/WMT/2012-09.csv,csv ohlcv,2026-05-17T13:59:23Z
WMT,2012-10,ok,1638,av_intraday_5min/raw_monthly/WMT/2012-10.csv,csv ohlcv,2026-05-17T13:59:24Z
WMT,2012-11,ok,1612,av_intraday_5min/raw_monthly/WMT/2012-11.csv,csv ohlcv,2026-05-17T13:59:25Z
WMT,2012-12,ok,1527,av_intraday_5min/raw_monthly/WMT/2012-12.csv,csv ohlcv,2026-05-17T13:59:26Z
WMT,2013-01,ok,1638,av_intraday_5min/raw_monthly/WMT/2013-01.csv,csv ohlcv,2026-05-17T13:59:26Z
WMT,2013-02,ok,1482,av_intraday_5min/raw_monthly/WMT/2013-02.csv,csv ohlcv,2026-05-17T13:59:27Z
WMT,2013-03,ok,1560,av_intraday_5min/raw_monthly/WMT/2013-03.csv,csv ohlcv,2026-05-17T13:59:29Z
WMT,2013-04,ok,1716,av_intraday_5min/raw_monthly/WMT/2013-04.csv,csv ohlcv,2026-05-17T13:59:29Z
WMT,2013-05,ok,1716,av_intraday_5min/raw_monthly/WMT/2013-05.csv,csv ohlcv,2026-05-17T13:59:30Z
WMT,2013-06,ok,1560,av_intraday_5min/raw_monthly/WMT/2013-06.csv,csv ohlcv,2026-05-17T13:59:31Z
WMT,2013-07,ok,1685,av_intraday_5min/raw_monthly/WMT/2013-07.csv,csv ohlcv,2026-05-17T13:59:32Z
WMT,2013-08,ok,1716,av_intraday_5min/raw_monthly/WMT/2013-08.csv,csv ohlcv,2026-05-17T13:59:33Z
WMT,2013-09,ok,1560,av_intraday_5min/raw_monthly/WMT/2013-09.csv,csv ohlcv,2026-05-17T13:59:34Z
WMT,2013-10,ok,1794,av_intraday_5min/raw_monthly/WMT/2013-10.csv,csv ohlcv,2026-05-17T13:59:34Z
WMT,2013-11,ok,1527,av_intraday_5min/raw_monthly/WMT/2013-11.csv,csv ohlcv,2026-05-17T13:59:35Z
WMT,2013-12,ok,1604,av_intraday_5min/raw_monthly/WMT/2013-12.csv,csv ohlcv,2026-05-17T13:59:36Z
WMT,2014-01,ok,1638,av_intraday_5min/raw_monthly/WMT/2014-01.csv,csv ohlcv,2026-05-17T13:59:37Z
WMT,2014-02,ok,1482,av_intraday_5min/raw_monthly/WMT/2014-02.csv,csv ohlcv,2026-05-17T13:59:38Z
WMT,2014-03,ok,1638,av_intraday_5min/raw_monthly/WMT/2014-03.csv,csv ohlcv,2026-05-17T13:59:39Z
WMT,2014-04,ok,1638,av_intraday_5min/raw_monthly/WMT/2014-04.csv,csv ohlcv,2026-05-17T13:59:39Z
WMT,2014-05,ok,1638,av_intraday_5min/raw_monthly/WMT/2014-05.csv,csv ohlcv,2026-05-17T13:59:40Z
WMT,2014-06,ok,1638,av_intraday_5min/raw_monthly/WMT/2014-06.csv,csv ohlcv,2026-05-17T13:59:41Z
WMT,2014-07,ok,1686,av_intraday_5min/raw_monthly/WMT/2014-07.csv,csv ohlcv,2026-05-17T13:59:42Z
WMT,2014-08,ok,1638,av_intraday_5min/raw_monthly/WMT/2014-08.csv,csv ohlcv,2026-05-17T13:59:43Z
WMT,2014-09,ok,1638,av_intraday_5min/raw_monthly/WMT/2014-09.csv,csv ohlcv,2026-05-17T13:59:44Z
WMT,2014-10,ok,1783,av_intraday_5min/raw_monthly/WMT/2014-10.csv,csv ohlcv,2026-05-17T13:59:45Z
WMT,2014-11,ok,1460,av_intraday_5min/raw_monthly/WMT/2014-11.csv,csv ohlcv,2026-05-17T13:59:46Z
WMT,2014-12,ok,1683,av_intraday_5min/raw_monthly/WMT/2014-12.csv,csv ohlcv,2026-05-17T13:59:47Z
WMT,2015-01,ok,1560,av_intraday_5min/raw_monthly/WMT/2015-01.csv,csv ohlcv,2026-05-17T13:59:48Z
WMT,2015-02,ok,1482,av_intraday_5min/raw_monthly/WMT/2015-02.csv,csv ohlcv,2026-05-17T13:59:48Z
WMT,2015-03,ok,1716,av_intraday_5min/raw_monthly/WMT/2015-03.csv,csv ohlcv,2026-05-17T13:59:49Z
WMT,2015-04,ok,1638,av_intraday_5min/raw_monthly/WMT/2015-04.csv,csv ohlcv,2026-05-17T13:59:50Z
WMT,2015-05,ok,1560,av_intraday_5min/raw_monthly/WMT/2015-05.csv,csv ohlcv,2026-05-17T13:59:51Z
WMT,2015-06,ok,1716,av_intraday_5min/raw_monthly/WMT/2015-06.csv,csv ohlcv,2026-05-17T13:59:52Z
WMT,2015-07,ok,1716,av_intraday_5min/raw_monthly/WMT/2015-07.csv,csv ohlcv,2026-05-17T13:59:53Z
WMT,2015-08,ok,1638,av_intraday_5min/raw_monthly/WMT/2015-08.csv,csv ohlcv,2026-05-17T13:59:54Z
WMT,2015-09,ok,1638,av_intraday_5min/raw_monthly/WMT/2015-09.csv,csv ohlcv,2026-05-17T13:59:55Z
WMT,2015-10,ok,1716,av_intraday_5min/raw_monthly/WMT/2015-10.csv,csv ohlcv,2026-05-17T13:59:55Z
WMT,2015-11,ok,1536,av_intraday_5min/raw_monthly/WMT/2015-11.csv,csv ohlcv,2026-05-17T13:59:56Z
WMT,2015-12,ok,1681,av_intraday_5min/raw_monthly/WMT/2015-12.csv,csv ohlcv,2026-05-17T13:59:57Z
WMT,2016-01,ok,1482,av_intraday_5min/raw_monthly/WMT/2016-01.csv,csv ohlcv,2026-05-17T13:59:58Z
WMT,2016-02,ok,1560,av_intraday_5min/raw_monthly/WMT/2016-02.csv,csv ohlcv,2026-05-17T13:59:59Z
WMT,2016-03,ok,1716,av_intraday_5min/raw_monthly/WMT/2016-03.csv,csv ohlcv,2026-05-17T14:00:00Z
WMT,2016-04,ok,1638,av_intraday_5min/raw_monthly/WMT/2016-04.csv,csv ohlcv,2026-05-17T14:00:01Z
WMT,2016-05,ok,1638,av_intraday_5min/raw_monthly/WMT/2016-05.csv,csv ohlcv,2026-05-17T14:00:02Z
WMT,2016-06,ok,1716,av_intraday_5min/raw_monthly/WMT/2016-06.csv,csv ohlcv,2026-05-17T14:00:03Z
WMT,2016-07,ok,1560,av_intraday_5min/raw_monthly/WMT/2016-07.csv,csv ohlcv,2026-05-17T14:00:03Z
WMT,2016-08,ok,1794,av_intraday_5min/raw_monthly/WMT/2016-08.csv,csv ohlcv,2026-05-17T14:00:04Z
WMT,2016-09,ok,1638,av_intraday_5min/raw_monthly/WMT/2016-09.csv,csv ohlcv,2026-05-17T14:00:06Z
WMT,2016-10,ok,1638,av_intraday_5min/raw_monthly/WMT/2016-10.csv,csv ohlcv,2026-05-17T14:00:07Z
WMT,2016-11,ok,1609,av_intraday_5min/raw_monthly/WMT/2016-11.csv,csv ohlcv,2026-05-17T14:00:08Z
WMT,2016-12,ok,1638,av_intraday_5min/raw_monthly/WMT/2016-12.csv,csv ohlcv,2026-05-17T14:00:09Z
WMT,2017-01,ok,1560,av_intraday_5min/raw_monthly/WMT/2017-01.csv,csv ohlcv,2026-05-17T14:00:10Z
WMT,2017-02,ok,1482,av_intraday_5min/raw_monthly/WMT/2017-02.csv,csv ohlcv,2026-05-17T14:00:10Z
WMT,2017-03,ok,1794,av_intraday_5min/raw_monthly/WMT/2017-03.csv,csv ohlcv,2026-05-17T14:00:12Z
WMT,2017-04,ok,1482,av_intraday_5min/raw_monthly/WMT/2017-04.csv,csv ohlcv,2026-05-17T14:00:13Z
WMT,2017-05,ok,1716,av_intraday_5min/raw_monthly/WMT/2017-05.csv,csv ohlcv,2026-05-17T14:00:13Z
WMT,2017-06,ok,1716,av_intraday_5min/raw_monthly/WMT/2017-06.csv,csv ohlcv,2026-05-17T14:00:14Z
WMT,2017-07,ok,1531,av_intraday_5min/raw_monthly/WMT/2017-07.csv,csv ohlcv,2026-05-17T14:00:15Z
WMT,2017-08,ok,1794,av_intraday_5min/raw_monthly/WMT/2017-08.csv,csv ohlcv,2026-05-17T14:00:16Z
WMT,2017-09,ok,1560,av_intraday_5min/raw_monthly/WMT/2017-09.csv,csv ohlcv,2026-05-17T14:00:17Z
WMT,2017-10,ok,1716,av_intraday_5min/raw_monthly/WMT/2017-10.csv,csv ohlcv,2026-05-17T14:00:18Z
WMT,2017-11,ok,1620,av_intraday_5min/raw_monthly/WMT/2017-11.csv,csv ohlcv,2026-05-17T14:00:19Z
WMT,2017-12,ok,1560,av_intraday_5min/raw_monthly/WMT/2017-12.csv,csv ohlcv,2026-05-17T14:00:20Z
XOM,2001-02,ok,1478,av_intraday_5min/raw_monthly/XOM/2001-02.csv,csv ohlcv,2026-05-17T14:00:21Z
XOM,2001-03,ok,1713,av_intraday_5min/raw_monthly/XOM/2001-03.csv,csv ohlcv,2026-05-17T14:00:21Z
XOM,2001-04,ok,1560,av_intraday_5min/raw_monthly/XOM/2001-04.csv,csv ohlcv,2026-05-17T14:00:22Z
XOM,2001-05,ok,1713,av_intraday_5min/raw_monthly/XOM/2001-05.csv,csv ohlcv,2026-05-17T14:00:24Z
XOM,2001-06,ok,1612,av_intraday_5min/raw_monthly/XOM/2001-06.csv,csv ohlcv,2026-05-17T14:00:25Z
XOM,2001-07,ok,1602,av_intraday_5min/raw_monthly/XOM/2001-07.csv,csv ohlcv,2026-05-17T14:00:25Z
XOM,2001-08,ok,1792,av_intraday_5min/raw_monthly/XOM/2001-08.csv,csv ohlcv,2026-05-17T14:00:26Z
XOM,2001-09,ok,1165,av_intraday_5min/raw_monthly/XOM/2001-09.csv,csv ohlcv,2026-05-17T14:00:28Z
XOM,2001-10,ok,1792,av_intraday_5min/raw_monthly/XOM/2001-10.csv,csv ohlcv,2026-05-17T14:00:28Z
XOM,2001-11,ok,1598,av_intraday_5min/raw_monthly/XOM/2001-11.csv,csv ohlcv,2026-05-17T14:00:30Z
XOM,2001-12,ok,1525,av_intraday_5min/raw_monthly/XOM/2001-12.csv,csv ohlcv,2026-05-17T14:00:30Z
XOM,2002-01,ok,1638,av_intraday_5min/raw_monthly/XOM/2002-01.csv,csv ohlcv,2026-05-17T14:00:31Z
XOM,2002-02,ok,1482,av_intraday_5min/raw_monthly/XOM/2002-02.csv,csv ohlcv,2026-05-17T14:00:32Z
XOM,2002-03,ok,1560,av_intraday_5min/raw_monthly/XOM/2002-03.csv,csv ohlcv,2026-05-17T14:00:33Z
XOM,2002-04,ok,1715,av_intraday_5min/raw_monthly/XOM/2002-04.csv,csv ohlcv,2026-05-17T14:00:34Z
XOM,2002-05,ok,1716,av_intraday_5min/raw_monthly/XOM/2002-05.csv,csv ohlcv,2026-05-17T14:00:35Z
XOM,2002-06,ok,1560,av_intraday_5min/raw_monthly/XOM/2002-06.csv,csv ohlcv,2026-05-17T14:00:36Z
XOM,2002-07,ok,1680,av_intraday_5min/raw_monthly/XOM/2002-07.csv,csv ohlcv,2026-05-17T14:00:37Z
XOM,2002-08,ok,1716,av_intraday_5min/raw_monthly/XOM/2002-08.csv,csv ohlcv,2026-05-17T14:00:37Z
XOM,2002-09,ok,1535,av_intraday_5min/raw_monthly/XOM/2002-09.csv,csv ohlcv,2026-05-17T14:00:39Z
XOM,2002-10,ok,1794,av_intraday_5min/raw_monthly/XOM/2002-10.csv,csv ohlcv,2026-05-17T14:00:40Z
XOM,2002-11,ok,1525,av_intraday_5min/raw_monthly/XOM/2002-11.csv,csv ohlcv,2026-05-17T14:00:40Z
XOM,2002-12,ok,1603,av_intraday_5min/raw_monthly/XOM/2002-12.csv,csv ohlcv,2026-05-17T14:00:41Z
XOM,2003-01,ok,1638,av_intraday_5min/raw_monthly/XOM/2003-01.csv,csv ohlcv,2026-05-17T14:00:42Z
XOM,2003-02,ok,1482,av_intraday_5min/raw_monthly/XOM/2003-02.csv,csv ohlcv,2026-05-17T14:00:43Z
XOM,2003-03,ok,1637,av_intraday_5min/raw_monthly/XOM/2003-03.csv,csv ohlcv,2026-05-17T14:00:44Z
XOM,2003-04,ok,1638,av_intraday_5min/raw_monthly/XOM/2003-04.csv,csv ohlcv,2026-05-17T14:00:45Z
XOM,2003-05,ok,1638,av_intraday_5min/raw_monthly/XOM/2003-05.csv,csv ohlcv,2026-05-17T14:00:46Z
XOM,2003-06,ok,1638,av_intraday_5min/raw_monthly/XOM/2003-06.csv,csv ohlcv,2026-05-17T14:00:46Z
XOM,2003-07,ok,1681,av_intraday_5min/raw_monthly/XOM/2003-07.csv,csv ohlcv,2026-05-17T14:00:47Z
XOM,2003-08,ok,1638,av_intraday_5min/raw_monthly/XOM/2003-08.csv,csv ohlcv,2026-05-17T14:00:48Z
XOM,2003-09,ok,1638,av_intraday_5min/raw_monthly/XOM/2003-09.csv,csv ohlcv,2026-05-17T14:00:49Z
XOM,2003-10,ok,1794,av_intraday_5min/raw_monthly/XOM/2003-10.csv,csv ohlcv,2026-05-17T14:00:50Z
XOM,2003-11,ok,1447,av_intraday_5min/raw_monthly/XOM/2003-11.csv,csv ohlcv,2026-05-17T14:00:51Z
XOM,2003-12,ok,1646,av_intraday_5min/raw_monthly/XOM/2003-12.csv,csv ohlcv,2026-05-17T14:00:52Z
XOM,2004-01,ok,1560,av_intraday_5min/raw_monthly/XOM/2004-01.csv,csv ohlcv,2026-05-17T14:00:53Z
XOM,2004-02,ok,1482,av_intraday_5min/raw_monthly/XOM/2004-02.csv,csv ohlcv,2026-05-17T14:00:54Z
XOM,2004-03,ok,1794,av_intraday_5min/raw_monthly/XOM/2004-03.csv,csv ohlcv,2026-05-17T14:00:55Z
XOM,2004-04,ok,1637,av_intraday_5min/raw_monthly/XOM/2004-04.csv,csv ohlcv,2026-05-17T14:00:56Z
XOM,2004-05,ok,1560,av_intraday_5min/raw_monthly/XOM/2004-05.csv,csv ohlcv,2026-05-17T14:00:57Z
XOM,2004-06,ok,1638,av_intraday_5min/raw_monthly/XOM/2004-06.csv,csv ohlcv,2026-05-17T14:00:58Z
XOM,2004-07,ok,1638,av_intraday_5min/raw_monthly/XOM/2004-07.csv,csv ohlcv,2026-05-17T14:00:58Z
XOM,2004-08,ok,1716,av_intraday_5min/raw_monthly/XOM/2004-08.csv,csv ohlcv,2026-05-17T14:00:59Z
XOM,2004-09,ok,1637,av_intraday_5min/raw_monthly/XOM/2004-09.csv,csv ohlcv,2026-05-17T14:01:00Z
XOM,2004-10,ok,1637,av_intraday_5min/raw_monthly/XOM/2004-10.csv,csv ohlcv,2026-05-17T14:01:01Z
XOM,2004-11,ok,1604,av_intraday_5min/raw_monthly/XOM/2004-11.csv,csv ohlcv,2026-05-17T14:01:02Z
XOM,2004-12,ok,1716,av_intraday_5min/raw_monthly/XOM/2004-12.csv,csv ohlcv,2026-05-17T14:01:03Z
XOM,2005-01,ok,1560,av_intraday_5min/raw_monthly/XOM/2005-01.csv,csv ohlcv,2026-05-17T14:01:04Z
XOM,2005-02,ok,1467,av_intraday_5min/raw_monthly/XOM/2005-02.csv,csv ohlcv,2026-05-17T14:01:05Z
XOM,2005-03,ok,1716,av_intraday_5min/raw_monthly/XOM/2005-03.csv,csv ohlcv,2026-05-17T14:01:06Z
XOM,2005-04,ok,1638,av_intraday_5min/raw_monthly/XOM/2005-04.csv,csv ohlcv,2026-05-17T14:01:07Z
XOM,2005-05,ok,1638,av_intraday_5min/raw_monthly/XOM/2005-05.csv,csv ohlcv,2026-05-17T14:01:08Z
XOM,2005-06,ok,1714,av_intraday_5min/raw_monthly/XOM/2005-06.csv,csv ohlcv,2026-05-17T14:01:09Z
XOM,2005-07,ok,1560,av_intraday_5min/raw_monthly/XOM/2005-07.csv,csv ohlcv,2026-05-17T14:01:10Z
XOM,2005-08,ok,1794,av_intraday_5min/raw_monthly/XOM/2005-08.csv,csv ohlcv,2026-05-17T14:01:11Z
XOM,2005-09,ok,1638,av_intraday_5min/raw_monthly/XOM/2005-09.csv,csv ohlcv,2026-05-17T14:01:11Z
XOM,2005-10,ok,1638,av_intraday_5min/raw_monthly/XOM/2005-10.csv,csv ohlcv,2026-05-17T14:01:13Z
XOM,2005-11,ok,1603,av_intraday_5min/raw_monthly/XOM/2005-11.csv,csv ohlcv,2026-05-17T14:01:14Z
XOM,2005-12,ok,1638,av_intraday_5min/raw_monthly/XOM/2005-12.csv,csv ohlcv,2026-05-17T14:01:14Z
XOM,2006-01,ok,1560,av_intraday_5min/raw_monthly/XOM/2006-01.csv,csv ohlcv,2026-05-17T14:01:15Z
XOM,2006-02,ok,1482,av_intraday_5min/raw_monthly/XOM/2006-02.csv,csv ohlcv,2026-05-17T14:01:16Z
XOM,2006-03,ok,1794,av_intraday_5min/raw_monthly/XOM/2006-03.csv,csv ohlcv,2026-05-17T14:01:17Z
XOM,2006-04,ok,1482,av_intraday_5min/raw_monthly/XOM/2006-04.csv,csv ohlcv,2026-05-17T14:01:18Z
XOM,2006-05,ok,1716,av_intraday_5min/raw_monthly/XOM/2006-05.csv,csv ohlcv,2026-05-17T14:01:19Z
XOM,2006-06,ok,1716,av_intraday_5min/raw_monthly/XOM/2006-06.csv,csv ohlcv,2026-05-17T14:01:20Z
XOM,2006-07,ok,1525,av_intraday_5min/raw_monthly/XOM/2006-07.csv,csv ohlcv,2026-05-17T14:01:21Z
XOM,2006-08,ok,1794,av_intraday_5min/raw_monthly/XOM/2006-08.csv,csv ohlcv,2026-05-17T14:01:22Z
XOM,2006-09,ok,1560,av_intraday_5min/raw_monthly/XOM/2006-09.csv,csv ohlcv,2026-05-17T14:01:23Z
XOM,2006-10,ok,1716,av_intraday_5min/raw_monthly/XOM/2006-10.csv,csv ohlcv,2026-05-17T14:01:24Z
XOM,2006-11,ok,1603,av_intraday_5min/raw_monthly/XOM/2006-11.csv,csv ohlcv,2026-05-17T14:01:25Z
XOM,2006-12,ok,1560,av_intraday_5min/raw_monthly/XOM/2006-12.csv,csv ohlcv,2026-05-17T14:01:25Z
XOM,2007-01,ok,1560,av_intraday_5min/raw_monthly/XOM/2007-01.csv,csv ohlcv,2026-05-17T14:01:26Z
XOM,2007-02,ok,1482,av_intraday_5min/raw_monthly/XOM/2007-02.csv,csv ohlcv,2026-05-17T14:01:27Z
XOM,2007-03,ok,1716,av_intraday_5min/raw_monthly/XOM/2007-03.csv,csv ohlcv,2026-05-17T14:01:28Z
XOM,2007-04,ok,1560,av_intraday_5min/raw_monthly/XOM/2007-04.csv,csv ohlcv,2026-05-17T14:01:29Z
XOM,2007-05,ok,1716,av_intraday_5min/raw_monthly/XOM/2007-05.csv,csv ohlcv,2026-05-17T14:01:30Z
XOM,2007-06,ok,1638,av_intraday_5min/raw_monthly/XOM/2007-06.csv,csv ohlcv,2026-05-17T14:01:31Z
XOM,2007-07,ok,1608,av_intraday_5min/raw_monthly/XOM/2007-07.csv,csv ohlcv,2026-05-17T14:01:32Z
XOM,2007-08,ok,1794,av_intraday_5min/raw_monthly/XOM/2007-08.csv,csv ohlcv,2026-05-17T14:01:32Z
XOM,2007-09,ok,1482,av_intraday_5min/raw_monthly/XOM/2007-09.csv,csv ohlcv,2026-05-17T14:01:34Z
XOM,2007-10,ok,1794,av_intraday_5min/raw_monthly/XOM/2007-10.csv,csv ohlcv,2026-05-17T14:01:34Z
XOM,2007-11,ok,1612,av_intraday_5min/raw_monthly/XOM/2007-11.csv,csv ohlcv,2026-05-17T14:01:36Z
XOM,2007-12,ok,1530,av_intraday_5min/raw_monthly/XOM/2007-12.csv,csv ohlcv,2026-05-17T14:01:36Z
XOM,2008-01,ok,1638,av_intraday_5min/raw_monthly/XOM/2008-01.csv,csv ohlcv,2026-05-17T14:01:37Z
XOM,2008-02,ok,1560,av_intraday_5min/raw_monthly/XOM/2008-02.csv,csv ohlcv,2026-05-17T14:01:38Z
XOM,2008-03,ok,1560,av_intraday_5min/raw_monthly/XOM/2008-03.csv,csv ohlcv,2026-05-17T14:01:39Z
XOM,2008-04,ok,1716,av_intraday_5min/raw_monthly/XOM/2008-04.csv,csv ohlcv,2026-05-17T14:01:40Z
XOM,2008-05,ok,1638,av_intraday_5min/raw_monthly/XOM/2008-05.csv,csv ohlcv,2026-05-17T14:01:41Z
XOM,2008-06,ok,1638,av_intraday_5min/raw_monthly/XOM/2008-06.csv,csv ohlcv,2026-05-17T14:01:42Z
XOM,2008-07,ok,1690,av_intraday_5min/raw_monthly/XOM/2008-07.csv,csv ohlcv,2026-05-17T14:01:43Z
XOM,2008-08,ok,1638,av_intraday_5min/raw_monthly/XOM/2008-08.csv,csv ohlcv,2026-05-17T14:01:44Z
XOM,2008-09,ok,1638,av_intraday_5min/raw_monthly/XOM/2008-09.csv,csv ohlcv,2026-05-17T14:01:45Z
XOM,2008-10,ok,1794,av_intraday_5min/raw_monthly/XOM/2008-10.csv,csv ohlcv,2026-05-17T14:01:46Z
XOM,2008-11,ok,1467,av_intraday_5min/raw_monthly/XOM/2008-11.csv,csv ohlcv,2026-05-17T14:01:47Z
XOM,2008-12,ok,1699,av_intraday_5min/raw_monthly/XOM/2008-12.csv,csv ohlcv,2026-05-17T14:01:48Z
XOM,2009-01,ok,1560,av_intraday_5min/raw_monthly/XOM/2009-01.csv,csv ohlcv,2026-05-17T14:01:49Z
XOM,2009-02,ok,1482,av_intraday_5min/raw_monthly/XOM/2009-02.csv,csv ohlcv,2026-05-17T14:01:50Z
XOM,2009-03,ok,1716,av_intraday_5min/raw_monthly/XOM/2009-03.csv,csv ohlcv,2026-05-17T14:01:51Z
XOM,2009-04,ok,1638,av_intraday_5min/raw_monthly/XOM/2009-04.csv,csv ohlcv,2026-05-17T14:01:52Z
XOM,2009-05,ok,1560,av_intraday_5min/raw_monthly/XOM/2009-05.csv,csv ohlcv,2026-05-17T14:01:53Z
XOM,2009-06,ok,1716,av_intraday_5min/raw_monthly/XOM/2009-06.csv,csv ohlcv,2026-05-17T14:01:54Z
XOM,2009-07,ok,1716,av_intraday_5min/raw_monthly/XOM/2009-07.csv,csv ohlcv,2026-05-17T14:01:55Z
XOM,2009-08,ok,1638,av_intraday_5min/raw_monthly/XOM/2009-08.csv,csv ohlcv,2026-05-17T14:01:56Z
XOM,2009-09,ok,1638,av_intraday_5min/raw_monthly/XOM/2009-09.csv,csv ohlcv,2026-05-17T14:01:57Z
XOM,2009-10,ok,1716,av_intraday_5min/raw_monthly/XOM/2009-10.csv,csv ohlcv,2026-05-17T14:01:58Z
XOM,2009-11,ok,1536,av_intraday_5min/raw_monthly/XOM/2009-11.csv,csv ohlcv,2026-05-17T14:01:59Z
XOM,2009-12,ok,1693,av_intraday_5min/raw_monthly/XOM/2009-12.csv,csv ohlcv,2026-05-17T14:02:00Z
XOM,2010-01,ok,1482,av_intraday_5min/raw_monthly/XOM/2010-01.csv,csv ohlcv,2026-05-17T14:02:01Z
XOM,2010-02,ok,1482,av_intraday_5min/raw_monthly/XOM/2010-02.csv,csv ohlcv,2026-05-17T14:02:02Z
XOM,2010-03,ok,1794,av_intraday_5min/raw_monthly/XOM/2010-03.csv,csv ohlcv,2026-05-17T14:02:02Z
XOM,2010-04,ok,1638,av_intraday_5min/raw_monthly/XOM/2010-04.csv,csv ohlcv,2026-05-17T14:02:03Z
XOM,2010-05,ok,1560,av_intraday_5min/raw_monthly/XOM/2010-05.csv,csv ohlcv,2026-05-17T14:02:04Z
XOM,2010-06,ok,1716,av_intraday_5min/raw_monthly/XOM/2010-06.csv,csv ohlcv,2026-05-17T14:02:06Z
XOM,2010-07,ok,1638,av_intraday_5min/raw_monthly/XOM/2010-07.csv,csv ohlcv,2026-05-17T14:02:07Z
XOM,2010-08,ok,1716,av_intraday_5min/raw_monthly/XOM/2010-08.csv,csv ohlcv,2026-05-17T14:02:08Z
XOM,2010-09,ok,1638,av_intraday_5min/raw_monthly/XOM/2010-09.csv,csv ohlcv,2026-05-17T14:02:09Z
XOM,2010-10,ok,1638,av_intraday_5min/raw_monthly/XOM/2010-10.csv,csv ohlcv,2026-05-17T14:02:10Z
XOM,2010-11,ok,1615,av_intraday_5min/raw_monthly/XOM/2010-11.csv,csv ohlcv,2026-05-17T14:02:11Z
XOM,2010-12,ok,1716,av_intraday_5min/raw_monthly/XOM/2010-12.csv,csv ohlcv,2026-05-17T14:02:12Z
XOM,2011-01,ok,1560,av_intraday_5min/raw_monthly/XOM/2011-01.csv,csv ohlcv,2026-05-17T14:02:13Z
XOM,2011-02,ok,1482,av_intraday_5min/raw_monthly/XOM/2011-02.csv,csv ohlcv,2026-05-17T14:02:14Z
XOM,2011-03,ok,1794,av_intraday_5min/raw_monthly/XOM/2011-03.csv,csv ohlcv,2026-05-17T14:02:14Z
XOM,2011-04,ok,1560,av_intraday_5min/raw_monthly/XOM/2011-04.csv,csv ohlcv,2026-05-17T14:02:16Z
XOM,2011-05,ok,1638,av_intraday_5min/raw_monthly/XOM/2011-05.csv,csv ohlcv,2026-05-17T14:02:16Z
XOM,2011-06,ok,1716,av_intraday_5min/raw_monthly/XOM/2011-06.csv,csv ohlcv,2026-05-17T14:02:17Z
XOM,2011-07,ok,1560,av_intraday_5min/raw_monthly/XOM/2011-07.csv,csv ohlcv,2026-05-17T14:02:18Z
XOM,2011-08,ok,1794,av_intraday_5min/raw_monthly/XOM/2011-08.csv,csv ohlcv,2026-05-17T14:02:19Z
XOM,2011-09,ok,1638,av_intraday_5min/raw_monthly/XOM/2011-09.csv,csv ohlcv,2026-05-17T14:02:20Z
XOM,2011-10,ok,1638,av_intraday_5min/raw_monthly/XOM/2011-10.csv,csv ohlcv,2026-05-17T14:02:21Z
XOM,2011-11,ok,1620,av_intraday_5min/raw_monthly/XOM/2011-11.csv,csv ohlcv,2026-05-17T14:02:22Z
XOM,2011-12,ok,1638,av_intraday_5min/raw_monthly/XOM/2011-12.csv,csv ohlcv,2026-05-17T14:02:23Z
XOM,2012-01,ok,1560,av_intraday_5min/raw_monthly/XOM/2012-01.csv,csv ohlcv,2026-05-17T14:02:24Z
XOM,2012-02,ok,1560,av_intraday_5min/raw_monthly/XOM/2012-02.csv,csv ohlcv,2026-05-17T14:02:25Z
XOM,2012-03,ok,1716,av_intraday_5min/raw_monthly/XOM/2012-03.csv,csv ohlcv,2026-05-17T14:02:26Z
XOM,2012-04,ok,1560,av_intraday_5min/raw_monthly/XOM/2012-04.csv,csv ohlcv,2026-05-17T14:02:27Z
XOM,2012-05,ok,1716,av_intraday_5min/raw_monthly/XOM/2012-05.csv,csv ohlcv,2026-05-17T14:02:28Z
XOM,2012-06,ok,1638,av_intraday_5min/raw_monthly/XOM/2012-06.csv,csv ohlcv,2026-05-17T14:02:29Z
XOM,2012-07,ok,1616,av_intraday_5min/raw_monthly/XOM/2012-07.csv,csv ohlcv,2026-05-17T14:02:30Z
XOM,2012-08,ok,1794,av_intraday_5min/raw_monthly/XOM/2012-08.csv,csv ohlcv,2026-05-17T14:02:31Z
XOM,2012-09,ok,1482,av_intraday_5min/raw_monthly/XOM/2012-09.csv,csv ohlcv,2026-05-17T14:02:32Z
XOM,2012-10,ok,1638,av_intraday_5min/raw_monthly/XOM/2012-10.csv,csv ohlcv,2026-05-17T14:02:32Z
XOM,2012-11,ok,1613,av_intraday_5min/raw_monthly/XOM/2012-11.csv,csv ohlcv,2026-05-17T14:02:33Z
XOM,2012-12,ok,1529,av_intraday_5min/raw_monthly/XOM/2012-12.csv,csv ohlcv,2026-05-17T14:02:34Z
XOM,2013-01,ok,1638,av_intraday_5min/raw_monthly/XOM/2013-01.csv,csv ohlcv,2026-05-17T14:02:35Z
XOM,2013-02,ok,1482,av_intraday_5min/raw_monthly/XOM/2013-02.csv,csv ohlcv,2026-05-17T14:02:36Z
XOM,2013-03,ok,1560,av_intraday_5min/raw_monthly/XOM/2013-03.csv,csv ohlcv,2026-05-17T14:02:37Z
XOM,2013-04,ok,1716,av_intraday_5min/raw_monthly/XOM/2013-04.csv,csv ohlcv,2026-05-17T14:02:38Z
XOM,2013-05,ok,1716,av_intraday_5min/raw_monthly/XOM/2013-05.csv,csv ohlcv,2026-05-17T14:02:39Z
XOM,2013-06,ok,1560,av_intraday_5min/raw_monthly/XOM/2013-06.csv,csv ohlcv,2026-05-17T14:02:39Z
XOM,2013-07,ok,1689,av_intraday_5min/raw_monthly/XOM/2013-07.csv,csv ohlcv,2026-05-17T14:02:40Z
XOM,2013-08,ok,1716,av_intraday_5min/raw_monthly/XOM/2013-08.csv,csv ohlcv,2026-05-17T14:02:41Z
XOM,2013-09,ok,1560,av_intraday_5min/raw_monthly/XOM/2013-09.csv,csv ohlcv,2026-05-17T14:02:42Z
XOM,2013-10,ok,1794,av_intraday_5min/raw_monthly/XOM/2013-10.csv,csv ohlcv,2026-05-17T14:02:43Z
XOM,2013-11,ok,1534,av_intraday_5min/raw_monthly/XOM/2013-11.csv,csv ohlcv,2026-05-17T14:02:44Z
XOM,2013-12,ok,1607,av_intraday_5min/raw_monthly/XOM/2013-12.csv,csv ohlcv,2026-05-17T14:02:45Z
XOM,2014-01,ok,1638,av_intraday_5min/raw_monthly/XOM/2014-01.csv,csv ohlcv,2026-05-17T14:02:46Z
XOM,2014-02,ok,1482,av_intraday_5min/raw_monthly/XOM/2014-02.csv,csv ohlcv,2026-05-17T14:02:47Z
XOM,2014-03,ok,1638,av_intraday_5min/raw_monthly/XOM/2014-03.csv,csv ohlcv,2026-05-17T14:02:48Z
XOM,2014-04,ok,1638,av_intraday_5min/raw_monthly/XOM/2014-04.csv,csv ohlcv,2026-05-17T14:02:49Z
XOM,2014-05,ok,1638,av_intraday_5min/raw_monthly/XOM/2014-05.csv,csv ohlcv,2026-05-17T14:02:50Z
XOM,2014-06,ok,1638,av_intraday_5min/raw_monthly/XOM/2014-06.csv,csv ohlcv,2026-05-17T14:02:50Z
XOM,2014-07,ok,1690,av_intraday_5min/raw_monthly/XOM/2014-07.csv,csv ohlcv,2026-05-17T14:02:51Z
XOM,2014-08,ok,1638,av_intraday_5min/raw_monthly/XOM/2014-08.csv,csv ohlcv,2026-05-17T14:02:52Z
XOM,2014-09,ok,1638,av_intraday_5min/raw_monthly/XOM/2014-09.csv,csv ohlcv,2026-05-17T14:02:53Z
XOM,2014-10,ok,1783,av_intraday_5min/raw_monthly/XOM/2014-10.csv,csv ohlcv,2026-05-17T14:02:54Z
XOM,2014-11,ok,1470,av_intraday_5min/raw_monthly/XOM/2014-11.csv,csv ohlcv,2026-05-17T14:02:55Z
XOM,2014-12,ok,1691,av_intraday_5min/raw_monthly/XOM/2014-12.csv,csv ohlcv,2026-05-17T14:02:56Z
XOM,2015-01,ok,1560,av_intraday_5min/raw_monthly/XOM/2015-01.csv,csv ohlcv,2026-05-17T14:02:57Z
XOM,2015-02,ok,1482,av_intraday_5min/raw_monthly/XOM/2015-02.csv,csv ohlcv,2026-05-17T14:02:58Z
XOM,2015-03,ok,1716,av_intraday_5min/raw_monthly/XOM/2015-03.csv,csv ohlcv,2026-05-17T14:02:59Z
XOM,2015-04,ok,1638,av_intraday_5min/raw_monthly/XOM/2015-04.csv,csv ohlcv,2026-05-17T14:03:00Z
XOM,2015-05,ok,1560,av_intraday_5min/raw_monthly/XOM/2015-05.csv,csv ohlcv,2026-05-17T14:03:01Z
XOM,2015-06,ok,1716,av_intraday_5min/raw_monthly/XOM/2015-06.csv,csv ohlcv,2026-05-17T14:03:02Z
XOM,2015-07,ok,1716,av_intraday_5min/raw_monthly/XOM/2015-07.csv,csv ohlcv,2026-05-17T14:03:03Z
XOM,2015-08,ok,1638,av_intraday_5min/raw_monthly/XOM/2015-08.csv,csv ohlcv,2026-05-17T14:03:04Z
XOM,2015-09,ok,1638,av_intraday_5min/raw_monthly/XOM/2015-09.csv,csv ohlcv,2026-05-17T14:03:04Z
XOM,2015-10,ok,1716,av_intraday_5min/raw_monthly/XOM/2015-10.csv,csv ohlcv,2026-05-17T14:03:05Z
XOM,2015-11,ok,1531,av_intraday_5min/raw_monthly/XOM/2015-11.csv,csv ohlcv,2026-05-17T14:03:06Z
XOM,2015-12,ok,1691,av_intraday_5min/raw_monthly/XOM/2015-12.csv,csv ohlcv,2026-05-17T14:03:07Z
XOM,2016-01,ok,1482,av_intraday_5min/raw_monthly/XOM/2016-01.csv,csv ohlcv,2026-05-17T14:03:08Z
XOM,2016-02,ok,1560,av_intraday_5min/raw_monthly/XOM/2016-02.csv,csv ohlcv,2026-05-17T14:03:09Z
XOM,2016-03,ok,1716,av_intraday_5min/raw_monthly/XOM/2016-03.csv,csv ohlcv,2026-05-17T14:03:10Z
XOM,2016-04,ok,1638,av_intraday_5min/raw_monthly/XOM/2016-04.csv,csv ohlcv,2026-05-17T14:03:11Z
XOM,2016-05,ok,1638,av_intraday_5min/raw_monthly/XOM/2016-05.csv,csv ohlcv,2026-05-17T14:03:12Z
XOM,2016-06,ok,1716,av_intraday_5min/raw_monthly/XOM/2016-06.csv,csv ohlcv,2026-05-17T14:03:13Z
XOM,2016-07,ok,1560,av_intraday_5min/raw_monthly/XOM/2016-07.csv,csv ohlcv,2026-05-17T14:03:14Z
XOM,2016-08,ok,1794,av_intraday_5min/raw_monthly/XOM/2016-08.csv,csv ohlcv,2026-05-17T14:03:15Z
XOM,2016-09,ok,1638,av_intraday_5min/raw_monthly/XOM/2016-09.csv,csv ohlcv,2026-05-17T14:03:16Z
XOM,2016-10,ok,1638,av_intraday_5min/raw_monthly/XOM/2016-10.csv,csv ohlcv,2026-05-17T14:03:17Z
XOM,2016-11,ok,1608,av_intraday_5min/raw_monthly/XOM/2016-11.csv,csv ohlcv,2026-05-17T14:03:18Z
XOM,2016-12,ok,1638,av_intraday_5min/raw_monthly/XOM/2016-12.csv,csv ohlcv,2026-05-17T14:03:19Z
XOM,2017-01,ok,1560,av_intraday_5min/raw_monthly/XOM/2017-01.csv,csv ohlcv,2026-05-17T14:03:20Z
XOM,2017-02,ok,1482,av_intraday_5min/raw_monthly/XOM/2017-02.csv,csv ohlcv,2026-05-17T14:03:21Z
XOM,2017-03,ok,1794,av_intraday_5min/raw_monthly/XOM/2017-03.csv,csv ohlcv,2026-05-17T14:03:21Z
XOM,2017-04,ok,1482,av_intraday_5min/raw_monthly/XOM/2017-04.csv,csv ohlcv,2026-05-17T14:03:22Z
XOM,2017-05,ok,1716,av_intraday_5min/raw_monthly/XOM/2017-05.csv,csv ohlcv,2026-05-17T14:03:23Z
XOM,2017-06,ok,1716,av_intraday_5min/raw_monthly/XOM/2017-06.csv,csv ohlcv,2026-05-17T14:03:24Z
XOM,2017-07,ok,1533,av_intraday_5min/raw_monthly/XOM/2017-07.csv,csv ohlcv,2026-05-17T14:03:25Z
XOM,2017-08,ok,1794,av_intraday_5min/raw_monthly/XOM/2017-08.csv,csv ohlcv,2026-05-17T14:03:26Z
XOM,2017-09,ok,1560,av_intraday_5min/raw_monthly/XOM/2017-09.csv,csv ohlcv,2026-05-17T14:03:27Z
XOM,2017-10,ok,1716,av_intraday_5min/raw_monthly/XOM/2017-10.csv,csv ohlcv,2026-05-17T14:03:28Z
XOM,2017-11,ok,1608,av_intraday_5min/raw_monthly/XOM/2017-11.csv,csv ohlcv,2026-05-17T14:03:29Z
XOM,2017-12,ok,1560,av_intraday_5min/raw_monthly/XOM/2017-12.csv,csv ohlcv,2026-05-17T14:03:30Z
CVX,2001-02,api_message,0,,Invalid API call. Please retry or visit the documentation (https://www.alphavantage.co/documentation/) for TIME_SERIES_INTRADAY.,2026-05-17T14:03:31Z
CVX,2001-03,api_message,0,,Invalid API call. Please retry or visit the documentation (https://www.alphavantage.co/documentation/) for TIME_SERIES_INTRADAY.,2026-05-17T14:03:32Z
CVX,2001-04,api_message,0,,Invalid API call. Please retry or visit the documentation (https://www.alphavantage.co/documentation/) for TIME_SERIES_INTRADAY.,2026-05-17T14:03:32Z
CVX,2001-05,api_message,0,,Invalid API call. Please retry or visit the documentation (https://www.alphavantage.co/documentation/) for TIME_SERIES_INTRADAY.,2026-05-17T14:03:33Z
CVX,2001-06,api_message,0,,Invalid API call. Please retry or visit the documentation (https://www.alphavantage.co/documentation/) for TIME_SERIES_INTRADAY.,2026-05-17T14:03:33Z
CVX,2001-07,api_message,0,,Invalid API call. Please retry or visit the documentation (https://www.alphavantage.co/documentation/) for TIME_SERIES_INTRADAY.,2026-05-17T14:03:33Z
CVX,2001-08,api_message,0,,Invalid API call. Please retry or visit the documentation (https://www.alphavantage.co/documentation/) for TIME_SERIES_INTRADAY.,2026-05-17T14:03:34Z
CVX,2001-09,api_message,0,,Invalid API call. Please retry or visit the documentation (https://www.alphavantage.co/documentation/) for TIME_SERIES_INTRADAY.,2026-05-17T14:03:34Z
CVX,2001-10,ok,1246,av_intraday_5min/raw_monthly/CVX/2001-10.csv,csv ohlcv,2026-05-17T14:03:35Z
CVX,2001-11,ok,1594,av_intraday_5min/raw_monthly/CVX/2001-11.csv,csv ohlcv,2026-05-17T14:03:35Z
CVX,2001-12,ok,1524,av_intraday_5min/raw_monthly/CVX/2001-12.csv,csv ohlcv,2026-05-17T14:03:36Z
CVX,2002-01,ok,1633,av_intraday_5min/raw_monthly/CVX/2002-01.csv,csv ohlcv,2026-05-17T14:03:37Z
CVX,2002-02,ok,1479,av_intraday_5min/raw_monthly/CVX/2002-02.csv,csv ohlcv,2026-05-17T14:03:38Z
CVX,2002-03,ok,1556,av_intraday_5min/raw_monthly/CVX/2002-03.csv,csv ohlcv,2026-05-17T14:03:39Z
CVX,2002-04,ok,1713,av_intraday_5min/raw_monthly/CVX/2002-04.csv,csv ohlcv,2026-05-17T14:03:40Z
CVX,2002-05,ok,1713,av_intraday_5min/raw_monthly/CVX/2002-05.csv,csv ohlcv,2026-05-17T14:03:40Z
CVX,2002-06,ok,1558,av_intraday_5min/raw_monthly/CVX/2002-06.csv,csv ohlcv,2026-05-17T14:03:41Z
CVX,2002-07,ok,1677,av_intraday_5min/raw_monthly/CVX/2002-07.csv,csv ohlcv,2026-05-17T14:03:42Z
CVX,2002-08,ok,1714,av_intraday_5min/raw_monthly/CVX/2002-08.csv,csv ohlcv,2026-05-17T14:03:43Z
CVX,2002-09,ok,1526,av_intraday_5min/raw_monthly/CVX/2002-09.csv,csv ohlcv,2026-05-17T14:03:44Z
CVX,2002-10,ok,1791,av_intraday_5min/raw_monthly/CVX/2002-10.csv,csv ohlcv,2026-05-17T14:03:45Z
CVX,2002-11,ok,1522,av_intraday_5min/raw_monthly/CVX/2002-11.csv,csv ohlcv,2026-05-17T14:03:45Z
CVX,2002-12,ok,1603,av_intraday_5min/raw_monthly/CVX/2002-12.csv,csv ohlcv,2026-05-17T14:03:46Z
CVX,2003-01,ok,1636,av_intraday_5min/raw_monthly/CVX/2003-01.csv,csv ohlcv,2026-05-17T14:03:47Z
CVX,2003-02,ok,1482,av_intraday_5min/raw_monthly/CVX/2003-02.csv,csv ohlcv,2026-05-17T14:03:48Z
CVX,2003-03,ok,1638,av_intraday_5min/raw_monthly/CVX/2003-03.csv,csv ohlcv,2026-05-17T14:03:48Z
CVX,2003-04,ok,1638,av_intraday_5min/raw_monthly/CVX/2003-04.csv,csv ohlcv,2026-05-17T14:03:49Z
CVX,2003-05,ok,1638,av_intraday_5min/raw_monthly/CVX/2003-05.csv,csv ohlcv,2026-05-17T14:03:50Z
CVX,2003-06,ok,1636,av_intraday_5min/raw_monthly/CVX/2003-06.csv,csv ohlcv,2026-05-17T14:03:51Z
CVX,2003-07,ok,1681,av_intraday_5min/raw_monthly/CVX/2003-07.csv,csv ohlcv,2026-05-17T14:03:51Z
CVX,2003-08,ok,1638,av_intraday_5min/raw_monthly/CVX/2003-08.csv,csv ohlcv,2026-05-17T14:03:52Z
CVX,2003-09,ok,1638,av_intraday_5min/raw_monthly/CVX/2003-09.csv,csv ohlcv,2026-05-17T14:03:53Z
CVX,2003-10,ok,1794,av_intraday_5min/raw_monthly/CVX/2003-10.csv,csv ohlcv,2026-05-17T14:03:54Z
CVX,2003-11,ok,1447,av_intraday_5min/raw_monthly/CVX/2003-11.csv,csv ohlcv,2026-05-17T14:03:55Z
CVX,2003-12,ok,1646,av_intraday_5min/raw_monthly/CVX/2003-12.csv,csv ohlcv,2026-05-17T14:03:56Z
CVX,2004-01,ok,1558,av_intraday_5min/raw_monthly/CVX/2004-01.csv,csv ohlcv,2026-05-17T14:03:56Z
CVX,2004-02,ok,1482,av_intraday_5min/raw_monthly/CVX/2004-02.csv,csv ohlcv,2026-05-17T14:03:57Z
CVX,2004-03,ok,1794,av_intraday_5min/raw_monthly/CVX/2004-03.csv,csv ohlcv,2026-05-17T14:03:58Z
CVX,2004-04,ok,1636,av_intraday_5min/raw_monthly/CVX/2004-04.csv,csv ohlcv,2026-05-17T14:03:59Z
CVX,2004-05,ok,1560,av_intraday_5min/raw_monthly/CVX/2004-05.csv,csv ohlcv,2026-05-17T14:03:59Z
CVX,2004-06,ok,1638,av_intraday_5min/raw_monthly/CVX/2004-06.csv,csv ohlcv,2026-05-17T14:04:00Z
CVX,2004-07,ok,1638,av_intraday_5min/raw_monthly/CVX/2004-07.csv,csv ohlcv,2026-05-17T14:04:01Z
CVX,2004-08,ok,1716,av_intraday_5min/raw_monthly/CVX/2004-08.csv,csv ohlcv,2026-05-17T14:04:02Z
CVX,2004-09,ok,1638,av_intraday_5min/raw_monthly/CVX/2004-09.csv,csv ohlcv,2026-05-17T14:04:03Z
CVX,2004-10,ok,1637,av_intraday_5min/raw_monthly/CVX/2004-10.csv,csv ohlcv,2026-05-17T14:04:04Z
CVX,2004-11,ok,1601,av_intraday_5min/raw_monthly/CVX/2004-11.csv,csv ohlcv,2026-05-17T14:04:04Z
CVX,2004-12,ok,1716,av_intraday_5min/raw_monthly/CVX/2004-12.csv,csv ohlcv,2026-05-17T14:04:05Z
CVX,2005-01,ok,1559,av_intraday_5min/raw_monthly/CVX/2005-01.csv,csv ohlcv,2026-05-17T14:04:06Z
CVX,2005-02,ok,1482,av_intraday_5min/raw_monthly/CVX/2005-02.csv,csv ohlcv,2026-05-17T14:04:07Z
CVX,2005-03,ok,1715,av_intraday_5min/raw_monthly/CVX/2005-03.csv,csv ohlcv,2026-05-17T14:04:08Z
CVX,2005-04,ok,1638,av_intraday_5min/raw_monthly/CVX/2005-04.csv,csv ohlcv,2026-05-17T14:04:08Z
CVX,2005-05,ok,1637,av_intraday_5min/raw_monthly/CVX/2005-05.csv,csv ohlcv,2026-05-17T14:04:09Z
CVX,2005-06,ok,1714,av_intraday_5min/raw_monthly/CVX/2005-06.csv,csv ohlcv,2026-05-17T14:04:10Z
CVX,2005-07,ok,1559,av_intraday_5min/raw_monthly/CVX/2005-07.csv,csv ohlcv,2026-05-17T14:04:11Z
CVX,2005-08,ok,1794,av_intraday_5min/raw_monthly/CVX/2005-08.csv,csv ohlcv,2026-05-17T14:04:12Z
CVX,2005-09,ok,1637,av_intraday_5min/raw_monthly/CVX/2005-09.csv,csv ohlcv,2026-05-17T14:04:13Z
CVX,2005-10,ok,1637,av_intraday_5min/raw_monthly/CVX/2005-10.csv,csv ohlcv,2026-05-17T14:04:14Z
CVX,2005-11,ok,1603,av_intraday_5min/raw_monthly/CVX/2005-11.csv,csv ohlcv,2026-05-17T14:04:15Z
CVX,2005-12,ok,1638,av_intraday_5min/raw_monthly/CVX/2005-12.csv,csv ohlcv,2026-05-17T14:04:15Z
CVX,2006-01,ok,1560,av_intraday_5min/raw_monthly/CVX/2006-01.csv,csv ohlcv,2026-05-17T14:04:16Z
CVX,2006-02,ok,1482,av_intraday_5min/raw_monthly/CVX/2006-02.csv,csv ohlcv,2026-05-17T14:04:17Z
CVX,2006-03,ok,1793,av_intraday_5min/raw_monthly/CVX/2006-03.csv,csv ohlcv,2026-05-17T14:04:18Z
CVX,2006-04,ok,1482,av_intraday_5min/raw_monthly/CVX/2006-04.csv,csv ohlcv,2026-05-17T14:04:19Z
CVX,2006-05,ok,1715,av_intraday_5min/raw_monthly/CVX/2006-05.csv,csv ohlcv,2026-05-17T14:04:20Z
CVX,2006-06,ok,1716,av_intraday_5min/raw_monthly/CVX/2006-06.csv,csv ohlcv,2026-05-17T14:04:20Z
CVX,2006-07,ok,1525,av_intraday_5min/raw_monthly/CVX/2006-07.csv,csv ohlcv,2026-05-17T14:04:21Z
CVX,2006-08,ok,1794,av_intraday_5min/raw_monthly/CVX/2006-08.csv,csv ohlcv,2026-05-17T14:04:22Z
CVX,2006-09,ok,1559,av_intraday_5min/raw_monthly/CVX/2006-09.csv,csv ohlcv,2026-05-17T14:04:23Z
CVX,2006-10,ok,1716,av_intraday_5min/raw_monthly/CVX/2006-10.csv,csv ohlcv,2026-05-17T14:04:24Z
CVX,2006-11,ok,1603,av_intraday_5min/raw_monthly/CVX/2006-11.csv,csv ohlcv,2026-05-17T14:04:25Z
CVX,2006-12,ok,1560,av_intraday_5min/raw_monthly/CVX/2006-12.csv,csv ohlcv,2026-05-17T14:04:26Z
CVX,2007-01,ok,1560,av_intraday_5min/raw_monthly/CVX/2007-01.csv,csv ohlcv,2026-05-17T14:04:27Z
CVX,2007-02,ok,1482,av_intraday_5min/raw_monthly/CVX/2007-02.csv,csv ohlcv,2026-05-17T14:04:27Z
CVX,2007-04,ok,1560,av_intraday_5min/raw_monthly/CVX/2007-04.csv,csv ohlcv,2026-05-17T14:04:28Z
CVX,2007-05,ok,1716,av_intraday_5min/raw_monthly/CVX/2007-05.csv,csv ohlcv,2026-05-17T14:04:29Z
CVX,2007-06,ok,1638,av_intraday_5min/raw_monthly/CVX/2007-06.csv,csv ohlcv,2026-05-17T14:04:30Z
CVX,2007-07,ok,1612,av_intraday_5min/raw_monthly/CVX/2007-07.csv,csv ohlcv,2026-05-17T14:04:31Z
CVX,2007-08,ok,1794,av_intraday_5min/raw_monthly/CVX/2007-08.csv,csv ohlcv,2026-05-17T14:04:31Z
CVX,2007-09,ok,1482,av_intraday_5min/raw_monthly/CVX/2007-09.csv,csv ohlcv,2026-05-17T14:04:32Z
CVX,2007-10,ok,1794,av_intraday_5min/raw_monthly/CVX/2007-10.csv,csv ohlcv,2026-05-17T14:04:33Z
CVX,2007-11,ok,1614,av_intraday_5min/raw_monthly/CVX/2007-11.csv,csv ohlcv,2026-05-17T14:04:34Z
CVX,2007-12,ok,1528,av_intraday_5min/raw_monthly/CVX/2007-12.csv,csv ohlcv,2026-05-17T14:04:35Z
CVX,2008-01,ok,1638,av_intraday_5min/raw_monthly/CVX/2008-01.csv,csv ohlcv,2026-05-17T14:04:36Z
CVX,2008-02,ok,1560,av_intraday_5min/raw_monthly/CVX/2008-02.csv,csv ohlcv,2026-05-17T14:04:36Z
CVX,2008-03,ok,1560,av_intraday_5min/raw_monthly/CVX/2008-03.csv,csv ohlcv,2026-05-17T14:04:37Z
CVX,2008-04,ok,1716,av_intraday_5min/raw_monthly/CVX/2008-04.csv,csv ohlcv,2026-05-17T14:04:38Z
CVX,2008-05,ok,1638,av_intraday_5min/raw_monthly/CVX/2008-05.csv,csv ohlcv,2026-05-17T14:04:39Z
CVX,2008-06,ok,1638,av_intraday_5min/raw_monthly/CVX/2008-06.csv,csv ohlcv,2026-05-17T14:04:40Z
CVX,2008-07,ok,1687,av_intraday_5min/raw_monthly/CVX/2008-07.csv,csv ohlcv,2026-05-17T14:04:41Z
CVX,2008-08,ok,1638,av_intraday_5min/raw_monthly/CVX/2008-08.csv,csv ohlcv,2026-05-17T14:04:41Z
CVX,2008-09,ok,1638,av_intraday_5min/raw_monthly/CVX/2008-09.csv,csv ohlcv,2026-05-17T14:04:42Z
CVX,2008-10,ok,1794,av_intraday_5min/raw_monthly/CVX/2008-10.csv,csv ohlcv,2026-05-17T14:04:43Z
CVX,2008-11,ok,1465,av_intraday_5min/raw_monthly/CVX/2008-11.csv,csv ohlcv,2026-05-17T14:04:44Z
CVX,2008-12,ok,1688,av_intraday_5min/raw_monthly/CVX/2008-12.csv,csv ohlcv,2026-05-17T14:04:45Z
CVX,2009-01,ok,1560,av_intraday_5min/raw_monthly/CVX/2009-01.csv,csv ohlcv,2026-05-17T14:04:46Z
CVX,2009-02,ok,1482,av_intraday_5min/raw_monthly/CVX/2009-02.csv,csv ohlcv,2026-05-17T14:04:46Z
CVX,2009-03,ok,1716,av_intraday_5min/raw_monthly/CVX/2009-03.csv,csv ohlcv,2026-05-17T14:04:47Z
CVX,2009-04,ok,1638,av_intraday_5min/raw_monthly/CVX/2009-04.csv,csv ohlcv,2026-05-17T14:04:48Z
CVX,2009-05,ok,1560,av_intraday_5min/raw_monthly/CVX/2009-05.csv,csv ohlcv,2026-05-17T14:04:49Z
CVX,2009-06,ok,1716,av_intraday_5min/raw_monthly/CVX/2009-06.csv,csv ohlcv,2026-05-17T14:04:50Z
CVX,2009-07,ok,1716,av_intraday_5min/raw_monthly/CVX/2009-07.csv,csv ohlcv,2026-05-17T14:04:51Z
CVX,2009-08,ok,1638,av_intraday_5min/raw_monthly/CVX/2009-08.csv,csv ohlcv,2026-05-17T14:04:52Z
CVX,2009-09,ok,1638,av_intraday_5min/raw_monthly/CVX/2009-09.csv,csv ohlcv,2026-05-17T14:04:52Z
CVX,2009-10,ok,1716,av_intraday_5min/raw_monthly/CVX/2009-10.csv,csv ohlcv,2026-05-17T14:04:53Z
CVX,2009-11,ok,1528,av_intraday_5min/raw_monthly/CVX/2009-11.csv,csv ohlcv,2026-05-17T14:04:54Z
CVX,2009-12,ok,1682,av_intraday_5min/raw_monthly/CVX/2009-12.csv,csv ohlcv,2026-05-17T14:04:55Z
CVX,2010-01,ok,1482,av_intraday_5min/raw_monthly/CVX/2010-01.csv,csv ohlcv,2026-05-17T14:04:56Z
CVX,2010-02,ok,1482,av_intraday_5min/raw_monthly/CVX/2010-02.csv,csv ohlcv,2026-05-17T14:04:57Z
CVX,2010-03,ok,1794,av_intraday_5min/raw_monthly/CVX/2010-03.csv,csv ohlcv,2026-05-17T14:04:58Z
CVX,2010-04,ok,1638,av_intraday_5min/raw_monthly/CVX/2010-04.csv,csv ohlcv,2026-05-17T14:04:58Z
CVX,2010-05,ok,1560,av_intraday_5min/raw_monthly/CVX/2010-05.csv,csv ohlcv,2026-05-17T14:04:59Z
CVX,2010-06,ok,1716,av_intraday_5min/raw_monthly/CVX/2010-06.csv,csv ohlcv,2026-05-17T14:05:00Z
CVX,2010-07,ok,1638,av_intraday_5min/raw_monthly/CVX/2010-07.csv,csv ohlcv,2026-05-17T14:05:01Z
CVX,2010-08,ok,1716,av_intraday_5min/raw_monthly/CVX/2010-08.csv,csv ohlcv,2026-05-17T14:05:02Z
CVX,2010-09,ok,1638,av_intraday_5min/raw_monthly/CVX/2010-09.csv,csv ohlcv,2026-05-17T14:05:03Z
CVX,2010-10,ok,1638,av_intraday_5min/raw_monthly/CVX/2010-10.csv,csv ohlcv,2026-05-17T14:05:04Z
CVX,2010-11,ok,1611,av_intraday_5min/raw_monthly/CVX/2010-11.csv,csv ohlcv,2026-05-17T14:05:05Z
CVX,2010-12,ok,1716,av_intraday_5min/raw_monthly/CVX/2010-12.csv,csv ohlcv,2026-05-17T14:05:06Z
CVX,2011-01,ok,1560,av_intraday_5min/raw_monthly/CVX/2011-01.csv,csv ohlcv,2026-05-17T14:05:07Z
CVX,2011-02,ok,1482,av_intraday_5min/raw_monthly/CVX/2011-02.csv,csv ohlcv,2026-05-17T14:05:07Z
CVX,2011-03,ok,1794,av_intraday_5min/raw_monthly/CVX/2011-03.csv,csv ohlcv,2026-05-17T14:05:08Z
CVX,2011-04,ok,1560,av_intraday_5min/raw_monthly/CVX/2011-04.csv,csv ohlcv,2026-05-17T14:05:09Z
CVX,2011-05,ok,1638,av_intraday_5min/raw_monthly/CVX/2011-05.csv,csv ohlcv,2026-05-17T14:05:10Z
CVX,2011-06,ok,1716,av_intraday_5min/raw_monthly/CVX/2011-06.csv,csv ohlcv,2026-05-17T14:05:11Z
CVX,2011-07,ok,1560,av_intraday_5min/raw_monthly/CVX/2011-07.csv,csv ohlcv,2026-05-17T14:05:12Z
CVX,2011-08,ok,1794,av_intraday_5min/raw_monthly/CVX/2011-08.csv,csv ohlcv,2026-05-17T14:05:13Z
CVX,2011-09,ok,1638,av_intraday_5min/raw_monthly/CVX/2011-09.csv,csv ohlcv,2026-05-17T14:05:14Z
CVX,2011-10,ok,1638,av_intraday_5min/raw_monthly/CVX/2011-10.csv,csv ohlcv,2026-05-17T14:05:15Z
CVX,2011-11,ok,1619,av_intraday_5min/raw_monthly/CVX/2011-11.csv,csv ohlcv,2026-05-17T14:05:16Z
CVX,2011-12,ok,1638,av_intraday_5min/raw_monthly/CVX/2011-12.csv,csv ohlcv,2026-05-17T14:05:17Z
CVX,2012-01,ok,1560,av_intraday_5min/raw_monthly/CVX/2012-01.csv,csv ohlcv,2026-05-17T14:05:18Z
CVX,2012-02,ok,1560,av_intraday_5min/raw_monthly/CVX/2012-02.csv,csv ohlcv,2026-05-17T14:05:19Z
CVX,2012-03,ok,1716,av_intraday_5min/raw_monthly/CVX/2012-03.csv,csv ohlcv,2026-05-17T14:05:20Z
CVX,2012-04,ok,1560,av_intraday_5min/raw_monthly/CVX/2012-04.csv,csv ohlcv,2026-05-17T14:05:20Z
CVX,2012-05,ok,1716,av_intraday_5min/raw_monthly/CVX/2012-05.csv,csv ohlcv,2026-05-17T14:05:21Z
CVX,2012-06,ok,1638,av_intraday_5min/raw_monthly/CVX/2012-06.csv,csv ohlcv,2026-05-17T14:05:22Z
CVX,2012-07,ok,1610,av_intraday_5min/raw_monthly/CVX/2012-07.csv,csv ohlcv,2026-05-17T14:05:23Z
CVX,2012-08,ok,1794,av_intraday_5min/raw_monthly/CVX/2012-08.csv,csv ohlcv,2026-05-17T14:05:24Z
CVX,2012-09,ok,1482,av_intraday_5min/raw_monthly/CVX/2012-09.csv,csv ohlcv,2026-05-17T14:05:25Z
CVX,2012-10,ok,1638,av_intraday_5min/raw_monthly/CVX/2012-10.csv,csv ohlcv,2026-05-17T14:05:26Z
CVX,2012-11,ok,1606,av_intraday_5min/raw_monthly/CVX/2012-11.csv,csv ohlcv,2026-05-17T14:05:27Z
CVX,2012-12,ok,1527,av_intraday_5min/raw_monthly/CVX/2012-12.csv,csv ohlcv,2026-05-17T14:05:27Z
CVX,2013-01,ok,1638,av_intraday_5min/raw_monthly/CVX/2013-01.csv,csv ohlcv,2026-05-17T14:05:28Z
CVX,2013-02,ok,1482,av_intraday_5min/raw_monthly/CVX/2013-02.csv,csv ohlcv,2026-05-17T14:05:29Z
CVX,2013-03,ok,1560,av_intraday_5min/raw_monthly/CVX/2013-03.csv,csv ohlcv,2026-05-17T14:05:30Z
CVX,2013-04,ok,1716,av_intraday_5min/raw_monthly/CVX/2013-04.csv,csv ohlcv,2026-05-17T14:05:31Z
CVX,2013-05,ok,1716,av_intraday_5min/raw_monthly/CVX/2013-05.csv,csv ohlcv,2026-05-17T14:05:32Z
CVX,2013-06,ok,1560,av_intraday_5min/raw_monthly/CVX/2013-06.csv,csv ohlcv,2026-05-17T14:05:33Z
CVX,2013-07,ok,1691,av_intraday_5min/raw_monthly/CVX/2013-07.csv,csv ohlcv,2026-05-17T14:05:34Z
CVX,2013-08,ok,1716,av_intraday_5min/raw_monthly/CVX/2013-08.csv,csv ohlcv,2026-05-17T14:05:34Z
CVX,2013-09,ok,1560,av_intraday_5min/raw_monthly/CVX/2013-09.csv,csv ohlcv,2026-05-17T14:05:35Z
CVX,2013-10,ok,1794,av_intraday_5min/raw_monthly/CVX/2013-10.csv,csv ohlcv,2026-05-17T14:05:36Z
CVX,2013-11,ok,1531,av_intraday_5min/raw_monthly/CVX/2013-11.csv,csv ohlcv,2026-05-17T14:05:37Z
CVX,2013-12,ok,1609,av_intraday_5min/raw_monthly/CVX/2013-12.csv,csv ohlcv,2026-05-17T14:05:38Z
CVX,2014-01,ok,1638,av_intraday_5min/raw_monthly/CVX/2014-01.csv,csv ohlcv,2026-05-17T14:05:39Z
CVX,2014-02,ok,1482,av_intraday_5min/raw_monthly/CVX/2014-02.csv,csv ohlcv,2026-05-17T14:05:39Z
CVX,2014-03,ok,1638,av_intraday_5min/raw_monthly/CVX/2014-03.csv,csv ohlcv,2026-05-17T14:05:40Z
CVX,2014-04,ok,1638,av_intraday_5min/raw_monthly/CVX/2014-04.csv,csv ohlcv,2026-05-17T14:05:41Z
CVX,2014-05,ok,1638,av_intraday_5min/raw_monthly/CVX/2014-05.csv,csv ohlcv,2026-05-17T14:05:42Z
CVX,2014-06,ok,1638,av_intraday_5min/raw_monthly/CVX/2014-06.csv,csv ohlcv,2026-05-17T14:05:43Z
CVX,2014-07,ok,1688,av_intraday_5min/raw_monthly/CVX/2014-07.csv,csv ohlcv,2026-05-17T14:05:44Z
CVX,2014-08,ok,1638,av_intraday_5min/raw_monthly/CVX/2014-08.csv,csv ohlcv,2026-05-17T14:05:45Z
CVX,2014-09,ok,1638,av_intraday_5min/raw_monthly/CVX/2014-09.csv,csv ohlcv,2026-05-17T14:05:45Z
CVX,2014-10,ok,1783,av_intraday_5min/raw_monthly/CVX/2014-10.csv,csv ohlcv,2026-05-17T14:05:46Z
CVX,2014-11,ok,1467,av_intraday_5min/raw_monthly/CVX/2014-11.csv,csv ohlcv,2026-05-17T14:05:47Z
CVX,2014-12,ok,1686,av_intraday_5min/raw_monthly/CVX/2014-12.csv,csv ohlcv,2026-05-17T14:05:48Z
CVX,2015-01,ok,1560,av_intraday_5min/raw_monthly/CVX/2015-01.csv,csv ohlcv,2026-05-17T14:05:49Z
CVX,2015-02,ok,1482,av_intraday_5min/raw_monthly/CVX/2015-02.csv,csv ohlcv,2026-05-17T14:05:50Z
CVX,2015-03,ok,1716,av_intraday_5min/raw_monthly/CVX/2015-03.csv,csv ohlcv,2026-05-17T14:05:51Z
CVX,2015-04,ok,1638,av_intraday_5min/raw_monthly/CVX/2015-04.csv,csv ohlcv,2026-05-17T14:05:51Z
CVX,2015-05,ok,1560,av_intraday_5min/raw_monthly/CVX/2015-05.csv,csv ohlcv,2026-05-17T14:05:52Z
CVX,2015-06,ok,1716,av_intraday_5min/raw_monthly/CVX/2015-06.csv,csv ohlcv,2026-05-17T14:05:53Z
CVX,2015-07,ok,1716,av_intraday_5min/raw_monthly/CVX/2015-07.csv,csv ohlcv,2026-05-17T14:05:54Z
CVX,2015-08,ok,1638,av_intraday_5min/raw_monthly/CVX/2015-08.csv,csv ohlcv,2026-05-17T14:05:55Z
CVX,2015-09,ok,1638,av_intraday_5min/raw_monthly/CVX/2015-09.csv,csv ohlcv,2026-05-17T14:05:56Z
CVX,2015-10,ok,1716,av_intraday_5min/raw_monthly/CVX/2015-10.csv,csv ohlcv,2026-05-17T14:05:57Z
CVX,2015-11,ok,1530,av_intraday_5min/raw_monthly/CVX/2015-11.csv,csv ohlcv,2026-05-17T14:05:57Z
CVX,2015-12,ok,1683,av_intraday_5min/raw_monthly/CVX/2015-12.csv,csv ohlcv,2026-05-17T14:05:58Z
CVX,2016-01,ok,1482,av_intraday_5min/raw_monthly/CVX/2016-01.csv,csv ohlcv,2026-05-17T14:05:59Z
CVX,2016-02,ok,1560,av_intraday_5min/raw_monthly/CVX/2016-02.csv,csv ohlcv,2026-05-17T14:06:00Z
CVX,2016-03,ok,1716,av_intraday_5min/raw_monthly/CVX/2016-03.csv,csv ohlcv,2026-05-17T14:06:01Z
CVX,2016-04,ok,1638,av_intraday_5min/raw_monthly/CVX/2016-04.csv,csv ohlcv,2026-05-17T14:06:02Z
CVX,2016-05,ok,1638,av_intraday_5min/raw_monthly/CVX/2016-05.csv,csv ohlcv,2026-05-17T14:06:03Z
CVX,2016-06,ok,1716,av_intraday_5min/raw_monthly/CVX/2016-06.csv,csv ohlcv,2026-05-17T14:06:04Z
CVX,2016-07,ok,1560,av_intraday_5min/raw_monthly/CVX/2016-07.csv,csv ohlcv,2026-05-17T14:06:04Z
CVX,2016-08,ok,1794,av_intraday_5min/raw_monthly/CVX/2016-08.csv,csv ohlcv,2026-05-17T14:06:05Z
CVX,2016-09,ok,1638,av_intraday_5min/raw_monthly/CVX/2016-09.csv,csv ohlcv,2026-05-17T14:06:06Z
CVX,2016-10,ok,1638,av_intraday_5min/raw_monthly/CVX/2016-10.csv,csv ohlcv,2026-05-17T14:06:07Z
CVX,2016-11,ok,1611,av_intraday_5min/raw_monthly/CVX/2016-11.csv,csv ohlcv,2026-05-17T14:06:08Z
CVX,2016-12,ok,1638,av_intraday_5min/raw_monthly/CVX/2016-12.csv,csv ohlcv,2026-05-17T14:06:09Z
CVX,2017-01,ok,1560,av_intraday_5min/raw_monthly/CVX/2017-01.csv,csv ohlcv,2026-05-17T14:06:10Z
CVX,2017-02,ok,1482,av_intraday_5min/raw_monthly/CVX/2017-02.csv,csv ohlcv,2026-05-17T14:06:10Z
CVX,2017-03,ok,1794,av_intraday_5min/raw_monthly/CVX/2017-03.csv,csv ohlcv,2026-05-17T14:06:11Z
CVX,2017-04,ok,1482,av_intraday_5min/raw_monthly/CVX/2017-04.csv,csv ohlcv,2026-05-17T14:06:12Z
CVX,2017-05,ok,1716,av_intraday_5min/raw_monthly/CVX/2017-05.csv,csv ohlcv,2026-05-17T14:06:13Z
CVX,2017-06,ok,1716,av_intraday_5min/raw_monthly/CVX/2017-06.csv,csv ohlcv,2026-05-17T14:06:14Z
CVX,2017-07,ok,1535,av_intraday_5min/raw_monthly/CVX/2017-07.csv,csv ohlcv,2026-05-17T14:06:15Z
CVX,2017-08,ok,1794,av_intraday_5min/raw_monthly/CVX/2017-08.csv,csv ohlcv,2026-05-17T14:06:16Z
CVX,2017-09,ok,1560,av_intraday_5min/raw_monthly/CVX/2017-09.csv,csv ohlcv,2026-05-17T14:06:17Z
CVX,2017-10,ok,1716,av_intraday_5min/raw_monthly/CVX/2017-10.csv,csv ohlcv,2026-05-17T14:06:18Z
CVX,2017-11,ok,1610,av_intraday_5min/raw_monthly/CVX/2017-11.csv,csv ohlcv,2026-05-17T14:06:18Z
CVX,2017-12,ok,1560,av_intraday_5min/raw_monthly/CVX/2017-12.csv,csv ohlcv,2026-05-17T14:06:19Z
TRV,2001-02,api_message,0,,Invalid API call. Please retry or visit the documentation (https://www.alphavantage.co/documentation/) for TIME_SERIES_INTRADAY.,2026-05-17T14:06:21Z
TRV,2001-03,api_message,0,,Invalid API call. Please retry or visit the documentation (https://www.alphavantage.co/documentation/) for TIME_SERIES_INTRADAY.,2026-05-17T14:06:21Z
TRV,2001-04,api_message,0,,Invalid API call. Please retry or visit the documentation (https://www.alphavantage.co/documentation/) for TIME_SERIES_INTRADAY.,2026-05-17T14:06:22Z
TRV,2001-05,api_message,0,,Invalid API call. Please retry or visit the documentation (https://www.alphavantage.co/documentation/) for TIME_SERIES_INTRADAY.,2026-05-17T14:06:22Z
TRV,2001-06,api_message,0,,Invalid API call. Please retry or visit the documentation (https://www.alphavantage.co/documentation/) for TIME_SERIES_INTRADAY.,2026-05-17T14:06:23Z
TRV,2001-07,api_message,0,,Invalid API call. Please retry or visit the documentation (https://www.alphavantage.co/documentation/) for TIME_SERIES_INTRADAY.,2026-05-17T14:06:23Z
TRV,2001-08,api_message,0,,Invalid API call. Please retry or visit the documentation (https://www.alphavantage.co/documentation/) for TIME_SERIES_INTRADAY.,2026-05-17T14:06:24Z
TRV,2001-09,api_message,0,,Invalid API call. Please retry or visit the documentation (https://www.alphavantage.co/documentation/) for TIME_SERIES_INTRADAY.,2026-05-17T14:06:24Z
TRV,2001-10,api_message,0,,Invalid API call. Please retry or visit the documentation (https://www.alphavantage.co/documentation/) for TIME_SERIES_INTRADAY.,2026-05-17T14:06:24Z
TRV,2001-11,api_message,0,,Invalid API call. Please retry or visit the documentation (https://www.alphavantage.co/documentation/) for TIME_SERIES_INTRADAY.,2026-05-17T14:06:25Z
TRV,2001-12,api_message,0,,Invalid API call. Please retry or visit the documentation (https://www.alphavantage.co/documentation/) for TIME_SERIES_INTRADAY.,2026-05-17T14:06:25Z
TRV,2002-01,api_message,0,,Invalid API call. Please retry or visit the documentation (https://www.alphavantage.co/documentation/) for TIME_SERIES_INTRADAY.,2026-05-17T14:06:26Z
TRV,2002-02,api_message,0,,Invalid API call. Please retry or visit the documentation (https://www.alphavantage.co/documentation/) for TIME_SERIES_INTRADAY.,2026-05-17T14:06:26Z
TRV,2002-03,api_message,0,,Invalid API call. Please retry or visit the documentation (https://www.alphavantage.co/documentation/) for TIME_SERIES_INTRADAY.,2026-05-17T14:06:27Z
TRV,2002-04,api_message,0,,Invalid API call. Please retry or visit the documentation (https://www.alphavantage.co/documentation/) for TIME_SERIES_INTRADAY.,2026-05-17T14:06:27Z
TRV,2002-05,api_message,0,,Invalid API call. Please retry or visit the documentation (https://www.alphavantage.co/documentation/) for TIME_SERIES_INTRADAY.,2026-05-17T14:06:27Z
TRV,2002-06,api_message,0,,Invalid API call. Please retry or visit the documentation (https://www.alphavantage.co/documentation/) for TIME_SERIES_INTRADAY.,2026-05-17T14:06:28Z
TRV,2002-07,api_message,0,,Invalid API call. Please retry or visit the documentation (https://www.alphavantage.co/documentation/) for TIME_SERIES_INTRADAY.,2026-05-17T14:06:28Z
TRV,2002-08,api_message,0,,Invalid API call. Please retry or visit the documentation (https://www.alphavantage.co/documentation/) for TIME_SERIES_INTRADAY.,2026-05-17T14:06:29Z
TRV,2002-09,api_message,0,,Invalid API call. Please retry or visit the documentation (https://www.alphavantage.co/documentation/) for TIME_SERIES_INTRADAY.,2026-05-17T14:06:29Z
TRV,2002-10,api_message,0,,Invalid API call. Please retry or visit the documentation (https://www.alphavantage.co/documentation/) for TIME_SERIES_INTRADAY.,2026-05-17T14:06:30Z
TRV,2002-11,api_message,0,,Invalid API call. Please retry or visit the documentation (https://www.alphavantage.co/documentation/) for TIME_SERIES_INTRADAY.,2026-05-17T14:06:30Z
TRV,2002-12,api_message,0,,Invalid API call. Please retry or visit the documentation (https://www.alphavantage.co/documentation/) for TIME_SERIES_INTRADAY.,2026-05-17T14:06:31Z
TRV,2003-01,api_message,0,,Invalid API call. Please retry or visit the documentation (https://www.alphavantage.co/documentation/) for TIME_SERIES_INTRADAY.,2026-05-17T14:06:31Z
TRV,2003-02,api_message,0,,Invalid API call. Please retry or visit the documentation (https://www.alphavantage.co/documentation/) for TIME_SERIES_INTRADAY.,2026-05-17T14:06:32Z
TRV,2003-03,api_message,0,,Invalid API call. Please retry or visit the documentation (https://www.alphavantage.co/documentation/) for TIME_SERIES_INTRADAY.,2026-05-17T14:06:32Z
TRV,2003-04,api_message,0,,Invalid API call. Please retry or visit the documentation (https://www.alphavantage.co/documentation/) for TIME_SERIES_INTRADAY.,2026-05-17T14:06:33Z
TRV,2003-05,api_message,0,,Invalid API call. Please retry or visit the documentation (https://www.alphavantage.co/documentation/) for TIME_SERIES_INTRADAY.,2026-05-17T14:06:33Z
TRV,2003-06,api_message,0,,Invalid API call. Please retry or visit the documentation (https://www.alphavantage.co/documentation/) for TIME_SERIES_INTRADAY.,2026-05-17T14:06:34Z
TRV,2003-07,api_message,0,,Invalid API call. Please retry or visit the documentation (https://www.alphavantage.co/documentation/) for TIME_SERIES_INTRADAY.,2026-05-17T14:06:34Z
TRV,2003-08,api_message,0,,Invalid API call. Please retry or visit the documentation (https://www.alphavantage.co/documentation/) for TIME_SERIES_INTRADAY.,2026-05-17T14:06:34Z
TRV,2003-09,api_message,0,,Invalid API call. Please retry or visit the documentation (https://www.alphavantage.co/documentation/) for TIME_SERIES_INTRADAY.,2026-05-17T14:06:35Z
TRV,2003-10,api_message,0,,Invalid API call. Please retry or visit the documentation (https://www.alphavantage.co/documentation/) for TIME_SERIES_INTRADAY.,2026-05-17T14:06:35Z
TRV,2003-11,api_message,0,,Invalid API call. Please retry or visit the documentation (https://www.alphavantage.co/documentation/) for TIME_SERIES_INTRADAY.,2026-05-17T14:06:36Z
TRV,2003-12,api_message,0,,Invalid API call. Please retry or visit the documentation (https://www.alphavantage.co/documentation/) for TIME_SERIES_INTRADAY.,2026-05-17T14:06:36Z
TRV,2004-01,api_message,0,,Invalid API call. Please retry or visit the documentation (https://www.alphavantage.co/documentation/) for TIME_SERIES_INTRADAY.,2026-05-17T14:06:37Z
TRV,2004-02,api_message,0,,Invalid API call. Please retry or visit the documentation (https://www.alphavantage.co/documentation/) for TIME_SERIES_INTRADAY.,2026-05-17T14:06:37Z
TRV,2004-03,api_message,0,,Invalid API call. Please retry or visit the documentation (https://www.alphavantage.co/documentation/) for TIME_SERIES_INTRADAY.,2026-05-17T14:06:38Z
TRV,2004-04,api_message,0,,Invalid API call. Please retry or visit the documentation (https://www.alphavantage.co/documentation/) for TIME_SERIES_INTRADAY.,2026-05-17T14:06:38Z
TRV,2004-05,api_message,0,,Invalid API call. Please retry or visit the documentation (https://www.alphavantage.co/documentation/) for TIME_SERIES_INTRADAY.,2026-05-17T14:06:38Z
TRV,2004-06,api_message,0,,Invalid API call. Please retry or visit the documentation (https://www.alphavantage.co/documentation/) for TIME_SERIES_INTRADAY.,2026-05-17T14:06:39Z
TRV,2004-07,api_message,0,,Invalid API call. Please retry or visit the documentation (https://www.alphavantage.co/documentation/) for TIME_SERIES_INTRADAY.,2026-05-17T14:06:39Z
TRV,2004-08,api_message,0,,Invalid API call. Please retry or visit the documentation (https://www.alphavantage.co/documentation/) for TIME_SERIES_INTRADAY.,2026-05-17T14:06:40Z
TRV,2004-09,api_message,0,,Invalid API call. Please retry or visit the documentation (https://www.alphavantage.co/documentation/) for TIME_SERIES_INTRADAY.,2026-05-17T14:06:40Z
TRV,2004-10,api_message,0,,Invalid API call. Please retry or visit the documentation (https://www.alphavantage.co/documentation/) for TIME_SERIES_INTRADAY.,2026-05-17T14:06:41Z
TRV,2004-11,api_message,0,,Invalid API call. Please retry or visit the documentation (https://www.alphavantage.co/documentation/) for TIME_SERIES_INTRADAY.,2026-05-17T14:06:41Z
TRV,2004-12,api_message,0,,Invalid API call. Please retry or visit the documentation (https://www.alphavantage.co/documentation/) for TIME_SERIES_INTRADAY.,2026-05-17T14:06:42Z
TRV,2005-01,api_message,0,,Invalid API call. Please retry or visit the documentation (https://www.alphavantage.co/documentation/) for TIME_SERIES_INTRADAY.,2026-05-17T14:06:42Z
TRV,2005-02,api_message,0,,Invalid API call. Please retry or visit the documentation (https://www.alphavantage.co/documentation/) for TIME_SERIES_INTRADAY.,2026-05-17T14:06:42Z
TRV,2005-03,api_message,0,,Invalid API call. Please retry or visit the documentation (https://www.alphavantage.co/documentation/) for TIME_SERIES_INTRADAY.,2026-05-17T14:06:43Z
TRV,2005-04,api_message,0,,Invalid API call. Please retry or visit the documentation (https://www.alphavantage.co/documentation/) for TIME_SERIES_INTRADAY.,2026-05-17T14:06:43Z
TRV,2005-05,api_message,0,,Invalid API call. Please retry or visit the documentation (https://www.alphavantage.co/documentation/) for TIME_SERIES_INTRADAY.,2026-05-17T14:06:44Z
TRV,2005-06,api_message,0,,Invalid API call. Please retry or visit the documentation (https://www.alphavantage.co/documentation/) for TIME_SERIES_INTRADAY.,2026-05-17T14:06:44Z
TRV,2005-07,api_message,0,,Invalid API call. Please retry or visit the documentation (https://www.alphavantage.co/documentation/) for TIME_SERIES_INTRADAY.,2026-05-17T14:06:45Z
TRV,2005-08,api_message,0,,Invalid API call. Please retry or visit the documentation (https://www.alphavantage.co/documentation/) for TIME_SERIES_INTRADAY.,2026-05-17T14:06:45Z
TRV,2005-09,api_message,0,,Invalid API call. Please retry or visit the documentation (https://www.alphavantage.co/documentation/) for TIME_SERIES_INTRADAY.,2026-05-17T14:06:46Z
TRV,2005-10,api_message,0,,Invalid API call. Please retry or visit the documentation (https://www.alphavantage.co/documentation/) for TIME_SERIES_INTRADAY.,2026-05-17T14:06:46Z
TRV,2005-11,api_message,0,,Invalid API call. Please retry or visit the documentation (https://www.alphavantage.co/documentation/) for TIME_SERIES_INTRADAY.,2026-05-17T14:06:47Z
TRV,2005-12,api_message,0,,Invalid API call. Please retry or visit the documentation (https://www.alphavantage.co/documentation/) for TIME_SERIES_INTRADAY.,2026-05-17T14:06:47Z
TRV,2006-01,api_message,0,,Invalid API call. Please retry or visit the documentation (https://www.alphavantage.co/documentation/) for TIME_SERIES_INTRADAY.,2026-05-17T14:06:48Z
TRV,2006-02,api_message,0,,Invalid API call. Please retry or visit the documentation (https://www.alphavantage.co/documentation/) for TIME_SERIES_INTRADAY.,2026-05-17T14:06:48Z
TRV,2006-03,api_message,0,,Invalid API call. Please retry or visit the documentation (https://www.alphavantage.co/documentation/) for TIME_SERIES_INTRADAY.,2026-05-17T14:06:49Z
TRV,2006-04,api_message,0,,Invalid API call. Please retry or visit the documentation (https://www.alphavantage.co/documentation/) for TIME_SERIES_INTRADAY.,2026-05-17T14:06:49Z
TRV,2006-05,api_message,0,,Invalid API call. Please retry or visit the documentation (https://www.alphavantage.co/documentation/) for TIME_SERIES_INTRADAY.,2026-05-17T14:06:49Z
TRV,2006-06,api_message,0,,Invalid API call. Please retry or visit the documentation (https://www.alphavantage.co/documentation/) for TIME_SERIES_INTRADAY.,2026-05-17T14:06:50Z
TRV,2006-07,api_message,0,,Invalid API call. Please retry or visit the documentation (https://www.alphavantage.co/documentation/) for TIME_SERIES_INTRADAY.,2026-05-17T14:06:50Z
TRV,2006-08,api_message,0,,Invalid API call. Please retry or visit the documentation (https://www.alphavantage.co/documentation/) for TIME_SERIES_INTRADAY.,2026-05-17T14:06:51Z
TRV,2006-09,api_message,0,,Invalid API call. Please retry or visit the documentation (https://www.alphavantage.co/documentation/) for TIME_SERIES_INTRADAY.,2026-05-17T14:06:51Z
TRV,2006-10,api_message,0,,Invalid API call. Please retry or visit the documentation (https://www.alphavantage.co/documentation/) for TIME_SERIES_INTRADAY.,2026-05-17T14:06:52Z
TRV,2006-11,api_message,0,,Invalid API call. Please retry or visit the documentation (https://www.alphavantage.co/documentation/) for TIME_SERIES_INTRADAY.,2026-05-17T14:06:52Z
TRV,2006-12,api_message,0,,Invalid API call. Please retry or visit the documentation (https://www.alphavantage.co/documentation/) for TIME_SERIES_INTRADAY.,2026-05-17T14:06:53Z
TRV,2007-01,api_message,0,,Invalid API call. Please retry or visit the documentation (https://www.alphavantage.co/documentation/) for TIME_SERIES_INTRADAY.,2026-05-17T14:06:53Z
TRV,2007-02,ok,156,av_intraday_5min/raw_monthly/TRV/2007-02.csv,csv ohlcv,2026-05-17T14:06:53Z
TRV,2007-04,ok,1560,av_intraday_5min/raw_monthly/TRV/2007-04.csv,csv ohlcv,2026-05-17T14:06:54Z
TRV,2007-05,ok,1716,av_intraday_5min/raw_monthly/TRV/2007-05.csv,csv ohlcv,2026-05-17T14:06:55Z
TRV,2007-06,ok,1638,av_intraday_5min/raw_monthly/TRV/2007-06.csv,csv ohlcv,2026-05-17T14:06:55Z
TRV,2007-07,ok,1606,av_intraday_5min/raw_monthly/TRV/2007-07.csv,csv ohlcv,2026-05-17T14:06:56Z
TRV,2007-08,ok,1794,av_intraday_5min/raw_monthly/TRV/2007-08.csv,csv ohlcv,2026-05-17T14:06:57Z
TRV,2007-09,ok,1480,av_intraday_5min/raw_monthly/TRV/2007-09.csv,csv ohlcv,2026-05-17T14:06:58Z
TRV,2007-10,ok,1794,av_intraday_5min/raw_monthly/TRV/2007-10.csv,csv ohlcv,2026-05-17T14:06:59Z
TRV,2007-11,ok,1608,av_intraday_5min/raw_monthly/TRV/2007-11.csv,csv ohlcv,2026-05-17T14:06:59Z
TRV,2007-12,ok,1529,av_intraday_5min/raw_monthly/TRV/2007-12.csv,csv ohlcv,2026-05-17T14:07:00Z
TRV,2008-01,ok,1638,av_intraday_5min/raw_monthly/TRV/2008-01.csv,csv ohlcv,2026-05-17T14:07:01Z
TRV,2008-02,ok,1560,av_intraday_5min/raw_monthly/TRV/2008-02.csv,csv ohlcv,2026-05-17T14:07:02Z
TRV,2008-03,ok,1560,av_intraday_5min/raw_monthly/TRV/2008-03.csv,csv ohlcv,2026-05-17T14:07:03Z
TRV,2008-04,ok,1716,av_intraday_5min/raw_monthly/TRV/2008-04.csv,csv ohlcv,2026-05-17T14:07:03Z
TRV,2008-05,ok,1638,av_intraday_5min/raw_monthly/TRV/2008-05.csv,csv ohlcv,2026-05-17T14:07:04Z
TRV,2008-06,ok,1638,av_intraday_5min/raw_monthly/TRV/2008-06.csv,csv ohlcv,2026-05-17T14:07:05Z
TRV,2008-07,ok,1687,av_intraday_5min/raw_monthly/TRV/2008-07.csv,csv ohlcv,2026-05-17T14:07:06Z
TRV,2008-08,ok,1638,av_intraday_5min/raw_monthly/TRV/2008-08.csv,csv ohlcv,2026-05-17T14:07:07Z
TRV,2008-09,ok,1638,av_intraday_5min/raw_monthly/TRV/2008-09.csv,csv ohlcv,2026-05-17T14:07:08Z
TRV,2008-10,ok,1794,av_intraday_5min/raw_monthly/TRV/2008-10.csv,csv ohlcv,2026-05-17T14:07:08Z
TRV,2008-11,ok,1451,av_intraday_5min/raw_monthly/TRV/2008-11.csv,csv ohlcv,2026-05-17T14:07:09Z
TRV,2008-12,ok,1682,av_intraday_5min/raw_monthly/TRV/2008-12.csv,csv ohlcv,2026-05-17T14:07:10Z
TRV,2009-01,ok,1560,av_intraday_5min/raw_monthly/TRV/2009-01.csv,csv ohlcv,2026-05-17T14:07:11Z
TRV,2009-02,ok,1482,av_intraday_5min/raw_monthly/TRV/2009-02.csv,csv ohlcv,2026-05-17T14:07:12Z
TRV,2009-03,ok,1716,av_intraday_5min/raw_monthly/TRV/2009-03.csv,csv ohlcv,2026-05-17T14:07:13Z
TRV,2009-04,ok,1638,av_intraday_5min/raw_monthly/TRV/2009-04.csv,csv ohlcv,2026-05-17T14:07:14Z
TRV,2009-05,ok,1560,av_intraday_5min/raw_monthly/TRV/2009-05.csv,csv ohlcv,2026-05-17T14:07:14Z
TRV,2009-06,ok,1716,av_intraday_5min/raw_monthly/TRV/2009-06.csv,csv ohlcv,2026-05-17T14:07:15Z
TRV,2009-07,ok,1716,av_intraday_5min/raw_monthly/TRV/2009-07.csv,csv ohlcv,2026-05-17T14:07:16Z
TRV,2009-08,ok,1638,av_intraday_5min/raw_monthly/TRV/2009-08.csv,csv ohlcv,2026-05-17T14:07:17Z
TRV,2009-09,ok,1638,av_intraday_5min/raw_monthly/TRV/2009-09.csv,csv ohlcv,2026-05-17T14:07:18Z
TRV,2009-10,ok,1716,av_intraday_5min/raw_monthly/TRV/2009-10.csv,csv ohlcv,2026-05-17T14:07:19Z
TRV,2009-11,ok,1529,av_intraday_5min/raw_monthly/TRV/2009-11.csv,csv ohlcv,2026-05-17T14:07:20Z
TRV,2009-12,ok,1683,av_intraday_5min/raw_monthly/TRV/2009-12.csv,csv ohlcv,2026-05-17T14:07:21Z
TRV,2010-01,ok,1482,av_intraday_5min/raw_monthly/TRV/2010-01.csv,csv ohlcv,2026-05-17T14:07:21Z
TRV,2010-02,ok,1482,av_intraday_5min/raw_monthly/TRV/2010-02.csv,csv ohlcv,2026-05-17T14:07:22Z
TRV,2010-03,ok,1794,av_intraday_5min/raw_monthly/TRV/2010-03.csv,csv ohlcv,2026-05-17T14:07:23Z
TRV,2010-04,ok,1638,av_intraday_5min/raw_monthly/TRV/2010-04.csv,csv ohlcv,2026-05-17T14:07:24Z
TRV,2010-05,ok,1560,av_intraday_5min/raw_monthly/TRV/2010-05.csv,csv ohlcv,2026-05-17T14:07:25Z
TRV,2010-06,ok,1716,av_intraday_5min/raw_monthly/TRV/2010-06.csv,csv ohlcv,2026-05-17T14:07:26Z
TRV,2010-07,ok,1638,av_intraday_5min/raw_monthly/TRV/2010-07.csv,csv ohlcv,2026-05-17T14:07:27Z
TRV,2010-08,ok,1716,av_intraday_5min/raw_monthly/TRV/2010-08.csv,csv ohlcv,2026-05-17T14:07:28Z
TRV,2010-09,ok,1638,av_intraday_5min/raw_monthly/TRV/2010-09.csv,csv ohlcv,2026-05-17T14:07:29Z
TRV,2010-10,ok,1638,av_intraday_5min/raw_monthly/TRV/2010-10.csv,csv ohlcv,2026-05-17T14:07:30Z
TRV,2010-11,ok,1608,av_intraday_5min/raw_monthly/TRV/2010-11.csv,csv ohlcv,2026-05-17T14:07:30Z
TRV,2010-12,ok,1716,av_intraday_5min/raw_monthly/TRV/2010-12.csv,csv ohlcv,2026-05-17T14:07:31Z
TRV,2011-01,ok,1560,av_intraday_5min/raw_monthly/TRV/2011-01.csv,csv ohlcv,2026-05-17T14:07:32Z
TRV,2011-02,ok,1482,av_intraday_5min/raw_monthly/TRV/2011-02.csv,csv ohlcv,2026-05-17T14:07:33Z
TRV,2011-03,ok,1794,av_intraday_5min/raw_monthly/TRV/2011-03.csv,csv ohlcv,2026-05-17T14:07:34Z
TRV,2011-04,ok,1560,av_intraday_5min/raw_monthly/TRV/2011-04.csv,csv ohlcv,2026-05-17T14:07:35Z
TRV,2011-05,ok,1638,av_intraday_5min/raw_monthly/TRV/2011-05.csv,csv ohlcv,2026-05-17T14:07:35Z
TRV,2011-06,ok,1716,av_intraday_5min/raw_monthly/TRV/2011-06.csv,csv ohlcv,2026-05-17T14:07:36Z
TRV,2011-07,ok,1560,av_intraday_5min/raw_monthly/TRV/2011-07.csv,csv ohlcv,2026-05-17T14:07:37Z
TRV,2011-08,ok,1794,av_intraday_5min/raw_monthly/TRV/2011-08.csv,csv ohlcv,2026-05-17T14:07:38Z
TRV,2011-09,ok,1638,av_intraday_5min/raw_monthly/TRV/2011-09.csv,csv ohlcv,2026-05-17T14:07:39Z
TRV,2011-10,ok,1638,av_intraday_5min/raw_monthly/TRV/2011-10.csv,csv ohlcv,2026-05-17T14:07:40Z
TRV,2011-11,ok,1605,av_intraday_5min/raw_monthly/TRV/2011-11.csv,csv ohlcv,2026-05-17T14:07:41Z
TRV,2011-12,ok,1638,av_intraday_5min/raw_monthly/TRV/2011-12.csv,csv ohlcv,2026-05-17T14:07:41Z
TRV,2012-01,ok,1560,av_intraday_5min/raw_monthly/TRV/2012-01.csv,csv ohlcv,2026-05-17T14:07:42Z
TRV,2012-02,ok,1560,av_intraday_5min/raw_monthly/TRV/2012-02.csv,csv ohlcv,2026-05-17T14:07:43Z
TRV,2012-03,ok,1716,av_intraday_5min/raw_monthly/TRV/2012-03.csv,csv ohlcv,2026-05-17T14:07:44Z
TRV,2012-04,ok,1560,av_intraday_5min/raw_monthly/TRV/2012-04.csv,csv ohlcv,2026-05-17T14:07:45Z
TRV,2012-05,ok,1716,av_intraday_5min/raw_monthly/TRV/2012-05.csv,csv ohlcv,2026-05-17T14:07:46Z
TRV,2012-06,ok,1638,av_intraday_5min/raw_monthly/TRV/2012-06.csv,csv ohlcv,2026-05-17T14:07:47Z
TRV,2012-07,ok,1604,av_intraday_5min/raw_monthly/TRV/2012-07.csv,csv ohlcv,2026-05-17T14:07:47Z
TRV,2012-08,ok,1794,av_intraday_5min/raw_monthly/TRV/2012-08.csv,csv ohlcv,2026-05-17T14:07:48Z
TRV,2012-09,ok,1482,av_intraday_5min/raw_monthly/TRV/2012-09.csv,csv ohlcv,2026-05-17T14:07:49Z
TRV,2012-10,ok,1638,av_intraday_5min/raw_monthly/TRV/2012-10.csv,csv ohlcv,2026-05-17T14:07:50Z
TRV,2012-11,ok,1603,av_intraday_5min/raw_monthly/TRV/2012-11.csv,csv ohlcv,2026-05-17T14:07:51Z
TRV,2012-12,ok,1526,av_intraday_5min/raw_monthly/TRV/2012-12.csv,csv ohlcv,2026-05-17T14:07:52Z
TRV,2013-01,ok,1638,av_intraday_5min/raw_monthly/TRV/2013-01.csv,csv ohlcv,2026-05-17T14:07:52Z
TRV,2013-02,ok,1482,av_intraday_5min/raw_monthly/TRV/2013-02.csv,csv ohlcv,2026-05-17T14:07:53Z
TRV,2013-03,ok,1560,av_intraday_5min/raw_monthly/TRV/2013-03.csv,csv ohlcv,2026-05-17T14:07:54Z
TRV,2013-04,ok,1716,av_intraday_5min/raw_monthly/TRV/2013-04.csv,csv ohlcv,2026-05-17T14:07:55Z
TRV,2013-05,ok,1716,av_intraday_5min/raw_monthly/TRV/2013-05.csv,csv ohlcv,2026-05-17T14:07:56Z
TRV,2013-06,ok,1560,av_intraday_5min/raw_monthly/TRV/2013-06.csv,csv ohlcv,2026-05-17T14:07:56Z
TRV,2013-07,ok,1684,av_intraday_5min/raw_monthly/TRV/2013-07.csv,csv ohlcv,2026-05-17T14:07:57Z
TRV,2013-08,ok,1716,av_intraday_5min/raw_monthly/TRV/2013-08.csv,csv ohlcv,2026-05-17T14:07:58Z
TRV,2013-09,ok,1560,av_intraday_5min/raw_monthly/TRV/2013-09.csv,csv ohlcv,2026-05-17T14:07:59Z
TRV,2013-10,ok,1794,av_intraday_5min/raw_monthly/TRV/2013-10.csv,csv ohlcv,2026-05-17T14:08:00Z
TRV,2013-11,ok,1525,av_intraday_5min/raw_monthly/TRV/2013-11.csv,csv ohlcv,2026-05-17T14:08:01Z
TRV,2013-12,ok,1604,av_intraday_5min/raw_monthly/TRV/2013-12.csv,csv ohlcv,2026-05-17T14:08:02Z
TRV,2014-01,ok,1638,av_intraday_5min/raw_monthly/TRV/2014-01.csv,csv ohlcv,2026-05-17T14:08:03Z
TRV,2014-02,ok,1482,av_intraday_5min/raw_monthly/TRV/2014-02.csv,csv ohlcv,2026-05-17T14:08:03Z
TRV,2014-03,ok,1638,av_intraday_5min/raw_monthly/TRV/2014-03.csv,csv ohlcv,2026-05-17T14:08:04Z
TRV,2014-04,ok,1638,av_intraday_5min/raw_monthly/TRV/2014-04.csv,csv ohlcv,2026-05-17T14:08:05Z
TRV,2014-05,ok,1638,av_intraday_5min/raw_monthly/TRV/2014-05.csv,csv ohlcv,2026-05-17T14:08:06Z
TRV,2014-06,ok,1638,av_intraday_5min/raw_monthly/TRV/2014-06.csv,csv ohlcv,2026-05-17T14:08:07Z
TRV,2014-07,ok,1682,av_intraday_5min/raw_monthly/TRV/2014-07.csv,csv ohlcv,2026-05-17T14:08:07Z
TRV,2014-08,ok,1638,av_intraday_5min/raw_monthly/TRV/2014-08.csv,csv ohlcv,2026-05-17T14:08:08Z
TRV,2014-09,ok,1638,av_intraday_5min/raw_monthly/TRV/2014-09.csv,csv ohlcv,2026-05-17T14:08:09Z
TRV,2014-10,ok,1783,av_intraday_5min/raw_monthly/TRV/2014-10.csv,csv ohlcv,2026-05-17T14:08:10Z
TRV,2014-11,ok,1448,av_intraday_5min/raw_monthly/TRV/2014-11.csv,csv ohlcv,2026-05-17T14:08:11Z
TRV,2014-12,ok,1682,av_intraday_5min/raw_monthly/TRV/2014-12.csv,csv ohlcv,2026-05-17T14:08:12Z
TRV,2015-01,ok,1560,av_intraday_5min/raw_monthly/TRV/2015-01.csv,csv ohlcv,2026-05-17T14:08:12Z
TRV,2015-02,ok,1482,av_intraday_5min/raw_monthly/TRV/2015-02.csv,csv ohlcv,2026-05-17T14:08:13Z
TRV,2015-03,ok,1716,av_intraday_5min/raw_monthly/TRV/2015-03.csv,csv ohlcv,2026-05-17T14:08:14Z
TRV,2015-04,ok,1638,av_intraday_5min/raw_monthly/TRV/2015-04.csv,csv ohlcv,2026-05-17T14:08:15Z
TRV,2015-05,ok,1560,av_intraday_5min/raw_monthly/TRV/2015-05.csv,csv ohlcv,2026-05-17T14:08:16Z
TRV,2015-06,ok,1716,av_intraday_5min/raw_monthly/TRV/2015-06.csv,csv ohlcv,2026-05-17T14:08:16Z
TRV,2015-07,ok,1716,av_intraday_5min/raw_monthly/TRV/2015-07.csv,csv ohlcv,2026-05-17T14:08:17Z
TRV,2015-08,ok,1638,av_intraday_5min/raw_monthly/TRV/2015-08.csv,csv ohlcv,2026-05-17T14:08:18Z
TRV,2015-09,ok,1638,av_intraday_5min/raw_monthly/TRV/2015-09.csv,csv ohlcv,2026-05-17T14:08:19Z
TRV,2015-10,ok,1716,av_intraday_5min/raw_monthly/TRV/2015-10.csv,csv ohlcv,2026-05-17T14:08:20Z
TRV,2015-11,ok,1528,av_intraday_5min/raw_monthly/TRV/2015-11.csv,csv ohlcv,2026-05-17T14:08:20Z
TRV,2015-12,ok,1681,av_intraday_5min/raw_monthly/TRV/2015-12.csv,csv ohlcv,2026-05-17T14:08:21Z
TRV,2016-01,ok,1482,av_intraday_5min/raw_monthly/TRV/2016-01.csv,csv ohlcv,2026-05-17T14:08:22Z
TRV,2016-02,ok,1560,av_intraday_5min/raw_monthly/TRV/2016-02.csv,csv ohlcv,2026-05-17T14:08:23Z
TRV,2016-03,ok,1716,av_intraday_5min/raw_monthly/TRV/2016-03.csv,csv ohlcv,2026-05-17T14:08:24Z
TRV,2016-04,ok,1638,av_intraday_5min/raw_monthly/TRV/2016-04.csv,csv ohlcv,2026-05-17T14:08:25Z
TRV,2016-05,ok,1638,av_intraday_5min/raw_monthly/TRV/2016-05.csv,csv ohlcv,2026-05-17T14:08:25Z
TRV,2016-06,ok,1716,av_intraday_5min/raw_monthly/TRV/2016-06.csv,csv ohlcv,2026-05-17T14:08:26Z
TRV,2016-07,ok,1560,av_intraday_5min/raw_monthly/TRV/2016-07.csv,csv ohlcv,2026-05-17T14:08:27Z
TRV,2016-08,ok,1794,av_intraday_5min/raw_monthly/TRV/2016-08.csv,csv ohlcv,2026-05-17T14:08:28Z
TRV,2016-09,ok,1638,av_intraday_5min/raw_monthly/TRV/2016-09.csv,csv ohlcv,2026-05-17T14:08:29Z
TRV,2016-10,ok,1638,av_intraday_5min/raw_monthly/TRV/2016-10.csv,csv ohlcv,2026-05-17T14:08:30Z
TRV,2016-11,ok,1605,av_intraday_5min/raw_monthly/TRV/2016-11.csv,csv ohlcv,2026-05-17T14:08:30Z
TRV,2016-12,ok,1638,av_intraday_5min/raw_monthly/TRV/2016-12.csv,csv ohlcv,2026-05-17T14:08:31Z
TRV,2017-01,ok,1560,av_intraday_5min/raw_monthly/TRV/2017-01.csv,csv ohlcv,2026-05-17T14:08:32Z
TRV,2017-02,ok,1482,av_intraday_5min/raw_monthly/TRV/2017-02.csv,csv ohlcv,2026-05-17T14:08:33Z
TRV,2017-03,ok,1794,av_intraday_5min/raw_monthly/TRV/2017-03.csv,csv ohlcv,2026-05-17T14:08:34Z
TRV,2017-04,ok,1482,av_intraday_5min/raw_monthly/TRV/2017-04.csv,csv ohlcv,2026-05-17T14:08:35Z
TRV,2017-05,ok,1716,av_intraday_5min/raw_monthly/TRV/2017-05.csv,csv ohlcv,2026-05-17T14:08:35Z
TRV,2017-06,ok,1716,av_intraday_5min/raw_monthly/TRV/2017-06.csv,csv ohlcv,2026-05-17T14:08:36Z
TRV,2017-07,ok,1526,av_intraday_5min/raw_monthly/TRV/2017-07.csv,csv ohlcv,2026-05-17T14:08:37Z
TRV,2017-08,ok,1794,av_intraday_5min/raw_monthly/TRV/2017-08.csv,csv ohlcv,2026-05-17T14:08:38Z
TRV,2017-09,ok,1560,av_intraday_5min/raw_monthly/TRV/2017-09.csv,csv ohlcv,2026-05-17T14:08:39Z
TRV,2017-10,ok,1716,av_intraday_5min/raw_monthly/TRV/2017-10.csv,csv ohlcv,2026-05-17T14:08:40Z
TRV,2017-11,ok,1603,av_intraday_5min/raw_monthly/TRV/2017-11.csv,csv ohlcv,2026-05-17T14:08:41Z
TRV,2017-12,ok,1560,av_intraday_5min/raw_monthly/TRV/2017-12.csv,csv ohlcv,2026-05-17T14:08:41Z
RTX,2001-02,api_message,0,,Invalid API call. Please retry or visit the documentation (https://www.alphavantage.co/documentation/) for TIME_SERIES_INTRADAY.,2026-05-17T14:08:43Z
RTX,2001-03,api_message,0,,Invalid API call. Please retry or visit the documentation (https://www.alphavantage.co/documentation/) for TIME_SERIES_INTRADAY.,2026-05-17T14:08:43Z
RTX,2001-04,api_message,0,,Invalid API call. Please retry or visit the documentation (https://www.alphavantage.co/documentation/) for TIME_SERIES_INTRADAY.,2026-05-17T14:08:44Z
RTX,2001-05,api_message,0,,Invalid API call. Please retry or visit the documentation (https://www.alphavantage.co/documentation/) for TIME_SERIES_INTRADAY.,2026-05-17T14:08:44Z
RTX,2001-06,api_message,0,,Invalid API call. Please retry or visit the documentation (https://www.alphavantage.co/documentation/) for TIME_SERIES_INTRADAY.,2026-05-17T14:08:44Z
RTX,2001-07,api_message,0,,Invalid API call. Please retry or visit the documentation (https://www.alphavantage.co/documentation/) for TIME_SERIES_INTRADAY.,2026-05-17T14:08:45Z
RTX,2001-08,api_message,0,,Invalid API call. Please retry or visit the documentation (https://www.alphavantage.co/documentation/) for TIME_SERIES_INTRADAY.,2026-05-17T14:08:45Z
RTX,2001-09,api_message,0,,Invalid API call. Please retry or visit the documentation (https://www.alphavantage.co/documentation/) for TIME_SERIES_INTRADAY.,2026-05-17T14:08:46Z
RTX,2001-10,api_message,0,,Invalid API call. Please retry or visit the documentation (https://www.alphavantage.co/documentation/) for TIME_SERIES_INTRADAY.,2026-05-17T14:08:46Z
RTX,2001-11,api_message,0,,Invalid API call. Please retry or visit the documentation (https://www.alphavantage.co/documentation/) for TIME_SERIES_INTRADAY.,2026-05-17T14:08:47Z
RTX,2001-12,api_message,0,,Invalid API call. Please retry or visit the documentation (https://www.alphavantage.co/documentation/) for TIME_SERIES_INTRADAY.,2026-05-17T14:08:47Z
RTX,2002-01,api_message,0,,Invalid API call. Please retry or visit the documentation (https://www.alphavantage.co/documentation/) for TIME_SERIES_INTRADAY.,2026-05-17T14:08:48Z
RTX,2002-02,api_message,0,,Invalid API call. Please retry or visit the documentation (https://www.alphavantage.co/documentation/) for TIME_SERIES_INTRADAY.,2026-05-17T14:08:48Z
RTX,2002-03,api_message,0,,Invalid API call. Please retry or visit the documentation (https://www.alphavantage.co/documentation/) for TIME_SERIES_INTRADAY.,2026-05-17T14:08:49Z
RTX,2002-04,api_message,0,,Invalid API call. Please retry or visit the documentation (https://www.alphavantage.co/documentation/) for TIME_SERIES_INTRADAY.,2026-05-17T14:08:49Z
RTX,2002-05,api_message,0,,Invalid API call. Please retry or visit the documentation (https://www.alphavantage.co/documentation/) for TIME_SERIES_INTRADAY.,2026-05-17T14:08:49Z
RTX,2002-06,api_message,0,,Invalid API call. Please retry or visit the documentation (https://www.alphavantage.co/documentation/) for TIME_SERIES_INTRADAY.,2026-05-17T14:08:50Z
RTX,2002-07,api_message,0,,Invalid API call. Please retry or visit the documentation (https://www.alphavantage.co/documentation/) for TIME_SERIES_INTRADAY.,2026-05-17T14:08:50Z
RTX,2002-08,api_message,0,,Invalid API call. Please retry or visit the documentation (https://www.alphavantage.co/documentation/) for TIME_SERIES_INTRADAY.,2026-05-17T14:08:51Z
RTX,2002-09,api_message,0,,Invalid API call. Please retry or visit the documentation (https://www.alphavantage.co/documentation/) for TIME_SERIES_INTRADAY.,2026-05-17T14:08:51Z
RTX,2002-10,api_message,0,,Invalid API call. Please retry or visit the documentation (https://www.alphavantage.co/documentation/) for TIME_SERIES_INTRADAY.,2026-05-17T14:08:51Z
RTX,2002-11,api_message,0,,Invalid API call. Please retry or visit the documentation (https://www.alphavantage.co/documentation/) for TIME_SERIES_INTRADAY.,2026-05-17T14:08:52Z
RTX,2002-12,api_message,0,,Invalid API call. Please retry or visit the documentation (https://www.alphavantage.co/documentation/) for TIME_SERIES_INTRADAY.,2026-05-17T14:08:52Z
RTX,2003-01,api_message,0,,Invalid API call. Please retry or visit the documentation (https://www.alphavantage.co/documentation/) for TIME_SERIES_INTRADAY.,2026-05-17T14:08:53Z
RTX,2003-02,api_message,0,,Invalid API call. Please retry or visit the documentation (https://www.alphavantage.co/documentation/) for TIME_SERIES_INTRADAY.,2026-05-17T14:08:53Z
RTX,2003-03,api_message,0,,Invalid API call. Please retry or visit the documentation (https://www.alphavantage.co/documentation/) for TIME_SERIES_INTRADAY.,2026-05-17T14:08:54Z
RTX,2003-04,api_message,0,,Invalid API call. Please retry or visit the documentation (https://www.alphavantage.co/documentation/) for TIME_SERIES_INTRADAY.,2026-05-17T14:08:54Z
RTX,2003-05,api_message,0,,Invalid API call. Please retry or visit the documentation (https://www.alphavantage.co/documentation/) for TIME_SERIES_INTRADAY.,2026-05-17T14:08:55Z
RTX,2003-06,api_message,0,,Invalid API call. Please retry or visit the documentation (https://www.alphavantage.co/documentation/) for TIME_SERIES_INTRADAY.,2026-05-17T14:08:55Z
RTX,2003-07,api_message,0,,Invalid API call. Please retry or visit the documentation (https://www.alphavantage.co/documentation/) for TIME_SERIES_INTRADAY.,2026-05-17T14:08:56Z
RTX,2003-08,api_message,0,,Invalid API call. Please retry or visit the documentation (https://www.alphavantage.co/documentation/) for TIME_SERIES_INTRADAY.,2026-05-17T14:08:56Z
RTX,2003-09,api_message,0,,Invalid API call. Please retry or visit the documentation (https://www.alphavantage.co/documentation/) for TIME_SERIES_INTRADAY.,2026-05-17T14:08:56Z
RTX,2003-10,api_message,0,,Invalid API call. Please retry or visit the documentation (https://www.alphavantage.co/documentation/) for TIME_SERIES_INTRADAY.,2026-05-17T14:08:57Z
RTX,2003-11,api_message,0,,Invalid API call. Please retry or visit the documentation (https://www.alphavantage.co/documentation/) for TIME_SERIES_INTRADAY.,2026-05-17T14:08:57Z
RTX,2003-12,api_message,0,,Invalid API call. Please retry or visit the documentation (https://www.alphavantage.co/documentation/) for TIME_SERIES_INTRADAY.,2026-05-17T14:08:58Z
RTX,2004-01,api_message,0,,Invalid API call. Please retry or visit the documentation (https://www.alphavantage.co/documentation/) for TIME_SERIES_INTRADAY.,2026-05-17T14:08:58Z
RTX,2004-02,api_message,0,,Invalid API call. Please retry or visit the documentation (https://www.alphavantage.co/documentation/) for TIME_SERIES_INTRADAY.,2026-05-17T14:08:59Z
RTX,2004-03,api_message,0,,Invalid API call. Please retry or visit the documentation (https://www.alphavantage.co/documentation/) for TIME_SERIES_INTRADAY.,2026-05-17T14:08:59Z
RTX,2004-04,api_message,0,,Invalid API call. Please retry or visit the documentation (https://www.alphavantage.co/documentation/) for TIME_SERIES_INTRADAY.,2026-05-17T14:09:00Z
RTX,2004-05,api_message,0,,Invalid API call. Please retry or visit the documentation (https://www.alphavantage.co/documentation/) for TIME_SERIES_INTRADAY.,2026-05-17T14:09:00Z
RTX,2004-06,api_message,0,,Invalid API call. Please retry or visit the documentation (https://www.alphavantage.co/documentation/) for TIME_SERIES_INTRADAY.,2026-05-17T14:09:01Z
RTX,2004-07,api_message,0,,Invalid API call. Please retry or visit the documentation (https://www.alphavantage.co/documentation/) for TIME_SERIES_INTRADAY.,2026-05-17T14:09:01Z
RTX,2004-08,api_message,0,,Invalid API call. Please retry or visit the documentation (https://www.alphavantage.co/documentation/) for TIME_SERIES_INTRADAY.,2026-05-17T14:09:02Z
RTX,2004-09,api_message,0,,Invalid API call. Please retry or visit the documentation (https://www.alphavantage.co/documentation/) for TIME_SERIES_INTRADAY.,2026-05-17T14:09:02Z
RTX,2004-10,api_message,0,,Invalid API call. Please retry or visit the documentation (https://www.alphavantage.co/documentation/) for TIME_SERIES_INTRADAY.,2026-05-17T14:09:02Z
RTX,2004-11,api_message,0,,Invalid API call. Please retry or visit the documentation (https://www.alphavantage.co/documentation/) for TIME_SERIES_INTRADAY.,2026-05-17T14:09:03Z
RTX,2004-12,api_message,0,,Invalid API call. Please retry or visit the documentation (https://www.alphavantage.co/documentation/) for TIME_SERIES_INTRADAY.,2026-05-17T14:09:03Z
RTX,2005-01,api_message,0,,Invalid API call. Please retry or visit the documentation (https://www.alphavantage.co/documentation/) for TIME_SERIES_INTRADAY.,2026-05-17T14:09:04Z
RTX,2005-02,api_message,0,,Invalid API call. Please retry or visit the documentation (https://www.alphavantage.co/documentation/) for TIME_SERIES_INTRADAY.,2026-05-17T14:09:04Z
RTX,2005-03,api_message,0,,Invalid API call. Please retry or visit the documentation (https://www.alphavantage.co/documentation/) for TIME_SERIES_INTRADAY.,2026-05-17T14:09:05Z
RTX,2005-04,api_message,0,,Invalid API call. Please retry or visit the documentation (https://www.alphavantage.co/documentation/) for TIME_SERIES_INTRADAY.,2026-05-17T14:09:05Z
RTX,2005-05,api_message,0,,Invalid API call. Please retry or visit the documentation (https://www.alphavantage.co/documentation/) for TIME_SERIES_INTRADAY.,2026-05-17T14:09:06Z
RTX,2005-06,api_message,0,,Invalid API call. Please retry or visit the documentation (https://www.alphavantage.co/documentation/) for TIME_SERIES_INTRADAY.,2026-05-17T14:09:06Z
RTX,2005-07,api_message,0,,Invalid API call. Please retry or visit the documentation (https://www.alphavantage.co/documentation/) for TIME_SERIES_INTRADAY.,2026-05-17T14:09:06Z
RTX,2005-08,api_message,0,,Invalid API call. Please retry or visit the documentation (https://www.alphavantage.co/documentation/) for TIME_SERIES_INTRADAY.,2026-05-17T14:09:07Z
RTX,2005-09,api_message,0,,Invalid API call. Please retry or visit the documentation (https://www.alphavantage.co/documentation/) for TIME_SERIES_INTRADAY.,2026-05-17T14:09:07Z
RTX,2005-10,api_message,0,,Invalid API call. Please retry or visit the documentation (https://www.alphavantage.co/documentation/) for TIME_SERIES_INTRADAY.,2026-05-17T14:09:08Z
RTX,2005-11,api_message,0,,Invalid API call. Please retry or visit the documentation (https://www.alphavantage.co/documentation/) for TIME_SERIES_INTRADAY.,2026-05-17T14:09:08Z
RTX,2005-12,api_message,0,,Invalid API call. Please retry or visit the documentation (https://www.alphavantage.co/documentation/) for TIME_SERIES_INTRADAY.,2026-05-17T14:09:08Z
RTX,2006-01,api_message,0,,Invalid API call. Please retry or visit the documentation (https://www.alphavantage.co/documentation/) for TIME_SERIES_INTRADAY.,2026-05-17T14:09:09Z
RTX,2006-02,api_message,0,,Invalid API call. Please retry or visit the documentation (https://www.alphavantage.co/documentation/) for TIME_SERIES_INTRADAY.,2026-05-17T14:09:09Z
RTX,2006-03,api_message,0,,Invalid API call. Please retry or visit the documentation (https://www.alphavantage.co/documentation/) for TIME_SERIES_INTRADAY.,2026-05-17T14:09:10Z
RTX,2006-04,api_message,0,,Invalid API call. Please retry or visit the documentation (https://www.alphavantage.co/documentation/) for TIME_SERIES_INTRADAY.,2026-05-17T14:09:10Z
RTX,2006-05,api_message,0,,Invalid API call. Please retry or visit the documentation (https://www.alphavantage.co/documentation/) for TIME_SERIES_INTRADAY.,2026-05-17T14:09:11Z
RTX,2006-06,api_message,0,,Invalid API call. Please retry or visit the documentation (https://www.alphavantage.co/documentation/) for TIME_SERIES_INTRADAY.,2026-05-17T14:09:11Z
RTX,2006-07,api_message,0,,Invalid API call. Please retry or visit the documentation (https://www.alphavantage.co/documentation/) for TIME_SERIES_INTRADAY.,2026-05-17T14:09:12Z
RTX,2006-08,api_message,0,,Invalid API call. Please retry or visit the documentation (https://www.alphavantage.co/documentation/) for TIME_SERIES_INTRADAY.,2026-05-17T14:09:12Z
RTX,2006-09,api_message,0,,Invalid API call. Please retry or visit the documentation (https://www.alphavantage.co/documentation/) for TIME_SERIES_INTRADAY.,2026-05-17T14:09:12Z
RTX,2006-10,api_message,0,,Invalid API call. Please retry or visit the documentation (https://www.alphavantage.co/documentation/) for TIME_SERIES_INTRADAY.,2026-05-17T14:09:13Z
RTX,2006-11,api_message,0,,Invalid API call. Please retry or visit the documentation (https://www.alphavantage.co/documentation/) for TIME_SERIES_INTRADAY.,2026-05-17T14:09:13Z
RTX,2006-12,api_message,0,,Invalid API call. Please retry or visit the documentation (https://www.alphavantage.co/documentation/) for TIME_SERIES_INTRADAY.,2026-05-17T14:09:14Z
RTX,2007-01,api_message,0,,Invalid API call. Please retry or visit the documentation (https://www.alphavantage.co/documentation/) for TIME_SERIES_INTRADAY.,2026-05-17T14:09:14Z
RTX,2007-02,api_message,0,,Invalid API call. Please retry or visit the documentation (https://www.alphavantage.co/documentation/) for TIME_SERIES_INTRADAY.,2026-05-17T14:09:14Z
RTX,2007-04,ok,139,av_intraday_5min/raw_monthly/RTX/2007-04.csv,csv ohlcv,2026-05-17T14:09:15Z
RTX,2007-05,ok,1716,av_intraday_5min/raw_monthly/RTX/2007-05.csv,csv ohlcv,2026-05-17T14:09:16Z
RTX,2007-06,ok,1560,av_intraday_5min/raw_monthly/RTX/2007-06.csv,csv ohlcv,2026-05-17T14:09:16Z
RTX,2007-07,ok,1603,av_intraday_5min/raw_monthly/RTX/2007-07.csv,csv ohlcv,2026-05-17T14:09:17Z
RTX,2007-08,ok,1794,av_intraday_5min/raw_monthly/RTX/2007-08.csv,csv ohlcv,2026-05-17T14:09:18Z
RTX,2007-09,ok,1482,av_intraday_5min/raw_monthly/RTX/2007-09.csv,csv ohlcv,2026-05-17T14:09:19Z
RTX,2007-10,ok,1794,av_intraday_5min/raw_monthly/RTX/2007-10.csv,csv ohlcv,2026-05-17T14:09:20Z
RTX,2007-11,ok,1608,av_intraday_5min/raw_monthly/RTX/2007-11.csv,csv ohlcv,2026-05-17T14:09:21Z
RTX,2007-12,ok,1530,av_intraday_5min/raw_monthly/RTX/2007-12.csv,csv ohlcv,2026-05-17T14:09:22Z
RTX,2008-01,ok,1638,av_intraday_5min/raw_monthly/RTX/2008-01.csv,csv ohlcv,2026-05-17T14:09:22Z
RTX,2008-02,ok,1560,av_intraday_5min/raw_monthly/RTX/2008-02.csv,csv ohlcv,2026-05-17T14:09:23Z
RTX,2008-03,ok,1560,av_intraday_5min/raw_monthly/RTX/2008-03.csv,csv ohlcv,2026-05-17T14:09:24Z
RTX,2008-04,ok,1716,av_intraday_5min/raw_monthly/RTX/2008-04.csv,csv ohlcv,2026-05-17T14:09:25Z
RTX,2008-05,ok,1638,av_intraday_5min/raw_monthly/RTX/2008-05.csv,csv ohlcv,2026-05-17T14:09:26Z
RTX,2008-06,ok,1638,av_intraday_5min/raw_monthly/RTX/2008-06.csv,csv ohlcv,2026-05-17T14:09:27Z
RTX,2008-07,ok,1687,av_intraday_5min/raw_monthly/RTX/2008-07.csv,csv ohlcv,2026-05-17T14:09:27Z
RTX,2008-08,ok,1638,av_intraday_5min/raw_monthly/RTX/2008-08.csv,csv ohlcv,2026-05-17T14:09:28Z
RTX,2008-09,ok,1638,av_intraday_5min/raw_monthly/RTX/2008-09.csv,csv ohlcv,2026-05-17T14:09:29Z
RTX,2008-10,ok,1794,av_intraday_5min/raw_monthly/RTX/2008-10.csv,csv ohlcv,2026-05-17T14:09:30Z
RTX,2008-11,ok,1453,av_intraday_5min/raw_monthly/RTX/2008-11.csv,csv ohlcv,2026-05-17T14:09:31Z
RTX,2008-12,ok,1683,av_intraday_5min/raw_monthly/RTX/2008-12.csv,csv ohlcv,2026-05-17T14:09:32Z
RTX,2009-01,ok,1560,av_intraday_5min/raw_monthly/RTX/2009-01.csv,csv ohlcv,2026-05-17T14:09:32Z
RTX,2009-02,ok,1482,av_intraday_5min/raw_monthly/RTX/2009-02.csv,csv ohlcv,2026-05-17T14:09:33Z
RTX,2009-03,ok,1716,av_intraday_5min/raw_monthly/RTX/2009-03.csv,csv ohlcv,2026-05-17T14:09:34Z
RTX,2009-04,ok,1638,av_intraday_5min/raw_monthly/RTX/2009-04.csv,csv ohlcv,2026-05-17T14:09:35Z
RTX,2009-05,ok,1560,av_intraday_5min/raw_monthly/RTX/2009-05.csv,csv ohlcv,2026-05-17T14:09:36Z
RTX,2009-06,ok,1716,av_intraday_5min/raw_monthly/RTX/2009-06.csv,csv ohlcv,2026-05-17T14:09:37Z
RTX,2009-07,ok,1716,av_intraday_5min/raw_monthly/RTX/2009-07.csv,csv ohlcv,2026-05-17T14:09:38Z
RTX,2009-08,ok,1638,av_intraday_5min/raw_monthly/RTX/2009-08.csv,csv ohlcv,2026-05-17T14:09:38Z
RTX,2009-09,ok,1638,av_intraday_5min/raw_monthly/RTX/2009-09.csv,csv ohlcv,2026-05-17T14:09:39Z
RTX,2009-10,ok,1716,av_intraday_5min/raw_monthly/RTX/2009-10.csv,csv ohlcv,2026-05-17T14:09:40Z
RTX,2009-11,ok,1529,av_intraday_5min/raw_monthly/RTX/2009-11.csv,csv ohlcv,2026-05-17T14:09:41Z
RTX,2009-12,ok,1682,av_intraday_5min/raw_monthly/RTX/2009-12.csv,csv ohlcv,2026-05-17T14:09:42Z
RTX,2010-01,ok,1482,av_intraday_5min/raw_monthly/RTX/2010-01.csv,csv ohlcv,2026-05-17T14:09:42Z
RTX,2010-02,ok,1482,av_intraday_5min/raw_monthly/RTX/2010-02.csv,csv ohlcv,2026-05-17T14:09:43Z
RTX,2010-03,ok,1794,av_intraday_5min/raw_monthly/RTX/2010-03.csv,csv ohlcv,2026-05-17T14:09:44Z
RTX,2010-04,ok,1638,av_intraday_5min/raw_monthly/RTX/2010-04.csv,csv ohlcv,2026-05-17T14:09:45Z
RTX,2010-05,ok,1560,av_intraday_5min/raw_monthly/RTX/2010-05.csv,csv ohlcv,2026-05-17T14:09:46Z
RTX,2010-06,ok,1716,av_intraday_5min/raw_monthly/RTX/2010-06.csv,csv ohlcv,2026-05-17T14:09:47Z
RTX,2010-07,ok,1638,av_intraday_5min/raw_monthly/RTX/2010-07.csv,csv ohlcv,2026-05-17T14:09:47Z
RTX,2010-08,ok,1716,av_intraday_5min/raw_monthly/RTX/2010-08.csv,csv ohlcv,2026-05-17T14:09:48Z
RTX,2010-09,ok,1638,av_intraday_5min/raw_monthly/RTX/2010-09.csv,csv ohlcv,2026-05-17T14:09:49Z
RTX,2010-10,ok,1638,av_intraday_5min/raw_monthly/RTX/2010-10.csv,csv ohlcv,2026-05-17T14:09:50Z
RTX,2010-11,ok,1603,av_intraday_5min/raw_monthly/RTX/2010-11.csv,csv ohlcv,2026-05-17T14:09:51Z
RTX,2010-12,ok,1716,av_intraday_5min/raw_monthly/RTX/2010-12.csv,csv ohlcv,2026-05-17T14:09:52Z
RTX,2011-01,ok,1560,av_intraday_5min/raw_monthly/RTX/2011-01.csv,csv ohlcv,2026-05-17T14:09:53Z
RTX,2011-02,ok,1482,av_intraday_5min/raw_monthly/RTX/2011-02.csv,csv ohlcv,2026-05-17T14:09:54Z
RTX,2011-03,ok,1794,av_intraday_5min/raw_monthly/RTX/2011-03.csv,csv ohlcv,2026-05-17T14:09:54Z
RTX,2011-04,ok,1560,av_intraday_5min/raw_monthly/RTX/2011-04.csv,csv ohlcv,2026-05-17T14:09:55Z
RTX,2011-05,ok,1638,av_intraday_5min/raw_monthly/RTX/2011-05.csv,csv ohlcv,2026-05-17T14:09:56Z
RTX,2011-06,ok,1716,av_intraday_5min/raw_monthly/RTX/2011-06.csv,csv ohlcv,2026-05-17T14:09:57Z
RTX,2011-07,ok,1560,av_intraday_5min/raw_monthly/RTX/2011-07.csv,csv ohlcv,2026-05-17T14:09:58Z
RTX,2011-08,ok,1794,av_intraday_5min/raw_monthly/RTX/2011-08.csv,csv ohlcv,2026-05-17T14:09:59Z
RTX,2011-09,ok,1638,av_intraday_5min/raw_monthly/RTX/2011-09.csv,csv ohlcv,2026-05-17T14:10:00Z
RTX,2011-10,ok,1638,av_intraday_5min/raw_monthly/RTX/2011-10.csv,csv ohlcv,2026-05-17T14:10:01Z
RTX,2011-11,ok,1603,av_intraday_5min/raw_monthly/RTX/2011-11.csv,csv ohlcv,2026-05-17T14:10:02Z
RTX,2011-12,ok,1638,av_intraday_5min/raw_monthly/RTX/2011-12.csv,csv ohlcv,2026-05-17T14:10:03Z
RTX,2012-01,ok,1560,av_intraday_5min/raw_monthly/RTX/2012-01.csv,csv ohlcv,2026-05-17T14:10:03Z
RTX,2012-02,ok,1560,av_intraday_5min/raw_monthly/RTX/2012-02.csv,csv ohlcv,2026-05-17T14:10:04Z
RTX,2012-03,ok,1716,av_intraday_5min/raw_monthly/RTX/2012-03.csv,csv ohlcv,2026-05-17T14:10:05Z
RTX,2012-04,ok,1560,av_intraday_5min/raw_monthly/RTX/2012-04.csv,csv ohlcv,2026-05-17T14:10:06Z
RTX,2012-05,ok,1716,av_intraday_5min/raw_monthly/RTX/2012-05.csv,csv ohlcv,2026-05-17T14:10:07Z
RTX,2012-06,ok,1638,av_intraday_5min/raw_monthly/RTX/2012-06.csv,csv ohlcv,2026-05-17T14:10:08Z
RTX,2012-07,ok,1604,av_intraday_5min/raw_monthly/RTX/2012-07.csv,csv ohlcv,2026-05-17T14:10:09Z
RTX,2012-08,ok,1794,av_intraday_5min/raw_monthly/RTX/2012-08.csv,csv ohlcv,2026-05-17T14:10:09Z
RTX,2012-09,ok,1482,av_intraday_5min/raw_monthly/RTX/2012-09.csv,csv ohlcv,2026-05-17T14:10:10Z
RTX,2012-10,ok,1638,av_intraday_5min/raw_monthly/RTX/2012-10.csv,csv ohlcv,2026-05-17T14:10:11Z
RTX,2012-11,ok,1604,av_intraday_5min/raw_monthly/RTX/2012-11.csv,csv ohlcv,2026-05-17T14:10:12Z
RTX,2012-12,ok,1526,av_intraday_5min/raw_monthly/RTX/2012-12.csv,csv ohlcv,2026-05-17T14:10:13Z
RTX,2013-01,ok,1638,av_intraday_5min/raw_monthly/RTX/2013-01.csv,csv ohlcv,2026-05-17T14:10:14Z
RTX,2013-02,ok,1482,av_intraday_5min/raw_monthly/RTX/2013-02.csv,csv ohlcv,2026-05-17T14:10:15Z
RTX,2013-03,ok,1560,av_intraday_5min/raw_monthly/RTX/2013-03.csv,csv ohlcv,2026-05-17T14:10:16Z
RTX,2013-04,ok,1716,av_intraday_5min/raw_monthly/RTX/2013-04.csv,csv ohlcv,2026-05-17T14:10:17Z
RTX,2013-05,ok,1716,av_intraday_5min/raw_monthly/RTX/2013-05.csv,csv ohlcv,2026-05-17T14:10:17Z
RTX,2013-06,ok,1560,av_intraday_5min/raw_monthly/RTX/2013-06.csv,csv ohlcv,2026-05-17T14:10:18Z
RTX,2013-07,ok,1684,av_intraday_5min/raw_monthly/RTX/2013-07.csv,csv ohlcv,2026-05-17T14:10:19Z
RTX,2013-08,ok,1716,av_intraday_5min/raw_monthly/RTX/2013-08.csv,csv ohlcv,2026-05-17T14:10:20Z
RTX,2013-09,ok,1560,av_intraday_5min/raw_monthly/RTX/2013-09.csv,csv ohlcv,2026-05-17T14:10:21Z
RTX,2013-10,ok,1794,av_intraday_5min/raw_monthly/RTX/2013-10.csv,csv ohlcv,2026-05-17T14:10:22Z
RTX,2013-11,ok,1526,av_intraday_5min/raw_monthly/RTX/2013-11.csv,csv ohlcv,2026-05-17T14:10:23Z
RTX,2013-12,ok,1604,av_intraday_5min/raw_monthly/RTX/2013-12.csv,csv ohlcv,2026-05-17T14:10:24Z
RTX,2014-01,ok,1638,av_intraday_5min/raw_monthly/RTX/2014-01.csv,csv ohlcv,2026-05-17T14:10:24Z
RTX,2014-02,ok,1482,av_intraday_5min/raw_monthly/RTX/2014-02.csv,csv ohlcv,2026-05-17T14:10:25Z
RTX,2014-03,ok,1638,av_intraday_5min/raw_monthly/RTX/2014-03.csv,csv ohlcv,2026-05-17T14:10:26Z
RTX,2014-04,ok,1638,av_intraday_5min/raw_monthly/RTX/2014-04.csv,csv ohlcv,2026-05-17T14:10:27Z
RTX,2014-05,ok,1638,av_intraday_5min/raw_monthly/RTX/2014-05.csv,csv ohlcv,2026-05-17T14:10:28Z
RTX,2014-06,ok,1638,av_intraday_5min/raw_monthly/RTX/2014-06.csv,csv ohlcv,2026-05-17T14:10:29Z
RTX,2014-07,ok,1683,av_intraday_5min/raw_monthly/RTX/2014-07.csv,csv ohlcv,2026-05-17T14:10:30Z
RTX,2014-08,ok,1638,av_intraday_5min/raw_monthly/RTX/2014-08.csv,csv ohlcv,2026-05-17T14:10:31Z
RTX,2014-09,ok,1638,av_intraday_5min/raw_monthly/RTX/2014-09.csv,csv ohlcv,2026-05-17T14:10:31Z
RTX,2014-10,ok,1783,av_intraday_5min/raw_monthly/RTX/2014-10.csv,csv ohlcv,2026-05-17T14:10:32Z
RTX,2014-11,ok,1449,av_intraday_5min/raw_monthly/RTX/2014-11.csv,csv ohlcv,2026-05-17T14:10:33Z
RTX,2014-12,ok,1684,av_intraday_5min/raw_monthly/RTX/2014-12.csv,csv ohlcv,2026-05-17T14:10:34Z
RTX,2015-01,ok,1560,av_intraday_5min/raw_monthly/RTX/2015-01.csv,csv ohlcv,2026-05-17T14:10:35Z
RTX,2015-02,ok,1482,av_intraday_5min/raw_monthly/RTX/2015-02.csv,csv ohlcv,2026-05-17T14:10:36Z
RTX,2015-03,ok,1716,av_intraday_5min/raw_monthly/RTX/2015-03.csv,csv ohlcv,2026-05-17T14:10:36Z
RTX,2015-04,ok,1638,av_intraday_5min/raw_monthly/RTX/2015-04.csv,csv ohlcv,2026-05-17T14:10:37Z
RTX,2015-05,ok,1560,av_intraday_5min/raw_monthly/RTX/2015-05.csv,csv ohlcv,2026-05-17T14:10:38Z
RTX,2015-06,ok,1716,av_intraday_5min/raw_monthly/RTX/2015-06.csv,csv ohlcv,2026-05-17T14:10:39Z
RTX,2015-07,ok,1716,av_intraday_5min/raw_monthly/RTX/2015-07.csv,csv ohlcv,2026-05-17T14:10:40Z
RTX,2015-08,ok,1638,av_intraday_5min/raw_monthly/RTX/2015-08.csv,csv ohlcv,2026-05-17T14:10:41Z
RTX,2015-09,ok,1638,av_intraday_5min/raw_monthly/RTX/2015-09.csv,csv ohlcv,2026-05-17T14:10:42Z
RTX,2015-10,ok,1716,av_intraday_5min/raw_monthly/RTX/2015-10.csv,csv ohlcv,2026-05-17T14:10:43Z
RTX,2015-11,ok,1528,av_intraday_5min/raw_monthly/RTX/2015-11.csv,csv ohlcv,2026-05-17T14:10:44Z
RTX,2015-12,ok,1681,av_intraday_5min/raw_monthly/RTX/2015-12.csv,csv ohlcv,2026-05-17T14:10:44Z
RTX,2016-01,ok,1482,av_intraday_5min/raw_monthly/RTX/2016-01.csv,csv ohlcv,2026-05-17T14:10:45Z
RTX,2016-02,ok,1557,av_intraday_5min/raw_monthly/RTX/2016-02.csv,csv ohlcv,2026-05-17T14:10:46Z
RTX,2016-03,ok,1716,av_intraday_5min/raw_monthly/RTX/2016-03.csv,csv ohlcv,2026-05-17T14:10:47Z
RTX,2016-04,ok,1638,av_intraday_5min/raw_monthly/RTX/2016-04.csv,csv ohlcv,2026-05-17T14:10:48Z
RTX,2016-05,ok,1638,av_intraday_5min/raw_monthly/RTX/2016-05.csv,csv ohlcv,2026-05-17T14:10:49Z
RTX,2016-06,ok,1716,av_intraday_5min/raw_monthly/RTX/2016-06.csv,csv ohlcv,2026-05-17T14:10:49Z
RTX,2016-07,ok,1560,av_intraday_5min/raw_monthly/RTX/2016-07.csv,csv ohlcv,2026-05-17T14:10:50Z
RTX,2016-08,ok,1794,av_intraday_5min/raw_monthly/RTX/2016-08.csv,csv ohlcv,2026-05-17T14:10:51Z
RTX,2016-09,ok,1638,av_intraday_5min/raw_monthly/RTX/2016-09.csv,csv ohlcv,2026-05-17T14:10:52Z
RTX,2016-10,ok,1638,av_intraday_5min/raw_monthly/RTX/2016-10.csv,csv ohlcv,2026-05-17T14:10:53Z
RTX,2016-11,ok,1607,av_intraday_5min/raw_monthly/RTX/2016-11.csv,csv ohlcv,2026-05-17T14:10:54Z
RTX,2016-12,ok,1638,av_intraday_5min/raw_monthly/RTX/2016-12.csv,csv ohlcv,2026-05-17T14:10:55Z
RTX,2017-01,ok,1560,av_intraday_5min/raw_monthly/RTX/2017-01.csv,csv ohlcv,2026-05-17T14:10:55Z
RTX,2017-02,ok,1482,av_intraday_5min/raw_monthly/RTX/2017-02.csv,csv ohlcv,2026-05-17T14:10:56Z
RTX,2017-03,ok,1794,av_intraday_5min/raw_monthly/RTX/2017-03.csv,csv ohlcv,2026-05-17T14:10:57Z
RTX,2017-04,ok,1482,av_intraday_5min/raw_monthly/RTX/2017-04.csv,csv ohlcv,2026-05-17T14:10:58Z
RTX,2017-05,ok,1716,av_intraday_5min/raw_monthly/RTX/2017-05.csv,csv ohlcv,2026-05-17T14:10:59Z
RTX,2017-06,ok,1716,av_intraday_5min/raw_monthly/RTX/2017-06.csv,csv ohlcv,2026-05-17T14:10:59Z
RTX,2017-07,ok,1528,av_intraday_5min/raw_monthly/RTX/2017-07.csv,csv ohlcv,2026-05-17T14:11:00Z
RTX,2017-08,ok,1794,av_intraday_5min/raw_monthly/RTX/2017-08.csv,csv ohlcv,2026-05-17T14:11:01Z
RTX,2017-09,ok,1560,av_intraday_5min/raw_monthly/RTX/2017-09.csv,csv ohlcv,2026-05-17T14:11:02Z
RTX,2017-10,ok,1716,av_intraday_5min/raw_monthly/RTX/2017-10.csv,csv ohlcv,2026-05-17T14:11:03Z
RTX,2017-11,ok,1605,av_intraday_5min/raw_monthly/RTX/2017-11.csv,csv ohlcv,2026-05-17T14:11:04Z
WBA,2001-02,ok,1477,av_intraday_5min/raw_monthly/WBA/2001-02.csv,csv ohlcv,2026-05-17T14:11:05Z
WBA,2001-03,ok,1714,av_intraday_5min/raw_monthly/WBA/2001-03.csv,csv ohlcv,2026-05-17T14:11:06Z
WBA,2001-04,ok,1560,av_intraday_5min/raw_monthly/WBA/2001-04.csv,csv ohlcv,2026-05-17T14:11:06Z
WBA,2001-05,ok,1712,av_intraday_5min/raw_monthly/WBA/2001-05.csv,csv ohlcv,2026-05-17T14:11:07Z
WBA,2001-06,ok,1604,av_intraday_5min/raw_monthly/WBA/2001-06.csv,csv ohlcv,2026-05-17T14:11:08Z
WBA,2001-07,ok,1598,av_intraday_5min/raw_monthly/WBA/2001-07.csv,csv ohlcv,2026-05-17T14:11:09Z
WBA,2001-08,ok,1793,av_intraday_5min/raw_monthly/WBA/2001-08.csv,csv ohlcv,2026-05-17T14:11:10Z
WBA,2001-09,ok,1165,av_intraday_5min/raw_monthly/WBA/2001-09.csv,csv ohlcv,2026-05-17T14:11:11Z
WBA,2001-10,ok,1791,av_intraday_5min/raw_monthly/WBA/2001-10.csv,csv ohlcv,2026-05-17T14:11:11Z
WBA,2001-11,ok,1597,av_intraday_5min/raw_monthly/WBA/2001-11.csv,csv ohlcv,2026-05-17T14:11:12Z
WBA,2001-12,ok,1523,av_intraday_5min/raw_monthly/WBA/2001-12.csv,csv ohlcv,2026-05-17T14:11:13Z
WBA,2002-01,ok,1637,av_intraday_5min/raw_monthly/WBA/2002-01.csv,csv ohlcv,2026-05-17T14:11:14Z
WBA,2002-02,ok,1480,av_intraday_5min/raw_monthly/WBA/2002-02.csv,csv ohlcv,2026-05-17T14:11:15Z
WBA,2002-03,ok,1558,av_intraday_5min/raw_monthly/WBA/2002-03.csv,csv ohlcv,2026-05-17T14:11:16Z
WBA,2002-04,ok,1715,av_intraday_5min/raw_monthly/WBA/2002-04.csv,csv ohlcv,2026-05-17T14:11:16Z
WBA,2002-05,ok,1715,av_intraday_5min/raw_monthly/WBA/2002-05.csv,csv ohlcv,2026-05-17T14:11:17Z
WBA,2002-06,ok,1556,av_intraday_5min/raw_monthly/WBA/2002-06.csv,csv ohlcv,2026-05-17T14:11:18Z
WBA,2002-07,ok,1677,av_intraday_5min/raw_monthly/WBA/2002-07.csv,csv ohlcv,2026-05-17T14:11:19Z
WBA,2002-08,ok,1715,av_intraday_5min/raw_monthly/WBA/2002-08.csv,csv ohlcv,2026-05-17T14:11:20Z
WBA,2002-09,ok,1526,av_intraday_5min/raw_monthly/WBA/2002-09.csv,csv ohlcv,2026-05-17T14:11:21Z
WBA,2002-10,ok,1794,av_intraday_5min/raw_monthly/WBA/2002-10.csv,csv ohlcv,2026-05-17T14:11:21Z
WBA,2002-11,ok,1523,av_intraday_5min/raw_monthly/WBA/2002-11.csv,csv ohlcv,2026-05-17T14:11:22Z
WBA,2002-12,ok,1601,av_intraday_5min/raw_monthly/WBA/2002-12.csv,csv ohlcv,2026-05-17T14:11:23Z
WBA,2003-01,ok,1636,av_intraday_5min/raw_monthly/WBA/2003-01.csv,csv ohlcv,2026-05-17T14:11:24Z
WBA,2003-02,ok,1481,av_intraday_5min/raw_monthly/WBA/2003-02.csv,csv ohlcv,2026-05-17T14:11:25Z
WBA,2003-03,ok,1637,av_intraday_5min/raw_monthly/WBA/2003-03.csv,csv ohlcv,2026-05-17T14:11:26Z
WBA,2003-04,ok,1637,av_intraday_5min/raw_monthly/WBA/2003-04.csv,csv ohlcv,2026-05-17T14:11:27Z
WBA,2003-05,ok,1638,av_intraday_5min/raw_monthly/WBA/2003-05.csv,csv ohlcv,2026-05-17T14:11:27Z
WBA,2003-06,ok,1636,av_intraday_5min/raw_monthly/WBA/2003-06.csv,csv ohlcv,2026-05-17T14:11:28Z
WBA,2003-07,ok,1681,av_intraday_5min/raw_monthly/WBA/2003-07.csv,csv ohlcv,2026-05-17T14:11:29Z
WBA,2003-08,ok,1638,av_intraday_5min/raw_monthly/WBA/2003-08.csv,csv ohlcv,2026-05-17T14:11:30Z
WBA,2003-09,ok,1633,av_intraday_5min/raw_monthly/WBA/2003-09.csv,csv ohlcv,2026-05-17T14:11:31Z
WBA,2003-10,ok,1793,av_intraday_5min/raw_monthly/WBA/2003-10.csv,csv ohlcv,2026-05-17T14:11:32Z
WBA,2003-11,ok,1445,av_intraday_5min/raw_monthly/WBA/2003-11.csv,csv ohlcv,2026-05-17T14:11:33Z
WBA,2003-12,ok,1644,av_intraday_5min/raw_monthly/WBA/2003-12.csv,csv ohlcv,2026-05-17T14:11:33Z
WBA,2004-01,ok,1559,av_intraday_5min/raw_monthly/WBA/2004-01.csv,csv ohlcv,2026-05-17T14:11:34Z
WBA,2004-02,ok,1481,av_intraday_5min/raw_monthly/WBA/2004-02.csv,csv ohlcv,2026-05-17T14:11:35Z
WBA,2004-03,ok,1794,av_intraday_5min/raw_monthly/WBA/2004-03.csv,csv ohlcv,2026-05-17T14:11:36Z
WBA,2004-04,ok,1636,av_intraday_5min/raw_monthly/WBA/2004-04.csv,csv ohlcv,2026-05-17T14:11:37Z
WBA,2004-05,ok,1560,av_intraday_5min/raw_monthly/WBA/2004-05.csv,csv ohlcv,2026-05-17T14:11:38Z
WBA,2004-06,ok,1638,av_intraday_5min/raw_monthly/WBA/2004-06.csv,csv ohlcv,2026-05-17T14:11:38Z
WBA,2004-07,ok,1638,av_intraday_5min/raw_monthly/WBA/2004-07.csv,csv ohlcv,2026-05-17T14:11:39Z
WBA,2004-08,ok,1716,av_intraday_5min/raw_monthly/WBA/2004-08.csv,csv ohlcv,2026-05-17T14:11:40Z
WBA,2004-09,ok,1638,av_intraday_5min/raw_monthly/WBA/2004-09.csv,csv ohlcv,2026-05-17T14:11:41Z
WBA,2004-10,ok,1638,av_intraday_5min/raw_monthly/WBA/2004-10.csv,csv ohlcv,2026-05-17T14:11:42Z
WBA,2004-11,ok,1603,av_intraday_5min/raw_monthly/WBA/2004-11.csv,csv ohlcv,2026-05-17T14:11:43Z
WBA,2004-12,ok,1716,av_intraday_5min/raw_monthly/WBA/2004-12.csv,csv ohlcv,2026-05-17T14:11:43Z
WBA,2005-01,ok,1559,av_intraday_5min/raw_monthly/WBA/2005-01.csv,csv ohlcv,2026-05-17T14:11:44Z
WBA,2005-02,ok,1482,av_intraday_5min/raw_monthly/WBA/2005-02.csv,csv ohlcv,2026-05-17T14:11:45Z
WBA,2005-03,ok,1716,av_intraday_5min/raw_monthly/WBA/2005-03.csv,csv ohlcv,2026-05-17T14:11:46Z
WBA,2005-04,ok,1638,av_intraday_5min/raw_monthly/WBA/2005-04.csv,csv ohlcv,2026-05-17T14:11:46Z
WBA,2005-05,ok,1638,av_intraday_5min/raw_monthly/WBA/2005-05.csv,csv ohlcv,2026-05-17T14:11:47Z
WBA,2005-06,ok,1714,av_intraday_5min/raw_monthly/WBA/2005-06.csv,csv ohlcv,2026-05-17T14:11:48Z
WBA,2005-07,ok,1560,av_intraday_5min/raw_monthly/WBA/2005-07.csv,csv ohlcv,2026-05-17T14:11:49Z
WBA,2005-08,ok,1794,av_intraday_5min/raw_monthly/WBA/2005-08.csv,csv ohlcv,2026-05-17T14:11:50Z
WBA,2005-09,ok,1638,av_intraday_5min/raw_monthly/WBA/2005-09.csv,csv ohlcv,2026-05-17T14:11:51Z
WBA,2005-10,ok,1638,av_intraday_5min/raw_monthly/WBA/2005-10.csv,csv ohlcv,2026-05-17T14:11:51Z
WBA,2005-11,ok,1603,av_intraday_5min/raw_monthly/WBA/2005-11.csv,csv ohlcv,2026-05-17T14:11:52Z
WBA,2005-12,ok,1638,av_intraday_5min/raw_monthly/WBA/2005-12.csv,csv ohlcv,2026-05-17T14:11:53Z
WBA,2006-01,ok,1559,av_intraday_5min/raw_monthly/WBA/2006-01.csv,csv ohlcv,2026-05-17T14:11:54Z
WBA,2006-02,ok,1482,av_intraday_5min/raw_monthly/WBA/2006-02.csv,csv ohlcv,2026-05-17T14:11:55Z
WBA,2006-03,ok,1794,av_intraday_5min/raw_monthly/WBA/2006-03.csv,csv ohlcv,2026-05-17T14:11:55Z
WBA,2006-04,ok,1482,av_intraday_5min/raw_monthly/WBA/2006-04.csv,csv ohlcv,2026-05-17T14:11:56Z
WBA,2006-05,ok,1716,av_intraday_5min/raw_monthly/WBA/2006-05.csv,csv ohlcv,2026-05-17T14:11:57Z
WBA,2006-06,ok,1716,av_intraday_5min/raw_monthly/WBA/2006-06.csv,csv ohlcv,2026-05-17T14:11:58Z
WBA,2006-07,ok,1525,av_intraday_5min/raw_monthly/WBA/2006-07.csv,csv ohlcv,2026-05-17T14:11:59Z
WBA,2006-08,ok,1794,av_intraday_5min/raw_monthly/WBA/2006-08.csv,csv ohlcv,2026-05-17T14:12:00Z
WBA,2006-09,ok,1559,av_intraday_5min/raw_monthly/WBA/2006-09.csv,csv ohlcv,2026-05-17T14:12:01Z
WBA,2006-10,ok,1716,av_intraday_5min/raw_monthly/WBA/2006-10.csv,csv ohlcv,2026-05-17T14:12:01Z
WBA,2006-11,ok,1603,av_intraday_5min/raw_monthly/WBA/2006-11.csv,csv ohlcv,2026-05-17T14:12:02Z
WBA,2006-12,ok,1560,av_intraday_5min/raw_monthly/WBA/2006-12.csv,csv ohlcv,2026-05-17T14:12:03Z
WBA,2007-01,ok,1560,av_intraday_5min/raw_monthly/WBA/2007-01.csv,csv ohlcv,2026-05-17T14:12:04Z
WBA,2007-02,ok,1482,av_intraday_5min/raw_monthly/WBA/2007-02.csv,csv ohlcv,2026-05-17T14:12:04Z
WBA,2007-03,ok,1716,av_intraday_5min/raw_monthly/WBA/2007-03.csv,csv ohlcv,2026-05-17T14:12:05Z
WBA,2007-04,ok,1560,av_intraday_5min/raw_monthly/WBA/2007-04.csv,csv ohlcv,2026-05-17T14:12:06Z
WBA,2007-05,ok,1715,av_intraday_5min/raw_monthly/WBA/2007-05.csv,csv ohlcv,2026-05-17T14:12:07Z
WBA,2007-06,ok,1638,av_intraday_5min/raw_monthly/WBA/2007-06.csv,csv ohlcv,2026-05-17T14:12:08Z
WBA,2007-07,ok,1606,av_intraday_5min/raw_monthly/WBA/2007-07.csv,csv ohlcv,2026-05-17T14:12:09Z
WBA,2007-08,ok,1794,av_intraday_5min/raw_monthly/WBA/2007-08.csv,csv ohlcv,2026-05-17T14:12:10Z
WBA,2007-09,ok,1482,av_intraday_5min/raw_monthly/WBA/2007-09.csv,csv ohlcv,2026-05-17T14:12:11Z
WBA,2007-10,ok,1794,av_intraday_5min/raw_monthly/WBA/2007-10.csv,csv ohlcv,2026-05-17T14:12:11Z
WBA,2007-11,ok,1607,av_intraday_5min/raw_monthly/WBA/2007-11.csv,csv ohlcv,2026-05-17T14:12:12Z
WBA,2007-12,ok,1528,av_intraday_5min/raw_monthly/WBA/2007-12.csv,csv ohlcv,2026-05-17T14:12:13Z
WBA,2008-01,ok,1638,av_intraday_5min/raw_monthly/WBA/2008-01.csv,csv ohlcv,2026-05-17T14:12:14Z
WBA,2008-02,ok,1560,av_intraday_5min/raw_monthly/WBA/2008-02.csv,csv ohlcv,2026-05-17T14:12:15Z
WBA,2008-03,ok,1560,av_intraday_5min/raw_monthly/WBA/2008-03.csv,csv ohlcv,2026-05-17T14:12:16Z
WBA,2008-04,ok,1716,av_intraday_5min/raw_monthly/WBA/2008-04.csv,csv ohlcv,2026-05-17T14:12:17Z
WBA,2008-05,ok,1638,av_intraday_5min/raw_monthly/WBA/2008-05.csv,csv ohlcv,2026-05-17T14:12:18Z
WBA,2008-06,ok,1638,av_intraday_5min/raw_monthly/WBA/2008-06.csv,csv ohlcv,2026-05-17T14:12:19Z
WBA,2008-07,ok,1684,av_intraday_5min/raw_monthly/WBA/2008-07.csv,csv ohlcv,2026-05-17T14:12:20Z
WBA,2008-08,ok,1638,av_intraday_5min/raw_monthly/WBA/2008-08.csv,csv ohlcv,2026-05-17T14:12:20Z
WBA,2008-09,ok,1638,av_intraday_5min/raw_monthly/WBA/2008-09.csv,csv ohlcv,2026-05-17T14:12:21Z
WBA,2008-10,ok,1794,av_intraday_5min/raw_monthly/WBA/2008-10.csv,csv ohlcv,2026-05-17T14:12:22Z
WBA,2008-11,ok,1451,av_intraday_5min/raw_monthly/WBA/2008-11.csv,csv ohlcv,2026-05-17T14:12:23Z
WBA,2008-12,ok,1683,av_intraday_5min/raw_monthly/WBA/2008-12.csv,csv ohlcv,2026-05-17T14:12:24Z
WBA,2009-01,ok,1560,av_intraday_5min/raw_monthly/WBA/2009-01.csv,csv ohlcv,2026-05-17T14:12:25Z
WBA,2009-02,ok,1482,av_intraday_5min/raw_monthly/WBA/2009-02.csv,csv ohlcv,2026-05-17T14:12:25Z
WBA,2009-03,ok,1716,av_intraday_5min/raw_monthly/WBA/2009-03.csv,csv ohlcv,2026-05-17T14:12:26Z
WBA,2009-04,ok,1638,av_intraday_5min/raw_monthly/WBA/2009-04.csv,csv ohlcv,2026-05-17T14:12:27Z
WBA,2009-05,ok,1560,av_intraday_5min/raw_monthly/WBA/2009-05.csv,csv ohlcv,2026-05-17T14:12:28Z
WBA,2009-06,ok,1716,av_intraday_5min/raw_monthly/WBA/2009-06.csv,csv ohlcv,2026-05-17T14:12:29Z
WBA,2009-07,ok,1716,av_intraday_5min/raw_monthly/WBA/2009-07.csv,csv ohlcv,2026-05-17T14:12:30Z
WBA,2009-08,ok,1638,av_intraday_5min/raw_monthly/WBA/2009-08.csv,csv ohlcv,2026-05-17T14:12:31Z
WBA,2009-09,ok,1638,av_intraday_5min/raw_monthly/WBA/2009-09.csv,csv ohlcv,2026-05-17T14:12:31Z
WBA,2009-10,ok,1716,av_intraday_5min/raw_monthly/WBA/2009-10.csv,csv ohlcv,2026-05-17T14:12:32Z
WBA,2009-11,ok,1527,av_intraday_5min/raw_monthly/WBA/2009-11.csv,csv ohlcv,2026-05-17T14:12:33Z
WBA,2009-12,ok,1683,av_intraday_5min/raw_monthly/WBA/2009-12.csv,csv ohlcv,2026-05-17T14:12:34Z
WBA,2010-01,ok,1482,av_intraday_5min/raw_monthly/WBA/2010-01.csv,csv ohlcv,2026-05-17T14:12:35Z
WBA,2010-02,ok,1482,av_intraday_5min/raw_monthly/WBA/2010-02.csv,csv ohlcv,2026-05-17T14:12:35Z
WBA,2010-03,ok,1794,av_intraday_5min/raw_monthly/WBA/2010-03.csv,csv ohlcv,2026-05-17T14:12:36Z
WBA,2010-04,ok,1638,av_intraday_5min/raw_monthly/WBA/2010-04.csv,csv ohlcv,2026-05-17T14:12:37Z
WBA,2010-05,ok,1560,av_intraday_5min/raw_monthly/WBA/2010-05.csv,csv ohlcv,2026-05-17T14:12:38Z
WBA,2010-06,ok,1716,av_intraday_5min/raw_monthly/WBA/2010-06.csv,csv ohlcv,2026-05-17T14:12:39Z
WBA,2010-07,ok,1638,av_intraday_5min/raw_monthly/WBA/2010-07.csv,csv ohlcv,2026-05-17T14:12:40Z
WBA,2010-08,ok,1716,av_intraday_5min/raw_monthly/WBA/2010-08.csv,csv ohlcv,2026-05-17T14:12:41Z
WBA,2010-09,ok,1638,av_intraday_5min/raw_monthly/WBA/2010-09.csv,csv ohlcv,2026-05-17T14:12:42Z
WBA,2010-10,ok,1638,av_intraday_5min/raw_monthly/WBA/2010-10.csv,csv ohlcv,2026-05-17T14:12:42Z
WBA,2010-11,ok,1609,av_intraday_5min/raw_monthly/WBA/2010-11.csv,csv ohlcv,2026-05-17T14:12:43Z
WBA,2010-12,ok,1716,av_intraday_5min/raw_monthly/WBA/2010-12.csv,csv ohlcv,2026-05-17T14:12:44Z
WBA,2011-01,ok,1560,av_intraday_5min/raw_monthly/WBA/2011-01.csv,csv ohlcv,2026-05-17T14:12:45Z
WBA,2011-02,ok,1482,av_intraday_5min/raw_monthly/WBA/2011-02.csv,csv ohlcv,2026-05-17T14:12:46Z
WBA,2011-03,ok,1794,av_intraday_5min/raw_monthly/WBA/2011-03.csv,csv ohlcv,2026-05-17T14:12:46Z
WBA,2011-04,ok,1560,av_intraday_5min/raw_monthly/WBA/2011-04.csv,csv ohlcv,2026-05-17T14:12:47Z
WBA,2011-05,ok,1638,av_intraday_5min/raw_monthly/WBA/2011-05.csv,csv ohlcv,2026-05-17T14:12:48Z
WBA,2011-06,ok,1716,av_intraday_5min/raw_monthly/WBA/2011-06.csv,csv ohlcv,2026-05-17T14:12:49Z
WBA,2011-07,ok,1560,av_intraday_5min/raw_monthly/WBA/2011-07.csv,csv ohlcv,2026-05-17T14:12:50Z
WBA,2011-08,ok,1794,av_intraday_5min/raw_monthly/WBA/2011-08.csv,csv ohlcv,2026-05-17T14:12:51Z
WBA,2011-09,ok,1638,av_intraday_5min/raw_monthly/WBA/2011-09.csv,csv ohlcv,2026-05-17T14:12:52Z
WBA,2011-10,ok,1638,av_intraday_5min/raw_monthly/WBA/2011-10.csv,csv ohlcv,2026-05-17T14:12:53Z
WBA,2011-11,ok,1610,av_intraday_5min/raw_monthly/WBA/2011-11.csv,csv ohlcv,2026-05-17T14:12:53Z
WBA,2011-12,ok,1638,av_intraday_5min/raw_monthly/WBA/2011-12.csv,csv ohlcv,2026-05-17T14:12:54Z
WBA,2012-01,ok,1560,av_intraday_5min/raw_monthly/WBA/2012-01.csv,csv ohlcv,2026-05-17T14:12:55Z
WBA,2012-02,ok,1560,av_intraday_5min/raw_monthly/WBA/2012-02.csv,csv ohlcv,2026-05-17T14:12:56Z
WBA,2012-03,ok,1716,av_intraday_5min/raw_monthly/WBA/2012-03.csv,csv ohlcv,2026-05-17T14:12:57Z
WBA,2012-04,ok,1560,av_intraday_5min/raw_monthly/WBA/2012-04.csv,csv ohlcv,2026-05-17T14:12:58Z
WBA,2012-05,ok,1716,av_intraday_5min/raw_monthly/WBA/2012-05.csv,csv ohlcv,2026-05-17T14:12:59Z
WBA,2012-06,ok,1638,av_intraday_5min/raw_monthly/WBA/2012-06.csv,csv ohlcv,2026-05-17T14:13:00Z
WBA,2012-07,ok,1610,av_intraday_5min/raw_monthly/WBA/2012-07.csv,csv ohlcv,2026-05-17T14:13:01Z
WBA,2012-08,ok,1794,av_intraday_5min/raw_monthly/WBA/2012-08.csv,csv ohlcv,2026-05-17T14:13:02Z
WBA,2012-09,ok,1482,av_intraday_5min/raw_monthly/WBA/2012-09.csv,csv ohlcv,2026-05-17T14:13:02Z
WBA,2012-10,ok,1638,av_intraday_5min/raw_monthly/WBA/2012-10.csv,csv ohlcv,2026-05-17T14:13:03Z
WBA,2012-11,ok,1604,av_intraday_5min/raw_monthly/WBA/2012-11.csv,csv ohlcv,2026-05-17T14:13:04Z
WBA,2012-12,ok,1525,av_intraday_5min/raw_monthly/WBA/2012-12.csv,csv ohlcv,2026-05-17T14:13:05Z
WBA,2013-01,ok,1638,av_intraday_5min/raw_monthly/WBA/2013-01.csv,csv ohlcv,2026-05-17T14:13:06Z
WBA,2013-02,ok,1482,av_intraday_5min/raw_monthly/WBA/2013-02.csv,csv ohlcv,2026-05-17T14:13:07Z
WBA,2013-03,ok,1560,av_intraday_5min/raw_monthly/WBA/2013-03.csv,csv ohlcv,2026-05-17T14:13:08Z
WBA,2013-04,ok,1716,av_intraday_5min/raw_monthly/WBA/2013-04.csv,csv ohlcv,2026-05-17T14:13:09Z
WBA,2013-05,ok,1716,av_intraday_5min/raw_monthly/WBA/2013-05.csv,csv ohlcv,2026-05-17T14:13:09Z
WBA,2013-06,ok,1560,av_intraday_5min/raw_monthly/WBA/2013-06.csv,csv ohlcv,2026-05-17T14:13:10Z
WBA,2013-07,ok,1682,av_intraday_5min/raw_monthly/WBA/2013-07.csv,csv ohlcv,2026-05-17T14:13:11Z
WBA,2013-08,ok,1716,av_intraday_5min/raw_monthly/WBA/2013-08.csv,csv ohlcv,2026-05-17T14:13:12Z
WBA,2013-09,ok,1560,av_intraday_5min/raw_monthly/WBA/2013-09.csv,csv ohlcv,2026-05-17T14:13:13Z
WBA,2013-10,ok,1794,av_intraday_5min/raw_monthly/WBA/2013-10.csv,csv ohlcv,2026-05-17T14:13:14Z
WBA,2013-11,ok,1525,av_intraday_5min/raw_monthly/WBA/2013-11.csv,csv ohlcv,2026-05-17T14:13:15Z
WBA,2013-12,ok,1606,av_intraday_5min/raw_monthly/WBA/2013-12.csv,csv ohlcv,2026-05-17T14:13:15Z
WBA,2014-01,ok,1638,av_intraday_5min/raw_monthly/WBA/2014-01.csv,csv ohlcv,2026-05-17T14:13:16Z
WBA,2014-02,ok,1482,av_intraday_5min/raw_monthly/WBA/2014-02.csv,csv ohlcv,2026-05-17T14:13:17Z
WBA,2014-03,ok,1638,av_intraday_5min/raw_monthly/WBA/2014-03.csv,csv ohlcv,2026-05-17T14:13:18Z
WBA,2014-04,ok,1638,av_intraday_5min/raw_monthly/WBA/2014-04.csv,csv ohlcv,2026-05-17T14:13:18Z
WBA,2014-05,ok,1638,av_intraday_5min/raw_monthly/WBA/2014-05.csv,csv ohlcv,2026-05-17T14:13:19Z
WBA,2014-06,ok,1638,av_intraday_5min/raw_monthly/WBA/2014-06.csv,csv ohlcv,2026-05-17T14:13:20Z
WBA,2014-07,ok,1685,av_intraday_5min/raw_monthly/WBA/2014-07.csv,csv ohlcv,2026-05-17T14:13:21Z
WBA,2014-08,ok,1638,av_intraday_5min/raw_monthly/WBA/2014-08.csv,csv ohlcv,2026-05-17T14:13:22Z
WBA,2014-09,ok,1638,av_intraday_5min/raw_monthly/WBA/2014-09.csv,csv ohlcv,2026-05-17T14:13:23Z
WBA,2014-10,ok,1783,av_intraday_5min/raw_monthly/WBA/2014-10.csv,csv ohlcv,2026-05-17T14:13:24Z
WBA,2014-11,ok,1448,av_intraday_5min/raw_monthly/WBA/2014-11.csv,csv ohlcv,2026-05-17T14:13:25Z
WBA,2014-12,ok,1683,av_intraday_5min/raw_monthly/WBA/2014-12.csv,csv ohlcv,2026-05-17T14:13:26Z
WBA,2015-01,ok,1560,av_intraday_5min/raw_monthly/WBA/2015-01.csv,csv ohlcv,2026-05-17T14:13:27Z
WBA,2015-02,ok,1482,av_intraday_5min/raw_monthly/WBA/2015-02.csv,csv ohlcv,2026-05-17T14:13:27Z
WBA,2015-03,ok,1716,av_intraday_5min/raw_monthly/WBA/2015-03.csv,csv ohlcv,2026-05-17T14:13:28Z
WBA,2015-04,ok,1638,av_intraday_5min/raw_monthly/WBA/2015-04.csv,csv ohlcv,2026-05-17T14:13:29Z
WBA,2015-05,ok,1560,av_intraday_5min/raw_monthly/WBA/2015-05.csv,csv ohlcv,2026-05-17T14:13:30Z
WBA,2015-06,ok,1716,av_intraday_5min/raw_monthly/WBA/2015-06.csv,csv ohlcv,2026-05-17T14:13:31Z
WBA,2015-07,ok,1716,av_intraday_5min/raw_monthly/WBA/2015-07.csv,csv ohlcv,2026-05-17T14:13:31Z
WBA,2015-08,ok,1638,av_intraday_5min/raw_monthly/WBA/2015-08.csv,csv ohlcv,2026-05-17T14:13:32Z
WBA,2015-09,ok,1638,av_intraday_5min/raw_monthly/WBA/2015-09.csv,csv ohlcv,2026-05-17T14:13:33Z
WBA,2015-10,ok,1716,av_intraday_5min/raw_monthly/WBA/2015-10.csv,csv ohlcv,2026-05-17T14:13:34Z
WBA,2015-11,ok,1529,av_intraday_5min/raw_monthly/WBA/2015-11.csv,csv ohlcv,2026-05-17T14:13:35Z
WBA,2015-12,ok,1682,av_intraday_5min/raw_monthly/WBA/2015-12.csv,csv ohlcv,2026-05-17T14:13:36Z
WBA,2016-01,ok,1482,av_intraday_5min/raw_monthly/WBA/2016-01.csv,csv ohlcv,2026-05-17T14:13:37Z
WBA,2016-02,ok,1560,av_intraday_5min/raw_monthly/WBA/2016-02.csv,csv ohlcv,2026-05-17T14:13:37Z
WBA,2016-03,ok,1716,av_intraday_5min/raw_monthly/WBA/2016-03.csv,csv ohlcv,2026-05-17T14:13:38Z
WBA,2016-04,ok,1638,av_intraday_5min/raw_monthly/WBA/2016-04.csv,csv ohlcv,2026-05-17T14:13:39Z
WBA,2016-05,ok,1638,av_intraday_5min/raw_monthly/WBA/2016-05.csv,csv ohlcv,2026-05-17T14:13:40Z
WBA,2016-06,ok,1716,av_intraday_5min/raw_monthly/WBA/2016-06.csv,csv ohlcv,2026-05-17T14:13:41Z
WBA,2016-07,ok,1560,av_intraday_5min/raw_monthly/WBA/2016-07.csv,csv ohlcv,2026-05-17T14:13:42Z
WBA,2016-08,ok,1794,av_intraday_5min/raw_monthly/WBA/2016-08.csv,csv ohlcv,2026-05-17T14:13:43Z
WBA,2016-09,ok,1638,av_intraday_5min/raw_monthly/WBA/2016-09.csv,csv ohlcv,2026-05-17T14:13:43Z
WBA,2016-10,ok,1638,av_intraday_5min/raw_monthly/WBA/2016-10.csv,csv ohlcv,2026-05-17T14:13:44Z
WBA,2016-11,ok,1608,av_intraday_5min/raw_monthly/WBA/2016-11.csv,csv ohlcv,2026-05-17T14:13:45Z
WBA,2016-12,ok,1638,av_intraday_5min/raw_monthly/WBA/2016-12.csv,csv ohlcv,2026-05-17T14:13:46Z
WBA,2017-01,ok,1560,av_intraday_5min/raw_monthly/WBA/2017-01.csv,csv ohlcv,2026-05-17T14:13:47Z
WBA,2017-02,ok,1482,av_intraday_5min/raw_monthly/WBA/2017-02.csv,csv ohlcv,2026-05-17T14:13:47Z
WBA,2017-03,ok,1794,av_intraday_5min/raw_monthly/WBA/2017-03.csv,csv ohlcv,2026-05-17T14:13:48Z
WBA,2017-04,ok,1482,av_intraday_5min/raw_monthly/WBA/2017-04.csv,csv ohlcv,2026-05-17T14:13:49Z
WBA,2017-05,ok,1716,av_intraday_5min/raw_monthly/WBA/2017-05.csv,csv ohlcv,2026-05-17T14:13:50Z
WBA,2017-06,ok,1716,av_intraday_5min/raw_monthly/WBA/2017-06.csv,csv ohlcv,2026-05-17T14:13:50Z
WBA,2017-07,ok,1527,av_intraday_5min/raw_monthly/WBA/2017-07.csv,csv ohlcv,2026-05-17T14:13:51Z
WBA,2017-08,ok,1794,av_intraday_5min/raw_monthly/WBA/2017-08.csv,csv ohlcv,2026-05-17T14:13:52Z
WBA,2017-09,ok,1560,av_intraday_5min/raw_monthly/WBA/2017-09.csv,csv ohlcv,2026-05-17T14:13:53Z
WBA,2017-10,ok,1716,av_intraday_5min/raw_monthly/WBA/2017-10.csv,csv ohlcv,2026-05-17T14:13:54Z
WBA,2017-11,ok,1607,av_intraday_5min/raw_monthly/WBA/2017-11.csv,csv ohlcv,2026-05-17T14:13:55Z
WBA,2017-12,ok,1560,av_intraday_5min/raw_monthly/WBA/2017-12.csv,csv ohlcv,2026-05-17T14:13:56Z
