dataset,horizon,ticker,model,scheme,n_test,mse,rmse,mae,r2_oos_vs_mean,har_mse,relative_mse_vs_har
MHAR,1,AAPL,AdaptiveLasso,rolling,842,5.90999076732687e-08,0.000243104725732,9.365442131730846e-05,0.0347204283047958,5.6781337870598756e-08,1.0408333070269289
MHAR,1,AAPL,Bagging,rolling,842,5.5049579427139e-08,0.0002346264678742,7.888486431642786e-05,0.1008744929822512,5.6781337870598756e-08,0.9695012743904284
MHAR,1,AAPL,ElasticNet,rolling,842,5.6681917781300015e-08,0.0002380796458778,9.437890864602073e-05,0.0742134891093317,5.6781337870598756e-08,0.9982490710323642
MHAR,1,AAPL,GradientBoosting,rolling,842,5.34309889642711e-08,0.0002311514416227,8.80775871379998e-05,0.1273109523653128,5.6781337870598756e-08,0.9409955976387364
MHAR,1,AAPL,HAR,rolling,842,5.6781337870598756e-08,0.000238288350262,8.470672115728025e-05,0.0725896594792289,5.6781337870598756e-08,1.0
MHAR,1,AAPL,HARQ,rolling,842,5.4866608870874726e-08,0.0002342362245061,7.51461048255139e-05,0.1038629534915303,5.6781337870598756e-08,0.966278903042271
MHAR,1,AAPL,HARX,rolling,842,5.6781337870598756e-08,0.000238288350262,8.470672115728025e-05,0.0725896594792289,5.6781337870598756e-08,1.0
MHAR,1,AAPL,Lasso,rolling,842,5.7474997656764697e-08,0.0002397394370076,9.131380908540432e-05,0.0612601050407658,5.6781337870598756e-08,1.012216333960759
MHAR,1,AAPL,LevHAR,rolling,842,5.5839357310861667e-08,0.0002363035279272,8.218495153565331e-05,0.0879750403883687,5.6781337870598756e-08,0.983410384554802
MHAR,1,AAPL,LogHAR,rolling,842,5.1409539525268355e-08,0.0002267367185201,6.780226222487112e-05,0.1603273127202488,5.6781337870598756e-08,0.9053950021823648
MHAR,1,AAPL,NN1,fixed,842,5.857760849605045e-08,0.0002420281150941,8.083711851258944e-05,0.0432511476566641,5.6781337870598756e-08,1.0316348767537895
MHAR,1,AAPL,NN1_1,fixed,842,5.4993669383850887e-08,0.0002345072906837,7.799238577839107e-05,0.1017876724568618,5.6781337870598756e-08,0.968516619125427
MHAR,1,AAPL,NN2,fixed,842,5.4492893316401983e-08,0.0002334371292583,7.515425463651517e-05,0.1099668545729266,5.6781337870598756e-08,0.9596972413821596
MHAR,1,AAPL,NN2_1,fixed,842,5.5003486305012755e-08,0.0002345282207006,7.9789476397906e-05,0.1016273325540164,5.6781337870598756e-08,0.968689509048948
MHAR,1,AAPL,NN3,fixed,842,5.4093523040705834e-08,0.000232580143264,7.969460701179155e-05,0.1164897745545114,5.6781337870598756e-08,0.9526637636468112
MHAR,1,AAPL,NN3_1,fixed,842,5.6217477804120494e-08,0.0002371022517904,8.247243486857975e-05,0.0817991933836677,5.6781337870598756e-08,0.9900696234427714
MHAR,1,AAPL,NN4,fixed,842,5.707952735849636e-08,0.0002389132213974,8.632585404341011e-05,0.067719326639572,5.6781337870598756e-08,1.005251540366611
MHAR,1,AAPL,NN4_1,fixed,842,5.963670500778706e-08,0.000244206275529,8.450318828813106e-05,0.0259529103584795,5.6781337870598756e-08,1.0502870704402123
MHAR,1,AAPL,PostLasso,rolling,842,5.71215766273964e-08,0.0002390012063304,8.718180943492159e-05,0.0670325353758983,5.6781337870598756e-08,1.0059920877097512
MHAR,1,AAPL,RandomForest,rolling,842,5.325272825235285e-08,0.0002307655265683,7.520909433087649e-05,0.1302224869247544,5.6781337870598756e-08,0.9378561733383706
MHAR,1,AAPL,Ridge,rolling,842,5.6504467821028825e-08,0.0002377066844264,8.759215815724187e-05,0.0771117816514261,5.6781337870598756e-08,0.9951239252199215
MHAR,1,AAPL,SHAR,rolling,842,5.5430845909425886e-08,0.000235437562656,8.27976565817939e-05,0.0946472624972519,5.6781337870598756e-08,0.9762159186130738
MHAR,1,AXP,AdaptiveLasso,rolling,837,2.1046066785493492e-08,0.0001450726258999,6.442552423179841e-05,-0.0073746401281586,2.0547715078469097e-08,1.0242533880346916
MHAR,1,AXP,Bagging,rolling,837,2.39874277804522e-08,0.0001548787518688,5.25097409553626e-05,-0.1481635345084564,2.0547715078469097e-08,1.1674012263089732
MHAR,1,AXP,ElasticNet,rolling,837,2.0764870814629367e-08,0.0001441002110152,6.460413323983226e-05,0.0060848671917544,2.0547715078469097e-08,1.010568364187015
MHAR,1,AXP,GradientBoosting,rolling,837,2.3456982178330247e-08,0.0001531567242347,5.499379060318508e-05,-0.1227736384774562,2.0547715078469097e-08,1.1415859178867838
MHAR,1,AXP,HAR,rolling,837,2.0547715078469097e-08,0.0001433447420677,6.036841657468651e-05,0.0164790745178,2.0547715078469097e-08,1.0
MHAR,1,AXP,HARQ,rolling,837,2.2002937448245387e-08,0.0001483338715474,5.090633236106853e-05,-0.0531754659719356,2.0547715078469097e-08,1.0708216151634855
MHAR,1,AXP,HARX,rolling,837,2.0547715078469097e-08,0.0001433447420677,6.036841657468651e-05,0.0164790745178,2.0547715078469097e-08,1.0
MHAR,1,AXP,Lasso,rolling,837,2.0937780933024617e-08,0.0001446989320383,6.544145916600662e-05,-0.0021915138569359,2.0547715078469097e-08,1.018983417526762
MHAR,1,AXP,LevHAR,rolling,837,4.6408640171569614e-08,0.0002154266468465,0.0001088015591385,-1.2213598231046348,2.0547715078469097e-08,2.2585791166726303
MHAR,1,AXP,LogHAR,rolling,837,1.9213770875980704e-08,0.000138613747067,4.807173341769239e-05,0.0803286087148036,2.0547715078469097e-08,0.93508065508042
MHAR,1,AXP,NN1,fixed,837,1.958862279249619e-08,0.0001399593612178,4.99177334978595e-05,0.0623862388482675,2.0547715078469097e-08,0.9533236526635566
MHAR,1,AXP,NN1_1,fixed,837,1.859537689632624e-08,0.0001363648667961,4.559638928223721e-05,0.1099281732824319,2.0547715078469097e-08,0.9049851443487938
MHAR,1,AXP,NN2,fixed,837,1.9886732646055076e-08,0.0001410203270668,4.97738304398434e-05,0.0481171447933855,2.0547715078469097e-08,0.9678318280212758
MHAR,1,AXP,NN2_1,fixed,837,1.9460759158835834e-08,0.0001395018249301,5.297239171154527e-05,0.0685064599450127,2.0547715078469097e-08,0.947100886133455
MHAR,1,AXP,NN3,fixed,837,1.9490672476400357e-08,0.0001396089985509,4.962920204430796e-05,0.0670746523857317,2.0547715078469097e-08,0.94855668389249
MHAR,1,AXP,NN3_1,fixed,837,1.9274905029747733e-08,0.0001388340917417,4.7225697688406434e-05,0.0774024089275327,2.0547715078469097e-08,0.9380558838848668
MHAR,1,AXP,NN4,fixed,837,2.0348727160094238e-08,0.0001426489648055,5.246202355950935e-05,0.0260036752285084,2.0547715078469097e-08,0.9903158128475624
MHAR,1,AXP,NN4_1,fixed,837,1.9551618614253645e-08,0.000139827102574,4.958823592492268e-05,0.0641574520217438,2.0547715078469097e-08,0.9515227624866568
MHAR,1,AXP,PostLasso,rolling,837,2.0725917310396656e-08,0.0001439649864043,6.267256937106627e-05,0.0079493852847601,2.0547715078469097e-08,1.0086726057494486
MHAR,1,AXP,RandomForest,rolling,837,2.1382872165012698e-08,0.00014622883493,5.048163414104693e-05,-0.0234959040889979,2.0547715078469097e-08,1.0406447667467766
MHAR,1,AXP,Ridge,rolling,837,2.069090363914691e-08,0.0001438433301865,6.356976315275231e-05,0.00962532240091,2.0547715078469097e-08,1.0069685879977894
MHAR,1,AXP,SHAR,rolling,837,2.0790422626064215e-08,0.0001441888436255,5.849638956935392e-05,0.0048618240877317,2.0547715078469097e-08,1.0118118996038368
MHAR,1,BA,AdaptiveLasso,rolling,836,2.8991176629478382e-08,0.0001702679553805,7.432776615548799e-05,0.0703776661662234,2.8069696674019786e-08,1.0328282833320204
MHAR,1,BA,Bagging,rolling,836,2.8857913718716057e-08,0.0001698761717213,6.539833285167519e-05,0.0746508345063585,2.8069696674019786e-08,1.0280807111615786
MHAR,1,BA,ElasticNet,rolling,836,2.8086008876297158e-08,0.0001675888089232,7.193863869800979e-05,0.0994025025837905,2.8069696674019786e-08,1.0005811321179137
MHAR,1,BA,GradientBoosting,rolling,836,2.8862651593920755e-08,0.0001698901162337,7.315026936551488e-05,0.0744989112277177,2.8069696674019786e-08,1.0282495008446206
MHAR,1,BA,HAR,rolling,836,2.8069696674019786e-08,0.0001675401345171,6.410339707359215e-05,0.0999255647466293,2.8069696674019786e-08,1.0
MHAR,1,BA,HARQ,rolling,836,2.8295787891171992e-08,0.0001682135187527,6.256996829382365e-05,0.0926757919059285,2.8069696674019786e-08,1.0080546369908396
MHAR,1,BA,HARX,rolling,836,2.8069696674019786e-08,0.0001675401345171,6.410339707359215e-05,0.0999255647466293,2.8069696674019786e-08,1.0
MHAR,1,BA,Lasso,rolling,836,2.8270412548734188e-08,0.0001681380758446,7.214450540314767e-05,0.0934894699901384,2.8069696674019786e-08,1.0071506249976752
MHAR,1,BA,LevHAR,rolling,836,2.7585806491635397e-08,0.0001660897543246,6.3615730775872e-05,0.1154418415234068,2.8069696674019786e-08,0.9827611182263948
MHAR,1,BA,LogHAR,rolling,836,2.6818782052628265e-08,0.0001637644102136,6.002572129331392e-05,0.1400370160556583,2.8069696674019786e-08,0.9554354065197534
MHAR,1,BA,NN1,fixed,836,2.8332124434433774e-08,0.0001683214913029,6.343889545935983e-05,0.0915106352590569,2.8069696674019786e-08,1.009349148423712
MHAR,1,BA,NN1_1,fixed,836,2.891450306409275e-08,0.0001700426507206,6.682695872274276e-05,0.0728362576096858,2.8069696674019786e-08,1.0300967409760038
MHAR,1,BA,NN2,fixed,836,3.0157564417032785e-08,0.0001736593343792,6.977155325672156e-05,0.0329766268403818,2.8069696674019786e-08,1.074381556995785
MHAR,1,BA,NN2_1,fixed,836,2.9637268641569057e-08,0.0001721547810592,6.805511973165817e-05,0.0496602743946739,2.8069696674019786e-08,1.0558457038476
MHAR,1,BA,NN3,fixed,836,3.008880142054613e-08,0.0001734612389571,6.82984069808394e-05,0.0351815603652365,2.8069696674019786e-08,1.0719318334634926
MHAR,1,BA,NN3_1,fixed,836,2.98748908060266e-08,0.0001728435442995,6.908760368743127e-05,0.0420407536723227,2.8069696674019786e-08,1.064311137842741
MHAR,1,BA,NN4,fixed,836,3.0775708893905934e-08,0.0001754300683859,7.044712804041906e-05,0.0131553923116328,2.8069696674019786e-08,1.0964033295874809
MHAR,1,BA,NN4_1,fixed,836,3.035057945465171e-08,0.0001742141769623,7.178934510871381e-05,0.0267874648056862,2.8069696674019786e-08,1.0812578349926745
MHAR,1,BA,PostLasso,rolling,836,2.811532397126948e-08,0.0001676762474868,6.447699447071854e-05,0.098462493581982,2.8069696674019786e-08,1.0016255001890322
MHAR,1,BA,RandomForest,rolling,836,2.8124939690285003e-08,0.0001677049185035,6.390570763737111e-05,0.0981541588335533,2.8069696674019786e-08,1.001968066021759
MHAR,1,BA,Ridge,rolling,836,2.8023921473547892e-08,0.0001674034691204,6.49970821637881e-05,0.1013933785314319,2.8069696674019786e-08,0.9983692306688065
MHAR,1,BA,SHAR,rolling,836,2.8378589167761258e-08,0.0001684594585286,6.437912497484577e-05,0.0900207111214853,2.8069696674019786e-08,1.0110044827818665
MHAR,1,CAT,AdaptiveLasso,rolling,827,2.1289779969526772e-08,0.0001459101777448,8.106750579127464e-05,0.228631873523153,2.0734239838773204e-08,1.0267933686054262
MHAR,1,CAT,Bagging,rolling,827,2.1316729131912743e-08,0.0001460024970057,7.398836276018072e-05,0.2276554554986577,2.0734239838773204e-08,1.0280931106068465
MHAR,1,CAT,ElasticNet,rolling,827,2.0732337474389797e-08,0.0001439872823355,7.759532213837673e-05,0.2488290467070872,2.0734239838773204e-08,0.9999082501023332
MHAR,1,CAT,GradientBoosting,rolling,827,2.242462180334378e-08,0.0001497485285515,7.81047080277693e-05,0.1875144537822276,2.0734239838773204e-08,1.0815261122527169
MHAR,1,CAT,HAR,rolling,827,2.0734239838773204e-08,0.0001439938881993,7.384680747420151e-05,0.2487601205250221,2.0734239838773204e-08,1.0
MHAR,1,CAT,HARQ,rolling,827,2.2242927245529152e-08,0.0001491406290905,7.366920105344753e-05,0.1940975838499464,2.0734239838773204e-08,1.0727630922805615
MHAR,1,CAT,HARX,rolling,827,2.0734239838773204e-08,0.0001439938881993,7.384680747420151e-05,0.2487601205250221,2.0734239838773204e-08,1.0
MHAR,1,CAT,Lasso,rolling,827,2.0902125599073172e-08,0.0001445756742992,7.835692166449926e-05,0.2426773087453755,2.0734239838773204e-08,1.0080970299179244
MHAR,1,CAT,LevHAR,rolling,827,2.0400213360380493e-08,0.0001428293154796,7.213586524288548e-05,0.2608625179758294,2.0734239838773204e-08,0.9838901025072508
MHAR,1,CAT,LogHAR,rolling,827,1.9749354543680512e-08,0.0001405323967762,7.036888021990868e-05,0.2844443373632263,2.0734239838773204e-08,0.9524995706256396
MHAR,1,CAT,NN1,fixed,827,2.3472144199978053e-08,0.0001532062146258,7.129935785405289e-05,0.1495607788409703,2.0734239838773204e-08,1.1320474916126388
MHAR,1,CAT,NN1_1,fixed,827,2.4683570663928488e-08,0.0001571100590793,7.197064985638179e-05,0.1056685562252617,2.0734239838773204e-08,1.1904738662166916
MHAR,1,CAT,NN2,fixed,827,2.8136825587142073e-08,0.0001677403516961,7.897896553719669e-05,-0.0194492601250693,2.0734239838773204e-08,1.3570222880573597
MHAR,1,CAT,NN2_1,fixed,827,2.7581748890529344e-08,0.0001660775387899,7.745764876248037e-05,0.0006621958002608,2.0734239838773204e-08,1.3302512706036729
MHAR,1,CAT,NN3,fixed,827,2.7021250950291873e-08,0.000164381419115,7.702408432521623e-05,0.0209700734144945,2.0734239838773204e-08,1.3032187898088214
MHAR,1,CAT,NN3_1,fixed,827,2.32884442515193e-08,0.0001526055184176,7.560012313576177e-05,0.1562165679228369,2.0734239838773204e-08,1.1231877528478142
MHAR,1,CAT,NN4,fixed,827,2.8991103102478034e-08,0.0001702677394648,8.107006156008389e-05,-0.0504013154041378,2.0734239838773204e-08,1.3982235822441111
MHAR,1,CAT,NN4_1,fixed,827,2.7676686454052183e-08,0.0001663631162669,7.913583219835006e-05,-0.002777567814568,2.0734239838773204e-08,1.3348300525730656
MHAR,1,CAT,PostLasso,rolling,827,2.0775277496368015e-08,0.000144136315675,7.448280682833992e-05,0.2472732502473952,2.0734239838773204e-08,1.0019792217083392
MHAR,1,CAT,RandomForest,rolling,827,2.0665654180253717e-08,0.0001437555361725,7.242111001382771e-05,0.2512451058555932,2.0734239838773204e-08,0.996692154665288
MHAR,1,CAT,Ridge,rolling,827,2.068604811632049e-08,0.0001438264513791,7.46723626540391e-05,0.2505061958115331,2.0734239838773204e-08,0.9976757420176746
MHAR,1,CAT,SHAR,rolling,827,2.0933706332823593e-08,0.0001446848517738,7.38708842552007e-05,0.2415330803193091,2.0734239838773204e-08,1.009620149839175
MHAR,1,CSCO,AdaptiveLasso,rolling,842,1.3872818473271681e-08,0.0001177829294646,5.969417489446992e-05,0.1070468314796917,1.327614374808164e-08,1.044943376368327
MHAR,1,CSCO,Bagging,rolling,842,1.2532213154680918e-08,0.000111947367788,5.328489202346061e-05,0.193337715287997,1.327614374808164e-08,0.9439648585073344
MHAR,1,CSCO,ElasticNet,rolling,842,1.3414701744826418e-08,0.0001158218534855,5.75408007615613e-05,0.1365344792136766,1.327614374808164e-08,1.010436614680735
MHAR,1,CSCO,GradientBoosting,rolling,842,1.3840949363637266e-08,0.0001176475642061,5.697770220781901e-05,0.1090981538177443,1.327614374808164e-08,1.0425428969641308
MHAR,1,CSCO,HAR,rolling,842,1.327614374808164e-08,0.000115222149555,5.384370266227375e-05,0.1454530563907266,1.327614374808164e-08,1.0
MHAR,1,CSCO,HARQ,rolling,842,1.3541051318424128e-08,0.0001163660230411,5.002088539482116e-05,0.1284017228957994,1.327614374808164e-08,1.0199536533626916
MHAR,1,CSCO,HARX,rolling,842,1.327614374808164e-08,0.000115222149555,5.384370266227375e-05,0.1454530563907266,1.327614374808164e-08,1.0
MHAR,1,CSCO,Lasso,rolling,842,1.3490163064845404e-08,0.0001161471612431,5.809463672335435e-05,0.1316772524762618,1.327614374808164e-08,1.0161205935115525
MHAR,1,CSCO,LevHAR,rolling,842,1.312927083686758e-08,0.000114583030318,5.272652915752202e-05,0.1549068405436067,1.327614374808164e-08,0.9889370803750688
MHAR,1,CSCO,LogHAR,rolling,842,1.2388026624979912e-08,0.0001113015122313,4.883643433539498e-05,0.2026185848389483,1.327614374808164e-08,0.9331042854044076
MHAR,1,CSCO,NN1,fixed,842,1.3463775396931357e-08,0.0001160335098018,5.425734141589844e-05,0.1333757502774915,1.327614374808164e-08,1.0141329931650394
MHAR,1,CSCO,NN1_1,fixed,842,1.3479016661670508e-08,0.0001160991673599,5.390737178200927e-05,0.132394714183975,1.327614374808164e-08,1.0152810121250897
MHAR,1,CSCO,NN2,fixed,842,1.4054948612505802e-08,0.0001185535685355,5.413622407120138e-05,0.0953236416156063,1.327614374808164e-08,1.0586619789000624
MHAR,1,CSCO,NN2_1,fixed,842,1.2825297590520002e-08,0.0001132488304156,5.0203136333599826e-05,0.1744727185225073,1.327614374808164e-08,0.9660408800841144
MHAR,1,CSCO,NN3,fixed,842,1.4305148440897865e-08,0.0001196041322066,5.933431967994344e-05,0.0792190028966337,1.327614374808164e-08,1.0775077998808889
MHAR,1,CSCO,NN3_1,fixed,842,1.3502636471988664e-08,0.0001162008454013,5.427447711995321e-05,0.1308743753642836,1.327614374808164e-08,1.0170601289203238
MHAR,1,CSCO,NN4,fixed,842,1.4865340931548229e-08,0.0001219235044261,6.139349787134177e-05,0.0431610338205376,1.327614374808164e-08,1.1197032220818053
MHAR,1,CSCO,NN4_1,fixed,842,1.4478528126509169e-08,0.0001203267556552,5.6933790646428e-05,0.0680590544029694,1.327614374808164e-08,1.090567291319158
MHAR,1,CSCO,PostLasso,rolling,842,1.3337668073302349e-08,0.0001154888222872,5.492639241511252e-05,0.1414929136661061,1.327614374808164e-08,1.0046342014961684
MHAR,1,CSCO,RandomForest,rolling,842,1.2997070419322398e-08,0.0001140046947249,5.327283089188144e-05,0.1634161987503847,1.327614374808164e-08,0.978979338122972
MHAR,1,CSCO,Ridge,rolling,842,1.3306340456458893e-08,0.0001153531120362,5.538176656996286e-05,0.1435093816806234,1.327614374808164e-08,1.0022745089952505
MHAR,1,CSCO,SHAR,rolling,842,1.2708314570013505e-08,0.000112731160599,5.2654926752295186e-05,0.18200257693056,1.327614374808164e-08,0.957229359003424
MHAR,1,DIS,AdaptiveLasso,rolling,837,1.5507154045785374e-08,0.0001245277240046,6.0217239612957645e-05,0.2085563432447473,1.5038052567166282e-08,1.0311942970357293
MHAR,1,DIS,Bagging,rolling,837,1.4731384030290029e-08,0.0001213729130831,5.427540390497017e-05,0.2481495694455011,1.5038052567166282e-08,0.97960716419187
MHAR,1,DIS,ElasticNet,rolling,837,1.509621520885062e-08,0.0001228666562125,5.829247633415423e-05,0.2295295621117375,1.5038052567166282e-08,1.0038676977237952
MHAR,1,DIS,GradientBoosting,rolling,837,1.5654475635731832e-08,0.0001251178469912,6.243357040392523e-05,0.2010374434181275,1.5038052567166282e-08,1.0409908840132287
MHAR,1,DIS,HAR,rolling,837,1.5038052567166282e-08,0.000122629737695,5.58187768226196e-05,0.2324980277428449,1.5038052567166282e-08,1.0
MHAR,1,DIS,HARQ,rolling,837,1.525496964881829e-08,0.0001235110102331,5.3228396187916695e-05,0.2214271602059351,1.5038052567166282e-08,1.0144245460429913
MHAR,1,DIS,HARX,rolling,837,1.5038052567166282e-08,0.000122629737695,5.58187768226196e-05,0.2324980277428449,1.5038052567166282e-08,1.0
MHAR,1,DIS,Lasso,rolling,837,1.5211985325146867e-08,0.0001233368773933,5.928327196530672e-05,0.2236209650916812,1.5038052567166282e-08,1.0115661756868937
MHAR,1,DIS,LevHAR,rolling,837,1.6251304160266762e-08,0.0001274806030746,6.278410808938246e-05,0.1705769122001413,1.5038052567166282e-08,1.080678770584262
MHAR,1,DIS,LogHAR,rolling,837,1.4282832530962326e-08,0.0001195108050803,5.020627851957095e-05,0.2710424379772002,1.5038052567166282e-08,0.9497793991056472
MHAR,1,DIS,NN1,fixed,837,1.6984326112184372e-08,0.0001303239276272,5.511851906051698e-05,0.13316543280201,1.5038052567166282e-08,1.1294232438891416
MHAR,1,DIS,NN1_1,fixed,837,1.6947538901480916e-08,0.0001301827135278,5.67171991650013e-05,0.1350429536207886,1.5038052567166282e-08,1.126976968978268
MHAR,1,DIS,NN2,fixed,837,1.8581198137296867e-08,0.0001363128685682,5.906041188793232e-05,0.0516653566956085,1.5038052567166282e-08,1.2356119952570592
MHAR,1,DIS,NN2_1,fixed,837,1.6829635291009285e-08,0.000129729084214,5.72396535974318e-05,0.141060438475895,1.5038052567166282e-08,1.1191366179790263
MHAR,1,DIS,NN3,fixed,837,1.7945308259093348e-08,0.0001339600995038,5.924035873919323e-05,0.0841194749053794,1.5038052567166282e-08,1.1933266078797131
MHAR,1,DIS,NN3_1,fixed,837,1.8759469143190804e-08,0.0001369652114341,6.250604669108337e-05,0.0425668814769091,1.5038052567166282e-08,1.2474666556326433
MHAR,1,DIS,NN4,fixed,837,1.893449761610333e-08,0.0001376026802649,6.118283915625655e-05,0.0336338964669469,1.5038052567166282e-08,1.2591056941405068
MHAR,1,DIS,NN4_1,fixed,837,1.9145987605415185e-08,0.0001383690269005,5.8043094990525245e-05,0.02284001320417,1.5038052567166282e-08,1.273169349548496
MHAR,1,DIS,PostLasso,rolling,837,1.50968003779857e-08,0.0001228690375073,5.666284659729771e-05,0.2294996966445656,1.5038052567166282e-08,1.0039066102846117
MHAR,1,DIS,RandomForest,rolling,837,1.4585823081922911e-08,0.0001207717809834,5.398558368418985e-05,0.2555786108360937,1.5038052567166282e-08,0.9699276563089854
MHAR,1,DIS,Ridge,rolling,837,1.5050479053682016e-08,0.0001226803939253,5.703812370517599e-05,0.2318638131152223,1.5038052567166282e-08,1.0008263361535834
MHAR,1,DIS,SHAR,rolling,837,1.5355958790864633e-08,0.0001239191623231,5.585488830702358e-05,0.2162729445685755,1.5038052567166282e-08,1.0211401191928575
MHAR,1,GE,AdaptiveLasso,rolling,841,8.22453400443146e-08,0.0002867844836184,0.0001046927771561,-0.1933682732276829,7.439127961895093e-08,1.1055777029995175
MHAR,1,GE,Bagging,rolling,841,9.163098499607843e-08,0.0003027061033347,6.274396177959673e-05,-0.3295526564788138,7.439127961895093e-08,1.2317436326600804
MHAR,1,GE,ElasticNet,rolling,841,7.6671581585206e-08,0.0002768963372549,8.585199975546665e-05,-0.1124938248498088,7.439127961895093e-08,1.0306528127750365
MHAR,1,GE,GradientBoosting,rolling,841,3.07971979023125e-07,0.0005549522312984,0.0001167756401208,-3.468629938320073,7.439127961895093e-08,4.139893554736894
MHAR,1,GE,HAR,rolling,841,7.439127961895093e-08,0.0002727476482372,6.3358818387456e-05,-0.0794069652363491,7.439127961895093e-08,1.0
MHAR,1,GE,HARQ,rolling,841,7.494139218760066e-08,0.0002737542551041,5.886298674655896e-05,-0.0873890209464558,7.439127961895093e-08,1.0073948528842027
MHAR,1,GE,HARX,rolling,841,7.439127961895093e-08,0.0002727476482372,6.3358818387456e-05,-0.0794069652363491,7.439127961895093e-08,1.0
MHAR,1,GE,Lasso,rolling,841,7.84672516793676e-08,0.0002801200665417,9.543993010996498e-05,-0.138548744416092,7.439127961895093e-08,1.0547909927251518
MHAR,1,GE,LevHAR,rolling,841,8.891208164684269e-08,0.0002981812899006,0.0001149216917314,-0.2901017527169451,7.439127961895093e-08,1.1951949489546436
MHAR,1,GE,LogHAR,rolling,841,6.679344296109399e-08,0.0002584442743824,5.3039067497173674e-05,0.0308365720603213,7.439127961895093e-08,0.8978665685443938
MHAR,1,GE,NN1,fixed,841,6.692750873333357e-08,0.0002587035151159,5.409742455462281e-05,0.0288912966315821,7.439127961895093e-08,0.8996687390800576
MHAR,1,GE,NN1_1,fixed,841,6.773830903335166e-08,0.0002602658430016,5.449657909427076e-05,0.0171266987413708,7.439127961895093e-08,0.910567870055774
MHAR,1,GE,NN2,fixed,841,6.721757756326717e-08,0.0002592635291807,5.398589146036707e-05,0.0246824388591112,7.439127961895093e-08,0.9035679707026266
MHAR,1,GE,NN2_1,fixed,841,6.561132119458547e-08,0.0002561470694632,5.416060475844578e-05,0.0479889920087709,7.439127961895093e-08,0.8819759725960029
MHAR,1,GE,NN3,fixed,841,6.702349642966468e-08,0.0002588889654459,5.566971784461294e-05,0.0274985287086818,7.439127961895093e-08,0.9009590475251168
MHAR,1,GE,NN3_1,fixed,841,6.849225729187357e-08,0.0002617102544645,6.260774820296357e-05,0.0061870159472995,7.439127961895093e-08,0.9207027711138523
MHAR,1,GE,NN4,fixed,841,6.886386909371427e-08,0.0002624192620478,6.079662772233893e-05,0.0007949811641164,7.439127961895093e-08,0.925698138900832
MHAR,1,GE,NN4_1,fixed,841,6.640950053507669e-08,0.0002577004084883,5.393368222868788e-05,0.0364075224595565,7.439127961895093e-08,0.8927054471336057
MHAR,1,GE,PostLasso,rolling,841,7.454577558257052e-08,0.0002730307227814,6.777574912884302e-05,-0.0816486798578219,7.439127961895093e-08,1.002076802071573
MHAR,1,GE,RandomForest,rolling,841,7.50561055809706e-08,0.0002739636939102,6.065407270979076e-05,-0.0890534960898279,7.439127961895093e-08,1.0089368803094267
MHAR,1,GE,Ridge,rolling,841,7.431400336945814e-08,0.0002726059488886,6.53448298225179e-05,-0.0782856977655228,7.439127961895093e-08,0.9989612189776996
MHAR,1,GE,SHAR,rolling,841,7.239562509532052e-08,0.000269064351216,6.311831911412895e-05,-0.0504502998308606,7.439127961895093e-08,0.9731735421967116
MHAR,1,GS,AdaptiveLasso,rolling,823,2.334083953633096e-08,0.0001527770910062,7.75825789612634e-05,0.1044828068087301,2.303487429682246e-08,1.0132826962963155
MHAR,1,GS,Bagging,rolling,823,2.5100434108047436e-08,0.0001584311652044,6.872363543291527e-05,0.0369725019816298,2.303487429682246e-08,1.089670982554913
MHAR,1,GS,ElasticNet,rolling,823,2.3601999955876107e-08,0.0001536294241214,7.95572036582526e-05,0.0944628739130134,2.303487429682246e-08,1.024620306225499
MHAR,1,GS,GradientBoosting,rolling,823,2.9089284557914253e-08,0.0001705558106835,7.862269892665023e-05,-0.1160675869733698,2.303487429682246e-08,1.2628366963533622
MHAR,1,GS,HAR,rolling,823,2.303487429682246e-08,0.0001517724424815,7.4151516136551e-05,0.1162217647014938,2.303487429682246e-08,1.0
MHAR,1,GS,HARQ,rolling,823,3.699713372542932e-08,0.0001923463899464,7.905275795227493e-05,-0.4194677658594035,2.303487429682246e-08,1.6061356901145702
MHAR,1,GS,HARX,rolling,823,2.303487429682246e-08,0.0001517724424815,7.4151516136551e-05,0.1162217647014938,2.303487429682246e-08,1.0
MHAR,1,GS,Lasso,rolling,823,2.348418289558384e-08,0.0001532454987775,7.921722027928431e-05,0.0989831570407367,2.303487429682246e-08,1.019505580667456
MHAR,1,GS,LevHAR,rolling,822,5.455266779015389e-08,0.0002335651253722,0.0001372192211207,-1.0911720166709618,2.303487429682246e-08,2.368264184436168
MHAR,1,GS,LogHAR,rolling,823,2.0810579314242393e-08,0.000144258723529,6.197617426695014e-05,0.201561214318508,2.303487429682246e-08,0.903437937020264
MHAR,1,GS,NN1,fixed,823,2.3311051460459623e-08,0.0001526795711955,6.635588805287882e-05,0.1056256848981554,2.303487429682246e-08,1.0119895233669784
MHAR,1,GS,NN1_1,fixed,823,2.3411056408068613e-08,0.0001530067201402,6.784820260533532e-05,0.1017887984893077,2.303487429682246e-08,1.0163309817279118
MHAR,1,GS,NN2,fixed,823,2.3463582291757733e-08,0.000153178269646,6.478832217531251e-05,0.0997735397040376,2.303487429682246e-08,1.0186112582778195
MHAR,1,GS,NN2_1,fixed,823,2.2609357729495193e-08,0.000150364083908,6.170294823467635e-05,0.1325475443049296,2.303487429682246e-08,0.9815272893681052
MHAR,1,GS,NN3,fixed,823,2.3861242280020856e-08,0.000154470846052,6.751257677990319e-05,0.0845165325180037,2.303487429682246e-08,1.035874646961385
MHAR,1,GS,NN3_1,fixed,823,2.3971556905720404e-08,0.0001548275069415,6.635917286573305e-05,0.0802840950420236,2.303487429682246e-08,1.0406636735598402
MHAR,1,GS,NN4,fixed,823,2.4221271402597906e-08,0.0001556318457212,6.929829572224698e-05,0.0707033074703157,2.303487429682246e-08,1.0515043881068238
MHAR,1,GS,NN4_1,fixed,823,2.3126019076496953e-08,0.0001520724139234,6.603051787104065e-05,0.1127248160531347,2.303487429682246e-08,1.0039568168899045
MHAR,1,GS,PostLasso,rolling,823,2.3288915695734434e-08,0.0001526070630597,7.710139740995212e-05,0.1064749670272318,2.303487429682246e-08,1.0110285559034726
MHAR,1,GS,RandomForest,rolling,823,2.3094721271570892e-08,0.0001519694748019,6.777734734994062e-05,0.1139256178656322,2.303487429682246e-08,1.0025981029450064
MHAR,1,GS,Ridge,rolling,823,2.3423182601290735e-08,0.0001530463413521,7.806629891176563e-05,0.1013235532481728,2.303487429682246e-08,1.016857409311838
MHAR,1,GS,SHAR,rolling,823,2.2645990376453407e-08,0.0001504858477613,7.411251174737374e-05,0.1311420607904173,2.303487429682246e-08,0.9831176017998632
MHAR,1,HD,AdaptiveLasso,rolling,838,9.40255607862502e-08,0.0003066358765478,0.0001001570160811,-0.1342757193047068,8.777102944694204e-08,1.071259632918958
MHAR,1,HD,Bagging,rolling,838,8.490204584400854e-08,0.0002913795563247,6.414023967230784e-05,-0.0242143552760043,8.777102944694204e-08,0.9673128636976076
MHAR,1,HD,ElasticNet,rolling,838,8.918602947088916e-08,0.0002986403011498,8.836150245240401e-05,-0.0758941173453433,8.777102944694204e-08,1.0161214928532027
MHAR,1,HD,GradientBoosting,rolling,838,1.0808378259932075e-07,0.0003287609809562,8.72782621033417e-05,-0.3038668339529435,8.777102944694204e-08,1.231428904051511
MHAR,1,HD,HAR,rolling,838,8.777102944694204e-08,0.0002962617583268,6.55406822748985e-05,-0.0588242891352519,8.777102944694204e-08,1.0
MHAR,1,HD,HARQ,rolling,838,8.146480453478874e-08,0.0002854203996472,5.7872464600270146e-05,0.017250745552294,8.777102944694204e-08,0.9281514076809884
MHAR,1,HD,HARX,rolling,838,8.777102944694204e-08,0.0002962617583268,6.55406822748985e-05,-0.0588242891352519,8.777102944694204e-08,1.0
MHAR,1,HD,Lasso,rolling,838,8.869111024282056e-08,0.000297810527421,8.484819040014998e-05,-0.0699236678343702,8.777102944694204e-08,1.0104827390276276
MHAR,1,HD,LevHAR,rolling,837,8.449536928671617e-08,0.0002906808718968,6.602514098645442e-05,-0.0181121905118346,8.777102944694204e-08,0.9626794834142166
MHAR,1,HD,LogHAR,rolling,838,8.07319689452896e-08,0.0002841337166639,5.6727959083161306e-05,0.0260912949567361,8.777102944694204e-08,0.919802005900961
MHAR,1,HD,NN1,fixed,838,8.18033312224166e-08,0.0002860128165352,5.721149639264791e-05,0.0131669347363624,8.777102944694204e-08,0.932008337350846
MHAR,1,HD,NN1_1,fixed,838,8.167513887436345e-08,0.0002857886262158,6.186174196344164e-05,0.0147133809003784,8.777102944694204e-08,0.9305478059105642
MHAR,1,HD,NN2,fixed,838,8.223744291515005e-08,0.0002867707148841,5.842085791673366e-05,0.0079300358716674,8.777102944694204e-08,0.9369542938409184
MHAR,1,HD,NN2_1,fixed,838,8.128048475655783e-08,0.0002850973250603,5.734725947260174e-05,0.0194742839953163,8.777102944694204e-08,0.9260514006582572
MHAR,1,HD,NN3,fixed,838,8.20293508403723e-08,0.0002864076654706,5.963439023948782e-05,0.0104403510011533,8.777102944694204e-08,0.934583442364196
MHAR,1,HD,NN3_1,fixed,838,8.064303047211976e-08,0.0002839771654061,5.526303552841659e-05,0.027164202682944,8.777102944694204e-08,0.9187887048866028
MHAR,1,HD,NN4,fixed,838,8.1874512611858e-08,0.0002861372268892,6.080106729854759e-05,0.012308239281269,8.777102944694204e-08,0.93281932692098
MHAR,1,HD,NN4_1,fixed,838,8.133731494159811e-08,0.000285196975688,6.270680702619085e-05,0.0187887140452328,8.777102944694204e-08,0.9266988829243124
MHAR,1,HD,PostLasso,rolling,838,8.742884111392201e-08,0.00029568368422,6.560680435440842e-05,-0.0546963061237353,8.777102944694204e-08,0.9961013521753568
MHAR,1,HD,RandomForest,rolling,838,8.177359648625712e-08,0.0002859608303356,6.188689125524807e-05,0.0135256392095246,8.777102944694204e-08,0.931669561147048
MHAR,1,HD,Ridge,rolling,838,8.699818737767854e-08,0.0002949545513764,6.597100011900653e-05,-0.0495011222570918,8.777102944694204e-08,0.9911947931551756
MHAR,1,HD,SHAR,rolling,838,8.753648601843498e-08,0.0002958656553546,6.486588143592163e-05,-0.055994878559517,8.777102944694204e-08,0.9973277808180564
MHAR,1,IBM,AdaptiveLasso,rolling,842,9.713663038502326e-09,9.85579171781868e-05,4.8978894673491695e-05,0.0527552217800485,9.009440395160311e-09,1.0781649705702374
MHAR,1,IBM,Bagging,rolling,842,8.953097123754424e-09,9.462080703394168e-05,4.199858424072337e-05,0.1269231323181631,9.009440395160311e-09,0.9937461963302232
MHAR,1,IBM,ElasticNet,rolling,842,8.811487860635431e-09,9.386952572925588e-05,4.452071570001842e-05,0.1407324063793852,9.009440395160311e-09,0.9780283207566124
MHAR,1,IBM,GradientBoosting,rolling,842,8.708302641888787e-09,9.331828674964404e-05,4.141328668483712e-05,0.1507946927959326,9.009440395160311e-09,0.966575309890136
MHAR,1,IBM,HAR,rolling,842,9.009440395160311e-09,9.491807201560886e-05,4.14406732065254e-05,0.1214287200232844,9.009440395160311e-09,1.0
MHAR,1,IBM,HARQ,rolling,842,9.346224806998721e-09,9.667587499991256e-05,4.093851912597826e-05,0.0885866012226515,9.009440395160311e-09,1.0373812797539923
MHAR,1,IBM,HARX,rolling,842,9.009440395160311e-09,9.491807201560886e-05,4.14406732065254e-05,0.1214287200232844,9.009440395160311e-09,1.0
MHAR,1,IBM,Lasso,rolling,842,9.216735311755471e-09,9.600382967233896e-05,4.526079009355452e-05,0.1012139949995738,9.009440395160311e-09,1.0230086339997893
MHAR,1,IBM,LevHAR,rolling,842,1.0165552523972857e-08,0.0001008243647337,4.811864279463085e-05,0.0086884311421826,9.009440395160311e-09,1.1283223017307027
MHAR,1,IBM,LogHAR,rolling,842,8.368300336222463e-09,9.147841459176292e-05,3.8869328491850085e-05,0.1839506101206935,9.009440395160311e-09,0.9288368610238816
MHAR,1,IBM,NN1,fixed,842,9.749867724150394e-09,9.874141848358464e-05,4.196656016547323e-05,0.0492246587688247,9.009440395160311e-09,1.0821834982545449
MHAR,1,IBM,NN1_1,fixed,842,9.142304977522351e-09,9.561540136150844e-05,4.161054093397e-05,0.1084721987445496,9.009440395160311e-09,1.0147472624862928
MHAR,1,IBM,NN2,fixed,842,9.438752349517658e-09,9.71532415800814e-05,4.191775134243461e-05,0.0795636166755057,9.009440395160311e-09,1.04765134520319
MHAR,1,IBM,NN2_1,fixed,842,8.880705827265374e-09,9.423749692805604e-05,4.000687093154793e-05,0.1339824957443004,9.009440395160311e-09,0.9857111471691304
MHAR,1,IBM,NN3,fixed,842,9.273684196512164e-09,9.629996986765967e-05,4.178437000682391e-05,0.0956605252634499,9.009440395160311e-09,1.0293296575327586
MHAR,1,IBM,NN3_1,fixed,842,8.984338160160197e-09,9.47857487186771e-05,3.932939912101604e-05,0.1238766082124525,9.009440395160311e-09,0.9972137853297084
MHAR,1,IBM,NN4,fixed,842,1.0032467529084231e-08,0.0001001622060913,4.4097142428692126e-05,0.0216664463325381,9.009440395160311e-09,1.1135505746254193
MHAR,1,IBM,NN4_1,fixed,842,9.776837476612234e-09,9.887789174841984e-05,4.1621928002835336e-05,0.0465946563600423,9.009440395160311e-09,1.085176997437505
MHAR,1,IBM,PostLasso,rolling,842,9.050394034132504e-09,9.51335589270816e-05,4.1901431988583445e-05,0.1174350545531368,9.009440395160311e-09,1.0045456362632903
MHAR,1,IBM,RandomForest,rolling,842,8.69240043951362e-09,9.323304371044431e-05,4.120403821745777e-05,0.1523454237717105,9.009440395160311e-09,0.9648102499443808
MHAR,1,IBM,Ridge,rolling,842,8.860761970907783e-09,9.41316204625618e-05,4.182051954203115e-05,0.1359273556511568,9.009440395160311e-09,0.983497485112128
MHAR,1,IBM,SHAR,rolling,842,8.890152064809911e-09,9.428760292217588e-05,4.2351900589352775e-05,0.1330613294291401,9.009440395160311e-09,0.986759629331198
MHAR,1,INTC,AdaptiveLasso,rolling,841,2.8886015387768543e-08,0.0001699588638105,7.414803606878818e-05,0.1067172954743681,2.8540623107724197e-08,1.0121017778322738
MHAR,1,INTC,Bagging,rolling,841,2.8904903770869712e-08,0.0001700144222437,7.050359350721954e-05,0.10613318355328,2.8540623107724197e-08,1.012763584795278
MHAR,1,INTC,ElasticNet,rolling,841,2.882854592708024e-08,0.0001697897108987,7.599434860973432e-05,0.108494504084906,2.8540623107724197e-08,1.010088175659981
MHAR,1,INTC,GradientBoosting,rolling,841,2.8690552618326473e-08,0.0001693828581005,7.40272726383118e-05,0.1127618644111835,2.8540623107724197e-08,1.0052531968218206
MHAR,1,INTC,HAR,rolling,841,2.8540623107724197e-08,0.0001689397025797,7.024138297984085e-05,0.117398344622148,2.8540623107724197e-08,1.0
MHAR,1,INTC,HARQ,rolling,841,2.916816606053729e-08,0.0001707869024853,6.812590155775325e-05,0.097991955109102,2.8540623107724197e-08,1.021987710304869
MHAR,1,INTC,HARX,rolling,841,2.8540623107724197e-08,0.0001689397025797,7.024138297984085e-05,0.117398344622148,2.8540623107724197e-08,1.0
MHAR,1,INTC,Lasso,rolling,841,2.8866534646598323e-08,0.0001699015439794,7.623913543647909e-05,0.1073197257135371,2.8540623107724197e-08,1.0114192159590911
MHAR,1,INTC,LevHAR,rolling,840,2.8070268851621234e-08,0.0001675418420921,7.240112629769268e-05,0.1327699275289774,2.8540623107724197e-08,0.9835198322640802
MHAR,1,INTC,LogHAR,rolling,841,2.7196649084803217e-08,0.0001649140657579,6.54773967600214e-05,0.1589599353743086,2.8540623107724197e-08,0.9529101373208192
MHAR,1,INTC,NN1,fixed,841,2.8592503459997713e-08,0.0001690931798151,6.41005450700402e-05,0.115793975837859,2.8540623107724197e-08,1.0018177722356552
MHAR,1,INTC,NN1_1,fixed,841,2.8513080629593165e-08,0.0001688581671983,6.543253678674787e-05,0.1182500792426538,2.8540623107724197e-08,0.9990349727815304
MHAR,1,INTC,NN2,fixed,841,2.9420599245905616e-08,0.0001715243400975,6.46194894134125e-05,0.090185610221765,2.8540623107724197e-08,1.030832408068318
MHAR,1,INTC,NN2_1,fixed,841,2.9831025868526497e-08,0.0001727166056536,6.747108706950535e-05,0.0774934130272935,2.8540623107724197e-08,1.045212844720726
MHAR,1,INTC,NN3,fixed,841,3.0006933676750784e-08,0.0001732250954011,6.756615748085194e-05,0.0720535695401123,2.8540623107724197e-08,1.0513762633524897
MHAR,1,INTC,NN3_1,fixed,841,3.2531634887523933e-08,0.0001803652818242,7.747580378636482e-05,-0.0060213014797771,2.8540623107724197e-08,1.139836182438484
MHAR,1,INTC,NN4,fixed,841,3.183799384842245e-08,0.0001784320426616,7.181614318474945e-05,0.0154291317163813,2.8540623107724197e-08,1.1155325420980684
MHAR,1,INTC,NN4_1,fixed,841,3.2467603069312924e-08,0.0001801876884509,6.908167239801967e-05,-0.0040411558979314,2.8540623107724197e-08,1.137592649843932
MHAR,1,INTC,PostLasso,rolling,841,2.8560476892594898e-08,0.0001689984523378,7.082752625460312e-05,0.1167843782302352,2.8540623107724197e-08,1.00069563249533
MHAR,1,INTC,RandomForest,rolling,841,2.8292275464290973e-08,0.0001682030780464,6.899878153164008e-05,0.1250783465750148,2.8540623107724197e-08,0.9912984505455308
MHAR,1,INTC,Ridge,rolling,841,2.8499837678543746e-08,0.0001688189494059,7.116644188371497e-05,0.118659609562794,2.8540623107724197e-08,0.9985709692102196
MHAR,1,INTC,SHAR,rolling,841,2.780800725834096e-08,0.0001667573304485,6.812871046716929e-05,0.1400540504552383,2.8540623107724197e-08,0.974330768931777
MHAR,1,JNJ,AdaptiveLasso,rolling,829,3.977636606047673e-07,0.0006306850724448,7.519501511316033e-05,-0.0745089550416671,4.297844608404299e-07,0.9254956771283752
MHAR,1,JNJ,Bagging,rolling,829,3.690539860192762e-07,0.0006074981366385,6.228478367372304e-05,0.0030466527067615,4.297844608404299e-07,0.8586955082033509
MHAR,1,JNJ,ElasticNet,rolling,829,3.914227998494517e-07,0.0006256379143318,7.310660469338956e-05,-0.0573799099853644,4.297844608404299e-07,0.910742094034849
MHAR,1,JNJ,GradientBoosting,rolling,829,3.6753837309361826e-07,0.0006062494314171,5.7246564758363976e-05,0.0071408921315502,4.297844608404299e-07,0.8551690593347852
MHAR,1,JNJ,HAR,rolling,829,4.297844608404299e-07,0.0006555794847617,7.950687937579063e-05,-0.1610091560618087,4.297844608404299e-07,1.0
MHAR,1,JNJ,HARQ,rolling,829,3.741436193054181e-07,0.0006116728041244,6.376951867907155e-05,-0.0107023572845552,4.297844608404299e-07,0.8705378006775584
MHAR,1,JNJ,HARX,rolling,829,4.297844608404299e-07,0.0006555794847617,7.950687937579063e-05,-0.1610091560618087,4.297844608404299e-07,1.0
MHAR,1,JNJ,Lasso,rolling,829,3.914952276239911e-07,0.0006256957947948,7.50301258308066e-05,-0.0575755645914639,4.297844608404299e-07,0.9109106151917046
MHAR,1,JNJ,LevHAR,rolling,829,3.91685706315329e-07,0.0006258479897829,8.175110435050295e-05,-0.0580901190363722,4.297844608404299e-07,0.9113538110461228
MHAR,1,JNJ,LogHAR,rolling,829,3.789954414121917e-07,0.000615626056476,5.845093719067246e-05,-0.0238089500136922,4.297844608404299e-07,0.8818267665403213
MHAR,1,JNJ,NN1,fixed,829,3.701574330861113e-07,0.0006084056484666,5.452705312933481e-05,6.582798052567895e-05,4.297844608404299e-07,0.8612629511134026
MHAR,1,JNJ,NN1_1,fixed,829,3.692909518566969e-07,0.0006076931395504,5.20075782530927e-05,0.0024065190304966,4.297844608404299e-07,0.8592468679173744
MHAR,1,JNJ,NN2,fixed,829,3.702715989412803e-07,0.0006084994650295,5.4378580681354495e-05,-0.0002425768484943,4.297844608404299e-07,0.8615285862528066
MHAR,1,JNJ,NN2_1,fixed,829,3.7441561737317473e-07,0.0006118951032433,5.472048778743896e-05,-0.0114371261649355,4.297844608404299e-07,0.8711706715524727
MHAR,1,JNJ,NN3,fixed,829,3.861635371247098e-07,0.0006214205799011,6.264807731954443e-05,-0.0431726672069268,4.297844608404299e-07,0.8985051166567986
MHAR,1,JNJ,NN3_1,fixed,829,3.698593523053669e-07,0.000608160630348,5.246017687955306e-05,0.0008710560593014,4.297844608404299e-07,0.8605693923463836
MHAR,1,JNJ,NN4,fixed,829,3.709067131390193e-07,0.0006090211105856,5.46353255481636e-05,-0.001958258698131,4.297844608404299e-07,0.8630063367431269
MHAR,1,JNJ,NN4_1,fixed,829,3.707045217943894e-07,0.0006088550909653,5.818927999866221e-05,-0.0014120639801258,4.297844608404299e-07,0.8625358884997575
MHAR,1,JNJ,PostLasso,rolling,829,4.46147526657701e-07,0.0006679427570216,7.647826924370682e-05,-0.2052119390054834,4.297844608404299e-07,1.0380727255361293
MHAR,1,JNJ,RandomForest,rolling,829,3.678080037694889e-07,0.0006064717666713,6.215109945709609e-05,0.006412518465297,4.297844608404299e-07,0.8557964218861054
MHAR,1,JNJ,Ridge,rolling,829,4.1848605020142195e-07,0.0006469049777219,7.160179794930083e-05,-0.1304879078640879,4.297844608404299e-07,0.9737114491833552
MHAR,1,JNJ,SHAR,rolling,829,4.353052944013991e-07,0.000659776700408,7.993720787998303e-05,-0.1759229998542169,4.297844608404299e-07,1.012845586716126
MHAR,1,JPM,AdaptiveLasso,rolling,841,4.0943038073697336e-08,0.0002023438609735,7.299209420786382e-05,-0.0632529178966354,4.0156006118316025e-08,1.0195993583889391
MHAR,1,JPM,Bagging,rolling,841,4.4931509585672806e-08,0.0002119705394286,5.963935101215802e-05,-0.1668298426334411,4.0156006118316025e-08,1.1189237658069429
MHAR,1,JPM,ElasticNet,rolling,841,4.176285428493745e-08,0.000204359619996,7.976666060532544e-05,-0.084542788403338,4.0156006118316025e-08,1.0400151390027932
MHAR,1,JPM,GradientBoosting,rolling,841,4.0687473676420316e-08,0.0002017113622888,6.103771446898563e-05,-0.0566161463256984,4.0156006118316025e-08,1.0132350701545956
MHAR,1,JPM,HAR,rolling,841,4.0156006118316025e-08,0.0002003896357557,6.70667423519674e-05,-0.042814424262362,4.0156006118316025e-08,1.0
MHAR,1,JPM,HARQ,rolling,841,4.9861149597686436e-08,0.0002232961029612,6.44455841020376e-05,-0.2948480448371684,4.0156006118316025e-08,1.241685974715092
MHAR,1,JPM,HARX,rolling,841,4.0156006118316025e-08,0.0002003896357557,6.70667423519674e-05,-0.042814424262362,4.0156006118316025e-08,1.0
MHAR,1,JPM,Lasso,rolling,841,4.080952796768448e-08,0.0002020136826249,7.494878196773041e-05,-0.0597857836421782,4.0156006118316025e-08,1.0162745729105358
MHAR,1,JPM,LevHAR,rolling,841,5.377045703327269e-08,0.0002318845769629,0.0001040914764336,-0.39636915156013,4.0156006118316025e-08,1.3390389690359874
MHAR,1,JPM,LogHAR,rolling,841,3.526426330317598e-08,0.0001877878145758,5.4109391805006983e-05,0.0842196227088345,4.0156006118316025e-08,0.878181540247629
MHAR,1,JPM,NN1,fixed,841,3.6703670279394515e-08,0.0001915820197184,5.8385260067172114e-05,0.0468395517734456,4.0156006118316025e-08,0.914026912219569
MHAR,1,JPM,NN1_1,fixed,841,3.4199709222565714e-08,0.0001849316339152,5.3495686973638615e-05,0.1118651098470931,4.0156006118316025e-08,0.8516710830703476
MHAR,1,JPM,NN2,fixed,841,3.5765824886922145e-08,0.0001891185471785,5.753176480728497e-05,0.0711945312033374,4.0156006118316025e-08,0.8906718656616742
MHAR,1,JPM,NN2_1,fixed,841,3.663871646885173e-08,0.0001914124250639,6.066853153825986e-05,0.0485263422960202,4.0156006118316025e-08,0.9124093755962454
MHAR,1,JPM,NN3,fixed,841,3.6190124537303215e-08,0.0001902370219944,5.849817562752253e-05,0.0601758608125824,4.0156006118316025e-08,0.9012381468085322
MHAR,1,JPM,NN3_1,fixed,841,3.7388701748459394e-08,0.0001933615829177,5.6014590904860595e-05,0.0290499166461454,4.0156006118316025e-08,0.9310861652500244
MHAR,1,JPM,NN4,fixed,841,3.6858266751740176e-08,0.0001919850690854,6.490718598486345e-05,0.0428248240431249,4.0156006118316025e-08,0.9178768088425088
MHAR,1,JPM,NN4_1,fixed,841,3.64290497996183e-08,0.000190863956261,6.6486735058663e-05,0.0539711922225655,4.0156006118316025e-08,0.9071880727451682
MHAR,1,JPM,PostLasso,rolling,841,4.041420954823616e-08,0.0002010328568872,6.994819993486657e-05,-0.0495197290758282,4.0156006118316025e-08,1.006430007734319
MHAR,1,JPM,RandomForest,rolling,841,3.773173438145529e-08,0.0001942465813893,5.726284178021469e-05,0.0201416757063757,4.0156006118316025e-08,0.9396286640230644
MHAR,1,JPM,Ridge,rolling,841,4.0570973225914633e-08,0.0002014223751868,7.104566581634738e-05,-0.0535907371288171,4.0156006118316025e-08,1.0103338740007148
MHAR,1,JPM,SHAR,rolling,841,3.7607375398745714e-08,0.0001939262112215,6.470078044655298e-05,0.0233711637329995,4.0156006118316025e-08,0.9365317678241954
MHAR,1,KO,AdaptiveLasso,rolling,827,7.685787399067567e-09,8.766862265980666e-05,4.0834075156140855e-05,-0.0143539727798795,7.060596115099808e-09,1.0885465297513228
MHAR,1,KO,Bagging,rolling,827,7.313970737955402e-09,8.55217559335366e-05,3.2218305387295735e-05,0.0347176041141976,7.060596115099808e-09,1.035885726746744
MHAR,1,KO,ElasticNet,rolling,827,7.075461870799295e-09,8.411576469841604e-05,3.5779415019030844e-05,0.0661955001814734,7.060596115099808e-09,1.0021054533437617
MHAR,1,KO,GradientBoosting,rolling,827,7.045320503150071e-09,8.393640749490099e-05,3.327190180091054e-05,0.0701734941634197,7.060596115099808e-09,0.9978364982643506
MHAR,1,KO,HAR,rolling,827,7.060596115099808e-09,8.402735337436142e-05,3.2360912924339615e-05,0.0681574511917211,7.060596115099808e-09,1.0
MHAR,1,KO,HARQ,rolling,827,7.303775417536243e-09,8.546212855725186e-05,3.1096732614053104e-05,0.0360631609496877,7.060596115099808e-09,1.0344417522928937
MHAR,1,KO,HARX,rolling,827,7.060596115099808e-09,8.402735337436142e-05,3.2360912924339615e-05,0.0681574511917211,7.060596115099808e-09,1.0
MHAR,1,KO,Lasso,rolling,827,7.113501298694309e-09,8.434157514947364e-05,3.482227621266134e-05,0.0611751369051924,7.060596115099808e-09,1.0074930193898726
MHAR,1,KO,LevHAR,rolling,826,6.943415693988298e-09,8.332716060198078e-05,3.193161908094068e-05,0.0844235865391677,7.060596115099808e-09,0.9834036079671932
MHAR,1,KO,LogHAR,rolling,827,6.655081941590616e-09,8.157868558386202e-05,2.9290975542913824e-05,0.1216763545336871,7.060596115099808e-09,0.942566581220818
MHAR,1,KO,NN1,fixed,827,7.011516837614443e-09,8.373480063638082e-05,3.266266107433748e-05,0.0746348304781279,7.060596115099808e-09,0.9930488479038754
MHAR,1,KO,NN1_1,fixed,827,6.707754372324763e-09,8.190088138918142e-05,3.0337937236248993e-05,0.1147247584776165,7.060596115099808e-09,0.9500266355668672
MHAR,1,KO,NN2,fixed,827,6.896255301113304e-09,8.304369513161913e-05,3.160486140791055e-05,0.0898468043967439,7.060596115099808e-09,0.97672422961072
MHAR,1,KO,NN2_1,fixed,827,6.863753251815144e-09,8.284777155612059e-05,3.309717886277404e-05,0.0941363561521145,7.060596115099808e-09,0.9721209285907608
MHAR,1,KO,NN3,fixed,827,7.059808740094616e-09,8.402266801342728e-05,3.424472188672161e-05,0.0682613672803552,7.060596115099808e-09,0.9998884832112818
MHAR,1,KO,NN3_1,fixed,827,6.977542108393392e-09,8.353168326086451e-05,2.9751486234389575e-05,0.0791187434164008,7.060596115099808e-09,0.9882369696053288
MHAR,1,KO,NN4,fixed,827,7.306688754863305e-09,8.547917146804422e-05,3.576422322118248e-05,0.0356786648482067,7.060596115099808e-09,1.034854371465492
MHAR,1,KO,NN4_1,fixed,827,7.173719115705316e-09,8.469781057208808e-05,3.477583345437325e-05,0.0532277167196358,7.060596115099808e-09,1.0160217351001826
MHAR,1,KO,PostLasso,rolling,827,7.0741829578066094e-09,8.410816225436511e-05,3.272992069802145e-05,0.0663642884145605,7.060596115099808e-09,1.0019243194887957
MHAR,1,KO,RandomForest,rolling,827,7.338738161033803e-09,8.566643544022246e-05,3.181036281208187e-05,0.031448851975914,7.060596115099808e-09,1.0393935641410164
MHAR,1,KO,Ridge,rolling,827,7.032539327623415e-09,8.386023686839558e-05,3.290460254581787e-05,0.0718603266893667,7.060596115099808e-09,0.9960262863051476
MHAR,1,KO,SHAR,rolling,827,7.098707844598603e-09,8.425382985122162e-05,3.233785954579345e-05,0.0631275457026224,7.060596115099808e-09,1.0053978062018432
MHAR,1,MCD,AdaptiveLasso,rolling,835,1.4462908128802004e-08,0.0001202618315543,4.783551020520408e-05,-0.0027592404830172,1.3896535280867227e-08,1.040756407009923
MHAR,1,MCD,Bagging,rolling,835,1.3762613784965665e-08,0.0001173141670258,4.003037691157651e-05,0.0457943849764047,1.3896535280867227e-08,0.9903629578744028
MHAR,1,MCD,ElasticNet,rolling,835,1.4072220475850936e-08,0.000118626390301,4.750787067985144e-05,0.0243283722329293,1.3896535280867227e-08,1.012642373903486
MHAR,1,MCD,GradientBoosting,rolling,835,1.3806330344723014e-08,0.0001175003418919,4.405194787484209e-05,0.0427633773900733,1.3896535280867227e-08,0.9935088182542589
MHAR,1,MCD,HAR,rolling,835,1.3896535280867227e-08,0.0001178835666276,4.274610897459418e-05,0.0365091833890993,1.3896535280867227e-08,1.0
MHAR,1,MCD,HARQ,rolling,835,1.4063406842449996e-08,0.0001185892357781,3.9713659690807024e-05,0.0249394493590725,1.3896535280867227e-08,1.0120081414690838
MHAR,1,MCD,HARX,rolling,835,1.3896535280867227e-08,0.0001178835666276,4.274610897459418e-05,0.0365091833890993,1.3896535280867227e-08,1.0
MHAR,1,MCD,Lasso,rolling,835,1.4211113897268376e-08,0.0001192103766342,4.917675510953375e-05,0.0146984512980602,1.3896535280867227e-08,1.0226371976930293
MHAR,1,MCD,LevHAR,rolling,834,1.4365391033181275e-08,0.0001198557092223,4.497690470113249e-05,0.0050843196057973,1.3896535280867227e-08,1.0337390394683177
MHAR,1,MCD,LogHAR,rolling,835,1.320088698268777e-08,0.0001148951129625,3.68439220031512e-05,0.0847406837840007,1.3896535280867227e-08,0.949940882088989
MHAR,1,MCD,NN1,fixed,835,1.426835867594017e-08,0.0001194502351439,3.531129446655523e-05,0.0107294894356645,1.3896535280867227e-08,1.0267565538861236
MHAR,1,MCD,NN1_1,fixed,835,1.3981185925843464e-08,0.0001182420649593,3.5097822246512285e-05,0.0306400859913411,1.3896535280867227e-08,1.0060914928264733
MHAR,1,MCD,NN2,fixed,835,1.4397288386441438e-08,0.0001199887010782,3.6523413640697245e-05,0.0017903841446281,1.3896535280867227e-08,1.036034385222887
MHAR,1,MCD,NN2_1,fixed,835,1.3835277694871272e-08,0.0001176234572475,3.448492925518966e-05,0.0407563658962467,1.3896535280867227e-08,0.9955918806552958
MHAR,1,MCD,NN3,fixed,835,1.4583207008110634e-08,0.0001207609498476,3.556616458767818e-05,-0.0110999429041471,1.3896535280867227e-08,1.049413160429191
MHAR,1,MCD,NN3_1,fixed,835,1.3933159566825236e-08,0.000118038805343,3.7053725439353864e-05,0.0339699056142963,1.3896535280867227e-08,1.0026354976415188
MHAR,1,MCD,NN4,fixed,835,1.5109886420142038e-08,0.0001229222779651,3.89846158846049e-05,-0.0476162951123804,1.3896535280867227e-08,1.0873132125923035
MHAR,1,MCD,NN4_1,fixed,835,1.4644584835935217e-08,0.0001210148124649,3.6167923595267074e-05,-0.0153554621582114,1.3896535280867227e-08,1.0538299324219258
MHAR,1,MCD,PostLasso,rolling,835,1.3945145839202434e-08,0.0001180895670209,4.372805986214081e-05,0.0331388593766973,1.3896535280867227e-08,1.0034980343915028
MHAR,1,MCD,RandomForest,rolling,835,1.3426843592085372e-08,0.0001158742576765,3.91779637751917e-05,0.0690743962017381,1.3896535280867227e-08,0.9662008062233663
MHAR,1,MCD,Ridge,rolling,835,1.3904020350658344e-08,0.0001179153100774,4.396604462511156e-05,0.0359902197870452,1.3896535280867227e-08,1.0005386284883129
MHAR,1,MCD,SHAR,rolling,835,1.3767135987172816e-08,0.0001173334393392,4.203308731179049e-05,0.0454808463706022,1.3896535280867227e-08,0.9906883772768476
MHAR,1,MMM,AdaptiveLasso,rolling,832,1.2572111107634949e-08,0.0001121254257857,4.5975588277156134e-05,-0.0113505382465346,1.1804163704281557e-08,1.0650573325304564
MHAR,1,MMM,Bagging,rolling,832,1.2281861545552634e-08,0.0001108235604262,3.4976049443040975e-05,0.0119982890366969,1.1804163704281557e-08,1.0404685883081923
MHAR,1,MMM,ElasticNet,rolling,832,1.1911269835898436e-08,0.0001091387641303,4.06338366417612e-05,0.0418101576894378,1.1804163704281557e-08,1.0090735891419425
MHAR,1,MMM,GradientBoosting,rolling,832,1.3133556677645085e-08,0.0001146017306921,4.173592063875309e-05,-0.0565154492598531,1.1804163704281557e-08,1.1126206825546936
MHAR,1,MMM,HAR,rolling,832,1.1804163704281557e-08,0.000108646968224,3.623294458100312e-05,0.0504262002086971,1.1804163704281557e-08,1.0
MHAR,1,MMM,HARQ,rolling,832,1.2864067565444696e-08,0.0001134198728858,3.3945813879224473e-05,-0.034836674999743,1.1804163704281557e-08,1.0897906779095834
MHAR,1,MMM,HARX,rolling,832,1.1804163704281557e-08,0.000108646968224,3.623294458100312e-05,0.0504262002086971,1.1804163704281557e-08,1.0
MHAR,1,MMM,Lasso,rolling,832,1.1907297834687233e-08,0.00010912056559,4.037720634978607e-05,0.0421296812387028,1.1804163704281557e-08,1.0087370976029642
MHAR,1,MMM,LevHAR,rolling,831,1.19151428445116e-08,0.0001091565061941,3.6538172021761285e-05,0.0423806266626086,1.1804163704281557e-08,1.0094016944368358
MHAR,1,MMM,LogHAR,rolling,832,1.1021700159972318e-08,0.0001049842853,3.179447297889468e-05,0.1133706746824283,1.1804163704281557e-08,0.9337129199567584
MHAR,1,MMM,NN1,fixed,832,1.1386231987699852e-08,0.0001067062884168,3.265717469956298e-05,0.0840462869941629,1.1804163704281557e-08,0.96459455095238
MHAR,1,MMM,NN1_1,fixed,832,1.1635043627954104e-08,0.0001078658594178,3.371678729161913e-05,0.0640308906825345,1.1804163704281557e-08,0.9856728455683724
MHAR,1,MMM,NN2,fixed,832,1.1711902822350253e-08,0.0001082215450931,3.387657342350244e-05,0.0578480318964285,1.1804163704281557e-08,0.9921840391032668
MHAR,1,MMM,NN2_1,fixed,832,7.006558410915335e-08,0.0002646990444054,4.1766276174834595e-05,-4.6363537988712835,1.1804163704281557e-08,5.93566692774173
MHAR,1,MMM,NN3,fixed,832,1.156553456410892e-08,0.0001075431753488,3.325972878657578e-05,0.0696224757815674,1.1804163704281557e-08,0.979784324739068
MHAR,1,MMM,NN3_1,fixed,832,1.1566998805462016e-08,0.000107549982824,3.252364594716084e-05,0.0695046863929835,1.1804163704281557e-08,0.9799083692194546
MHAR,1,MMM,NN4,fixed,832,1.1990006786056414e-08,0.0001094988894284,3.428758631740839e-05,0.035476244773746,1.1804163704281557e-08,1.0157438583901923
MHAR,1,MMM,NN4_1,fixed,832,1.1463629403170749e-08,0.000107068339873,3.2683497413510804e-05,0.0778201315676613,1.1804163704281557e-08,0.9711513403539728
MHAR,1,MMM,PostLasso,rolling,832,1.1818548444672172e-08,0.0001087131475244,3.687438297257079e-05,0.0492690345734242,1.1804163704281557e-08,1.0012186157995588
MHAR,1,MMM,RandomForest,rolling,832,1.1583989272935434e-08,0.000107628942543,3.3482563943473126e-05,0.0681379057244714,1.1804163704281557e-08,0.9813477314562944
MHAR,1,MMM,Ridge,rolling,832,1.176191998818198e-08,0.0001084523858113,3.717008808482113e-05,0.0538244524711113,1.1804163704281557e-08,0.9964212868308278
MHAR,1,MMM,SHAR,rolling,832,1.1537106291798425e-08,0.0001074109225907,3.565125580197849e-05,0.0719093588878722,1.1804163704281557e-08,0.977375998912463
MHAR,1,MRK,AdaptiveLasso,rolling,834,2.1055306069338055e-08,0.0001451044660557,6.868631897182749e-05,0.0885836944248772,2.0695592872024378e-08,1.0173811496746212
MHAR,1,MRK,Bagging,rolling,834,2.1705443906303605e-08,0.0001473276752898,6.074005503133968e-05,0.060441323873226,2.0695592872024378e-08,1.0487954629047769
MHAR,1,MRK,ElasticNet,rolling,834,2.0845982878750064e-08,0.0001443813799586,6.604039238355468e-05,0.0976446203695602,2.0695592872024378e-08,1.0072667648448468
MHAR,1,MRK,GradientBoosting,rolling,834,1.9960578542603463e-08,0.0001412819115902,6.111105225042577e-05,0.135970919039048,2.0695592872024378e-08,0.964484499962575
MHAR,1,MRK,HAR,rolling,834,2.0695592872024378e-08,0.0001438596290556,6.392519397939117e-05,0.1041545188186239,2.0695592872024378e-08,1.0
MHAR,1,MRK,HARQ,rolling,834,2.2014283488257765e-08,0.0001483721115582,5.827330476347666e-05,0.0470726542432018,2.0695592872024378e-08,1.0637184266422224
MHAR,1,MRK,HARX,rolling,834,2.0695592872024378e-08,0.0001438596290556,6.392519397939117e-05,0.1041545188186239,2.0695592872024378e-08,1.0
MHAR,1,MRK,Lasso,rolling,834,2.1064796225792446e-08,0.0001451371634895,6.90404959863265e-05,0.0881728961535769,2.0695592872024378e-08,1.0178397089685285
MHAR,1,MRK,LevHAR,rolling,834,2.1414411396509157e-08,0.0001463366372324,6.426472290989099e-05,0.0730391827694872,2.0695592872024378e-08,1.034732927388442
MHAR,1,MRK,LogHAR,rolling,834,1.972887251288771e-08,0.0001404595048862,5.233994373953507e-05,0.1460007259146908,2.0695592872024378e-08,0.9532885882943972
MHAR,1,MRK,NN1,fixed,834,2.1761352213058772e-08,0.0001475172946235,5.598639476983214e-05,0.0580212335536671,2.0695592872024378e-08,1.0514969224426065
MHAR,1,MRK,NN1_1,fixed,834,2.0955668558146173e-08,0.000144760728646,5.366188490757278e-05,0.0928966809969153,2.0695592872024378e-08,1.0125667183216267
MHAR,1,MRK,NN2,fixed,834,2.089906425145204e-08,0.0001445650865577,5.2101079191548624e-05,0.0953468989095362,2.0695592872024378e-08,1.00983162843828
MHAR,1,MRK,NN2_1,fixed,834,2.0100350095712517e-08,0.0001417757034745,4.967175634449476e-05,0.129920659207173,2.0695592872024378e-08,0.9712381867969344
MHAR,1,MRK,NN3,fixed,834,2.0659011901338145e-08,0.0001437324316267,5.432837068072985e-05,0.1057379910819765,2.0695592872024378e-08,0.9982324270238384
MHAR,1,MRK,NN3_1,fixed,834,2.1015073601773416e-08,0.0001449657669995,5.528985603438146e-05,0.0903252282136135,2.0695592872024378e-08,1.0154371383185117
MHAR,1,MRK,NN4,fixed,834,2.228232438565244e-08,0.0001492726511644,5.645648501393445e-05,0.035470028109818,2.0695592872024378e-08,1.0766700197206216
MHAR,1,MRK,NN4_1,fixed,834,2.3625259609710827e-08,0.0001537051059975,6.40267841777374e-05,-0.0226613073600763,2.0695592872024378e-08,1.1415599328708614
MHAR,1,MRK,PostLasso,rolling,834,2.0845961201081123e-08,0.0001443813048877,6.604004428253636e-05,0.0976455587259478,2.0695592872024378e-08,1.0072657173914552
MHAR,1,MRK,RandomForest,rolling,834,2.097473988963614e-08,0.0001448265855761,5.861235670121831e-05,0.0920711445534295,2.0695592872024378e-08,1.0134882348786975
MHAR,1,MRK,Ridge,rolling,834,2.0845961208451342e-08,0.0001443813049132,6.604004440095748e-05,0.0976455584069148,2.0695592872024378e-08,1.00726571774758
MHAR,1,MRK,SHAR,rolling,834,2.1213917104123425e-08,0.0001456499814765,6.406266491195104e-05,0.0817179341803352,2.0695592872024378e-08,1.02504515020682
MHAR,1,MSFT,AdaptiveLasso,rolling,842,3.1157364979928263e-08,0.0001765144894333,7.162304625008514e-05,0.0553057218385029,2.9455611082240713e-08,1.0577735051205088
MHAR,1,MSFT,Bagging,rolling,842,2.90728302699228e-08,0.000170507566606,5.786875256815821e-05,0.118509013080872,2.9455611082240713e-08,0.9870048252861168
MHAR,1,MSFT,ElasticNet,rolling,842,2.9154129413674257e-08,0.0001707458035023,6.526936912742611e-05,0.1160440152875442,2.9455611082240713e-08,0.989764881545838
MHAR,1,MSFT,GradientBoosting,rolling,842,3.0253534569537666e-08,0.0001739354321854,6.029308752980123e-05,0.0827099460941295,2.9455611082240713e-08,1.027089014893262
MHAR,1,MSFT,HAR,rolling,842,2.9455611082240713e-08,0.000171626370591,5.789089389778895e-05,0.1069030623395401,2.9455611082240713e-08,1.0
MHAR,1,MSFT,HARQ,rolling,842,2.8433194468194215e-08,0.0001686214531671,5.6508023527806495e-05,0.137902831601453,2.9455611082240713e-08,0.9652895806102312
MHAR,1,MSFT,HARX,rolling,842,2.9455611082240713e-08,0.000171626370591,5.789089389778895e-05,0.1069030623395401,2.9455611082240713e-08,1.0
MHAR,1,MSFT,Lasso,rolling,842,2.9740957522384536e-08,0.0001724556682814,6.721135077204515e-05,0.098251331056382,2.9455611082240713e-08,1.0096873373072155
MHAR,1,MSFT,LevHAR,rolling,842,2.8646478324079657e-08,0.0001692527055148,5.695893488766733e-05,0.1314360447467559,2.9455611082240713e-08,0.9725304372093336
MHAR,1,MSFT,LogHAR,rolling,842,2.7420643597836185e-08,0.0001655917980995,5.466006855768805e-05,0.1686034705736796,2.9455611082240713e-08,0.930914097191097
MHAR,1,MSFT,NN1,fixed,842,2.9753887732739106e-08,0.0001724931527126,6.386842626555215e-05,0.097859285845073,2.9455611082240713e-08,1.0101263100488933
MHAR,1,MSFT,NN1_1,fixed,842,2.927750192787305e-08,0.0001711066974956,6.532852944238802e-05,0.1123033488890513,2.9455611082240713e-08,0.9939533030270402
MHAR,1,MSFT,NN2,fixed,842,2.8956494225952468e-08,0.0001701660783644,6.16146812123392e-05,0.1220363330308585,2.9455611082240713e-08,0.983055287670159
MHAR,1,MSFT,NN2_1,fixed,842,3.0381900973794354e-08,0.0001743040474968,5.969977128774157e-05,0.0788178644727348,2.9455611082240713e-08,1.0314469758908555
MHAR,1,MSFT,NN3,fixed,842,3.1294970605811953e-08,0.0001769038456501,7.130903497499614e-05,0.0511335061360873,2.9455611082240713e-08,1.0624451320475308
MHAR,1,MSFT,NN3_1,fixed,842,3.2681714449994183e-08,0.0001807808464688,7.77575783205786e-05,0.0090873005048158,2.9455611082240713e-08,1.1095242383105248
MHAR,1,MSFT,NN4,fixed,842,3.210890630258355e-08,0.0001791895820146,7.162966821049193e-05,0.0264548981720676,2.9455611082240713e-08,1.090077751669615
MHAR,1,MSFT,NN4_1,fixed,842,3.308887852441145e-08,0.0001819034868396,7.107694482749044e-05,-0.0032579530691851,2.9455611082240713e-08,1.123347209875449
MHAR,1,MSFT,PostLasso,rolling,842,2.9578153960943448e-08,0.0001719830048607,5.852157834741656e-05,0.1031875505684232,2.9455611082240713e-08,1.0041602558629863
MHAR,1,MSFT,RandomForest,rolling,842,2.863582879376137e-08,0.0001692212421469,5.650126138508044e-05,0.1317589395218202,2.9455611082240713e-08,0.9721688921614802
MHAR,1,MSFT,Ridge,rolling,842,2.9137939652023602e-08,0.0001706983879596,5.815810589675056e-05,0.1165348904050652,2.9455611082240713e-08,0.9892152490291184
MHAR,1,MSFT,SHAR,rolling,842,2.8101186502882737e-08,0.0001676340851464,5.715648370815942e-05,0.1479693447785413,2.9455611082240713e-08,0.9540181130319654
MHAR,1,NKE,AdaptiveLasso,rolling,803,7.690557042446114e-08,0.0002773185360275,8.788056361869995e-05,0.0034054388926055,7.60413437726664e-08,1.0113652206670416
MHAR,1,NKE,Bagging,rolling,803,7.987245068937368e-08,0.0002826171450732,7.853743903591271e-05,-0.0350414085743531,7.60413437726664e-08,1.0503818939360243
MHAR,1,NKE,ElasticNet,rolling,803,7.653012404645909e-08,0.0002766407852187,8.804825725903014e-05,0.0082707277948163,7.60413437726664e-08,1.0064278226757004
MHAR,1,NKE,GradientBoosting,rolling,803,7.935821324600884e-08,0.0002817058984934,8.325683649239001e-05,-0.0283775708790259,7.60413437726664e-08,1.0436192906224613
MHAR,1,NKE,HAR,rolling,803,7.60413437726664e-08,0.0002757559496595,8.046553962943927e-05,0.0146046742144299,7.60413437726664e-08,1.0
MHAR,1,NKE,HARQ,rolling,803,8.090650226769751e-08,0.0002844406832147,7.710360458173676e-05,-0.0484413505184062,7.60413437726664e-08,1.0639804381886782
MHAR,1,NKE,HARX,rolling,803,7.60413437726664e-08,0.0002757559496595,8.046553962943927e-05,0.0146046742144299,7.60413437726664e-08,1.0
MHAR,1,NKE,Lasso,rolling,803,7.680464950788854e-08,0.0002771365178172,8.984784973412875e-05,0.0047132406032371,7.60413437726664e-08,1.010038035854602
MHAR,1,NKE,LevHAR,rolling,803,7.663048863031598e-08,0.0002768221245318,8.087708809182349e-05,0.0069701354209797,7.60413437726664e-08,1.0077476913008123
MHAR,1,NKE,LogHAR,rolling,803,7.338870659891414e-08,0.000270903500529,6.992316960090973e-05,0.0489793464958017,7.60413437726664e-08,0.9651158561626342
MHAR,1,NKE,NN1,fixed,803,7.606200432894519e-08,0.0002757934087844,6.937584564063063e-05,0.0143369407082192,7.60413437726664e-08,1.000271701619852
MHAR,1,NKE,NN1_1,fixed,803,7.584030562682545e-08,0.0002753911865452,6.705777633458338e-05,0.0172098629103124,7.60413437726664e-08,0.9973561994585212
MHAR,1,NKE,NN2,fixed,803,7.685160242051823e-08,0.0002772212156753,7.084832900160617e-05,0.004104792904369,7.60413437726664e-08,1.0106555014371417
MHAR,1,NKE,NN2_1,fixed,803,1.1342668927090905e-07,0.0003367887902987,7.185542055614414e-05,-0.4698599982798119,7.60413437726664e-08,1.4916449873638484
MHAR,1,NKE,NN3,fixed,803,7.576029128581616e-08,0.0002752458742394,7.024149892615792e-05,0.0182467430299233,7.60413437726664e-08,0.9963039516017697
MHAR,1,NKE,NN3_1,fixed,803,8.195908622834893e-08,0.0002862849738081,8.44997595011779e-05,-0.0620814476466684,7.60413437726664e-08,1.077822696997231
MHAR,1,NKE,NN4,fixed,803,7.666416536767906e-08,0.0002768829452452,6.925984767204152e-05,0.0065337294089491,7.60413437726664e-08,1.0081905653439611
MHAR,1,NKE,NN4_1,fixed,803,7.800689293770296e-08,0.0002792971409407,7.214702068247364e-05,-0.0108662454686723,7.60413437726664e-08,1.0258484275463724
MHAR,1,NKE,PostLasso,rolling,803,7.622890162695723e-08,0.0002760958196477,8.188396550697902e-05,0.0121741722826772,7.60413437726664e-08,1.0024665247217557
MHAR,1,NKE,RandomForest,rolling,803,7.738142852591659e-08,0.0002781751759699,7.771416626682951e-05,-0.0027610532503168,7.60413437726664e-08,1.0176231072041086
MHAR,1,NKE,Ridge,rolling,803,7.600361719068646e-08,0.0002756875354285,8.153521045026823e-05,0.015093560860779,7.60413437726664e-08,0.999503867500123
MHAR,1,NKE,SHAR,rolling,803,7.470453197204143e-08,0.0002733212980578,7.960584534154796e-05,0.0319279885383985,7.60413437726664e-08,0.9824199345474282
MHAR,1,PFE,AdaptiveLasso,rolling,831,1.0151999457085225e-08,0.0001007571310483,5.210103889925881e-05,0.2885108459659398,1.00124295821344e-08,1.013939661078852
MHAR,1,PFE,Bagging,rolling,831,1.4716976877573462e-08,0.0001213135477907,5.634854594618107e-05,-0.0314194236146978,1.00124295821344e-08,1.469870699898213
MHAR,1,PFE,ElasticNet,rolling,831,1.0051697190157216e-08,0.0001002581527366,4.963990070390435e-05,0.2955403947110889,1.00124295821344e-08,1.003921886061789
MHAR,1,PFE,GradientBoosting,rolling,831,1.1014575787583333e-08,0.0001049503491541,5.478997830866865e-05,0.2280583502511588,1.00124295821344e-08,1.1000902125930658
MHAR,1,PFE,HAR,rolling,831,1.00124295821344e-08,0.0001000621286108,4.885270567496596e-05,0.2982924119202305,1.00124295821344e-08,1.0
MHAR,1,PFE,HARQ,rolling,831,9.916666557559171e-09,9.958246109410616e-05,4.697940490723551e-05,0.3050038340032194,1.00124295821344e-08,0.9904355857097756
MHAR,1,PFE,HARX,rolling,831,1.00124295821344e-08,0.0001000621286108,4.885270567496596e-05,0.2982924119202305,1.00124295821344e-08,1.0
MHAR,1,PFE,Lasso,rolling,831,1.017567462191545e-08,0.0001008745489304,5.2149386337239426e-05,0.2868516040532624,1.00124295821344e-08,1.0163042384909589
MHAR,1,PFE,LevHAR,rolling,831,9.71843345374182e-09,9.858211528336072e-05,4.763280476414483e-05,0.3188967330259944,1.00124295821344e-08,0.9706368842865905
MHAR,1,PFE,LogHAR,rolling,831,9.88244219593228e-09,9.941047327083944e-05,4.599561086215018e-05,0.30740240210837,1.00124295821344e-08,0.9870173982113132
MHAR,1,PFE,NN1,fixed,831,1.205663684760792e-08,0.0001098027178516,5.261583549752955e-05,0.1550269099735212,1.00124295821344e-08,1.2041669555530343
MHAR,1,PFE,NN1_1,fixed,831,1.1655133863526376e-08,0.0001079589452686,5.3927643913855376e-05,0.1831657036854296,1.00124295821344e-08,1.164066500335056
MHAR,1,PFE,NN2,fixed,831,1.1389573357666724e-08,0.0001067219441242,4.974196481697562e-05,0.2017771526376923,1.00124295821344e-08,1.1375434168335747
MHAR,1,PFE,NN2_1,fixed,831,1.1209894146669426e-08,0.0001058767875724,5.075283574750219e-05,0.2143697271714464,1.00124295821344e-08,1.1195978013839631
MHAR,1,PFE,NN3,fixed,831,1.073352082662316e-08,0.0001036027066568,5.116250133096141e-05,0.2477557071369562,1.00124295821344e-08,1.0720196070867187
MHAR,1,PFE,NN3_1,fixed,831,1.161748458894736e-08,0.0001077844357453,5.137196206398178e-05,0.1858043021835338,1.00124295821344e-08,1.1603062467152756
MHAR,1,PFE,NN4,fixed,831,1.2428295823728092e-08,0.0001114822668576,5.272390258097707e-05,0.1289796932033947,1.00124295821344e-08,1.2412867148553457
MHAR,1,PFE,NN4_1,fixed,831,1.1143806781082542e-08,0.0001055642305948,5.1562777688887834e-05,0.2190013708227802,1.00124295821344e-08,1.1129972690112002
MHAR,1,PFE,PostLasso,rolling,831,1.004417926343585e-08,0.0001002206528787,4.948847728002296e-05,0.2960672784393323,1.00124295821344e-08,1.0031710266764926
MHAR,1,PFE,RandomForest,rolling,831,1.0822584520352056e-08,0.0001040316515314,5.0463445559855675e-05,0.2415137985972454,1.00124295821344e-08,1.0809149199574146
MHAR,1,PFE,Ridge,rolling,831,1.0048079204651187e-08,0.0001002401077645,4.958366484421749e-05,0.2957939563329025,1.00124295821344e-08,1.0035605366534013
MHAR,1,PFE,SHAR,rolling,831,1.0035211276901467e-08,0.0001001759016775,4.893413328847418e-05,0.2966957876487455,1.00124295821344e-08,1.0022753413225218
MHAR,1,PG,AdaptiveLasso,rolling,834,2.8701779757363677e-08,0.0001694159961673,4.7773584535243266e-05,-0.0263600156608367,2.8754206050281034e-08,0.9981767435057786
MHAR,1,PG,Bagging,rolling,834,2.9139233839074906e-08,0.0001707021787765,3.775471892791713e-05,-0.0420031354238488,2.8754206050281034e-08,1.0133903119467318
MHAR,1,PG,ElasticNet,rolling,834,2.8583519905242933e-08,0.0001690666138101,4.3399445076090345e-05,-0.0221311077429033,2.8754206050281034e-08,0.9940639590347364
MHAR,1,PG,GradientBoosting,rolling,834,7.667541780520189e-08,0.0002769032643455,5.682643107172654e-05,-1.74187119003162,2.8754206050281034e-08,2.666580940232654
MHAR,1,PG,HAR,rolling,834,2.8754206050281034e-08,0.0001695706520901,3.721312683980359e-05,-0.0282347513488177,2.8754206050281034e-08,1.0
MHAR,1,PG,HARQ,rolling,834,2.74425701456196e-08,0.0001656579914933,3.5847891793789115e-05,0.0186686344004316,2.8754206050281034e-08,0.9543845549980464
MHAR,1,PG,HARX,rolling,834,2.8754206050281034e-08,0.0001695706520901,3.721312683980359e-05,-0.0282347513488177,2.8754206050281034e-08,1.0
MHAR,1,PG,Lasso,rolling,834,2.8418434698801738e-08,0.0001685776814966,4.4345759437462376e-05,-0.0162277506514363,2.8754206050281034e-08,0.9883227048282204
MHAR,1,PG,LevHAR,rolling,835,2.8317810735943873e-08,0.000168278967004,3.687267427034561e-05,-0.0137509161395745,2.8754206050281034e-08,0.9848232528634572
MHAR,1,PG,LogHAR,rolling,834,2.6956369221665285e-08,0.0001641839493423,3.353118214739503e-05,0.0360549146988175,2.8754206050281034e-08,0.9374756922353564
MHAR,1,PG,NN1,fixed,834,2.7455050735716906e-08,0.0001656956569609,3.388795843476571e-05,0.0182223352943826,2.8754206050281034e-08,0.9548185989801854
MHAR,1,PG,NN1_1,fixed,834,2.7167097722229097e-08,0.0001648244451597,3.31585241268743e-05,0.0285193782628454,2.8754206050281034e-08,0.9448043070541876
MHAR,1,PG,NN2,fixed,834,2.7575300167291945e-08,0.0001660581228585,3.457816389126468e-05,0.0139222810985133,2.8754206050281034e-08,0.9590005760921516
MHAR,1,PG,NN2_1,fixed,834,2.7968964267121937e-08,0.000167239242605,3.5745815092603104e-05,-0.0001549327565946,2.8754206050281034e-08,0.9726912375258776
MHAR,1,PG,NN3,fixed,834,2.7334883093161533e-08,0.0001653326437614,3.7891065151093234e-05,0.0225194647594436,2.8754206050281034e-08,0.9506394662875544
MHAR,1,PG,NN3_1,fixed,834,2.7876030357904564e-08,0.0001669611642206,3.585621525972545e-05,0.0031683332333931,2.8754206050281034e-08,0.9694592265618168
MHAR,1,PG,NN4,fixed,834,2.7548727059919223e-08,0.0001659780921083,3.85387688730477e-05,0.0148725209487872,2.8754206050281034e-08,0.958076429296853
MHAR,1,PG,NN4_1,fixed,834,2.7892632265449315e-08,0.0001670108746921,3.764477349267537e-05,0.00257465805953,2.8754206050281034e-08,0.9700365997473508
MHAR,1,PG,PostLasso,rolling,834,2.866315483968416e-08,0.0001693019634844,3.707737015967281e-05,-0.024978809636347,2.8754206050281034e-08,0.9968334646264392
MHAR,1,PG,RandomForest,rolling,834,2.8468351068252737e-08,0.0001687256680776,3.6938325557489954e-05,-0.0180127328429435,2.8754206050281034e-08,0.9900586724067972
MHAR,1,PG,Ridge,rolling,834,2.8651077266706873e-08,0.0001692662909935,3.719251296329612e-05,-0.024546922203062,2.8754206050281034e-08,0.9964134365805885
MHAR,1,PG,SHAR,rolling,834,2.8362634256855098e-08,0.0001684120965276,3.762515297265513e-05,-0.0142323572314326,2.8754206050281034e-08,0.9863821037958336
MHAR,1,UNH,AdaptiveLasso,rolling,801,7.617337603989347e-07,0.0008727736020291,0.000185551705566,-0.1662276224463119,7.553588978723981e-07,1.0084395147055163
MHAR,1,UNH,Bagging,rolling,801,6.794666392362634e-07,0.0008242976642186,0.0001099193935438,-0.0402752305386748,7.553588978723981e-07,0.8995282125491623
MHAR,1,UNH,ElasticNet,rolling,801,7.349448517969126e-07,0.0008572892462855,0.0001765252525781,-0.1252133379140025,7.553588978723981e-07,0.9729743753161773
MHAR,1,UNH,GradientBoosting,rolling,801,7.055843121107079e-07,0.0008399906619187,0.0001660642613826,-0.0802618415092084,7.553588978723981e-07,0.9341047204158326
MHAR,1,UNH,HAR,rolling,801,7.553588978723981e-07,0.0008691138578301,0.0001252748090228,-0.1564675971536804,7.553588978723981e-07,1.0
MHAR,1,UNH,HARQ,rolling,801,6.548744632247744e-07,0.0008092431422167,0.0001056738051263,-0.0026241817711372,7.553588978723981e-07,0.8669712703052074
MHAR,1,UNH,HARX,rolling,801,7.553588978723981e-07,0.0008691138578301,0.0001252748090228,-0.1564675971536804,7.553588978723981e-07,1.0
MHAR,1,UNH,Lasso,rolling,801,7.346985475930987e-07,0.0008571455813297,0.0001794039117214,-0.124836241898379,7.553588978723981e-07,0.9726482995864708
MHAR,1,UNH,LevHAR,rolling,801,7.363429664582477e-07,0.00085810428647,0.0001133183225085,-0.127353875753027,7.553588978723981e-07,0.9748253029550428
MHAR,1,UNH,LogHAR,rolling,801,6.643500233077196e-07,0.0008150766978068,9.823547147197668e-05,-0.0171314288978667,7.553588978723981e-07,0.8795157178646852
MHAR,1,UNH,NN1,fixed,801,6.515829919057022e-07,0.0008072069077415,9.640921203674582e-05,0.0024151180083308,7.553588978723981e-07,0.8626137770283782
MHAR,1,UNH,NN1_1,fixed,801,8.712856219697894e-07,0.0009334268166116,0.0001111302655518,-0.3339534259966674,7.553588978723981e-07,1.1534723750841085
MHAR,1,UNH,NN2,fixed,801,6.536611626720086e-07,0.0008084931432436,0.0001002385892294,-0.0007665975435144,7.553588978723981e-07,0.8653650132581491
MHAR,1,UNH,NN2_1,fixed,801,6.804972564101523e-07,0.0008249225760095,9.948711681044193e-05,-0.0418531233390768,7.553588978723981e-07,0.9008926198220384
MHAR,1,UNH,NN3,fixed,801,6.543834140293674e-07,0.0008089396850379,0.0001010964054231,-0.0018723769208917,7.553588978723981e-07,0.8663211830463029
MHAR,1,UNH,NN3_1,fixed,801,9.201124941245824e-07,0.0009592249444862,0.0001348141091935,-0.4087082156422676,7.553588978723981e-07,1.2181130012716366
MHAR,1,UNH,NN4,fixed,801,6.529445376580074e-07,0.0008080498361227,0.0001006392224829,0.0003305678044236,7.553588978723981e-07,0.8644162920396399
MHAR,1,UNH,NN4_1,fixed,801,6.708014354465819e-07,0.0008190246854928,0.0001120063481689,-0.0270086529770334,7.553588978723981e-07,0.8880565746111059
MHAR,1,UNH,PostLasso,rolling,801,7.518871104545352e-07,0.0008671142430236,0.0001188153787573,-0.1511522302939358,7.553588978723981e-07,0.995403790929528
MHAR,1,UNH,RandomForest,rolling,801,6.662688168450846e-07,0.0008162529123041,0.0001096063835926,-0.0200691351429918,7.553588978723981e-07,0.8820559587260421
MHAR,1,UNH,Ridge,rolling,801,7.405393593923668e-07,0.00086054596588,0.0001201000607629,-0.1337786262483249,7.553588978723981e-07,0.9803807984234076
MHAR,1,UNH,SHAR,rolling,801,7.678932757103348e-07,0.0008762951989542,0.0001260681089817,-0.1756579474108688,7.553588978723981e-07,1.0165939368335264
MHAR,1,VZ,AdaptiveLasso,rolling,836,1.6243954408737957e-08,0.000127451772874,4.646168061087665e-05,-0.0012413868519833,1.595381078989097e-08,1.018186477366952
MHAR,1,VZ,Bagging,rolling,836,1.7111288609038304e-08,0.0001308101242604,4.5491644561904896e-05,-0.0547019467453144,1.595381078989097e-08,1.072551808116012
MHAR,1,VZ,ElasticNet,rolling,836,1.6013502516812038e-08,0.000126544468535,4.747345383249482e-05,0.0129631575630423,1.595381078989097e-08,1.0037415340890774
MHAR,1,VZ,GradientBoosting,rolling,836,2.9409234586390057e-08,0.0001714912084813,5.521656939534149e-05,-0.812720110054792,1.595381078989097e-08,1.8433987323596084
MHAR,1,VZ,HAR,rolling,836,1.595381078989097e-08,0.0001263083955637,4.334203424348618e-05,0.0166424234574289,1.595381078989097e-08,1.0
MHAR,1,VZ,HARQ,rolling,836,1.6230689622639905e-08,0.0001273997237934,4.285162050343171e-05,-0.0004237748041455,1.595381078989097e-08,1.0173550279864405
MHAR,1,VZ,HARX,rolling,836,1.595381078989097e-08,0.0001263083955637,4.334203424348618e-05,0.0166424234574289,1.595381078989097e-08,1.0
MHAR,1,VZ,Lasso,rolling,836,1.6089253295578325e-08,0.0001268434203874,4.778590506767032e-05,0.0082940472664586,1.595381078989097e-08,1.0084896647873731
MHAR,1,VZ,LevHAR,rolling,836,1.793490962375112e-08,0.0001339212814445,5.664722114358135e-05,-0.1054681226567602,1.595381078989097e-08,1.124177154909939
MHAR,1,VZ,LogHAR,rolling,836,1.508498577183362e-08,0.0001228209500526,4.017985006852286e-05,0.0701948740567424,1.595381078989097e-08,0.9455412233791894
MHAR,1,VZ,NN1,fixed,836,1.55658653120154e-08,0.0001247632370212,4.1570991962398666e-05,0.040554523831347,1.595381078989097e-08,0.9756832092980952
MHAR,1,VZ,NN1_1,fixed,836,1.5603460321403934e-08,0.0001249138115718,4.322578736167085e-05,0.0382372506851824,1.595381078989097e-08,0.9780397001631088
MHAR,1,VZ,NN2,fixed,836,1.924556383456303e-07,0.0004386976616596,5.6320024640828064e-05,-10.862539465206098,1.595381078989097e-08,12.063302046153046
MHAR,1,VZ,NN2_1,fixed,836,1.4871516274650318e-08,0.0001219488264586,3.962754133484281e-05,0.0833526612575876,1.595381078989097e-08,0.932160752719567
MHAR,1,VZ,NN3,fixed,836,1.586737922563051e-08,0.0001259657859326,4.352415428848363e-05,0.0219698737254117,1.595381078989097e-08,0.994582387531183
MHAR,1,VZ,NN3_1,fixed,836,1.5466244349702707e-08,0.0001243633561371,4.057342711638398e-05,0.0466949393949265,1.595381078989097e-08,0.9694388728430196
MHAR,1,VZ,NN4,fixed,836,1.603109657074658e-08,0.0001266139667285,4.4354372659826896e-05,0.0118786990304393,1.595381078989097e-08,1.0048443460859258
MHAR,1,VZ,NN4_1,fixed,836,1.5801048784491028e-08,0.0001257022226712,4.381758371852804e-05,0.0260583352666033,1.595381078989097e-08,0.990424732534954
MHAR,1,VZ,PostLasso,rolling,836,1.5959808076775106e-08,0.0001263321339833,4.377679088331401e-05,0.0162727639714362,1.595381078989097e-08,1.0003759156331435
MHAR,1,VZ,RandomForest,rolling,836,1.5885610682017756e-08,0.000126038131857,4.357890577837511e-05,0.0208461271167853,1.595381078989097e-08,0.9957251525186428
MHAR,1,VZ,Ridge,rolling,836,1.5899165420698844e-08,0.0001260918927635,4.394138328979621e-05,0.0200106430336628,1.595381078989097e-08,0.9965747764022151
MHAR,1,VZ,SHAR,rolling,836,1.64491989963956e-08,0.0001282544307086,4.359138229535988e-05,-0.0138922088390027,1.595381078989097e-08,1.0310514028923128
MHAR,1,WMT,AdaptiveLasso,rolling,835,3.4020355697655756e-08,0.0001844460780218,6.405242197256356e-05,-0.0857592490050012,3.338054826678325e-08,1.019167073762811
MHAR,1,WMT,Bagging,rolling,835,3.372145408478674e-08,0.0001836340221331,5.014298558031138e-05,-0.076219807571783,3.338054826678325e-08,1.0102127087691584
MHAR,1,WMT,ElasticNet,rolling,835,3.2774000647013336e-08,0.0001810359098273,6.004661592831206e-05,-0.0459818423310212,3.338054826678325e-08,0.9818293092455436
MHAR,1,WMT,GradientBoosting,rolling,835,3.224245149954566e-08,0.0001795618319675,6.238691413881426e-05,-0.0290174575875803,3.338054826678325e-08,0.9659053902248184
MHAR,1,WMT,HAR,rolling,835,3.338054826678325e-08,0.0001827034435,5.10012935496994e-05,-0.0653398024293792,3.338054826678325e-08,1.0
MHAR,1,WMT,HARQ,rolling,835,3.2269507449196774e-08,0.0001796371549796,4.907993816796512e-05,-0.0298809479001265,3.338054826678325e-08,0.966715920640163
MHAR,1,WMT,HARX,rolling,835,3.338054826678325e-08,0.0001827034435,5.10012935496994e-05,-0.0653398024293792,3.338054826678325e-08,1.0
MHAR,1,WMT,Lasso,rolling,835,3.34082988318224e-08,0.0001827793720085,6.250232510484747e-05,-0.0662254613838044,3.338054826678325e-08,1.000831339402138
MHAR,1,WMT,LevHAR,rolling,835,3.6119381809991296e-08,0.0001900509979189,5.689656487194205e-05,-0.1527496425101566,3.338054826678325e-08,1.0820487884536465
MHAR,1,WMT,LogHAR,rolling,835,3.0992967961072326e-08,0.0001760481978353,4.6312631767787614e-05,0.0108597947384558,3.338054826678325e-08,0.9284739038247976
MHAR,1,WMT,NN1,fixed,835,3.128942261976014e-08,0.0001768881641596,4.4313156196867175e-05,0.0013984478189379,3.338054826678325e-08,0.937354964025442
MHAR,1,WMT,NN1_1,fixed,835,3.3254084833201655e-08,0.0001823570257303,4.861838371402987e-05,-0.0613037234450075,3.338054826678325e-08,0.9962114632578568
MHAR,1,WMT,NN2,fixed,835,3.1585500973148975e-08,0.000177723101968,4.5691931653082494e-05,-0.0080508893214212,3.338054826678325e-08,0.9462247510350056
MHAR,1,WMT,NN2_1,fixed,835,3.1913406942080314e-08,0.0001786432392845,4.662163128733877e-05,-0.0185160044347143,3.338054826678325e-08,0.9560480159589564
MHAR,1,WMT,NN3,fixed,835,3.1346192199378926e-08,0.000177048558874,4.439355169981979e-05,-0.0004133526419685,3.338054826678325e-08,0.9390556424913876
MHAR,1,WMT,NN3_1,fixed,835,3.7276167274194563e-08,0.0001930703687109,5.267594014884521e-05,-0.1896684368941845,3.338054826678325e-08,1.1167032661140504
MHAR,1,WMT,NN4,fixed,835,3.1707424011809906e-08,0.0001780657856293,4.4871663491137165e-05,-0.011942061655696,3.338054826678325e-08,0.94987726859363
MHAR,1,WMT,NN4_1,fixed,835,3.1511108593858695e-08,0.0001775136856522,4.670677036211952e-05,-0.0056766574178002,3.338054826678325e-08,0.9439961363730855
MHAR,1,WMT,PostLasso,rolling,835,3.3880746789108324e-08,0.0001840672344256,5.182306583253552e-05,-0.0813036323428477,3.338054826678325e-08,1.014984730578042
MHAR,1,WMT,RandomForest,rolling,835,3.1550527342500254e-08,0.0001776246811186,4.8188590439798094e-05,-0.0069347063136477,3.338054826678325e-08,0.9451770261633468
MHAR,1,WMT,Ridge,rolling,835,3.3194919295153075e-08,0.0001821947290542,5.107949296824146e-05,-0.0594154559992021,3.338054826678325e-08,0.9944390077075248
MHAR,1,WMT,SHAR,rolling,835,3.7244056690536394e-08,0.0001929871930738,5.215148252116848e-05,-0.1886436279971923,3.338054826678325e-08,1.1157413111634746
MHAR,1,XOM,AdaptiveLasso,rolling,836,1.1267015885834655e-08,0.0001061462005247,4.900002095016207e-05,0.3764885302093105,1.1053085416057404e-08,1.0193548191952326
MHAR,1,XOM,Bagging,rolling,836,1.2224483145393933e-08,0.0001105643846154,4.608297101085738e-05,0.3235027330529552,1.1053085416057404e-08,1.1059792524207566
MHAR,1,XOM,ElasticNet,rolling,836,1.1013260918158976e-08,0.000104944084722,4.815143437785392e-05,0.3905312132467129,1.1053085416057404e-08,0.9963969790877965
MHAR,1,XOM,GradientBoosting,rolling,836,1.212742139088683e-08,0.0001101245721484,4.9507645028438545e-05,0.3288740858429404,1.1053085416057404e-08,1.097197835209767
MHAR,1,XOM,HAR,rolling,836,1.1053085416057404e-08,0.0001051336550114,4.671429313057001e-05,0.3883273438752723,1.1053085416057404e-08,1.0
MHAR,1,XOM,HARQ,rolling,836,1.1850384462975262e-08,0.0001088594711679,4.4312968196796e-05,0.3442051818366551,1.1053085416057404e-08,1.072133618524252
MHAR,1,XOM,HARX,rolling,836,1.1053085416057404e-08,0.0001051336550114,4.671429313057001e-05,0.3883273438752723,1.1053085416057404e-08,1.0
MHAR,1,XOM,Lasso,rolling,836,1.1141807213202902e-08,0.0001055547593109,4.903761839041437e-05,0.3834175204844834,1.1053085416057404e-08,1.0080268806225463
MHAR,1,XOM,LevHAR,rolling,837,1.2096937372668769e-08,0.0001099860780856,5.8018916800596194e-05,0.3301509886801201,1.1053085416057404e-08,1.094439870617023
MHAR,1,XOM,LogHAR,rolling,836,1.0458572620819644e-08,0.0001022671629645,4.2063102042334625e-05,0.4212274081446505,1.1053085416057404e-08,0.9462129556717188
MHAR,1,XOM,NN1,fixed,836,1.4034991215897753e-08,0.0001184693682598,4.782418962840621e-05,0.2233100503101355,1.1053085416057404e-08,1.2697803995532664
MHAR,1,XOM,NN1_1,fixed,836,1.4075670948131351e-08,0.0001186409328525,4.9245090010200486e-05,0.2210588526644882,1.1053085416057404e-08,1.273460795632944
MHAR,1,XOM,NN2,fixed,836,1.3372098836812577e-08,0.0001156377915597,4.7072352332054034e-05,0.2599942092555478,1.1053085416057404e-08,1.2098068849975792
MHAR,1,XOM,NN2_1,fixed,836,1.4436708285266572e-08,0.0001201528538373,4.850670172755946e-05,0.2010792127130153,1.1053085416057404e-08,1.306124737287708
MHAR,1,XOM,NN3,fixed,836,1.3946079287676448e-08,0.000118093519245,4.8868750688850966e-05,0.2282303954670894,1.1053085416057404e-08,1.261736317301614
MHAR,1,XOM,NN3_1,fixed,836,1.9045674525976212e-08,0.0001380060669897,5.8804888626127274e-05,-0.0539788562627743,1.1053085416057404e-08,1.723109322787604
MHAR,1,XOM,NN4,fixed,836,1.8349302335013172e-08,0.0001354595966885,5.788049534996171e-05,-0.0154419399480814,1.1053085416057404e-08,1.6601068067705482
MHAR,1,XOM,NN4_1,fixed,836,2.04438286586693e-08,0.0001429819172436,6.405149470419747e-05,-0.1313520620079986,1.1053085416057404e-08,1.8496037883656873
MHAR,1,XOM,PostLasso,rolling,836,1.1079521593486214e-08,0.0001052593064459,4.7305059435912445e-05,0.3868643779922642,1.1053085416057404e-08,1.0023917464159289
MHAR,1,XOM,RandomForest,rolling,836,1.1407038960292882e-08,0.0001068037403853,4.438420963107562e-05,0.3687397177602375,1.1053085416057404e-08,1.0320230533748769
MHAR,1,XOM,Ridge,rolling,836,1.0990516024844656e-08,0.0001048356619898,4.731117653183976e-05,0.3917899051669464,1.1053085416057404e-08,0.9943391922836452
MHAR,1,XOM,SHAR,rolling,836,1.197558795170206e-08,0.0001094330295281,5.139723989220068e-05,0.3372764784363949,1.1053085416057404e-08,1.0834610880962243
MHAR,5,AAPL,AdaptiveLasso,rolling,841,3.3683039235591786e-08,0.0001835293961075,0.0001126703606707,-0.379521560161671,2.8081176080189967e-08,1.1994881959147603
MHAR,5,AAPL,Bagging,rolling,841,2.5158521104859562e-08,0.0001586143786195,7.958849829803137e-05,-0.0303916473565337,2.8081176080189967e-08,0.8959212047606434
MHAR,5,AAPL,ElasticNet,rolling,841,2.9001438788848514e-08,0.0001702980880363,0.0001011473232128,-0.1877820705279533,2.8081176080189967e-08,1.0327715159091129
MHAR,5,AAPL,GradientBoosting,rolling,841,2.394094468034517e-08,0.0001547286162296,8.234431564162191e-05,0.0194753767268305,2.8081176080189967e-08,0.852562037002234
MHAR,5,AAPL,HAR,rolling,841,2.8081176080189967e-08,0.0001675743896906,8.583307034079592e-05,-0.1500918182105266,2.8081176080189967e-08,1.0
MHAR,5,AAPL,HARQ,rolling,841,2.8177249422030538e-08,0.0001678608037095,8.645049828145015e-05,-0.1540265951615862,2.8081176080189967e-08,1.0034212720139006
MHAR,5,AAPL,HARX,rolling,841,2.8081176080189967e-08,0.0001675743896906,8.583307034079592e-05,-0.1500918182105266,2.8081176080189967e-08,1.0
MHAR,5,AAPL,Lasso,rolling,841,2.9344910789260423e-08,0.0001713035632707,9.631107328573144e-05,-0.2018492996329626,2.8081176080189967e-08,1.0450029124656914
MHAR,5,AAPL,LevHAR,rolling,841,2.7663739323235917e-08,0.0001663241994516,8.44832493052082e-05,-0.1329952907210003,2.8081176080189967e-08,0.9851346412357518
MHAR,5,AAPL,LogHAR,rolling,841,2.253532064586132e-08,0.0001501176893169,7.04356881661857e-05,0.077044073170438,2.8081176080189967e-08,0.8025062975107725
MHAR,5,AAPL,NN1,fixed,841,2.5378305591748472e-08,0.0001593056985539,7.357789041460348e-05,-0.0393931343105955,2.8081176080189967e-08,0.9037479598175288
MHAR,5,AAPL,NN1_1,fixed,841,2.0993460213995184e-08,0.0001448912012994,6.340917757856039e-05,0.1401924634817241,2.8081176080189967e-08,0.7475990376629967
MHAR,5,AAPL,NN2,fixed,841,2.267390382586115e-08,0.0001505785636332,7.324355526111472e-05,0.071368264543183,2.8081176080189967e-08,0.8074413892463925
MHAR,5,AAPL,NN2_1,fixed,841,5.1426476803469467e-08,0.0002267740655442,8.256933399273934e-05,-1.1062212651694447,2.8081176080189967e-08,1.8313505337744231
MHAR,5,AAPL,NN3,fixed,841,2.2374510252597053e-08,0.0001495811159625,7.239907474155611e-05,0.0836302188877081,2.8081176080189967e-08,0.7967796715031918
MHAR,5,AAPL,NN3_1,fixed,841,2.1803975118549173e-08,0.0001476616914387,6.918852190318717e-05,0.1069970389879891,2.8081176080189967e-08,0.7764623196793711
MHAR,5,AAPL,NN4,fixed,841,2.3095033853188564e-08,0.0001519705032339,7.531468209350842e-05,0.05412047558132,2.8081176080189967e-08,0.8224382692248098
MHAR,5,AAPL,NN4_1,fixed,841,2.2745173824679452e-08,0.000150815031826,6.0945187379392344e-05,0.0684493325764188,2.8081176080189967e-08,0.8099793883178977
MHAR,5,AAPL,PostLasso,rolling,841,2.8691992253594604e-08,0.0001693871076959,8.968103941805997e-05,-0.1751083873690708,2.8081176080189967e-08,1.0217518016930758
MHAR,5,AAPL,RandomForest,rolling,841,2.4888390811202996e-08,0.0001577605489696,7.805783423899631e-05,-0.0193281990273741,2.8081176080189967e-08,0.8863015829582956
MHAR,5,AAPL,Ridge,rolling,841,2.8134277370453613e-08,0.0001677327558065,9.031769204927036e-05,-0.152266633086308,2.8081176080189967e-08,1.0018909923897776
MHAR,5,AAPL,SHAR,rolling,841,2.7507966171079393e-08,0.0001658552566881,8.507542837143549e-05,-0.1266154501017726,2.8081176080189967e-08,0.9795873966434422
MHAR,5,AXP,AdaptiveLasso,rolling,837,9.053113459412208e-09,9.514785052439286e-05,6.33861463253198e-05,-0.21085067740396,8.545728219473511e-09,1.059372967043639
MHAR,5,AXP,Bagging,rolling,837,8.801291866540087e-09,9.381520061557235e-05,4.50738731845856e-05,-0.1771696296979754,8.545728219473511e-09,1.0299054264894842
MHAR,5,AXP,ElasticNet,rolling,837,8.86992144057178e-09,9.418026035519215e-05,6.088125602187671e-05,-0.1863488106039459,8.545728219473511e-09,1.0379362896610165
MHAR,5,AXP,GradientBoosting,rolling,837,1.2438861024624915e-08,0.0001115296419102,5.100651861211004e-05,-0.6636931996187201,8.545728219473511e-09,1.4555647810422945
MHAR,5,AXP,HAR,rolling,837,8.545728219473511e-09,9.2443108015003e-05,5.7488175241344435e-05,-0.1429880835859398,8.545728219473511e-09,1.0
MHAR,5,AXP,HARQ,rolling,837,1.028671193324246e-08,0.0001014234289168,5.009995900271793e-05,-0.3758440307269428,8.545728219473511e-09,1.2037256122657511
MHAR,5,AXP,HARX,rolling,837,8.545728219473511e-09,9.2443108015003e-05,5.7488175241344435e-05,-0.1429880835859398,8.545728219473511e-09,1.0
MHAR,5,AXP,Lasso,rolling,837,9.121371471563175e-09,9.55058713983762e-05,6.379444849711322e-05,-0.2199801620416808,8.545728219473511e-09,1.067360350962007
MHAR,5,AXP,LevHAR,rolling,837,2.68711095716596e-08,0.0001639240969829,9.160331372598082e-05,-2.594001265234622,8.545728219473511e-09,3.14439084435511
MHAR,5,AXP,LogHAR,rolling,837,7.369607468576051e-09,8.584641791348112e-05,4.450590252082468e-05,0.014317644914839,8.545728219473511e-09,0.8623732558897222
MHAR,5,AXP,NN1,fixed,837,6.9170401169302914e-09,8.316874483199979e-05,4.084527433538711e-05,0.0748483658395235,8.545728219473511e-09,0.8094149426807349
MHAR,5,AXP,NN1_1,fixed,837,6.9042589227113744e-09,8.309187037677858e-05,4.149334750389339e-05,0.0765578459810673,8.545728219473511e-09,0.8079193189151918
MHAR,5,AXP,NN2,fixed,837,6.994889210284705e-09,8.363545426602707e-05,4.179564456604087e-05,0.0644360775316295,8.545728219473511e-09,0.8185246512222512
MHAR,5,AXP,NN2_1,fixed,837,6.834389676872091e-09,8.267036758640964e-05,3.827390216003234e-05,0.0859028325465721,8.545728219473511e-09,0.7997433924119279
MHAR,5,AXP,NN3,fixed,837,7.1258197814353564e-09,8.441457090713283e-05,4.256037438733555e-05,0.0469241606113983,8.545728219473511e-09,0.8338458231327144
MHAR,5,AXP,NN3_1,fixed,837,7.094588938588062e-09,8.422938286956674e-05,4.277476158573409e-05,0.0511012746382003,8.545728219473511e-09,0.8301912670732171
MHAR,5,AXP,NN4,fixed,837,7.181332795961437e-09,8.474274479836865e-05,4.321559291728933e-05,0.0394993148337551,8.545728219473511e-09,0.8403418189215323
MHAR,5,AXP,NN4_1,fixed,837,6.7674821064654895e-09,8.22647075389288e-05,4.1151326321961795e-05,0.0948516960854533,8.545728219473511e-09,0.7919140338495837
MHAR,5,AXP,PostLasso,rolling,837,8.869843864203515e-09,9.417984850382546e-05,6.08804114103245e-05,-0.1863384347925207,8.545728219473511e-09,1.037927211866091
MHAR,5,AXP,RandomForest,rolling,837,8.533791878010001e-09,9.237852498286602e-05,4.438961389266791e-05,-0.1413916021973418,8.545728219473511e-09,0.9986032388162884
MHAR,5,AXP,Ridge,rolling,837,8.86984389064519e-09,9.417984864420408e-05,6.0880411698103126e-05,-0.1863384383290856,8.545728219473511e-09,1.0379272149602303
MHAR,5,AXP,SHAR,rolling,837,8.5755988138928e-09,9.260452912192149e-05,5.57339735814148e-05,-0.1469832648734836,8.545728219473511e-09,1.003495383149586
MHAR,5,BA,AdaptiveLasso,rolling,835,1.1798612987361153e-08,0.0001086214204812,6.200157081262084e-05,0.0052437038570517,1.1406486978790536e-08,1.034377456380719
MHAR,5,BA,Bagging,rolling,835,9.696753138699736e-09,9.847209319751328e-05,5.382769179426789e-05,0.1824542217633296,1.1406486978790536e-08,0.850108640524474
MHAR,5,BA,ElasticNet,rolling,835,1.2095940708264314e-08,0.0001099815471261,6.670366598126193e-05,-0.0198243802222453,1.1406486978790536e-08,1.060444002676351
MHAR,5,BA,GradientBoosting,rolling,835,1.0936187594546989e-08,0.0001045762286303,6.07323873584477e-05,0.0779559023480473,1.1406486978790536e-08,0.9587691297839526
MHAR,5,BA,HAR,rolling,835,1.1406486978790536e-08,0.0001068011562614,5.7188634664324894e-05,0.0383043539796442,1.1406486978790536e-08,1.0
MHAR,5,BA,HARQ,rolling,835,1.1516456855862516e-08,0.0001073147560024,5.5012704368983896e-05,0.0290326516430557,1.1406486978790536e-08,1.009640994398754
MHAR,5,BA,HARX,rolling,835,1.1406486978790536e-08,0.0001068011562614,5.7188634664324894e-05,0.0383043539796442,1.1406486978790536e-08,1.0
MHAR,5,BA,Lasso,rolling,835,1.1799212866853091e-08,0.0001086241817776,6.639467271948025e-05,0.0051931272424805,1.1406486978790536e-08,1.0344300474627113
MHAR,5,BA,LevHAR,rolling,835,1.12952426728182e-08,0.0001062790791869,5.5376161706776184e-05,0.0476835050624516,1.1406486978790536e-08,0.9902472771696328
MHAR,5,BA,LogHAR,rolling,835,1.0030186979616962e-08,0.0001001508211629,5.3157120424364375e-05,0.1543419840829478,1.1406486978790536e-08,0.87934058911103
MHAR,5,BA,NN1,fixed,835,1.075950880484906e-08,0.0001037280521597,5.668393878490946e-05,0.092851919247254,1.1406486978790536e-08,0.9432798042776466
MHAR,5,BA,NN1_1,fixed,835,1.077057178434623e-08,0.0001037813653039,5.6440472221070286e-05,0.0919191851605695,1.1406486978790536e-08,0.9442496891789084
MHAR,5,BA,NN2,fixed,835,1.095912009602562e-08,0.0001046858161167,5.437940058431596e-05,0.0760224335363646,1.1406486978790536e-08,0.9607796086913738
MHAR,5,BA,NN2_1,fixed,835,1.1168148938016704e-08,0.00010567946318,5.622985205661191e-05,0.0583989419557152,1.1406486978790536e-08,0.9791050442421928
MHAR,5,BA,NN3,fixed,835,1.1383454560344441e-08,0.0001066932732666,5.731712759155807e-05,0.0402462469198735,1.1406486978790536e-08,0.9979807614308488
MHAR,5,BA,NN3_1,fixed,835,1.1195767053023182e-08,0.0001058100517579,5.518210919076971e-05,0.0560704230171144,1.1406486978790536e-08,0.9815263081298238
MHAR,5,BA,NN4,fixed,835,1.17028565905764e-08,0.0001081797420526,5.8658970591196505e-05,0.0133170493172031,1.1406486978790536e-08,1.025982549433225
MHAR,5,BA,NN4_1,fixed,835,1.1597140296034411e-08,0.000107690019482,5.7672998549292074e-05,0.02223012661817,1.1406486978790536e-08,1.0167144641113763
MHAR,5,BA,PostLasso,rolling,835,1.1480440295026736e-08,0.0001071468165417,5.787325037135688e-05,0.0320692543941747,1.1406486978790536e-08,1.0064834437082786
MHAR,5,BA,RandomForest,rolling,835,1.0036670619575453e-08,0.0001001831853135,5.410405135331519e-05,0.1537953400259269,1.1406486978790536e-08,0.8799090060101633
MHAR,5,BA,Ridge,rolling,835,1.1481665828617312e-08,0.0001071525353345,5.840194326047007e-05,0.0319659280746603,1.1406486978790536e-08,1.006590885516861
MHAR,5,BA,SHAR,rolling,835,1.1536658908950403e-08,0.0001074088399944,5.715397244730887e-05,0.027329390460939,1.1406486978790536e-08,1.0114120965027982
MHAR,5,CAT,AdaptiveLasso,rolling,827,9.003722030975932e-09,9.488794460296804e-05,6.618414851250044e-05,0.3370515345113147,8.639324566415294e-09,1.0421789298178707
MHAR,5,CAT,Bagging,rolling,827,9.169390806410552e-09,9.575693607468103e-05,6.142146825093634e-05,0.3248532613887196,8.639324566415294e-09,1.0613550557014433
MHAR,5,CAT,ElasticNet,rolling,827,8.868472682726074e-09,9.41725686318796e-05,6.528677125561769e-05,0.3470100103030057,8.639324566415294e-09,1.0265238462276989
MHAR,5,CAT,GradientBoosting,rolling,827,8.512527390913235e-09,9.226335887508776e-05,6.161977345557715e-05,0.3732184365730985,8.639324566415294e-09,0.9853232536262184
MHAR,5,CAT,HAR,rolling,827,8.639324566415294e-09,9.294796698376622e-05,6.169198544680215e-05,0.3638822984028846,8.639324566415294e-09,1.0
MHAR,5,CAT,HARQ,rolling,827,9.313370966190995e-09,9.650580794020118e-05,6.127410510693769e-05,0.3142519316654256,8.639324566415294e-09,1.0780207288884605
MHAR,5,CAT,HARX,rolling,827,8.639324566415294e-09,9.294796698376622e-05,6.169198544680215e-05,0.3638822984028846,8.639324566415294e-09,1.0
MHAR,5,CAT,Lasso,rolling,827,8.951901672540394e-09,9.46144897599749e-05,6.650238358847471e-05,0.3408670928979155,8.639324566415294e-09,1.0361807342370513
MHAR,5,CAT,LevHAR,rolling,827,8.256984306382106e-09,9.086794983041108e-05,5.906987848333634e-05,0.3920341991181129,8.639324566415294e-09,0.9557441953831084
MHAR,5,CAT,LogHAR,rolling,827,7.667811726642026e-09,8.75660420861993e-05,5.770573434802896e-05,0.4354152648932365,8.639324566415294e-09,0.8875475932979819
MHAR,5,CAT,NN1,fixed,827,1.327124353710812e-08,0.0001152008834042,6.660010390733526e-05,0.0228318346808391,8.639324566415294e-09,1.5361436458469282
MHAR,5,CAT,NN1_1,fixed,827,1.4603991578739028e-08,0.0001208469758775,7.067014896865036e-05,-0.0752990567485678,8.639324566415294e-09,1.6904089511245954
MHAR,5,CAT,NN2,fixed,827,1.3107583208207672e-08,0.0001144883540287,6.632405472039264e-05,0.0348822249008673,8.639324566415294e-09,1.5171999972269117
MHAR,5,CAT,NN2_1,fixed,827,1.4342265258323652e-08,0.0001197591969675,6.89152164313139e-05,-0.0560280195152511,8.639324566415294e-09,1.6601141846294445
MHAR,5,CAT,NN3,fixed,827,1.4262194741729951e-08,0.0001194244310923,6.867781920327937e-05,-0.0501323881392423,8.639324566415294e-09,1.6508460391884257
MHAR,5,CAT,NN3_1,fixed,827,1.1769946137889769e-08,0.0001084893826044,6.235297463547264e-05,0.1333730979084068,8.639324566415294e-09,1.362368787907856
MHAR,5,CAT,NN4,fixed,827,1.5662011655403137e-08,0.000125147959054,7.216146300537906e-05,-0.1532015934847743,8.639324566415294e-09,1.8128745522871077
MHAR,5,CAT,NN4_1,fixed,827,1.4759231921371016e-08,0.0001214875792884,7.065776049700661e-05,-0.0867294792533661,8.639324566415294e-09,1.70837798810643
MHAR,5,CAT,PostLasso,rolling,827,8.752749631954704e-09,9.3556130915909e-05,6.281836444232024e-05,0.355530755242333,8.639324566415294e-09,1.0131289274604107
MHAR,5,CAT,RandomForest,rolling,827,8.502292876544756e-09,9.22078786034293e-05,5.9414585675951114e-05,0.3739720088815575,8.639324566415294e-09,0.984138610742414
MHAR,5,CAT,Ridge,rolling,827,8.737460881091285e-09,9.347438623008597e-05,6.302651552134812e-05,0.3566564734607844,8.639324566415294e-09,1.011359257766225
MHAR,5,CAT,SHAR,rolling,827,8.801533866076081e-09,9.381649037390004e-05,6.126831593511597e-05,0.3519387481768615,8.639324566415294e-09,1.0187756922909648
MHAR,5,CSCO,AdaptiveLasso,rolling,841,7.199875713698978e-09,8.485208137517298e-05,5.7107217265119945e-05,-0.0407619858148959,6.405908081505979e-09,1.1239430260457848
MHAR,5,CSCO,Bagging,rolling,841,6.745399765254876e-09,8.213038271708513e-05,5.021341125778478e-05,0.0249337719198976,6.405908081505979e-09,1.0529966523761116
MHAR,5,CSCO,ElasticNet,rolling,841,6.730286963524997e-09,8.203832618675857e-05,5.478694330753214e-05,0.0271183692886672,6.405908081505979e-09,1.0506374549699686
MHAR,5,CSCO,GradientBoosting,rolling,841,7.707626281917556e-09,8.779308789373772e-05,5.9704345795110966e-05,-0.1141587374660875,6.405908081505979e-09,1.2032058817967854
MHAR,5,CSCO,HAR,rolling,841,6.405908081505979e-09,8.003691699151074e-05,5.037579938377617e-05,0.0740082355629122,6.405908081505979e-09,1.0
MHAR,5,CSCO,HARQ,rolling,841,6.659788426479585e-09,8.160752677590215e-05,4.709105958712266e-05,0.0373091281753553,6.405908081505979e-09,1.0396322179062427
MHAR,5,CSCO,HARX,rolling,841,6.405908081505979e-09,8.003691699151074e-05,5.037579938377617e-05,0.0740082355629122,6.405908081505979e-09,1.0
MHAR,5,CSCO,Lasso,rolling,841,6.827242214673085e-09,8.262712759543977e-05,5.585124348214237e-05,0.0131032190648832,6.405908081505979e-09,1.0657727410081808
MHAR,5,CSCO,LevHAR,rolling,840,6.547830331802061e-09,8.091866491608756e-05,4.9656446637089875e-05,0.0545713411554436,6.405908081505979e-09,1.022154899584934
MHAR,5,CSCO,LogHAR,rolling,841,5.318195404232808e-09,7.292595837034169e-05,4.4116506989164906e-05,0.2312401171967779,6.405908081505979e-09,0.8302016414482397
MHAR,5,CSCO,NN1,fixed,841,5.866122407253106e-09,7.659061566049138e-05,4.800102741850508e-05,0.1520357505630608,6.405908081505979e-09,0.9157362754218644
MHAR,5,CSCO,NN1_1,fixed,841,5.476417477964891e-09,7.40028207432993e-05,4.503335942926871e-05,0.208368677993482,6.405908081505979e-09,0.8549010395224759
MHAR,5,CSCO,NN2,fixed,841,5.796701729479192e-09,7.613607377241876e-05,4.506631254029385e-05,0.1620707019052244,6.405908081505979e-09,0.9048992985419848
MHAR,5,CSCO,NN2_1,fixed,841,5.4243641571802815e-09,7.36502828044827e-05,4.483521987962457e-05,0.215893129756583,6.405908081505979e-09,0.8467752094102878
MHAR,5,CSCO,NN3,fixed,841,6.2047854252182225e-09,7.877046035931377e-05,5.002753786811816e-05,0.1030810728553873,6.405908081505979e-09,0.9686035681859994
MHAR,5,CSCO,NN3_1,fixed,841,6.201780825635068e-09,7.875138618230836e-05,5.0902957182995335e-05,0.1035153960511048,6.405908081505979e-09,0.9681345324856858
MHAR,5,CSCO,NN4,fixed,841,6.507432938857565e-09,8.066866144208397e-05,5.164757900162994e-05,0.0593325360996884,6.405908081505979e-09,1.0158486284941697
MHAR,5,CSCO,NN4_1,fixed,841,5.590993037906704e-09,7.477294322083828e-05,4.451141469957452e-05,0.1918064633063576,6.405908081505979e-09,0.8727869595956339
MHAR,5,CSCO,PostLasso,rolling,841,6.58503133926504e-09,8.11482060138426e-05,5.239205226651886e-05,0.0481154722897561,6.405908081505979e-09,1.0279621960665022
MHAR,5,CSCO,RandomForest,rolling,841,6.081855437281596e-09,7.798625159142857e-05,4.8610703678454384e-05,0.1208509432599131,6.405908081505979e-09,0.9494134726722144
MHAR,5,CSCO,Ridge,rolling,841,6.5896658546453164e-09,8.11767568620804e-05,5.291428592363912e-05,0.0474455402489448,6.405908081505979e-09,1.0286856712274486
MHAR,5,CSCO,SHAR,rolling,841,6.050774150874964e-09,7.778672220163904e-05,4.944386858114281e-05,0.1253438293385852,6.405908081505979e-09,0.9445615007095878
MHAR,5,DIS,AdaptiveLasso,rolling,836,9.64319151266682e-09,9.819975311917449e-05,6.008323822198834e-05,0.0194498832214072,9.226890746538568e-09,1.0451182069414255
MHAR,5,DIS,Bagging,rolling,836,9.785604672561313e-09,9.89222152631112e-05,5.396368008850245e-05,0.0049688641125442,9.226890746538568e-09,1.0605527843962328
MHAR,5,DIS,ElasticNet,rolling,836,9.583049719395294e-09,9.78930524572367e-05,6.217992202743929e-05,0.02556529038077,9.226890746538568e-09,1.0386001072994535
MHAR,5,DIS,GradientBoosting,rolling,836,1.0144765487597872e-08,0.0001007212265989,6.353888378206894e-05,-0.0315517399492739,9.226890746538568e-09,1.0994782279614226
MHAR,5,DIS,HAR,rolling,836,9.226890746538568e-09,9.605670589052368e-05,5.604565783784393e-05,0.061780657665312,9.226890746538568e-09,1.0
MHAR,5,DIS,HARQ,rolling,836,1.003889526711784e-08,0.0001001942875972,5.376247687433716e-05,-0.020786522135368,9.226890746538568e-09,1.0880041330156525
MHAR,5,DIS,HARX,rolling,836,9.226890746538568e-09,9.605670589052368e-05,5.604565783784393e-05,0.061780657665312,9.226890746538568e-09,1.0
MHAR,5,DIS,Lasso,rolling,836,9.57601371544508e-09,9.78571086607666e-05,6.18188329265618e-05,0.0262807334460639,9.226890746538568e-09,1.037837553136465
MHAR,5,DIS,LevHAR,rolling,835,1.0193683149964306e-08,0.0001009637714725,5.8423507173172233e-05,-0.0359597528187436,9.226890746538568e-09,1.1047798689703163
MHAR,5,DIS,LogHAR,rolling,836,8.382612336651938e-09,9.155660728015176e-05,4.9901570302407304e-05,0.1476295482862798,9.226890746538568e-09,0.9084980593052586
MHAR,5,DIS,NN1,fixed,836,8.62566237390269e-09,9.287444413778576e-05,4.647398259749736e-05,0.1229154541924087,9.226890746538568e-09,0.934839547887632
MHAR,5,DIS,NN1_1,fixed,836,8.901965957356796e-09,9.43502302983771e-05,5.083494185425754e-05,0.0948200346763298,9.226890746538568e-09,0.9647850182572428
MHAR,5,DIS,NN2,fixed,836,9.566893461275471e-09,9.781049770487558e-05,5.291368826571895e-05,0.0272081096450444,9.226890746538568e-09,1.0368491102882575
MHAR,5,DIS,NN2_1,fixed,836,9.360488049270678e-09,9.674961524094388e-05,4.978510783685276e-05,0.0481960627080094,9.226890746538568e-09,1.014479124810514
MHAR,5,DIS,NN3,fixed,836,9.430577535197881e-09,9.711116071388438e-05,5.261454194448325e-05,0.0410691427955932,9.226890746538568e-09,1.0220753441494606
MHAR,5,DIS,NN3_1,fixed,836,9.756324815968885e-09,9.877411004898442e-05,5.1970218500477354e-05,0.0079461322465695,9.226890746538568e-09,1.057379466601892
MHAR,5,DIS,NN4,fixed,836,9.857238289837176e-09,9.928362548697128e-05,5.511651587519215e-05,-0.0023150679438557,9.226890746538568e-09,1.0683163549470962
MHAR,5,DIS,NN4_1,fixed,836,9.754515130268838e-09,9.876494889518667e-05,5.391107576277477e-05,0.0081301467942618,9.226890746538568e-09,1.0571833349092383
MHAR,5,DIS,PostLasso,rolling,836,9.333181953420489e-09,9.6608394839271e-05,5.7353055356368216e-05,0.0509726326267446,9.226890746538568e-09,1.011519720976624
MHAR,5,DIS,RandomForest,rolling,836,9.183256379680556e-09,9.582930856309336e-05,5.303314222382379e-05,0.0662175376611082,9.226890746538568e-09,0.9952709565923512
MHAR,5,DIS,Ridge,rolling,836,9.284427530840008e-09,9.635573429142662e-05,5.768927759181032e-05,0.0559301360312933,9.226890746538568e-09,1.0062357717113997
MHAR,5,DIS,SHAR,rolling,836,9.351537515121184e-09,9.670334800368178e-05,5.597949754735795e-05,0.0491061812402391,9.226890746538568e-09,1.013509076026437
MHAR,5,GE,AdaptiveLasso,rolling,841,2.6583316210402017e-08,0.0001630439088417,7.300667900730962e-05,-0.3021778654044529,2.6212011696614243e-08,1.0141654336983124
MHAR,5,GE,Bagging,rolling,841,3.07750913496472e-08,0.0001754283082904,5.993776238708232e-05,-0.5075110435480386,2.6212011696614243e-08,1.1740835349017629
MHAR,5,GE,ElasticNet,rolling,841,2.898948019173241e-08,0.000170262973637,8.820111786207969e-05,-0.420043275883069,2.6212011696614243e-08,1.1059616685382805
MHAR,5,GE,GradientBoosting,rolling,841,3.9213569952310594e-08,0.0001980241650716,8.708061921432238e-05,-0.9208680516468852,2.6212011696614243e-08,1.4960152775063706
MHAR,5,GE,HAR,rolling,841,2.6212011696614243e-08,0.0001619012405653,6.639649775285618e-05,-0.2839895959142071,2.6212011696614243e-08,1.0
MHAR,5,GE,HARQ,rolling,841,2.7744669359320725e-08,0.0001665673117971,6.069855064302886e-05,-0.3590664925595535,2.6212011696614243e-08,1.0584715770939648
MHAR,5,GE,HARX,rolling,841,2.6212011696614243e-08,0.0001619012405653,6.639649775285618e-05,-0.2839895959142071,2.6212011696614243e-08,1.0
MHAR,5,GE,Lasso,rolling,841,2.879233916029249e-08,0.0001696830550181,8.982339578161997e-05,-0.4103863660576647,2.6212011696614243e-08,1.0984406497884918
MHAR,5,GE,LevHAR,rolling,841,4.242037047294568e-08,0.000205962060761,0.0001067149215329,-1.0779524659346895,2.6212011696614243e-08,1.618356155335649
MHAR,5,GE,LogHAR,rolling,841,2.1607222991556863e-08,0.0001469939556293,5.2212579024229647e-05,-0.0584250395913272,2.6212011696614243e-08,0.8243252460606764
MHAR,5,GE,NN1,fixed,841,2.0046985431413963e-08,0.0001415873773731,4.7244459180760266e-05,0.0180028522303759,2.6212011696614243e-08,0.7648014835123622
MHAR,5,GE,NN1_1,fixed,841,1.9977034193878925e-08,0.0001413401365284,4.746691183816932e-05,0.0214293981306247,2.6212011696614243e-08,0.7621328124334434
MHAR,5,GE,NN2,fixed,841,1.9977780651734104e-08,0.0001413427771473,4.977937748471775e-05,0.0213928330576753,2.6212011696614243e-08,0.762161290135339
MHAR,5,GE,NN2_1,fixed,841,1.990703541931715e-08,0.0001410922939756,4.777392679560558e-05,0.0248582726216149,2.6212011696614243e-08,0.7594623277956385
MHAR,5,GE,NN3,fixed,841,2.0224979217238203e-08,0.0001422145534649,5.035921274781796e-05,0.0092838659968533,2.6212011696614243e-08,0.7715920262560629
MHAR,5,GE,NN3_1,fixed,841,1.9529644380301623e-08,0.000139748504036,4.491734423941627e-05,0.0433446892040469,2.6212011696614243e-08,0.7450646904306178
MHAR,5,GE,NN4,fixed,841,2.048197521932408e-08,0.0001431152515259,5.146237866625128e-05,-0.0033050263281273,2.6212011696614243e-08,0.7813965389756675
MHAR,5,GE,NN4_1,fixed,841,1.9707559619179333e-08,0.0001403836159214,4.872587330937437e-05,0.034629550575329,2.6212011696614243e-08,0.751852236573087
MHAR,5,GE,PostLasso,rolling,841,2.6387084983714975e-08,0.0001624410200156,6.947191652369461e-05,-0.2925655221636556,2.6212011696614243e-08,1.006679124407813
MHAR,5,GE,RandomForest,rolling,841,2.571736456809976e-08,0.0001603663448735,5.8272009852187304e-05,-0.2597594157200076,2.6212011696614243e-08,0.9811289902415856
MHAR,5,GE,Ridge,rolling,841,2.6496605739400817e-08,0.0001627777802385,7.026017828074297e-05,-0.2979303721593331,2.6212011696614243e-08,1.010857390347622
MHAR,5,GE,SHAR,rolling,841,2.623589687141017e-08,0.000161974988413,6.641916228008576e-05,-0.2851596059191441,2.6212011696614243e-08,1.0009112301288576
MHAR,5,GS,AdaptiveLasso,rolling,823,1.383999882404227e-08,0.0001176435243608,8.844705890988058e-05,-0.1785563037727247,1.2876493907965998e-08,1.0748266510249505
MHAR,5,GS,Bagging,rolling,823,1.9833887732453935e-08,0.0001408328361301,6.741958356591147e-05,-0.6889707660088384,1.2876493907965998e-08,1.5403174089325486
MHAR,5,GS,ElasticNet,rolling,823,1.3777644476783074e-08,0.0001173782112522,8.807575340902408e-05,-0.1732464688540755,1.2876493907965998e-08,1.0699841568099202
MHAR,5,GS,GradientBoosting,rolling,823,1.6990046846440104e-08,0.0001303458739141,7.08819163881031e-05,-0.446801193182307,1.2876493907965998e-08,1.31946218962052
MHAR,5,GS,HAR,rolling,823,1.2876493907965998e-08,0.0001134746399331,8.183118821153405e-05,-0.0965082626569204,1.2876493907965998e-08,1.0
MHAR,5,GS,HARQ,rolling,823,1.7510734784173684e-08,0.0001323281330034,6.488680095827375e-05,-0.4911407960331475,1.2876493907965998e-08,1.359899279208351
MHAR,5,GS,HARX,rolling,823,1.2876493907965998e-08,0.0001134746399331,8.183118821153405e-05,-0.0965082626569204,1.2876493907965998e-08,1.0
MHAR,5,GS,Lasso,rolling,823,1.4148973832590365e-08,0.0001189494591521,9.075210701557986e-05,-0.2048673207505593,1.2876493907965998e-08,1.098821925729111
MHAR,5,GS,LevHAR,rolling,822,2.7843385962614233e-08,0.0001668633751385,0.0001025409618268,-1.3692337617470316,1.2876493907965998e-08,2.162342184264073
MHAR,5,GS,LogHAR,rolling,823,1.0628550679471928e-08,0.000103094862527,5.72864967680002e-05,0.0949171627457604,1.2876493907965998e-08,0.8254227241855496
MHAR,5,GS,NN1,fixed,823,1.0990189861803956e-08,0.0001048341063862,5.4613577718868086e-05,0.064121485416061,1.2876493907965998e-08,0.8535079455910676
MHAR,5,GS,NN1_1,fixed,823,1.2054867605543161e-08,0.0001097946610976,5.8797741552595174e-05,-0.0265420097419444,1.2876493907965998e-08,0.9361917686370712
MHAR,5,GS,NN2,fixed,823,1.0537577468391128e-08,0.0001026527031713,5.320090197460653e-05,0.1026640601810022,1.2876493907965998e-08,0.8183576634841642
MHAR,5,GS,NN2_1,fixed,823,1.0604758604350653e-08,0.0001029794086424,5.201661283051689e-05,0.0969431961631408,1.2876493907965998e-08,0.8235750104141357
MHAR,5,GS,NN3,fixed,823,1.0386232462789251e-08,0.0001019128670129,5.297491245738265e-05,0.1155519666515403,1.2876493907965998e-08,0.8066040753814082
MHAR,5,GS,NN3_1,fixed,823,1.1615484476400032e-08,0.0001077751570465,5.5258214345132435e-05,0.0108740163146077,1.2876493907965998e-08,0.9020688829910564
MHAR,5,GS,NN4,fixed,823,1.0650038408007864e-08,0.0001031990232899,5.4445944685883256e-05,0.0930873578272953,1.2876493907965998e-08,0.8270914803461565
MHAR,5,GS,NN4_1,fixed,823,1.1615534010499451e-08,0.0001077753868492,5.348440233803552e-05,0.0108697981982722,1.2876493907965998e-08,0.9020727298533914
MHAR,5,GS,PostLasso,rolling,823,1.3777472217400042e-08,0.0001173774774707,8.807447266856455e-05,-0.173231799966864,1.2876493907965998e-08,1.069970778992615
MHAR,5,GS,RandomForest,rolling,823,1.60739317750613e-08,0.0001267830105931,6.349040763577755e-05,-0.3687886726552611,1.2876493907965998e-08,1.2483158761964868
MHAR,5,GS,Ridge,rolling,823,1.3777472277212782e-08,0.0001173774777255,8.807447311328593e-05,-0.1732318050602665,1.2876493907965998e-08,1.069970783637726
MHAR,5,GS,SHAR,rolling,823,1.2872151338517493e-08,0.0001134555037823,8.18348909742033e-05,-0.0961384676400876,1.2876493907965998e-08,0.9996627521839762
MHAR,5,HD,AdaptiveLasso,rolling,836,3.7733782171678235e-08,0.0001942518524279,9.711463204814648e-05,-0.577947170885486,3.137120230132317e-08,1.2028159395754716
MHAR,5,HD,Bagging,rolling,836,3.010416415114691e-08,0.000173505516198,6.022279607831263e-05,-0.2588926399704667,3.137120230132317e-08,0.9596114252171069
MHAR,5,HD,ElasticNet,rolling,836,3.4424964632800707e-08,0.0001855396578438,9.011562127583144e-05,-0.4395794013708021,3.137120230132317e-08,1.0973428529179683
MHAR,5,HD,GradientBoosting,rolling,836,4.3947674876936016e-08,0.0002096370074126,9.185397836400414e-05,-0.8377990555928436,3.137120230132317e-08,1.400892272308046
MHAR,5,HD,HAR,rolling,836,3.137120230132317e-08,0.0001771191754196,6.213957673644211e-05,-0.3118775025898106,3.137120230132317e-08,1.0
MHAR,5,HD,HARQ,rolling,836,2.5708608787402446e-08,0.0001603390432408,5.586613557416228e-05,-0.0750797870967621,3.137120230132317e-08,0.8194970833590942
MHAR,5,HD,HARX,rolling,836,3.137120230132317e-08,0.0001771191754196,6.213957673644211e-05,-0.3118775025898106,3.137120230132317e-08,1.0
MHAR,5,HD,Lasso,rolling,836,3.27058105904866e-08,0.0001808474788059,8.421390308024757e-05,-0.3676880058821732,3.137120230132317e-08,1.0425424654224087
MHAR,5,HD,LevHAR,rolling,837,3.0489753767682955e-08,0.0001746131546238,6.24890983210894e-05,-0.2765389156304256,3.137120230132317e-08,0.971902621864032
MHAR,5,HD,LogHAR,rolling,836,2.500515098449432e-08,0.0001581301710126,5.423204711034353e-05,-0.045662665725628,3.137120230132317e-08,0.7970734033180378
MHAR,5,HD,NN1,fixed,836,2.3752961920184316e-08,0.0001541199595126,5.083813246933197e-05,0.0067012394469828,3.137120230132317e-08,0.7571581634658122
MHAR,5,HD,NN1_1,fixed,836,2.3884568963807252e-08,0.0001545463327413,5.0239700396622615e-05,0.0011977105081507,3.137120230132317e-08,0.7613533180652069
MHAR,5,HD,NN2,fixed,836,2.3642202845404413e-08,0.0001537602121662,4.9427499728543946e-05,0.011332950307656,3.137120230132317e-08,0.7536275664005149
MHAR,5,HD,NN2_1,fixed,836,2.3368835326942468e-08,0.0001528686865481,4.9907459872979387e-05,0.0227646032600805,3.137120230132317e-08,0.7449136026883107
MHAR,5,HD,NN3,fixed,836,2.369111129948477e-08,0.0001539191713188,4.985014664855467e-05,0.0092877019305558,3.137120230132317e-08,0.7551865902979921
MHAR,5,HD,NN3_1,fixed,836,2.5010680510905778e-08,0.0001581476541429,5.554362293747026e-05,-0.0458938988556016,3.137120230132317e-08,0.7972496645387059
MHAR,5,HD,NN4,fixed,836,2.3997961384242082e-08,0.0001549127541045,5.091837772984213e-05,-0.0035441213127602,3.137120230132317e-08,0.7649678566265818
MHAR,5,HD,NN4_1,fixed,836,2.41442906619461e-08,0.0001553843320993,5.0538548153474335e-05,-0.0096633030242634,3.137120230132317e-08,0.7696323025824148
MHAR,5,HD,PostLasso,rolling,836,3.1181566322161446e-08,0.0001765830295418,6.276982722949363e-05,-0.3039473259789711,3.137120230132317e-08,0.9939550936766702
MHAR,5,HD,RandomForest,rolling,836,2.8078459531237e-08,0.000167566283993,5.8648901168048446e-05,-0.1741819459962044,3.137120230132317e-08,0.8950393185935596
MHAR,5,HD,Ridge,rolling,836,3.1045405728678117e-08,0.0001761970650399,6.325581521355304e-05,-0.2982533771907054,3.137120230132317e-08,0.9896147884446458
MHAR,5,HD,SHAR,rolling,836,3.131431514598065e-08,0.0001769585124993,6.149975810680153e-05,-0.3094986017570222,3.137120230132317e-08,0.9981866440821708
MHAR,5,IBM,AdaptiveLasso,rolling,841,5.234496162892986e-09,7.234981798797414e-05,4.567829130485969e-05,-0.1577762508220741,4.476953776643072e-09,1.1692093383233315
MHAR,5,IBM,Bagging,rolling,841,4.556938781488325e-09,6.750510189228904e-05,3.598141724477889e-05,-0.0079127643760439,4.476953776643072e-09,1.017865943861772
MHAR,5,IBM,ElasticNet,rolling,841,4.520581538963321e-09,6.723527005198478e-05,4.164935190373296e-05,0.0001288026880846,4.476953776643072e-09,1.0097449659962678
MHAR,5,IBM,GradientBoosting,rolling,841,6.07724929208671e-09,7.795671422069243e-05,4.409392999696186e-05,-0.3441780606473024,4.476953776643072e-09,1.3574518735915069
MHAR,5,IBM,HAR,rolling,841,4.476953776643072e-09,6.691004241997662e-05,3.5831808670678905e-05,0.009778477751172,4.476953776643072e-09,1.0
MHAR,5,IBM,HARQ,rolling,841,4.981592866066825e-09,7.058040001350818e-05,3.589372572523028e-05,-0.1018385976634732,4.476953776643072e-09,1.1127192985678185
MHAR,5,IBM,HARX,rolling,841,4.476953776643072e-09,6.691004241997662e-05,3.5831808670678905e-05,0.009778477751172,4.476953776643072e-09,1.0
MHAR,5,IBM,Lasso,rolling,841,5.0221205881355704e-09,7.086692167813958e-05,4.511616285247501e-05,-0.1108025996707222,4.476953776643072e-09,1.1217718204589722
MHAR,5,IBM,LevHAR,rolling,840,5.785086956024188e-09,7.605975911100553e-05,4.111339502342589e-05,-0.2788663179338002,4.476953776643072e-09,1.2921926927648528
MHAR,5,IBM,LogHAR,rolling,841,3.839998238796855e-09,6.196771932867028e-05,3.348548706172555e-05,0.150661567851744,4.476953776643072e-09,0.8577256836625593
MHAR,5,IBM,NN1,fixed,841,4.291651335851043e-09,6.551069634686418e-05,3.495993939229464e-05,0.0507640393968614,4.476953776643072e-09,0.9586097042683848
MHAR,5,IBM,NN1_1,fixed,841,4.182462439166271e-09,6.467196022362605e-05,3.4189365353440556e-05,0.0749146562855033,4.476953776643072e-09,0.9342205990570628
MHAR,5,IBM,NN2,fixed,841,4.380729538512253e-09,6.61870798457845e-05,3.5527181675337454e-05,0.0310615457283847,4.476953776643072e-09,0.9785067608620768
MHAR,5,IBM,NN2_1,fixed,841,4.189966401690042e-09,6.472994980447647e-05,3.402338761064927e-05,0.0732549149605082,4.476953776643072e-09,0.9358967303950546
MHAR,5,IBM,NN3,fixed,841,4.305753044252843e-09,6.561823713155393e-05,3.559148993229199e-05,0.0476449955432503,4.476953776643072e-09,0.9617595488067336
MHAR,5,IBM,NN3_1,fixed,841,4.067071860310105e-09,6.377359845821862e-05,3.3214178954904834e-05,0.1004369735460141,4.476953776643072e-09,0.9084462478769868
MHAR,5,IBM,NN4,fixed,841,4.60426128829371e-09,6.785470719333855e-05,3.75349054032923e-05,-0.0183796503577426,4.476953776643072e-09,1.0284361907676645
MHAR,5,IBM,NN4_1,fixed,841,4.330789645492525e-09,6.58087353281654e-05,3.4546715168783234e-05,0.0421073503880028,4.476953776643072e-09,0.967351878432807
MHAR,5,IBM,PostLasso,rolling,841,4.5730825446118055e-09,6.762457056877925e-05,3.663823414931657e-05,-0.0114834739460998,4.476953776643072e-09,1.0214719143338606
MHAR,5,IBM,RandomForest,rolling,841,4.297381656779123e-09,6.555441752299476e-05,3.541247511292886e-05,0.049496595640354,4.476953776643072e-09,0.9598896640834662
MHAR,5,IBM,Ridge,rolling,841,4.384646887175522e-09,6.62166662342308e-05,3.634317695828008e-05,0.0301950987758251,4.476953776643072e-09,0.9793817640134844
MHAR,5,IBM,SHAR,rolling,841,4.445069141483962e-09,6.667135172983943e-05,3.632956409327062e-05,0.0168307846408081,4.476953776643072e-09,0.9928780512933914
MHAR,5,INTC,AdaptiveLasso,rolling,841,1.3576294048212189e-08,0.0001165173551373,7.222950849621686e-05,-0.0094663317320637,1.2747196236028465e-08,1.0650415822296966
MHAR,5,INTC,Bagging,rolling,841,1.3238648481320102e-08,0.0001150593259206,6.327438069588881e-05,0.0156393289604451,1.2747196236028465e-08,1.038553752228479
MHAR,5,INTC,ElasticNet,rolling,841,1.3693951789686354e-08,0.000117021159581,7.310700752351929e-05,-0.018214781659859,1.2747196236028465e-08,1.0742716701090704
MHAR,5,INTC,GradientBoosting,rolling,841,1.4598965857945887e-08,0.0001208261803498,7.11319481071993e-05,-0.0855071685518307,1.2747196236028465e-08,1.145268778139903
MHAR,5,INTC,HAR,rolling,841,1.2747196236028465e-08,0.0001129034819482,6.36856622396665e-05,0.0521812964159429,1.2747196236028465e-08,1.0
MHAR,5,INTC,HARQ,rolling,841,1.306981043027294e-08,0.0001143232716041,6.206724547095205e-05,0.0281932945302918,1.2747196236028465e-08,1.0253086395055755
MHAR,5,INTC,HARX,rolling,841,1.2747196236028465e-08,0.0001129034819482,6.36856622396665e-05,0.0521812964159429,1.2747196236028465e-08,1.0
MHAR,5,INTC,Lasso,rolling,841,1.348859533704156e-08,0.0001161404121614,7.32603590659474e-05,-0.0029454876822327,1.2747196236028465e-08,1.0581617390432587
MHAR,5,INTC,LevHAR,rolling,840,1.2393634702282684e-08,0.0001113267025573,6.399661674241539e-05,0.0790622831682001,1.2747196236028465e-08,0.9722635843051918
MHAR,5,INTC,LogHAR,rolling,841,1.176291736592992e-08,0.0001084569839426,5.953547040358594e-05,0.1253674234157923,1.2747196236028465e-08,0.9227846773617092
MHAR,5,INTC,NN1,fixed,841,1.2594343353588691e-08,0.0001122245220688,5.7970594124787185e-05,0.0635466836109462,1.2747196236028465e-08,0.9880089017530184
MHAR,5,INTC,NN1_1,fixed,841,1.2912177934283912e-08,0.0001136317646359,5.8011065848931245e-05,0.0399140702385026,1.2747196236028465e-08,1.0129425871541184
MHAR,5,INTC,NN2,fixed,841,1.3208096157233569e-08,0.0001149264815316,5.917038335523565e-05,0.0179110492408102,1.2747196236028465e-08,1.036156964454852
MHAR,5,INTC,NN2_1,fixed,841,1.2278618007195102e-08,0.0001108089256657,5.706194313218232e-05,0.0870224647134291,1.2747196236028465e-08,0.963240682879818
MHAR,5,INTC,NN3,fixed,841,1.2553677803412506e-08,0.0001120431961495,5.572961592916781e-05,0.0665703735530202,1.2747196236028465e-08,0.9848187453120868
MHAR,5,INTC,NN3_1,fixed,841,1.1462960856824849e-08,0.0001070652177732,5.3606823175403406e-05,0.1476707114743864,1.2747196236028465e-08,0.899253502070214
MHAR,5,INTC,NN4,fixed,841,1.292243697085884e-08,0.0001136768972608,5.910616155645521e-05,0.0391512588275519,1.2747196236028465e-08,1.0137473944533058
MHAR,5,INTC,NN4_1,fixed,841,1.1993169141829244e-08,0.0001095133286035,5.772019931222711e-05,0.108247035866254,1.2747196236028465e-08,0.94084761227194
MHAR,5,INTC,PostLasso,rolling,841,1.28342100536425e-08,0.0001132881726114,6.471638959059674e-05,0.0457113776763431,1.2747196236028465e-08,1.006826114229583
MHAR,5,INTC,RandomForest,rolling,841,1.2415862024549168e-08,0.0001114264870869,6.17473775458244e-05,0.0768176758175356,1.2747196236028465e-08,0.9740072871442256
MHAR,5,INTC,Ridge,rolling,841,1.2832035102310026e-08,0.0001132785730061,6.519673621378071e-05,0.0458730963409133,1.2747196236028465e-08,1.0066554922910635
MHAR,5,INTC,SHAR,rolling,841,1.2155117686414098e-08,0.0001102502502782,6.227865988861977e-05,0.0962053400506756,1.2747196236028465e-08,0.9535522526953084
MHAR,5,JNJ,AdaptiveLasso,rolling,829,8.27867810430321e-08,0.0002877269209563,6.530586953808487e-05,-0.0077926095233278,1.270985867290511e-07,0.6513587851257313
MHAR,5,JNJ,Bagging,rolling,829,8.805032171921735e-08,0.0002967327446023,6.070184605501603e-05,-0.0718675418561554,1.270985867290511e-07,0.6927718394455725
MHAR,5,JNJ,ElasticNet,rolling,829,8.534414712709752e-08,0.0002921372059959,6.533858149520026e-05,-0.0389243265305041,1.270985867290511e-07,0.6714799064527309
MHAR,5,JNJ,GradientBoosting,rolling,829,8.329558926241708e-08,0.0002886097525421,6.154613013701272e-05,-0.0139865109735421,1.270985867290511e-07,0.6553620414362805
MHAR,5,JNJ,HAR,rolling,829,1.270985867290511e-07,0.0003565088873072,7.39552675394532e-05,-0.5472158087632062,1.270985867290511e-07,1.0
MHAR,5,JNJ,HARQ,rolling,829,8.875722557534874e-08,0.0002979215090847,6.090395209650637e-05,-0.0804729311813239,1.270985867290511e-07,0.6983336940210162
MHAR,5,JNJ,HARX,rolling,829,1.270985867290511e-07,0.0003565088873072,7.39552675394532e-05,-0.5472158087632062,1.270985867290511e-07,1.0
MHAR,5,JNJ,Lasso,rolling,829,8.321051753741671e-08,0.0002884623329611,6.583052908638642e-05,-0.0129509029373955,1.270985867290511e-07,0.6546927049220854
MHAR,5,JNJ,LevHAR,rolling,829,1.0858724607408558e-07,0.0003295257896949,7.150336111327825e-05,-0.3218707467931572,1.270985867290511e-07,0.8543544729224408
MHAR,5,JNJ,LogHAR,rolling,829,9.12363797898368e-08,0.0003020536041662,5.585270403341441e-05,-0.1106525475856745,1.270985867290511e-07,0.7178394515458668
MHAR,5,JNJ,NN1,fixed,829,8.288162985473215e-08,0.0002878916981344,4.885612247028437e-05,-0.008947237475388,1.270985867290511e-07,0.6521050468595635
MHAR,5,JNJ,NN1_1,fixed,829,8.69516207314518e-08,0.0002948756021298,5.33687466422736e-05,-0.0584926682157547,1.270985867290511e-07,0.6841273610446619
MHAR,5,JNJ,NN2,fixed,829,8.304373883275438e-08,0.0002881731056721,4.9432052699713155e-05,-0.0109206470938059,1.270985867290511e-07,0.6533805054007967
MHAR,5,JNJ,NN2_1,fixed,829,2.3585999224183407e-07,0.0004856541899766,6.136955522484851e-05,-1.8712066596718588,1.270985867290511e-07,1.8557247433808264
MHAR,5,JNJ,NN3,fixed,829,9.696116924551645e-08,0.0003113858847884,5.8305603038689166e-05,-0.1803424235758055,1.270985867290511e-07,0.7628815688739198
MHAR,5,JNJ,NN3_1,fixed,829,8.299858894933845e-08,0.0002880947568931,5.05986805342548e-05,-0.0103710216795291,1.270985867290511e-07,0.6530252702673628
MHAR,5,JNJ,NN4,fixed,829,8.294199172458247e-08,0.0002879965133896,4.8712645334160435e-05,-0.0096820437520148,1.270985867290511e-07,0.6525799685042785
MHAR,5,JNJ,NN4_1,fixed,829,8.376415451220471e-08,0.0002894203768088,4.9380034657374265e-05,-0.0196905205976132,1.270985867290511e-07,0.6590486697603746
MHAR,5,JNJ,PostLasso,rolling,829,1.2614252358695226e-07,0.0003551654876067,7.754166768547833e-05,-0.5355773157972337,1.270985867290511e-07,0.9924777830603502
MHAR,5,JNJ,RandomForest,rolling,829,8.583412251466049e-08,0.0002929746106997,5.864844865629694e-05,-0.0448889692936718,1.270985867290511e-07,0.6753349877732454
MHAR,5,JNJ,Ridge,rolling,829,1.2245767928692436e-07,0.0003499395366158,6.773323642614134e-05,-0.4907204098271611,1.270985867290511e-07,0.9634857667456193
MHAR,5,JNJ,SHAR,rolling,829,1.295913490199613e-07,0.0003599879845494,7.413503317846377e-05,-0.5775610810690823,1.270985867290511e-07,1.0196128246195553
MHAR,5,JPM,AdaptiveLasso,rolling,840,1.846223419317322e-08,0.0001358758042963,8.784906788628442e-05,-0.326339581965513,1.7152218730230654e-08,1.076375860379723
MHAR,5,JPM,Bagging,rolling,840,1.9615603486806965e-08,0.000140055715652,6.05127869739994e-05,-0.4091984240083517,1.7152218730230654e-08,1.143619014852849
MHAR,5,JPM,ElasticNet,rolling,840,1.8050527428403164e-08,0.0001343522512963,8.44622330729231e-05,-0.296762285276285,1.7152218730230654e-08,1.052372740360945
MHAR,5,JPM,GradientBoosting,rolling,840,1.829997682918389e-08,0.0001352774069428,6.419688072866789e-05,-0.3146829015186776,1.7152218730230654e-08,1.0669160134327296
MHAR,5,JPM,HAR,rolling,840,1.7152218730230654e-08,0.0001309664794145,7.802293163828974e-05,-0.2322271715547466,1.7152218730230654e-08,1.0
MHAR,5,JPM,HARQ,rolling,840,2.054206621199342e-08,0.0001433250369335,5.951152836152294e-05,-0.4757561423631979,1.7152218730230654e-08,1.1976331770879407
MHAR,5,JPM,HARX,rolling,840,1.7152218730230654e-08,0.0001309664794145,7.802293163828974e-05,-0.2322271715547466,1.7152218730230654e-08,1.0
MHAR,5,JPM,Lasso,rolling,840,1.846409290792869e-08,0.0001358826438804,8.789242391811977e-05,-0.3264731133098757,1.7152218730230654e-08,1.0764842262293368
MHAR,5,JPM,LevHAR,rolling,839,2.5363711538134684e-08,0.000159259886783,8.134984680094064e-05,-0.82070879687077,1.7152218730230654e-08,1.4787423094967496
MHAR,5,JPM,LogHAR,rolling,840,1.3823946576184864e-08,0.0001175752804639,5.227693729026978e-05,0.0068781854283682,1.7152218730230654e-08,0.805956756592677
MHAR,5,JPM,NN1,fixed,840,1.303631307624512e-08,0.0001141766748344,5.274270252502443e-05,0.063462316911133,1.7152218730230654e-08,0.760036545783358
MHAR,5,JPM,NN1_1,fixed,840,1.2809254059538368e-08,0.0001131779751521,5.1610374836437655e-05,0.079774392586768,1.7152218730230654e-08,0.7467986655838381
MHAR,5,JPM,NN2,fixed,840,1.2645964307033081e-08,0.0001124542765173,4.795212769863224e-05,0.0915052405335024,1.7152218730230654e-08,0.7372786288426152
MHAR,5,JPM,NN2_1,fixed,840,1.3477894413654725e-08,0.0001160943341152,4.572540433846537e-05,0.0317388104094011,1.7152218730230654e-08,0.7857813980590184
MHAR,5,JPM,NN3,fixed,840,1.2965697264544456e-08,0.0001138670157005,5.300971768919787e-05,0.0685354053137191,1.7152218730230654e-08,0.7559195383680896
MHAR,5,JPM,NN3_1,fixed,840,1.2715994835157348e-08,0.0001127652199712,5.081665821406106e-05,0.0864741993049433,1.7152218730230654e-08,0.7413615133501944
MHAR,5,JPM,NN4,fixed,840,1.2731467140754666e-08,0.000112833803183,5.059647492952166e-05,0.0853626582464091,1.7152218730230654e-08,0.7422635719025407
MHAR,5,JPM,NN4_1,fixed,840,1.3089509019152996e-08,0.0001144093921806,4.814656919126587e-05,0.0596406838443841,1.7152218730230654e-08,0.7631379487997572
MHAR,5,JPM,PostLasso,rolling,840,1.8050414621335843e-08,0.0001343518314774,8.446125088601885e-05,-0.296754181139107,1.7152218730230654e-08,1.0523661635402377
MHAR,5,JPM,RandomForest,rolling,840,1.6665775451952124e-08,0.0001290959931676,5.667815863388334e-05,-0.1972807524154829,1.7152218730230654e-08,0.9716396294887972
MHAR,5,JPM,Ridge,rolling,840,1.8050414659636697e-08,0.0001343518316199,8.446125121950736e-05,-0.2967541838906666,1.7152218730230654e-08,1.0523661657732346
MHAR,5,JPM,SHAR,rolling,840,1.6019644420085057e-08,0.0001265687339752,7.542466896338221e-05,-0.1508622554050613,1.7152218730230654e-08,0.9339692241593536
MHAR,5,KO,AdaptiveLasso,rolling,825,3.007618239403069e-09,5.48417563486352e-05,3.273549623768779e-05,-0.0536132009854091,2.8738839034378412e-09,1.0465343557564206
MHAR,5,KO,Bagging,rolling,825,3.0411760958031404e-09,5.514685934668575e-05,2.7468638103877218e-05,-0.0653690149503176,2.8738839034378412e-09,1.0582111866680413
MHAR,5,KO,ElasticNet,rolling,825,3.0542871178198263e-09,5.526560519726376e-05,3.213372056606918e-05,-0.0699620000885952,2.8738839034378412e-09,1.0627733132038426
MHAR,5,KO,GradientBoosting,rolling,825,3.0523705372831743e-09,5.524826275353076e-05,2.9220395018951233e-05,-0.0692905935491237,2.8738839034378412e-09,1.062106417601567
MHAR,5,KO,HAR,rolling,825,2.8738839034378412e-09,5.360861780943286e-05,2.7904295239661728e-05,-0.0067640829849986,2.8738839034378412e-09,1.0
MHAR,5,KO,HARQ,rolling,825,3.259395789514389e-09,5.70911183067418e-05,2.735978236948752e-05,-0.141814604685402,2.8738839034378412e-09,1.1341431661924075
MHAR,5,KO,HARX,rolling,825,2.8738839034378412e-09,5.360861780943286e-05,2.7904295239661728e-05,-0.0067640829849986,2.8738839034378412e-09,1.0
MHAR,5,KO,Lasso,rolling,825,3.0163880496556012e-09,5.492165374108469e-05,3.3008041908486114e-05,-0.0566853953653845,2.8738839034378412e-09,1.049585909175834
MHAR,5,KO,LevHAR,rolling,825,2.8505217630762e-09,5.339027779545824e-05,2.732094299549909e-05,0.0014200206907339,2.8738839034378412e-09,0.9918708823506424
MHAR,5,KO,LogHAR,rolling,825,2.653578070066136e-09,5.151289227044174e-05,2.5908061161887773e-05,0.0704123123611706,2.8738839034378412e-09,0.9233421248825786
MHAR,5,KO,NN1,fixed,825,2.6197104198737446e-09,5.118310678215757e-05,2.8064102550119043e-05,0.0822766516784312,2.8738839034378412e-09,0.9115574977611148
MHAR,5,KO,NN1_1,fixed,825,2.6397021384574574e-09,5.1378031671692695e-05,2.9310293585647216e-05,0.0752732566550103,2.8738839034378412e-09,0.918513839511663
MHAR,5,KO,NN2,fixed,825,2.691760646614311e-09,5.188218043427157e-05,2.9748522570924884e-05,0.0570363904533498,2.8738839034378412e-09,0.93662817881903
MHAR,5,KO,NN2_1,fixed,825,2.384865654713113e-09,4.883508630803383e-05,2.3441788087035207e-05,0.1645462500981658,2.8738839034378412e-09,0.8298406389556142
MHAR,5,KO,NN3,fixed,825,3.032491081539902e-09,5.5068058632386e-05,2.940190677421175e-05,-0.0623265258609075,2.8738839034378412e-09,1.0551891389601122
MHAR,5,KO,NN3_1,fixed,825,2.512563655186781e-09,5.012547910181788e-05,2.6827291788275595e-05,0.119811749796292,2.8738839034378412e-09,0.8742745843633988
MHAR,5,KO,NN4,fixed,825,2.623944583007081e-09,5.122445297909077e-05,2.8257704455236377e-05,0.080793361640499,2.8738839034378412e-09,0.9130308221108816
MHAR,5,KO,NN4_1,fixed,825,2.767628725910785e-09,5.260825720275083e-05,2.803377519019654e-05,0.0304586789496326,2.8738839034378412e-09,0.9630273243119004
MHAR,5,KO,PostLasso,rolling,825,2.8922031165703833e-09,5.3779207102470225e-05,2.8395916203496075e-05,-0.0131815745852432,2.8738839034378412e-09,1.006374374800119
MHAR,5,KO,RandomForest,rolling,825,2.9096390391853902e-09,5.3941070059699325e-05,2.7090399364692883e-05,-0.0192896364389234,2.8738839034378412e-09,1.0124413987999925
MHAR,5,KO,Ridge,rolling,825,2.8920787164472583e-09,5.37780505080582e-05,2.8441504254736658e-05,-0.0131379953802057,2.8738839034378412e-09,1.0063310883879657
MHAR,5,KO,SHAR,rolling,825,2.89550515492869e-09,5.380989829881385e-05,2.7890501814453864e-05,-0.0143383275131554,2.8738839034378412e-09,1.0075233559243588
MHAR,5,MCD,AdaptiveLasso,rolling,835,5.484309002847629e-09,7.405612063055714e-05,4.191769071422869e-05,-0.1037415872055604,5.277361662935502e-09,1.0392141666858994
MHAR,5,MCD,Bagging,rolling,835,5.848835198020724e-09,7.647767777607217e-05,3.514010622948242e-05,-0.1771041058071649,5.277361662935502e-09,1.1082877338308748
MHAR,5,MCD,ElasticNet,rolling,835,5.6830347255849964e-09,7.538590535096727e-05,4.429741994928469e-05,-0.1437360230622606,5.277361662935502e-09,1.07687043044608
MHAR,5,MCD,GradientBoosting,rolling,835,6.468283313817898e-09,8.042563841100608e-05,4.6883885452106274e-05,-0.3017707951141426,5.277361662935502e-09,1.2256661049491069
MHAR,5,MCD,HAR,rolling,835,5.277361662935502e-09,7.264545177046875e-05,3.788937560713759e-05,-0.0620925143134278,5.277361662935502e-09,1.0
MHAR,5,MCD,HARQ,rolling,835,5.912597084253892e-09,7.689341378982918e-05,3.573050862889753e-05,-0.1899364690962637,5.277361662935502e-09,1.1203698859185338
MHAR,5,MCD,HARX,rolling,835,5.277361662935502e-09,7.264545177046875e-05,3.788937560713759e-05,-0.0620925143134278,5.277361662935502e-09,1.0
MHAR,5,MCD,Lasso,rolling,835,5.59792945495252e-09,7.48193120454373e-05,4.4733366602164e-05,-0.1266082087033917,5.277361662935502e-09,1.0607439498165272
MHAR,5,MCD,LevHAR,rolling,834,5.750401090217329e-09,7.583139910497056e-05,3.788845019733592e-05,-0.1566967377080514,5.277361662935502e-09,1.0896355901859305
MHAR,5,MCD,LogHAR,rolling,835,4.869772487353008e-09,6.97837551823704e-05,3.237476402643746e-05,0.0199366206881993,5.277361662935502e-09,0.9227664879507662
MHAR,5,MCD,NN1,fixed,835,5.062112183495318e-09,7.114852200499543e-05,3.0186098855608837e-05,-0.0187725989040081,5.277361662935502e-09,0.9592126723184532
MHAR,5,MCD,NN1_1,fixed,835,4.938820638697039e-09,7.02767432277353e-05,2.920986606758931e-05,0.0060403730262789,5.277361662935502e-09,0.935850327140522
MHAR,5,MCD,NN2,fixed,835,5.5422184865254225e-09,7.44460777108198e-05,3.316669151482464e-05,-0.1153961284423128,5.277361662935502e-09,1.050187355066091
MHAR,5,MCD,NN2_1,fixed,835,5.7505963903097934e-09,7.58326868197995e-05,3.281243335004478e-05,-0.1573331086784937,5.277361662935502e-09,1.0896725973317236
MHAR,5,MCD,NN3,fixed,835,5.374933839792781e-09,7.331394028281921e-05,3.210614574280562e-05,-0.0817293490168766,5.277361662935502e-09,1.018488817535959
MHAR,5,MCD,NN3_1,fixed,835,5.3356220769928465e-09,7.304534260986697e-05,3.1865185046493415e-05,-0.0738176818503986,5.277361662935502e-09,1.011039685694942
MHAR,5,MCD,NN4,fixed,835,5.4518404641358055e-09,7.383657944498652e-05,3.1674482716882974e-05,-0.0972071493331818,5.277361662935502e-09,1.0330617479612436
MHAR,5,MCD,NN4_1,fixed,835,6.200353936793666e-09,7.874232620893077e-05,3.6480895791983386e-05,-0.2478488159364242,5.277361662935502e-09,1.1748965359605
MHAR,5,MCD,PostLasso,rolling,835,5.347362642974235e-09,7.312566336775507e-05,3.93145817686012e-05,-0.0761805229894121,5.277361662935502e-09,1.013264389388048
MHAR,5,MCD,RandomForest,rolling,835,5.157721568820257e-09,7.181727904077303e-05,3.364731928328348e-05,-0.0380144130788662,5.277361662935502e-09,0.9773295631876978
MHAR,5,MCD,Ridge,rolling,835,5.3590069008503805e-09,7.320523820636322e-05,3.956644172928231e-05,-0.0785239816937584,5.277361662935502e-09,1.0154708437908089
MHAR,5,MCD,SHAR,rolling,835,5.183547590171011e-09,7.199685819652835e-05,3.694097219707344e-05,-0.0432120147789318,5.277361662935502e-09,0.982223300437532
MHAR,5,MMM,AdaptiveLasso,rolling,830,5.760212913116603e-09,7.589606651939613e-05,4.1894616228417146e-05,-0.2210613873367573,5.085523515707639e-09,1.132668622084836
MHAR,5,MMM,Bagging,rolling,830,4.803673530191339e-09,6.930853865283368e-05,3.166084827506794e-05,-0.0182922668937739,5.085523515707639e-09,0.9445779800947236
MHAR,5,MMM,ElasticNet,rolling,830,5.381737748626792e-09,7.33603281660244e-05,4.047468393239417e-05,-0.1408314693814518,5.085523515707639e-09,1.0582465565254466
MHAR,5,MMM,GradientBoosting,rolling,830,4.861308752080263e-09,6.972308622027759e-05,3.463982719195151e-05,-0.030509895835735,5.085523515707639e-09,0.9559111735625948
MHAR,5,MMM,HAR,rolling,830,5.085523515707639e-09,7.131285659477987e-05,3.445568216356623e-05,-0.0780393872739422,5.085523515707639e-09,1.0
MHAR,5,MMM,HARQ,rolling,830,6.036740741255938e-09,7.769646543605403e-05,3.2442644042918475e-05,-0.2796803062132029,5.085523515707639e-09,1.1870441111146723
MHAR,5,MMM,HARX,rolling,830,5.085523515707639e-09,7.131285659477987e-05,3.445568216356623e-05,-0.0780393872739422,5.085523515707639e-09,1.0
MHAR,5,MMM,Lasso,rolling,830,5.341879010192254e-09,7.308815916543702e-05,4.064924737674436e-05,-0.132382134750167,5.085523515707639e-09,1.050408870137521
MHAR,5,MMM,LevHAR,rolling,831,5.053876861590425e-09,7.10906242875277e-05,3.321687825726835e-05,-0.0720447768942389,5.085523515707639e-09,0.9937771098649988
MHAR,5,MMM,LogHAR,rolling,830,4.425074573985491e-09,6.65212340082886e-05,3.032511362294219e-05,0.0619638926756531,5.085523515707639e-09,0.870131572554483
MHAR,5,MMM,NN1,fixed,830,4.289012892951791e-09,6.54905557538779e-05,2.8195265634897573e-05,0.0908065183758359,5.085523515707639e-09,0.8433768676330631
MHAR,5,MMM,NN1_1,fixed,830,4.575082131863714e-09,6.763935342582537e-05,2.8113042206686317e-05,0.0301649922710017,5.085523515707639e-09,0.899628547136332
MHAR,5,MMM,NN2,fixed,830,4.661005375656577e-09,6.827155612446942e-05,3.0254370684055752e-05,0.0119508121959425,5.085523515707639e-09,0.9165242007553688
MHAR,5,MMM,NN2_1,fixed,830,4.366386428410358e-09,6.607863821546535e-05,2.769226980344261e-05,0.0744047224743246,5.085523515707639e-09,0.8585913357639416
MHAR,5,MMM,NN3,fixed,830,4.533595256009171e-09,6.73319779600241e-05,3.0044728878247298e-05,0.0389594627100826,5.085523515707639e-09,0.8914707093588834
MHAR,5,MMM,NN3_1,fixed,830,4.230305537922927e-09,6.504079902586473e-05,2.874587569298548e-05,0.1032514202327069,5.085523515707639e-09,0.8318328535610535
MHAR,5,MMM,NN4,fixed,830,4.694887005052957e-09,6.851924550849168e-05,3.050127935997654e-05,0.0047685170238722,5.085523515707639e-09,0.9231865688069038
MHAR,5,MMM,NN4_1,fixed,830,4.491408170440731e-09,6.70179690116071e-05,2.8358318314219345e-05,0.047902364996662,5.085523515707639e-09,0.8831751847313525
MHAR,5,MMM,PostLasso,rolling,830,5.128713227706591e-09,7.16150349277761e-05,3.5493027183199336e-05,-0.0871948283049548,5.085523515707639e-09,1.008492677669379
MHAR,5,MMM,RandomForest,rolling,830,4.7207159944583856e-09,6.87074668028038e-05,3.136237471167368e-05,-0.0007067635104776,5.085523515707639e-09,0.9282654931940688
MHAR,5,MMM,Ridge,rolling,830,5.093593633782169e-09,7.136941665575086e-05,3.57220122021153e-05,-0.0797501069505741,5.085523515707639e-09,1.001586880495116
MHAR,5,MMM,SHAR,rolling,830,5.0719245104130225e-09,7.12174452673853e-05,3.311617322727804e-05,-0.0751566430903665,5.085523515707639e-09,0.9973259379781424
MHAR,5,MRK,AdaptiveLasso,rolling,833,9.101095672488271e-09,9.539966285311636e-05,6.307874973776774e-05,0.0138725312613878,8.700561046630554e-09,1.046035493999876
MHAR,5,MRK,Bagging,rolling,833,1.1947089420197624e-08,0.0001093027420525,5.584913205686415e-05,-0.2944983189603447,8.700561046630554e-09,1.3731401177656637
MHAR,5,MRK,ElasticNet,rolling,833,8.961405404530081e-09,9.466469988612482e-05,6.128570053968963e-05,0.0290083363672984,8.700561046630554e-09,1.029980176738205
MHAR,5,MRK,GradientBoosting,rolling,833,9.270784478290848e-09,9.62849130356924e-05,5.419749599582258e-05,-0.0045136937120744,8.700561046630554e-09,1.0655386967121072
MHAR,5,MRK,HAR,rolling,833,8.700561046630554e-09,9.327679800802852e-05,5.8504283005875503e-05,0.0572715033140845,8.700561046630554e-09,1.0
MHAR,5,MRK,HARQ,rolling,833,9.687545638268252e-09,9.842533026750916e-05,5.532695511153638e-05,-0.049670853085691,8.700561046630554e-09,1.113439189306065
MHAR,5,MRK,HARX,rolling,833,8.700561046630554e-09,9.327679800802852e-05,5.8504283005875503e-05,0.0572715033140845,8.700561046630554e-09,1.0
MHAR,5,MRK,Lasso,rolling,833,9.20860077916441e-09,9.596145465323255e-05,6.422421839882367e-05,0.0022240723792902,8.700561046630554e-09,1.0583916059908118
MHAR,5,MRK,LevHAR,rolling,832,1.019437156535408e-08,0.0001009671806348,5.9327676965446777e-05,-0.1039077944667887,8.700561046630554e-09,1.171691286425952
MHAR,5,MRK,LogHAR,rolling,833,8.143094617494987e-09,9.02390969452542e-05,4.806241196603926e-05,0.1176744458226441,8.700561046630554e-09,0.9359275308629142
MHAR,5,MRK,NN1,fixed,833,8.425254477741305e-09,9.178918497154936e-05,4.464038825706974e-05,0.0871016885660149,8.700561046630554e-09,0.9683576073527044
MHAR,5,MRK,NN1_1,fixed,833,8.502364714013245e-09,9.220826814344386e-05,4.5791994832823856e-05,0.078746593218699,8.700561046630554e-09,0.9772202813640318
MHAR,5,MRK,NN2,fixed,833,8.670110487435614e-09,9.31134280726234e-05,4.695334491183356e-05,0.0605709008746828,8.700561046630554e-09,0.9965001614227244
MHAR,5,MRK,NN2_1,fixed,833,7.912403158880676e-09,8.895169002824328e-05,4.464728458493621e-05,0.1426704674369023,8.700561046630554e-09,0.909412981125498
MHAR,5,MRK,NN3,fixed,833,8.358940551282893e-09,9.14272418444464e-05,4.5847307978305425e-05,0.0942869755681317,8.700561046630554e-09,0.960735808470655
MHAR,5,MRK,NN3_1,fixed,833,8.874671758027821e-09,9.420547626347324e-05,4.511849926689592e-05,0.0384061533288641,8.700561046630554e-09,1.0200114349481744
MHAR,5,MRK,NN4,fixed,833,8.883318763304523e-09,9.4251359477222e-05,4.872390503912874e-05,0.0374692277396233,8.700561046630554e-09,1.021005279509503
MHAR,5,MRK,NN4_1,fixed,833,8.09798163284606e-09,8.998878615053133e-05,4.829616864539385e-05,0.1225625554481224,8.700561046630554e-09,0.9307424647037156
MHAR,5,MRK,PostLasso,rolling,833,8.961370955532498e-09,9.466451793323885e-05,6.128529760087941e-05,0.0290120690060935,8.700561046630554e-09,1.0299762173386449
MHAR,5,MRK,RandomForest,rolling,833,1.0233070370828351e-08,0.0001011586396252,5.369805695717041e-05,-0.1087798816040914,8.700561046630554e-09,1.176139138152624
MHAR,5,MRK,Ridge,rolling,833,8.961370967285765e-09,9.466451799531736e-05,6.128529773826951e-05,0.0290120677325963,8.700561046630554e-09,1.0299762186895078
MHAR,5,MRK,SHAR,rolling,833,8.929134423544594e-09,9.44940972947231e-05,5.859043565585767e-05,0.0325049813799563,8.700561046630554e-09,1.0262711077698328
MHAR,5,MSFT,AdaptiveLasso,rolling,841,1.5765776455289214e-08,0.0001255618431502,7.311088770918913e-05,-0.1309451543479938,1.3800230658212581e-08,1.1424284742593724
MHAR,5,MSFT,Bagging,rolling,841,1.3712329748774938e-08,0.0001170996573384,5.3051299311032425e-05,0.016357175418648,1.3800230658212581e-08,0.9936304753438788
MHAR,5,MSFT,ElasticNet,rolling,841,1.3816678732778981e-08,0.0001175443692091,6.619850378872084e-05,0.0088717859007142,1.3800230658212581e-08,1.0011918695399928
MHAR,5,MSFT,GradientBoosting,rolling,841,1.2489395235941852e-08,0.0001117559628652,6.073118192316149e-05,0.1040833882884121,1.3800230658212581e-08,0.9050135135610474
MHAR,5,MSFT,HAR,rolling,841,1.3800230658212581e-08,0.0001174743829871,5.353265021418364e-05,0.0100516751552637,1.3800230658212581e-08,1.0
MHAR,5,MSFT,HARQ,rolling,841,1.3509567647847405e-08,0.0001162306656947,5.232183455688014e-05,0.0309021498561411,1.3800230658212581e-08,0.9789378150580256
MHAR,5,MSFT,HARX,rolling,841,1.3800230658212581e-08,0.0001174743829871,5.353265021418364e-05,0.0100516751552637,1.3800230658212581e-08,1.0
MHAR,5,MSFT,Lasso,rolling,841,1.5029496378320123e-08,0.000122594846459,7.131876787553065e-05,-0.0781287017202005,1.3800230658212581e-08,1.089075737250522
MHAR,5,MSFT,LevHAR,rolling,840,1.3834888963290006e-08,0.0001176218047952,5.390629910356172e-05,0.0083824544975353,1.3800230658212581e-08,1.0025114294054789
MHAR,5,MSFT,LogHAR,rolling,841,1.1732970671252558e-08,0.0001083188380257,4.9811493837516806e-05,0.1583448893626476,1.3800230658212581e-08,0.8502010554635341
MHAR,5,MSFT,NN1,fixed,841,1.2400427130581626e-08,0.000111357205113,5.5560091789471094e-05,0.1104654429835108,1.3800230658212581e-08,0.8985666571596087
MHAR,5,MSFT,NN1_1,fixed,841,1.2859136800595196e-08,0.000113398134026,5.844992369011249e-05,0.0775602777970305,1.3800230658212581e-08,0.9318059327466864
MHAR,5,MSFT,NN2,fixed,841,1.2475485766549761e-08,0.000111693714087,5.587432050293225e-05,0.105081172764986,1.3800230658212581e-08,0.9040055978430724
MHAR,5,MSFT,NN2_1,fixed,841,3.025296542823938e-08,0.0001739337961071,5.216769263157667e-05,-1.1701718753119956,1.3800230658212581e-08,2.192207230263626
MHAR,5,MSFT,NN3,fixed,841,1.2830196156612729e-08,0.0001132704557976,5.989890227618099e-05,0.0796363113605218,1.3800230658212581e-08,0.9297088196839246
MHAR,5,MSFT,NN3_1,fixed,841,1.4396191884347257e-08,0.0001199841318022,6.122966419501238e-05,-0.0326991188058025,1.3800230658212581e-08,1.0431848742890406
MHAR,5,MSFT,NN4,fixed,841,1.3598319027213004e-08,0.0001166118305628,6.522104445011438e-05,0.0245356418240201,1.3800230658212581e-08,0.985368966939736
MHAR,5,MSFT,NN4_1,fixed,841,1.3489586127711542e-08,0.0001161446775694,6.482022308548585e-05,0.0323355079554549,1.3800230658212581e-08,0.9774899030172244
MHAR,5,MSFT,PostLasso,rolling,841,1.4065951732575552e-08,0.0001185999651457,5.524243477862396e-05,-0.0090096100476051,1.3800230658212581e-08,1.01925482848396
MHAR,5,MSFT,RandomForest,rolling,841,1.1912780317497782e-08,0.000109145683916,5.078619854705256e-05,0.1454463905983931,1.3800230658212581e-08,0.8632305221948178
MHAR,5,MSFT,Ridge,rolling,841,1.3657177982277798e-08,0.0001168639293463,5.4108048729508334e-05,0.0203134425426021,1.3800230658212581e-08,0.9896340373231622
MHAR,5,MSFT,SHAR,rolling,841,1.3277770007157572e-08,0.0001152292063981,5.302896778222548e-05,0.047529965128729,1.3800230658212581e-08,0.96214116531856
MHAR,5,NKE,AdaptiveLasso,rolling,803,2.5935125783111924e-08,0.0001610438629166,8.27208170219657e-05,-0.0894534426290205,2.5280370654619865e-08,1.0258997440123532
MHAR,5,NKE,Bagging,rolling,803,3.074778681108327e-08,0.0001753504685225,6.997443996003035e-05,-0.2916182660803137,2.5280370654619865e-08,1.216271202315788
MHAR,5,NKE,ElasticNet,rolling,803,2.63086636082175e-08,0.0001621994562513,8.224820976444011e-05,-0.1051445972783808,2.5280370654619865e-08,1.0406755489326545
MHAR,5,NKE,GradientBoosting,rolling,803,2.674083209097735e-08,0.0001635262428204,7.751725968873284e-05,-0.1232986423088882,2.5280370654619865e-08,1.0577705705470182
MHAR,5,NKE,HAR,rolling,803,2.5280370654619865e-08,0.0001589980209141,7.145786641041979e-05,-0.0619492294326005,2.5280370654619865e-08,1.0
MHAR,5,NKE,HARQ,rolling,803,3.003137096223028e-08,0.000173295617262,6.96840579380176e-05,-0.2615238790542395,2.5280370654619865e-08,1.1879323832913105
MHAR,5,NKE,HARX,rolling,803,2.5280370654619865e-08,0.0001589980209141,7.145786641041979e-05,-0.0619492294326005,2.5280370654619865e-08,1.0
MHAR,5,NKE,Lasso,rolling,803,2.5969252833005992e-08,0.0001611497838441,8.228592763841834e-05,-0.0908870131582242,2.5280370654619865e-08,1.0272496866362295
MHAR,5,NKE,LevHAR,rolling,803,2.5718984011305532e-08,0.0001603713939931,7.172797860742715e-05,-0.0803740034406534,2.5280370654619865e-08,1.0173499575096423
MHAR,5,NKE,LogHAR,rolling,803,2.3903152389561892e-08,0.0001546064435577,6.28777018927435e-05,-0.0040966015846954,2.5280370654619865e-08,0.9455222281400254
MHAR,5,NKE,NN1,fixed,803,2.4202138671193273e-08,0.0001555703656587,5.941543437371379e-05,-0.0166560792809349,2.5280370654619865e-08,0.9573490437241848
MHAR,5,NKE,NN1_1,fixed,803,2.3292173703170843e-08,0.000152617737184,5.816019741733389e-05,0.0215687003239275,2.5280370654619865e-08,0.9213541217962448
MHAR,5,NKE,NN2,fixed,803,2.4629986376115804e-08,0.0001569394353759,5.9865966414764725e-05,-0.0346286219609592,2.5280370654619865e-08,0.9742731509996588
MHAR,5,NKE,NN2_1,fixed,803,2.3125069374001024e-08,0.0001520692913575,5.607899654833829e-05,0.0285882300618869,2.5280370654619865e-08,0.9147440791092606
MHAR,5,NKE,NN3,fixed,803,2.5395875303154512e-08,0.0001593608336548,6.221844266630035e-05,-0.0668012181230761,2.5280370654619865e-08,1.00456894600608
MHAR,5,NKE,NN3_1,fixed,803,2.3711041447522356e-08,0.000153983899962,5.792730796653017e-05,0.0039733776751682,2.5280370654619865e-08,0.9379230143205703
MHAR,5,NKE,NN4,fixed,803,2.4759031466559773e-08,0.0001573500284924,6.068582468512899e-05,-0.0400494022268524,2.5280370654619865e-08,0.9793777078990406
MHAR,5,NKE,NN4_1,fixed,803,2.3808254920445755e-08,0.0001542992382367,5.93844504532909e-05,-0.0001102559895385,2.5280370654619865e-08,0.9417684275960136
MHAR,5,NKE,PostLasso,rolling,803,2.5431919863571947e-08,0.0001594738845816,7.293384217291458e-05,-0.068315337266481,2.5280370654619865e-08,1.0059947384088053
MHAR,5,NKE,RandomForest,rolling,803,2.7465966003199778e-08,0.0001657285913872,6.730302702444104e-05,-0.1537592478846741,2.5280370654619865e-08,1.0864542446168806
MHAR,5,NKE,Ridge,rolling,803,2.5323484311820426e-08,0.0001591335423844,7.268074873509503e-05,-0.0637602992016186,2.5280370654619865e-08,1.0017054202958326
MHAR,5,NKE,SHAR,rolling,803,2.4869991444478922e-08,0.000157702223968,7.095919266353455e-05,-0.0447104835321443,2.5280370654619865e-08,0.9837668831779588
MHAR,5,PFE,AdaptiveLasso,rolling,831,5.886995271258461e-09,7.672675720541343e-05,4.94372982620595e-05,0.2238122159642593,5.719082994907838e-09,1.0293599999335783
MHAR,5,PFE,Bagging,rolling,831,5.885308981478285e-09,7.671576748933875e-05,4.553398479843163e-05,0.2240345496790675,5.719082994907838e-09,1.0290651467583969
MHAR,5,PFE,ElasticNet,rolling,831,5.9047301294438394e-09,7.684224182989353e-05,4.955106218171563e-05,0.2214739126973444,5.719082994907838e-09,1.0324609967544267
MHAR,5,PFE,GradientBoosting,rolling,831,5.971376416642934e-09,7.727468160169237e-05,4.9692862652353696e-05,0.2126867417227319,5.719082994907838e-09,1.0441143137736824
MHAR,5,PFE,HAR,rolling,831,5.719082994907838e-09,7.562461897363741e-05,4.625988018589525e-05,0.2459510918572455,5.719082994907838e-09,1.0
MHAR,5,PFE,HARQ,rolling,831,5.987108896534314e-09,7.737641046555671e-05,4.496130679123508e-05,0.2106124477677345,5.719082994907838e-09,1.0468651883291642
MHAR,5,PFE,HARX,rolling,831,5.719082994907838e-09,7.562461897363741e-05,4.625988018589525e-05,0.2459510918572455,5.719082994907838e-09,1.0
MHAR,5,PFE,Lasso,rolling,831,5.8976730502740285e-09,7.679630883235228e-05,5.0342769011885326e-05,0.2224043735504935,5.719082994907838e-09,1.0312270438329367
MHAR,5,PFE,LevHAR,rolling,831,5.610512464632129e-09,7.490335416142677e-05,4.504120835555867e-05,0.2602658849602257,5.719082994907838e-09,0.9810160946479746
MHAR,5,PFE,LogHAR,rolling,831,5.547320295983528e-09,7.448033496154222e-05,4.376188637168396e-05,0.2685976377630923,5.719082994907838e-09,0.9699667413329648
MHAR,5,PFE,NN1,fixed,831,5.885653606194516e-09,7.671801357044195e-05,4.131936841768066e-05,0.2239891116444693,5.719082994907838e-09,1.029125405495075
MHAR,5,PFE,NN1_1,fixed,831,6.573737804125862e-09,8.107859029439191e-05,4.633345857173101e-05,0.1332666761382198,5.719082994907838e-09,1.149439133857472
MHAR,5,PFE,NN2,fixed,831,6.237180882478521e-09,7.897582467108856e-05,4.224554246356767e-05,0.1776409892093932,5.719082994907838e-09,1.0905910769317366
MHAR,5,PFE,NN2_1,fixed,831,5.604551346261722e-09,7.486355152049441e-05,4.200127752213134e-05,0.2610518457169619,5.719082994907838e-09,0.979973773986478
MHAR,5,PFE,NN3,fixed,831,6.2105715928273325e-09,7.880717983044015e-05,4.631746683513704e-05,0.1811493673577427,5.719082994907838e-09,1.0859383573130703
MHAR,5,PFE,NN3_1,fixed,831,5.6848134138059614e-09,7.539770164803408e-05,4.133700343756192e-05,0.2504694631128099,5.719082994907838e-09,0.9940078538583216
MHAR,5,PFE,NN4,fixed,831,6.9472948781987564e-09,8.335043418122521e-05,4.835611490612585e-05,0.0840139718000468,5.719082994907838e-09,1.214756786076456
MHAR,5,PFE,NN4_1,fixed,831,6.040972530166415e-09,7.772369349282377e-05,3.9679032837108e-05,0.2035106424319752,5.719082994907838e-09,1.056283417384427
MHAR,5,PFE,PostLasso,rolling,831,5.76532804123981e-09,7.592975728421506e-05,4.723206363399619e-05,0.239853781025302,5.719082994907838e-09,1.008086094636701
MHAR,5,PFE,RandomForest,rolling,831,5.578213396313274e-09,7.468743800876607e-05,4.451761269682485e-05,0.2645244483036053,5.719082994907838e-09,0.9753684989848912
MHAR,5,PFE,Ridge,rolling,831,5.771883398017047e-09,7.597291226494511e-05,4.745485787167825e-05,0.238989471200674,5.719082994907838e-09,1.009232319789068
MHAR,5,PFE,SHAR,rolling,831,5.721384105005322e-09,7.563983147129112e-05,4.6404795234034525e-05,0.2456476953934995,5.719082994907838e-09,1.0004023564790951
MHAR,5,PG,AdaptiveLasso,rolling,834,9.558517439158788e-09,9.776767072585288e-05,4.467630251145188e-05,-0.1621557577603538,9.667833053383681e-09,0.9886928525119048
MHAR,5,PG,Bagging,rolling,834,1.1829724460886992e-08,0.0001087645367796,3.4718565807804264e-05,-0.4382965227030257,9.667833053383681e-09,1.2236169569298327
MHAR,5,PG,ElasticNet,rolling,834,9.825820929186212e-09,9.912527896145468e-05,4.366324116765819e-05,-0.1946553887943631,9.667833053383681e-09,1.0163416015698818
MHAR,5,PG,GradientBoosting,rolling,834,1.4840512736115934e-08,0.000121821643135,4.747034901958844e-05,-0.8043579910977106,9.667833053383681e-09,1.535040236438697
MHAR,5,PG,HAR,rolling,834,9.667833053383681e-09,9.832513947807897e-05,3.5216565438923585e-05,-0.1754467070412653,9.667833053383681e-09,1.0
MHAR,5,PG,HARQ,rolling,834,8.415814075358451e-09,9.173774618638966e-05,3.1521214217671446e-05,-0.0232221519887918,9.667833053383681e-09,0.8704964213684855
MHAR,5,PG,HARX,rolling,834,9.667833053383681e-09,9.832513947807897e-05,3.5216565438923585e-05,-0.1754467070412653,9.667833053383681e-09,1.0
MHAR,5,PG,Lasso,rolling,834,9.609274866566794e-09,9.802690889019604e-05,4.431557688096981e-05,-0.1683270115020332,9.667833053383681e-09,0.9939429873795358
MHAR,5,PG,LevHAR,rolling,834,9.56873071417946e-09,9.781988915440182e-05,3.5013883674968355e-05,-0.1633975210825857,9.667833053383681e-09,0.9897492707355412
MHAR,5,PG,LogHAR,rolling,834,8.578279662668827e-09,9.261900270823923e-05,3.11130944633963e-05,-0.0429752485262491,9.667833053383681e-09,0.8873011785889791
MHAR,5,PG,NN1,fixed,834,8.079526805342018e-09,8.988618806770046e-05,3.174609350585253e-05,0.0176647522407307,9.667833053383681e-09,0.8357122801695708
MHAR,5,PG,NN1_1,fixed,834,8.869751720337831e-09,9.417935931157012e-05,3.3495417971967296e-05,-0.0784133729218352,9.667833053383681e-09,0.917449822660464
MHAR,5,PG,NN2,fixed,834,8.775597211978966e-09,9.367815760346148e-05,3.057178678473906e-05,-0.0669657603914575,9.667833053383681e-09,0.9077108762141444
MHAR,5,PG,NN2_1,fixed,834,2.6430941333120652e-08,0.0001625759555811,3.2044617576033044e-05,-2.2135601413952717,9.667833053383681e-09,2.7339054353933
MHAR,5,PG,NN3,fixed,834,7.914470487219039e-09,8.896330978116225e-05,2.9427149227562017e-05,0.0377328382888352,9.667833053383681e-09,0.8186395486472561
MHAR,5,PG,NN3_1,fixed,834,7.809745570720743e-09,8.837276486973089e-05,2.9949748595063997e-05,0.0504656355520243,9.667833053383681e-09,0.8078072436291587
MHAR,5,PG,NN4,fixed,834,8.189171815443839e-09,9.04940429831922e-05,3.2585445265416715e-05,0.0043337539336608,9.667833053383681e-09,0.8470534989821407
MHAR,5,PG,NN4_1,fixed,834,9.083407449468918e-09,9.530691186618586e-05,3.4564407127333185e-05,-0.1043903340320338,9.667833053383681e-09,0.9395494729079732
MHAR,5,PG,PostLasso,rolling,834,9.621284576471443e-09,9.808814697236075e-05,3.552168052874621e-05,-0.1697871912426216,9.667833053383681e-09,0.9951852212739704
MHAR,5,PG,RandomForest,rolling,834,1.00525147353354e-08,0.0001002622298541,3.335392877560702e-05,-0.2222175618763089,9.667833053383681e-09,1.039789855681991
MHAR,5,PG,Ridge,rolling,834,9.602358302128781e-09,9.799162363247574e-05,3.5380804354731045e-05,-0.1674860730158378,9.667833053383681e-09,0.99322756703665
MHAR,5,PG,SHAR,rolling,834,9.421879714084852e-09,9.706636757438104e-05,3.547510099012411e-05,-0.1455428970387307,9.667833053383681e-09,0.9745596207608545
MHAR,5,UNH,AdaptiveLasso,rolling,801,1.95825246367334e-07,0.0004425214643012,0.0001628663808903,-0.3354287809782983,1.980695229291217e-07,0.9886692484103632
MHAR,5,UNH,Bagging,rolling,801,1.7124154388220525e-07,0.0004138134167498,0.000101603597534,-0.1677804085101961,1.980695229291217e-07,0.8645527153790503
MHAR,5,UNH,ElasticNet,rolling,801,1.9696869703619285e-07,0.0004438115557713,0.0001625565610977,-0.3432265341339797,1.980695229291217e-07,0.9944422247468996
MHAR,5,UNH,GradientBoosting,rolling,801,1.7899911242013388e-07,0.0004230828670841,0.0001558722490426,-0.22068308826237,1.980695229291217e-07,0.9037186023020204
MHAR,5,UNH,HAR,rolling,801,1.980695229291217e-07,0.0004450500229514,0.0001142915986818,-0.3507336079537964,1.980695229291217e-07,1.0
MHAR,5,UNH,HARQ,rolling,801,1.5689428393179167e-07,0.0003960988310154,0.0001026637900432,-0.0699393781967745,1.980695229291217e-07,0.79211724051022
MHAR,5,UNH,HARX,rolling,801,1.980695229291217e-07,0.0004450500229514,0.0001142915986818,-0.3507336079537964,1.980695229291217e-07,1.0
MHAR,5,UNH,Lasso,rolling,801,1.8712059984709393e-07,0.0004325743864898,0.0001614418018407,-0.2760675101155734,1.980695229291217e-07,0.9447218182781922
MHAR,5,UNH,LevHAR,rolling,801,1.8882423674621626e-07,0.0004345391084197,0.0001045021057157,-0.2876854490158358,1.980695229291217e-07,0.9533230249349676
MHAR,5,UNH,LogHAR,rolling,801,1.588037763956078e-07,0.0003985019151718,9.195363855019908e-05,-0.082961147557697,1.980695229291217e-07,0.8017577568076185
MHAR,5,UNH,NN1,fixed,801,1.4780080110459293e-07,0.0003844486976237,8.68205423837656e-05,-0.0079264410906285,1.980695229291217e-07,0.7462066799518813
MHAR,5,UNH,NN1_1,fixed,801,1.522673643526863e-07,0.0003902145106895,9.001038996056341e-05,-0.0383861352527123,1.980695229291217e-07,0.7687571621363195
MHAR,5,UNH,NN2,fixed,801,1.479192634676585e-07,0.0003846027346076,8.712251233393893e-05,-0.0087342942762369,1.980695229291217e-07,0.7468047647117863
MHAR,5,UNH,NN2_1,fixed,801,1.4703195906145994e-07,0.000383447465843,8.661170293040797e-05,-0.0026833286142116,1.980695229291217e-07,0.7423250022875789
MHAR,5,UNH,NN3,fixed,801,1.604639892619933e-07,0.0004005795667055,9.367859355387273e-05,-0.0942829565963683,1.980695229291217e-07,0.8101397271472938
MHAR,5,UNH,NN3_1,fixed,801,4.169493452971232e-07,0.0006457161491685,0.0001145358748812,-1.8433828949479047,1.980695229291217e-07,2.1050656311537974
MHAR,5,UNH,NN4,fixed,801,1.4825505046637448e-07,0.0003850390246018,8.872359095868877e-05,-0.0110241911648256,1.980695229291217e-07,0.7485000633814162
MHAR,5,UNH,NN4_1,fixed,801,1.4809393833733504e-07,0.0003848297524066,8.675684987445786e-05,-0.0099254882239372,1.980695229291217e-07,0.7476866513700332
MHAR,5,UNH,PostLasso,rolling,801,1.9339979472454218e-07,0.0004397724351577,0.0001116797298592,-0.3188884319132983,1.980695229291217e-07,0.9764237923355296
MHAR,5,UNH,RandomForest,rolling,801,1.6388183600677536e-07,0.0004048232157458,0.0001002955317805,-0.1175909365255403,1.980695229291217e-07,0.8273955204376382
MHAR,5,UNH,Ridge,rolling,801,1.9356281075970409e-07,0.0004399577374699,0.0001117380748769,-0.3200001185275354,1.980695229291217e-07,0.977246816659268
MHAR,5,UNH,SHAR,rolling,801,2.0740887032869201e-07,0.0004554216401629,0.0001151491673364,-0.4144232166447292,1.980695229291217e-07,1.0471518649687075
MHAR,5,VZ,AdaptiveLasso,rolling,835,6.860449112102319e-09,8.28278281261939e-05,4.405065360856622e-05,-0.2402913957236452,6.574462810403445e-09,1.043499569462364
MHAR,5,VZ,Bagging,rolling,835,7.0752163724547516e-09,8.411430539720786e-05,3.819505737290879e-05,-0.2791188807389277,6.574462810403445e-09,1.0761664605142969
MHAR,5,VZ,ElasticNet,rolling,835,6.923461907467792e-09,8.320734286989215e-05,4.3522254480089976e-05,-0.2516833945032033,6.574462810403445e-09,1.0530840476444845
MHAR,5,VZ,GradientBoosting,rolling,835,9.16390225936955e-09,9.5728273040777e-05,4.756167678201521e-05,-0.6567296014918567,6.574462810403445e-09,1.3938632742539163
MHAR,5,VZ,HAR,rolling,835,6.574462810403445e-09,8.108306118051689e-05,3.796098500004109e-05,-0.1885883157217525,6.574462810403445e-09,1.0
MHAR,5,VZ,HARQ,rolling,835,6.873297756310144e-09,8.290535420773585e-05,3.720040058370198e-05,-0.2426142848810866,6.574462810403445e-09,1.0454538955538424
MHAR,5,VZ,HARX,rolling,835,6.574462810403445e-09,8.108306118051689e-05,3.796098500004109e-05,-0.1885883157217525,6.574462810403445e-09,1.0
MHAR,5,VZ,Lasso,rolling,835,6.872935707767642e-09,8.290317067379053e-05,4.4574983748376275e-05,-0.2425488306105625,6.574462810403445e-09,1.0453988266375
MHAR,5,VZ,LevHAR,rolling,834,7.963942969634452e-09,8.924092653953371e-05,4.7304585558432214e-05,-0.4393460160856131,6.574462810403445e-09,1.2113450481508985
MHAR,5,VZ,LogHAR,rolling,835,5.752171836668322e-09,7.584307375540842e-05,3.4840878365022764e-05,-0.0399274331993897,6.574462810403445e-09,0.8749265152988731
MHAR,5,VZ,NN1,fixed,835,5.311101303402081e-09,7.287730307442833e-05,3.227352865866202e-05,0.0398131170733778,6.574462810403445e-09,0.8078380632099375
MHAR,5,VZ,NN1_1,fixed,835,5.385121927386779e-09,7.338338999655698e-05,3.434457781520709e-05,0.0264310277182712,6.574462810403445e-09,0.8190968726548045
MHAR,5,VZ,NN2,fixed,835,5.431679819675967e-09,7.369993093399726e-05,3.423526970984973e-05,0.0180138888013098,6.574462810403445e-09,0.8261784994936567
MHAR,5,VZ,NN2_1,fixed,835,6.833880245483426e-09,8.266728642869212e-05,3.469229914340029e-05,-0.2354880459541075,6.574462810403445e-09,1.0394583470256276
MHAR,5,VZ,NN3,fixed,835,5.455980914629306e-09,7.386461205901854e-05,3.3837845497188736e-05,0.013620526430307,6.574462810403445e-09,0.8298747855103461
MHAR,5,VZ,NN3_1,fixed,835,5.2881214067598455e-09,7.271947061660891e-05,3.0061755952896827e-05,0.0439676217733258,6.574462810403445e-09,0.8043427363208915
MHAR,5,VZ,NN4,fixed,835,5.495302492585683e-09,7.41303075171396e-05,3.5981062051707454e-05,0.0065116310783196,6.574462810403445e-09,0.8358557422957666
MHAR,5,VZ,NN4_1,fixed,835,5.476463958015429e-09,7.400313478505778e-05,3.4730700953342625e-05,0.009917424482473,6.574462810403445e-09,0.8329903318259646
MHAR,5,VZ,PostLasso,rolling,835,6.612770710336905e-09,8.131894435085164e-05,3.883376499439343e-05,-0.1955139495832292,6.574462810403445e-09,1.0058267726258705
MHAR,5,VZ,RandomForest,rolling,835,6.218397207121876e-09,7.885681458898702e-05,3.703705385509996e-05,-0.1242156927568476,6.574462810403445e-09,0.9458411107416822
MHAR,5,VZ,Ridge,rolling,835,6.62345822836033e-09,8.13846314015142e-05,3.914348286669908e-05,-0.1974461316356712,6.574462810403445e-09,1.0074523834676432
MHAR,5,VZ,SHAR,rolling,835,6.848006377247073e-09,8.275268199428386e-05,3.828486645277335e-05,-0.2380418903737682,6.574462810403445e-09,1.041606983677932
MHAR,5,WMT,AdaptiveLasso,rolling,835,1.2423269405397982e-08,0.000111459721,5.848349445612431e-05,-0.4534138510774554,1.1477924384348308e-08,1.0823620185491707
MHAR,5,WMT,Bagging,rolling,835,1.3538751165305433e-08,0.0001163561393537,4.59104961568101e-05,-0.5839154595968119,1.1477924384348308e-08,1.179546990548861
MHAR,5,WMT,ElasticNet,rolling,835,1.1451296208715798e-08,0.0001070107294093,5.5440332079112755e-05,-0.339701489151206,1.1477924384348308e-08,0.9976800530530746
MHAR,5,WMT,GradientBoosting,rolling,835,1.703521201671427e-08,0.0001305190101736,5.9815894541834035e-05,-0.9929707948195676,1.1477924384348308e-08,1.484171828135065
MHAR,5,WMT,HAR,rolling,835,1.1477924384348308e-08,0.0001071350754157,4.5398225586547165e-05,-0.3428167527770915,1.1477924384348308e-08,1.0
MHAR,5,WMT,HARQ,rolling,835,1.0253231795239584e-08,0.0001012582430977,4.375673950600399e-05,-0.1995384325348277,1.1477924384348308e-08,0.8933001692554486
MHAR,5,WMT,HARX,rolling,835,1.1477924384348308e-08,0.0001071350754157,4.5398225586547165e-05,-0.3428167527770915,1.1477924384348308e-08,1.0
MHAR,5,WMT,Lasso,rolling,835,1.1792843080551389e-08,0.0001085948575235,5.7804217969257035e-05,-0.3796594855625477,1.1477924384348308e-08,1.02743690284565
MHAR,5,WMT,LevHAR,rolling,835,1.3109949135798031e-08,0.0001144986861749,4.706379730610675e-05,-0.5337493729799194,1.1477924384348308e-08,1.14218814280352
MHAR,5,WMT,LogHAR,rolling,835,9.131804610788416e-09,9.556047619590652e-05,4.1235948360389406e-05,-0.0683412613499285,1.1477924384348308e-08,0.795597209478123
MHAR,5,WMT,NN1,fixed,835,8.810230806423067e-09,9.38628297379909e-05,3.714878145335078e-05,-0.0307199391233339,1.1477924384348308e-08,0.7675804885452112
MHAR,5,WMT,NN1_1,fixed,835,9.602573648677623e-09,9.79927224271151e-05,4.1026221501202115e-05,-0.1234171208518792,1.1477924384348308e-08,0.8366123810479206
MHAR,5,WMT,NN2,fixed,835,4.2559742503822035e-08,0.0002063001272511,4.629794055526656e-05,-3.979117592545137,1.1477924384348308e-08,3.707965053495035
MHAR,5,WMT,NN2_1,fixed,835,8.979369141783292e-09,9.47595332501342e-05,3.850330805123993e-05,-0.0505076448663905,1.1477924384348308e-08,0.7823164573228822
MHAR,5,WMT,NN3,fixed,835,9.230909416601236e-09,9.607762183048264e-05,3.861364755466508e-05,-0.079935656736227,1.1477924384348308e-08,0.8042315934045375
MHAR,5,WMT,NN3_1,fixed,835,8.615918062005258e-09,9.282196971625444e-05,3.778030798137329e-05,-0.0079870477272088,1.1477924384348308e-08,0.7506512304397318
MHAR,5,WMT,NN4,fixed,835,9.071309168870292e-09,9.5243420606729e-05,3.806389239421118e-05,-0.0612638238138278,1.1477924384348308e-08,0.7903266187430404
MHAR,5,WMT,NN4_1,fixed,835,9.390334852109822e-09,9.690374013478438e-05,3.939027221710651e-05,-0.0985870381577358,1.1477924384348308e-08,0.8181213377668531
MHAR,5,WMT,PostLasso,rolling,835,1.1579932303982848e-08,0.0001076100938759,4.6596410105318214e-05,-0.3547507870862898,1.1477924384348308e-08,1.0088873141361376
MHAR,5,WMT,RandomForest,rolling,835,1.0497875555904773e-08,0.0001024591409094,4.33728101377182e-05,-0.2281596125742755,1.1477924384348308e-08,0.9146144550507784
MHAR,5,WMT,Ridge,rolling,835,1.1409116140813029e-08,0.0001068134642299,4.580378159124041e-05,-0.3347667901658777,1.1477924384348308e-08,0.9940051666807364
MHAR,5,WMT,SHAR,rolling,835,1.4612742353582616e-08,0.0001208831764704,4.658735959800855e-05,-0.7095630341635317,1.1477924384348308e-08,1.2731171476882226
MHAR,5,XOM,AdaptiveLasso,rolling,836,6.957683911871035e-09,8.341273231270533e-05,5.143098123062394e-05,0.3673208276439496,6.581991773778475e-09,1.0570787918011768
MHAR,5,XOM,Bagging,rolling,836,8.677795346321093e-09,9.3154685047619e-05,4.749215398130264e-05,0.2109068984553519,6.581991773778475e-09,1.3184147967021076
MHAR,5,XOM,ElasticNet,rolling,836,6.741835008649597e-09,8.210867803496533e-05,5.085900382104508e-05,0.3869484950076681,6.581991773778475e-09,1.0242849338566344
MHAR,5,XOM,GradientBoosting,rolling,836,7.961214390812707e-09,8.92256375197886e-05,4.828101474797703e-05,0.2760673529398725,6.581991773778475e-09,1.2095448709809722
MHAR,5,XOM,HAR,rolling,836,6.581991773778475e-09,8.112947536979686e-05,4.7069872619911896e-05,0.4014834303145783,6.581991773778475e-09,1.0
MHAR,5,XOM,HARQ,rolling,836,7.487303244195618e-09,8.652920457392185e-05,4.469069682293057e-05,0.319161249674738,6.581991773778475e-09,1.1375436952114937
MHAR,5,XOM,HARX,rolling,836,6.581991773778475e-09,8.112947536979686e-05,4.7069872619911896e-05,0.4014834303145783,6.581991773778475e-09,1.0
MHAR,5,XOM,Lasso,rolling,836,6.817054136381427e-09,8.256545364970404e-05,5.176949874538053e-05,0.380108636215359,6.581991773778475e-09,1.03571295296044
MHAR,5,XOM,LevHAR,rolling,836,6.461067185521084e-09,8.03807637779157e-05,4.7159704401545895e-05,0.4124793981373833,6.581991773778475e-09,0.98162796423734
MHAR,5,XOM,LogHAR,rolling,836,6.18082257013109e-09,7.861820762476775e-05,4.2308983187991086e-05,0.437962724710996,6.581991773778475e-09,0.9390504854099676
MHAR,5,XOM,NN1,fixed,836,9.653930008298e-09,9.825441470131507e-05,4.858477713713999e-05,0.122144592223834,6.581991773778475e-09,1.466718637777337
MHAR,5,XOM,NN1_1,fixed,836,9.402877872988802e-09,9.696843750926792e-05,4.888884157970405e-05,0.1449733753645342,6.581991773778475e-09,1.4285763635330344
MHAR,5,XOM,NN2,fixed,836,9.953937164667537e-09,9.976941998762715e-05,4.4282506842440536e-05,0.0948642095854498,6.581991773778475e-09,1.5122986334201014
MHAR,5,XOM,NN2_1,fixed,836,1.0232324651976312e-08,0.0001011549536699,4.909531162006875e-05,0.0695497561989877,6.581991773778475e-09,1.5545939593452756
MHAR,5,XOM,NN3,fixed,836,9.6755039860667e-09,9.836413973632208e-05,4.781282189118996e-05,0.1201828177925695,6.581991773778475e-09,1.4699963656308788
MHAR,5,XOM,NN3_1,fixed,836,9.514019739848976e-09,9.75398366814758e-05,5.525386428293905e-05,0.1348669742647044,6.581991773778475e-09,1.4454621134215324
MHAR,5,XOM,NN4,fixed,836,1.15067508573849e-08,0.0001072695243644,5.2632827404612456e-05,-0.0463369278009957,6.581991773778475e-09,1.748217143513582
MHAR,5,XOM,NN4_1,fixed,836,1.0985272485828278e-08,0.0001048106506316,5.013209384064184e-05,0.001082372744565,6.581991773778475e-09,1.668989093786431
MHAR,5,XOM,PostLasso,rolling,836,6.6364498564183054e-09,8.14644085255537e-05,4.814345337882929e-05,0.3965314240019777,6.581991773778475e-09,1.0082737998635585
MHAR,5,XOM,RandomForest,rolling,836,7.427085051014718e-09,8.618053754192253e-05,4.527118493037499e-05,0.3246370368914389,6.581991773778475e-09,1.1283947635126117
MHAR,5,XOM,Ridge,rolling,836,6.597042627186284e-09,8.122218063550303e-05,4.833768898293869e-05,0.4001148194955299,6.581991773778475e-09,1.0022866715616037
MHAR,5,XOM,SHAR,rolling,836,6.441327705471032e-09,8.025788251300324e-05,4.652044525018488e-05,0.4142743572155757,6.581991773778475e-09,0.9786289510619224
MHAR,22,AAPL,AdaptiveLasso,rolling,838,2.1348152667868772e-08,0.0001461100703848,0.000116017685789,-1.1743791852975334,1.7722984237348575e-08,1.204546163443552
MHAR,22,AAPL,Bagging,rolling,838,1.3634019576556791e-08,0.0001167648045284,7.68732531636758e-05,-0.388669494753231,1.7722984237348575e-08,0.7692846415687209
MHAR,22,AAPL,ElasticNet,rolling,838,2.0350346454423284e-08,0.0001426546404938,0.0001132255265922,-1.0727493583410346,1.7722984237348575e-08,1.148246039261149
MHAR,22,AAPL,GradientBoosting,rolling,838,1.519959884998962e-08,0.0001232866531705,8.47016244129488e-05,-0.5481288652218155,1.7722984237348575e-08,0.8576207396245779
MHAR,22,AAPL,HAR,rolling,838,1.7722984237348575e-08,0.0001331276989861,9.991498208660536e-05,-0.8051439216587815,1.7722984237348575e-08,1.0
MHAR,22,AAPL,HARQ,rolling,838,1.7729534620326456e-08,0.0001331522985919,9.944382729290416e-05,-0.8058110995933045,1.7722984237348575e-08,1.000369598194647
MHAR,22,AAPL,HARX,rolling,838,1.7722984237348575e-08,0.0001331276989861,9.991498208660536e-05,-0.8051439216587815,1.7722984237348575e-08,1.0
MHAR,22,AAPL,Lasso,rolling,838,2.0692524632729392e-08,0.0001438489646564,0.0001156184281395,-1.107601325166795,1.7722984237348575e-08,1.1675530686938689
MHAR,22,AAPL,LevHAR,rolling,838,1.749591145272903e-08,0.0001322721113943,9.905185153432936e-05,-0.7820158157235351,1.7722984237348575e-08,0.987187666502517
MHAR,22,AAPL,LogHAR,rolling,838,1.2055508508256948e-08,0.0001097975797012,7.433540293319599e-05,-0.227892978673744,1.7722984237348575e-08,0.6802188811324303
MHAR,22,AAPL,NN1,fixed,838,1.2762583272952116e-08,0.0001129716038345,6.336503704247511e-05,-0.299910856507096,1.7722984237348575e-08,0.7201148013243082
MHAR,22,AAPL,NN1_1,fixed,838,2.282832419219163e-07,0.0004777899558612,8.390998091344173e-05,-22.25139497125444,1.7722984237348575e-08,12.88063222675801
MHAR,22,AAPL,NN2,fixed,838,9.052020855031225e-09,9.514210873756804e-05,5.994880539104052e-05,0.0780220640972202,1.7722984237348575e-08,0.5107503755465417
MHAR,22,AAPL,NN2_1,fixed,838,9.983601950993063e-09,9.991797611537708e-05,5.893737324009218e-05,-0.0168625180017663,1.7722984237348575e-08,0.5633138199126814
MHAR,22,AAPL,NN3,fixed,838,9.213659725493582e-09,9.598781029637867e-05,5.999311546355703e-05,0.0615586163724272,1.7722984237348575e-08,0.5198706720100306
MHAR,22,AAPL,NN3_1,fixed,838,1.1657212728957762e-08,0.0001079685728763,6.063905329899271e-05,-0.1873252506096898,1.7722984237348575e-08,0.6577454774457173
MHAR,22,AAPL,NN4,fixed,838,9.360556060998136e-09,9.674996672349884e-05,6.024211372224537e-05,0.046596744060247,1.7722984237348575e-08,0.5281591370640698
MHAR,22,AAPL,NN4_1,fixed,838,8.887094613282986e-09,9.427138809460156e-05,5.768624424224847e-05,0.0948203413414365,1.7722984237348575e-08,0.5014445927540095
MHAR,22,AAPL,PostLasso,rolling,838,1.9813886955760956e-08,0.0001407618092941,0.0001101789238274,-1.0181092034857544,1.7722984237348575e-08,1.117976898834346
MHAR,22,AAPL,RandomForest,rolling,838,1.4056200172244158e-08,0.0001185588468746,7.682225420006072e-05,-0.4316699695006682,1.7722984237348575e-08,0.7931057198946658
MHAR,22,AAPL,Ridge,rolling,838,1.989974862465938e-08,0.0001410664688175,0.000111022011278,-1.0268544953417864,1.7722984237348575e-08,1.1228215495855147
MHAR,22,AAPL,SHAR,rolling,838,1.7362368301026068e-08,0.0001317663397876,9.937159065867804e-05,-0.7684140088637312,1.7722984237348575e-08,0.9796526402386252
MHAR,22,AXP,AdaptiveLasso,rolling,833,7.963359401879914e-09,8.923765686009418e-05,7.741433516227515e-05,-1.4412977033919487,6.711528532572897e-09,1.1865194885533954
MHAR,22,AXP,Bagging,rolling,833,5.184814578178565e-09,7.200565657070676e-05,4.27140957775271e-05,-0.5894894708924379,6.711528532572897e-09,0.7725236588081585
MHAR,22,AXP,ElasticNet,rolling,833,7.74662782561151e-09,8.801492956090751e-05,7.555388948553949e-05,-1.3748551038940953,6.711528532572897e-09,1.154227056923768
MHAR,22,AXP,GradientBoosting,rolling,833,2.5514164480389464e-08,0.000159731538778,5.4236188442740775e-05,-6.821783245803893,6.711528532572897e-09,3.801543025044473
MHAR,22,AXP,HAR,rolling,833,6.711528532572897e-09,8.192391917244253e-05,6.844515253285672e-05,-1.0575285336175797,6.711528532572897e-09,1.0
MHAR,22,AXP,HARQ,rolling,833,7.085200765255416e-09,8.417363462067808e-05,6.0317084382853426e-05,-1.1720838509694276,6.711528532572897e-09,1.0556761743422507
MHAR,22,AXP,HARX,rolling,833,6.711528532572897e-09,8.192391917244253e-05,6.844515253285672e-05,-1.0575285336175797,6.711528532572897e-09,1.0
MHAR,22,AXP,Lasso,rolling,833,8.232418699097534e-09,9.073267712956306e-05,7.895373875873278e-05,-1.523782219187953,6.711528532572897e-09,1.226608612202621
MHAR,22,AXP,LevHAR,rolling,833,1.2644449736665613e-08,0.0001124475421548,7.025747530172966e-05,-2.8763622919605334,6.711528532572897e-09,1.8839895673986355
MHAR,22,AXP,LogHAR,rolling,833,4.5027569693486505e-09,6.710258541478599e-05,4.342346246442713e-05,-0.3803935868583208,6.711528532572897e-09,0.6708988790698764
MHAR,22,AXP,NN1,fixed,833,3.110166821037637e-09,5.5768869641024976e-05,3.35823113328803e-05,0.0465276356141135,6.711528532572897e-09,0.4634066302397644
MHAR,22,AXP,NN1_1,fixed,833,3.1400307289075774e-09,5.603597709425238e-05,3.346641809688513e-05,0.0373723675899198,6.711528532572897e-09,0.4678562735251952
MHAR,22,AXP,NN2,fixed,833,8.204048448914921e-09,9.057620244255618e-05,3.8249479760483984e-05,-1.515084856288682,6.711528532572897e-09,1.2223815199620194
MHAR,22,AXP,NN2_1,fixed,833,2.8266067709282574e-09,5.316584214444701e-05,3.364036629717072e-05,0.1334575937097275,6.711528532572897e-09,0.4211569327627761
MHAR,22,AXP,NN3,fixed,833,3.1594700803366315e-09,5.6209163668717146e-05,3.584658775150778e-05,0.0314129173624221,6.711528532572897e-09,0.4707526854728923
MHAR,22,AXP,NN3_1,fixed,833,3.709051880519266e-09,6.090198585037492e-05,3.592443740979045e-05,-0.1370703469110885,6.711528532572897e-09,0.5526389201086185
MHAR,22,AXP,NN4,fixed,833,3.189933723611993e-09,5.647949825920901e-05,3.622678635236604e-05,0.0220737906682866,6.711528532572897e-09,0.4752916877474878
MHAR,22,AXP,NN4_1,fixed,833,3.0962213179090367e-09,5.5643699714424425e-05,3.587630387050186e-05,0.0508028570429568,6.711528532572897e-09,0.4613287871581297
MHAR,22,AXP,PostLasso,rolling,833,7.746447876858538e-09,8.801390729230545e-05,7.555272341765019e-05,-1.37479993766899,6.711528532572897e-09,1.1542002450355224
MHAR,22,AXP,RandomForest,rolling,833,5.7310721555034775e-09,7.570384505098454e-05,4.247578744510818e-05,-0.7569536404323609,6.711528532572897e-09,0.8539145930303366
MHAR,22,AXP,Ridge,rolling,833,7.746447938472421e-09,8.8013907642329e-05,7.555272381679952e-05,-1.3747999565577302,6.711528532572897e-09,1.1542002542158278
MHAR,22,AXP,SHAR,rolling,833,6.754378157799077e-09,8.218502392649817e-05,6.729595286008295e-05,-1.0706647850884332,6.711528532572897e-09,1.0063844808255256
MHAR,22,BA,AdaptiveLasso,rolling,832,9.719453043024348e-09,9.858728641678068e-05,7.42551805135405e-05,-0.8327259297984371,7.651468234343497e-09,1.2702729391724756
MHAR,22,BA,Bagging,rolling,832,5.6818770798458e-09,7.537822682874545e-05,5.023081160662777e-05,-0.0713898619670236,7.651468234343497e-09,0.7425865083439519
MHAR,22,BA,ElasticNet,rolling,832,8.886239189164375e-09,9.42668509560194e-05,7.017696419906091e-05,-0.6756129082861391,7.651468234343497e-09,1.1613769954998476
MHAR,22,BA,GradientBoosting,rolling,832,7.736330669961932e-09,8.795641346690946e-05,5.5394376841976886e-05,-0.4587830979347249,7.651468234343497e-09,1.011091000187066
MHAR,22,BA,HAR,rolling,832,7.651468234343497e-09,8.74726713570787e-05,5.6450137326520974e-05,-0.4427812112508462,7.651468234343497e-09,1.0
MHAR,22,BA,HARQ,rolling,832,7.697888931469228e-09,8.773761411999546e-05,5.372523543748404e-05,-0.4515344214289338,7.651468234343497e-09,1.0060669005874416
MHAR,22,BA,HARX,rolling,832,7.651468234343497e-09,8.74726713570787e-05,5.6450137326520974e-05,-0.4427812112508462,7.651468234343497e-09,1.0
MHAR,22,BA,Lasso,rolling,832,8.908104499808344e-09,9.43827553094756e-05,7.023249725298834e-05,-0.6797358894459746,7.651468234343497e-09,1.1642346575817244
MHAR,22,BA,LevHAR,rolling,832,7.604547317444575e-09,8.720405562497982e-05,5.3675633969849704e-05,-0.4339336783012126,7.651468234343497e-09,0.9938677237542046
MHAR,22,BA,LogHAR,rolling,832,5.85757474501717e-09,7.653479434229356e-05,5.097567183344252e-05,-0.1045198812530077,7.651468234343497e-09,0.7655491162762117
MHAR,22,BA,NN1,fixed,832,4.972261188553982e-09,7.051426230596178e-05,4.5785140247781646e-05,0.0624171988223627,7.651468234343497e-09,0.6498440608086256
MHAR,22,BA,NN1_1,fixed,832,5.204492065963306e-09,7.214216565894945e-05,4.538983879298999e-05,0.0186271265987642,7.651468234343497e-09,0.6801952130707442
MHAR,22,BA,NN2,fixed,832,5.1873490270177206e-09,7.202325337707065e-05,4.588926998251702e-05,0.0218596636409251,7.651468234343497e-09,0.6779547229555739
MHAR,22,BA,NN2_1,fixed,832,5.144839169502831e-09,7.172753424942775e-05,4.539508744401763e-05,0.0298754354950305,7.651468234343497e-09,0.6723989451345167
MHAR,22,BA,NN3,fixed,832,5.133015825679516e-09,7.16450683974795e-05,4.542721887186859e-05,0.0321048766689311,7.651468234343497e-09,0.6708537065657613
MHAR,22,BA,NN3_1,fixed,832,5.0497343789864214e-09,7.106148309025376e-05,4.3002552942376625e-05,0.0478086478739482,7.651468234343497e-09,0.6599693319408642
MHAR,22,BA,NN4,fixed,832,5.3007549407457625e-09,7.280628366250925e-05,4.699048326719418e-05,0.0004755427689142,7.651468234343497e-09,0.6927761807797104
MHAR,22,BA,NN4_1,fixed,832,5.336653166337081e-09,7.305240014083781e-05,4.695409956449383e-05,-0.0062935221757622,7.651468234343497e-09,0.6974678588331055
MHAR,22,BA,PostLasso,rolling,832,7.977208521012697e-09,8.931521998524494e-05,5.876915377170902e-05,-0.5042036665182319,7.651468234343497e-09,1.0425722589041302
MHAR,22,BA,RandomForest,rolling,832,6.140045550227709e-09,7.835844275014473e-05,5.0849369167899647e-05,-0.1577833279540486,7.651468234343497e-09,0.8024663191658052
MHAR,22,BA,Ridge,rolling,832,7.870864433458853e-09,8.871789240879684e-05,5.911109098507625e-05,-0.4841511423815405,7.651468234343497e-09,1.0286737384768323
MHAR,22,BA,SHAR,rolling,832,7.832027318589752e-09,8.849874190399404e-05,5.628319066019229e-05,-0.4768279126540975,7.651468234343497e-09,1.0235979656081975
MHAR,22,CAT,AdaptiveLasso,rolling,823,7.54334094217367e-09,8.685240896010698e-05,6.96035029488565e-05,0.1647846500683547,6.892798384555167e-09,1.094380035701637
MHAR,22,CAT,Bagging,rolling,823,5.916021157632459e-09,7.691567563008505e-05,5.466279559244832e-05,0.3449650865242237,6.892798384555167e-09,0.8582901787594147
MHAR,22,CAT,ElasticNet,rolling,823,7.457592044181694e-09,8.63573508404565e-05,6.807264809694983e-05,0.1742789572184151,6.892798384555167e-09,1.0819396750225672
MHAR,22,CAT,GradientBoosting,rolling,823,7.01138071984963e-09,8.37339878415547e-05,5.837288022641144e-05,0.2236844594027133,6.892798384555167e-09,1.0172038015155316
MHAR,22,CAT,HAR,rolling,823,6.892798384555167e-09,8.302287868145242e-05,6.31880013867084e-05,0.2368141571623557,6.892798384555167e-09,1.0
MHAR,22,CAT,HARQ,rolling,823,7.456776806865182e-09,8.635263057293149e-05,6.088884936513544e-05,0.1743692220925347,6.892798384555167e-09,1.0818214012430327
MHAR,22,CAT,HARX,rolling,823,6.892798384555167e-09,8.302287868145242e-05,6.31880013867084e-05,0.2368141571623557,6.892798384555167e-09,1.0
MHAR,22,CAT,Lasso,rolling,823,7.592745710154574e-09,8.71363627319535e-05,6.982407475948216e-05,0.1593144451692546,6.892798384555167e-09,1.1015476279079617
MHAR,22,CAT,LevHAR,rolling,823,6.183130766353355e-09,7.863288603601775e-05,5.821644986465692e-05,0.3153901213956236,6.892798384555167e-09,0.8970421621801707
MHAR,22,CAT,LogHAR,rolling,823,6.005863241868714e-09,7.749750474608014e-05,5.661898638087673e-05,0.3350175727635174,6.892798384555167e-09,0.8713243746293484
MHAR,22,CAT,NN1,fixed,823,9.796171064164705e-09,9.897560843038402e-05,5.9907680271651273e-05,-0.0846536708426839,6.892798384555167e-09,1.4212182799536377
MHAR,22,CAT,NN1_1,fixed,823,9.595672470979311e-09,9.795750339294744e-05,5.943404250952894e-05,-0.0624540242998765,6.892798384555167e-09,1.392130153187206
MHAR,22,CAT,NN2,fixed,823,1.1051756229485009e-08,0.000105127333408,6.461797785350643e-05,-0.2236748302017879,6.892798384555167e-09,1.6033772660823655
MHAR,22,CAT,NN2_1,fixed,823,1.2289258826962524e-08,0.0001108569295396,6.765126645563481e-05,-0.3606938477587045,6.892798384555167e-09,1.782912852129741
MHAR,22,CAT,NN3,fixed,823,1.138350062687556e-08,0.0001066934891494,6.553907048111579e-05,-0.2604063017179843,6.892798384555167e-09,1.6515063972250803
MHAR,22,CAT,NN3_1,fixed,823,1.1977209912483657e-08,0.0001094404400232,6.695173288228111e-05,-0.3261431035592579,6.892798384555167e-09,1.7376411211041998
MHAR,22,CAT,NN4,fixed,823,1.2632477021510364e-08,0.0001123942926554,6.908310000593335e-05,-0.3986957234076633,6.892798384555167e-09,1.8327065897961288
MHAR,22,CAT,NN4_1,fixed,823,1.2648025520788306e-08,0.0001124634408187,6.918473095686583e-05,-0.4004172875481269,6.892798384555167e-09,1.8349623498532897
MHAR,22,CAT,PostLasso,rolling,823,7.301956793721543e-09,8.545148795498849e-05,6.666503565568993e-05,0.1915112354849356,6.892798384555167e-09,1.0593602752233673
MHAR,22,CAT,RandomForest,rolling,823,5.881931331319193e-09,7.66937502754898e-05,5.443551203988515e-05,0.3487395872967076,6.892798384555167e-09,0.8533444623157636
MHAR,22,CAT,Ridge,rolling,823,7.302009365852627e-09,8.545179556833565e-05,6.666542464932674e-05,0.1915054145826065,6.892798384555167e-09,1.059367902333309
MHAR,22,CAT,SHAR,rolling,823,6.911166889230849e-09,8.313342822974912e-05,6.269815525878516e-05,0.234780355803246,6.892798384555167e-09,1.0026648834988183
MHAR,22,CSCO,AdaptiveLasso,rolling,838,6.749532486144762e-09,8.215553837779143e-05,6.934051868781378e-05,-0.8952811791297959,5.365725488762609e-09,1.2578974642441636
MHAR,22,CSCO,Bagging,rolling,838,6.12218867080845e-09,7.824441622766733e-05,5.4542617230447993e-05,-0.7191218779498818,5.365725488762609e-09,1.1409805968699098
MHAR,22,CSCO,ElasticNet,rolling,838,6.105542003278341e-09,7.8137967744742e-05,6.437734142626051e-05,-0.714447462984132,5.365725488762609e-09,1.1378781892709795
MHAR,22,CSCO,GradientBoosting,rolling,838,7.061341973948052e-09,8.403179144792792e-05,6.670662569156508e-05,-0.9828378587843936,5.365725488762609e-09,1.316008802302048
MHAR,22,CSCO,HAR,rolling,838,5.365725488762609e-09,7.325111254283179e-05,5.8400745333329584e-05,-0.5067056202936371,5.365725488762609e-09,1.0
MHAR,22,CSCO,HARQ,rolling,838,5.366640458064028e-09,7.325735770599447e-05,5.278763934147137e-05,-0.5069625453621542,5.365725488762609e-09,1.0001705210792715
MHAR,22,CSCO,HARX,rolling,838,5.365725488762609e-09,7.325111254283179e-05,5.8400745333329584e-05,-0.5067056202936371,5.365725488762609e-09,1.0
MHAR,22,CSCO,Lasso,rolling,838,6.634069714741861e-09,8.144979873972593e-05,6.908697358578776e-05,-0.862859019820347,5.365725488762609e-09,1.2363788883042064
MHAR,22,CSCO,LevHAR,rolling,837,5.686363582122133e-09,7.540798089142908e-05,5.7667136976092695e-05,-0.5957016454318118,5.365725488762609e-09,1.0597567083949846
MHAR,22,CSCO,LogHAR,rolling,838,3.7738733020224e-09,6.143185901486623e-05,4.521213838161841e-05,-0.0597105883149702,5.365725488762609e-09,0.7033295516004293
MHAR,22,CSCO,NN1,fixed,838,3.0126882839174294e-09,5.488796119293765e-05,4.0377275010043224e-05,0.1540315696213566,5.365725488762609e-09,0.5614689551723948
MHAR,22,CSCO,NN1_1,fixed,838,3.011838847269261e-09,5.488022273341519e-05,4.071631715313728e-05,0.1542700929998929,5.365725488762609e-09,0.5613106472884103
MHAR,22,CSCO,NN2,fixed,838,3.548384129505801e-09,5.956831481170003e-05,4.45634989639272e-05,0.0036071874932865,5.365725488762609e-09,0.6613055656568996
MHAR,22,CSCO,NN2_1,fixed,838,3.7301973953603805e-09,6.107534195860372e-05,4.47625885226843e-05,-0.0474463131154838,5.365725488762609e-09,0.6951897563847609
MHAR,22,CSCO,NN3,fixed,838,3.3259804754888152e-09,5.767131414740621e-05,4.294186233361675e-05,0.0660585440121811,5.365725488762609e-09,0.6198566218965892
MHAR,22,CSCO,NN3_1,fixed,838,3.493536196093846e-09,5.910614347167176e-05,4.445606391082034e-05,0.0190085884233855,5.365725488762609e-09,0.651083661176914
MHAR,22,CSCO,NN4,fixed,838,3.304093194827183e-09,5.748124211277261e-05,4.206482398204206e-05,0.0722045328174024,5.365725488762609e-09,0.6157775312484614
MHAR,22,CSCO,NN4_1,fixed,838,3.009006948957647e-09,5.485441594764862e-05,3.833128955110978e-05,0.1550652952723806,5.365725488762609e-09,0.5607828718147031
MHAR,22,CSCO,PostLasso,rolling,838,6.102340418980626e-09,7.811747831939166e-05,6.436122634004273e-05,-0.7135484522044504,5.365725488762609e-09,1.137281516126888
MHAR,22,CSCO,RandomForest,rolling,838,5.34133058102601e-09,7.308440723592146e-05,5.2862826658009816e-05,-0.4998554851776577,5.365725488762609e-09,0.995453567688528
MHAR,22,CSCO,Ridge,rolling,838,6.105681401064176e-09,7.813885973741986e-05,6.437789378529565e-05,-0.7144866061396689,5.365725488762609e-09,1.1379041685697957
MHAR,22,CSCO,SHAR,rolling,838,5.151393256036963e-09,7.177320709036878e-05,5.741321631290922e-05,-0.4465207337700654,5.365725488762609e-09,0.9600553115930884
MHAR,22,DIS,AdaptiveLasso,rolling,833,6.382007094083868e-09,7.988746518749902e-05,5.95918203720454e-05,-0.4158627592404271,5.784781886962268e-09,1.103240747670647
MHAR,22,DIS,Bagging,rolling,833,8.918116474531671e-09,9.443577963108934e-05,5.0327089342444895e-05,-0.9785043815703394,5.784781886962268e-09,1.541651292787945
MHAR,22,DIS,ElasticNet,rolling,833,6.490981986184449e-09,8.056663072379562e-05,6.089138298243011e-05,-0.4400390863962662,5.784781886962268e-09,1.1220789500834618
MHAR,22,DIS,GradientBoosting,rolling,833,9.433999322669381e-09,9.712877700593877e-05,6.560822148860288e-05,-1.0929541623432515,5.784781886962268e-09,1.630830601224864
MHAR,22,DIS,HAR,rolling,833,5.784781886962268e-09,7.605775362816251e-05,5.389113050741982e-05,-0.2833669915019385,5.784781886962268e-09,1.0
MHAR,22,DIS,HARQ,rolling,833,6.294034079284692e-09,7.933494866252005e-05,5.181749689575052e-05,-0.3963457462324464,5.784781886962268e-09,1.088033084440085
MHAR,22,DIS,HARX,rolling,833,5.784781886962268e-09,7.605775362816251e-05,5.389113050741982e-05,-0.2833669915019385,5.784781886962268e-09,1.0
MHAR,22,DIS,Lasso,rolling,833,6.535527741116541e-09,8.084261092466361e-05,6.204245122451813e-05,-0.4499216632346823,5.784781886962268e-09,1.129779457345886
MHAR,22,DIS,LevHAR,rolling,832,6.351025579237855e-09,7.969332204920219e-05,5.225538875755118e-05,-0.408065457873692,5.784781886962268e-09,1.0978850548456782
MHAR,22,DIS,LogHAR,rolling,833,5.024123666218887e-09,7.088105294236879e-05,4.581722890940996e-05,-0.1146132387430287,5.784781886962268e-09,0.8685070179641948
MHAR,22,DIS,NN1,fixed,833,4.128139256664635e-09,6.425059732535283e-05,3.966998214577028e-05,0.0841629361571644,5.784781886962268e-09,0.7136205542975835
MHAR,22,DIS,NN1_1,fixed,833,4.057571862497847e-09,6.36990726973152e-05,4.083728046824404e-05,0.0998184727218316,5.784781886962268e-09,0.7014217548362187
MHAR,22,DIS,NN2,fixed,833,4.5242128401695165e-09,6.726226906795157e-05,4.295932019526444e-05,-0.0037068873225545,5.784781886962268e-09,0.7820887508941659
MHAR,22,DIS,NN2_1,fixed,833,4.06689572005485e-09,6.377221746226839e-05,3.928405863835183e-05,0.0977499537601933,5.784781886962268e-09,0.7030335455206727
MHAR,22,DIS,NN3,fixed,833,4.310307807826329e-09,6.565293449516426e-05,4.2046478988817885e-05,0.0437484296089464,5.784781886962268e-09,0.7451115516629752
MHAR,22,DIS,NN3_1,fixed,833,4.24254596737235e-09,6.513482914211375e-05,3.985471489964873e-05,0.0587815477145841,5.784781886962268e-09,0.7333977408783887
MHAR,22,DIS,NN4,fixed,833,4.521989988674703e-09,6.724574327550185e-05,4.371852090661508e-05,-0.0032137426731628,5.784781886962268e-09,0.7817044924142009
MHAR,22,DIS,NN4_1,fixed,833,4.58765956793499e-09,6.773226386246802e-05,4.2875823420233553e-05,-0.0177826878841169,5.784781886962268e-09,0.7930566195200289
MHAR,22,DIS,PostLasso,rolling,833,6.103960635978379e-09,7.81278480183499e-05,5.682301021348056e-05,-0.3541775214199925,5.784781886962268e-09,1.0551755892016388
MHAR,22,DIS,RandomForest,rolling,833,6.752857817584951e-09,8.217577390925473e-05,4.891119025359168e-05,-0.4981368339792813,5.784781886962268e-09,1.1673487349288882
MHAR,22,DIS,Ridge,rolling,833,6.142981081368474e-09,7.837717194035822e-05,5.7342801970715816e-05,-0.3628342957955686,5.784781886962268e-09,1.0619209507645422
MHAR,22,DIS,SHAR,rolling,833,5.839297316245377e-09,7.641529504127676e-05,5.362711333293695e-05,-0.2954613632235732,5.784781886962268e-09,1.00942393859412
MHAR,22,GE,AdaptiveLasso,rolling,837,1.2984567669698685e-08,0.0001139498471683,8.559494447585875e-05,-0.8065010429310968,1.1470282918054185e-08,1.1320180820702357
MHAR,22,GE,Bagging,rolling,837,1.5734704703010582e-08,0.0001254380512564,5.870953816772636e-05,-1.1891187430548515,1.1470282918054185e-08,1.3717800001466582
MHAR,22,GE,ElasticNet,rolling,837,1.3256787844970896e-08,0.0001151381250714,8.606037460990248e-05,-0.8443741583898228,1.1470282918054185e-08,1.1557507290517446
MHAR,22,GE,GradientBoosting,rolling,837,1.5276078283828782e-08,0.0001235964331355,7.902798496163551e-05,-1.1253115277787424,1.1470282918054185e-08,1.331796119848473
MHAR,22,GE,HAR,rolling,837,1.1470282918054185e-08,0.0001070994067119,7.256334320813496e-05,-0.5958234868716639,1.1470282918054185e-08,1.0
MHAR,22,GE,HARQ,rolling,837,1.146480663716628e-08,0.000107073837314,6.839974278612848e-05,-0.5950615895650273,1.1470282918054185e-08,0.9995225679325412
MHAR,22,GE,HARX,rolling,837,1.1470282918054185e-08,0.0001070994067119,7.256334320813496e-05,-0.5958234868716639,1.1470282918054185e-08,1.0
MHAR,22,GE,Lasso,rolling,837,1.3190235456737241e-08,0.000114848750349,8.727731211624142e-05,-0.8351149391526493,1.1470282918054185e-08,1.149948571536615
MHAR,22,GE,LevHAR,rolling,837,2.415095013386413e-08,0.0001554057596547,9.874755390182596e-05,-2.3600438393044243,1.1470282918054185e-08,2.1055234911294667
MHAR,22,GE,LogHAR,rolling,837,9.336249442336158e-09,9.66242694271794e-05,5.2639613576460767e-05,-0.2989222886491782,1.1470282918054185e-08,0.8139511038250796
MHAR,22,GE,NN1,fixed,837,7.2419943671193815e-09,8.509990814988803e-05,4.2764182161981306e-05,-0.0075553310590805,1.1470282918054185e-08,0.6313701605145683
MHAR,22,GE,NN1_1,fixed,837,6.997064111457752e-09,8.364845552344497e-05,4.212668208490395e-05,0.0265210258558031,1.1470282918054185e-08,0.6100166980575866
MHAR,22,GE,NN2,fixed,837,7.594678868806964e-09,8.71474547465786e-05,4.555099678710396e-05,-0.0566231888677832,1.1470282918054185e-08,0.662117832930953
MHAR,22,GE,NN2_1,fixed,837,7.582591287933372e-09,8.707807581666795e-05,4.4427415087169816e-05,-0.0549414827062746,1.1470282918054185e-08,0.6610640157792795
MHAR,22,GE,NN3,fixed,837,7.567169024852513e-09,8.698947651786688e-05,4.582487143949967e-05,-0.052795832958925,1.1470282918054185e-08,0.659719475004563
MHAR,22,GE,NN3_1,fixed,837,6.848682775565109e-09,8.275676875981269e-05,4.1348431675807314e-05,0.047164842797595,1.1470282918054185e-08,0.5970805449606921
MHAR,22,GE,NN4,fixed,837,7.646803034855974e-09,8.74460006795964e-05,4.64368278537693e-05,-0.0638750560631147,1.1470282918054185e-08,0.6666621119536584
MHAR,22,GE,NN4_1,fixed,837,7.877974616981002e-09,8.87579552320861e-05,4.985663333781328e-05,-0.0960372130812072,1.1470282918054185e-08,0.686816068379717
MHAR,22,GE,PostLasso,rolling,837,1.2122443150902076e-08,0.0001101019670619,7.826196996641784e-05,-0.6865564377689999,1.1470282918054185e-08,1.0568565080309742
MHAR,22,GE,RandomForest,rolling,837,1.3534151624698707e-08,0.0001163363727503,5.7610364429052154e-05,-0.8829628869555721,1.1470282918054185e-08,1.1799318047679543
MHAR,22,GE,Ridge,rolling,837,1.2122443178141774e-08,0.0001101019671856,7.826197022022946e-05,-0.686556441558771,1.1470282918054185e-08,1.05685651040578
MHAR,22,GE,SHAR,rolling,837,1.1496400490768002e-08,0.0001072212688358,7.257161988562375e-05,-0.5994571405709277,1.1470282918054185e-08,1.0022769772027775
MHAR,22,GS,AdaptiveLasso,rolling,818,1.2763004859139286e-08,0.0001129734697136,0.000102433598984,-1.585137510051033,1.0665413304609751e-08,1.1966723177640877
MHAR,22,GS,Bagging,rolling,818,3.8525262643179824e-08,0.0001962785333223,6.855628858325628e-05,-6.803264406981379,1.0665413304609751e-08,3.6121678122430225
MHAR,22,GS,ElasticNet,rolling,818,1.2592456602809992e-08,0.0001122161156109,0.0001014206760092,-1.550593082655086,1.0665413304609751e-08,1.1806815397737418
MHAR,22,GS,GradientBoosting,rolling,818,1.3933084658557722e-08,0.0001180384880391,7.774470601351331e-05,-1.8221363369427732,1.0665413304609751e-08,1.3063801899299707
MHAR,22,GS,HAR,rolling,818,1.0665413304609751e-08,0.0001032734879076,9.17325197101363e-05,-1.1602718402320962,1.0665413304609751e-08,1.0
MHAR,22,GS,HARQ,rolling,818,1.0610249402152918e-08,0.0001030060648804,8.062141292346968e-05,-1.149098431225687,1.0665413304609751e-08,0.9948277763944704
MHAR,22,GS,HARX,rolling,818,1.0665413304609751e-08,0.0001032734879076,9.17325197101363e-05,-1.1602718402320962,1.0665413304609751e-08,1.0
MHAR,22,GS,Lasso,rolling,818,1.3132092526026632e-08,0.0001145953425145,0.0001041971824173,-1.6598959531213149,1.0665413304609751e-08,1.2312783528370856
MHAR,22,GS,LevHAR,rolling,819,1.4826289731733272e-08,0.0001217632527971,8.71272653401673e-05,-2.002982928815009,1.0665413304609751e-08,1.390128006134102
MHAR,22,GS,LogHAR,rolling,818,6.7610463853167195e-09,8.22255823045159e-05,5.7512200256431806e-05,-0.3694451119292217,1.0665413304609751e-08,0.6339225862343745
MHAR,22,GS,NN1,fixed,818,4.9347744827655895e-09,7.02479500253608e-05,4.571599606363584e-05,0.0004649563456858,1.0665413304609751e-08,0.4626894750185354
MHAR,22,GS,NN1_1,fixed,818,5.609922996197209e-09,7.489941919799652e-05,4.7464690312889904e-05,-0.1362858923917467,1.0665413304609751e-08,0.5259920863800485
MHAR,22,GS,NN2,fixed,818,4.454536161812758e-09,6.674231163072461e-05,4.1874765442279465e-05,0.0977368849362398,1.0665413304609751e-08,0.4176618415610243
MHAR,22,GS,NN2_1,fixed,818,5.644364511670429e-09,7.512898582884258e-05,4.724217466190187e-05,-0.1432619967288904,1.0665413304609751e-08,0.5292213579037628
MHAR,22,GS,NN3,fixed,818,4.5254472383410335e-09,6.727144444964025e-05,4.241137672726296e-05,0.0833738970791856,1.0665413304609751e-08,0.4243105362250769
MHAR,22,GS,NN3_1,fixed,818,5.890810003680062e-09,7.67516123848878e-05,4.8030663172317496e-05,-0.1931793549535778,1.0665413304609751e-08,0.5523283379120402
MHAR,22,GS,NN4,fixed,818,4.504573609082701e-09,6.711612033694067e-05,4.274591231596455e-05,0.087601835763074,1.0665413304609751e-08,0.4223534035137445
MHAR,22,GS,NN4_1,fixed,818,5.231468818512959e-09,7.232889338648117e-05,4.520018418335947e-05,-0.0596302692555936,1.0665413304609751e-08,0.49050783772738
MHAR,22,GS,PostLasso,rolling,818,1.2592215330646734e-08,0.0001122150405723,0.0001014194741449,-1.5505442131509015,1.0665413304609751e-08,1.1806589178502995
MHAR,22,GS,RandomForest,rolling,818,1.571730772806476e-08,0.0001253686871912,6.428980475740523e-05,-2.183529444144966,1.0665413304609751e-08,1.4736707597887002
MHAR,22,GS,Ridge,rolling,818,1.2592215414735943e-08,0.0001122150409469,0.0001014194745637,-1.5505442301831112,1.0665413304609751e-08,1.1806589257345894
MHAR,22,GS,SHAR,rolling,818,1.0633393588853882e-08,0.0001031183474889,9.167383205544962e-05,-1.153786269696377,1.0665413304609751e-08,0.9969977988811712
MHAR,22,HD,AdaptiveLasso,rolling,833,1.9963418990841224e-08,0.0001412919636456,9.726811907665688e-05,-1.6268177374837085,1.475432371192016e-08,1.3530555097359416
MHAR,22,HD,Bagging,rolling,833,1.5981541699506066e-08,0.0001264181225121,5.646567385084356e-05,-1.102876126972932,1.475432371192016e-08,1.0831768376204478
MHAR,22,HD,ElasticNet,rolling,833,1.7694569370626915e-08,0.0001330209358357,8.842265621356974e-05,-1.3282789737180245,1.475432371192016e-08,1.1992802730992882
MHAR,22,HD,GradientBoosting,rolling,833,2.8700686787035264e-08,0.0001694127704366,8.957954941827714e-05,-2.7764810308663295,1.475432371192016e-08,1.9452390599135152
MHAR,22,HD,HAR,rolling,833,1.475432371192016e-08,0.0001214673771509,6.316951315287617e-05,-0.9413968743945698,1.475432371192016e-08,1.0
MHAR,22,HD,HARQ,rolling,833,1.1007967926613909e-08,0.0001049188635404,5.693890092120701e-05,-0.4484455501608797,1.475432371192016e-08,0.7460842083680503
MHAR,22,HD,HARX,rolling,833,1.475432371192016e-08,0.0001214673771509,6.316951315287617e-05,-0.9413968743945698,1.475432371192016e-08,1.0
MHAR,22,HD,Lasso,rolling,833,1.7526085724322743e-08,0.0001323861236093,9.074331076321132e-05,-1.306109633346479,1.475432371192016e-08,1.1878610003766723
MHAR,22,HD,LevHAR,rolling,833,1.4171002571475849e-08,0.0001190420201923,5.87611860116643e-05,-0.8646425709823473,1.475432371192016e-08,0.9604643932291492
MHAR,22,HD,LogHAR,rolling,833,1.0217343048798465e-08,0.0001010808738031,5.172504835328679e-05,-0.3444138983834817,1.475432371192016e-08,0.6924982295558403
MHAR,22,HD,NN1,fixed,833,7.740182002896936e-09,8.797830416015608e-05,4.0329483419241635e-05,-0.0184651930558459,1.475432371192016e-08,0.5246043230462382
MHAR,22,HD,NN1_1,fixed,833,7.942990968393484e-09,8.912345913615273e-05,4.138745337840846e-05,-0.0451511123430914,1.475432371192016e-08,0.5383500540913485
MHAR,22,HD,NN2,fixed,833,1.009348377978162e-06,0.0010046633157322,9.102959285334988e-05,-131.81163030189558,1.475432371192016e-08,68.41034517649221
MHAR,22,HD,NN2_1,fixed,833,7.957314571184059e-09,8.920378114846959e-05,4.166978613739871e-05,-0.0470358342883763,1.475432371192016e-08,0.5393208612303435
MHAR,22,HD,NN3,fixed,833,8.043538434723807e-09,8.968577610035945e-05,4.258009863334222e-05,-0.0583813044327685,1.475432371192016e-08,0.5451648338327669
MHAR,22,HD,NN3_1,fixed,833,7.7452034082664e-09,8.800683728135217e-05,4.0282620711158814e-05,-0.0191259173885693,1.475432371192016e-08,0.5249446575452981
MHAR,22,HD,NN4,fixed,833,7.953141248494964e-09,8.918038600777058e-05,4.196131575473171e-05,-0.046486701994505,1.475432371192016e-08,0.539038007012788
MHAR,22,HD,NN4_1,fixed,833,7.98393100854105e-09,8.935284555368704e-05,4.198267646621737e-05,-0.0505380665357706,1.475432371192016e-08,0.5411248366531877
MHAR,22,HD,PostLasso,rolling,833,1.4905143800579876e-08,0.0001220866241673,6.628773822201845e-05,-0.9612420163635864,1.475432371192016e-08,1.0102220943232978
MHAR,22,HD,RandomForest,rolling,833,1.5243809645794727e-08,0.0001234658237966,5.550515221571198e-05,-1.005804195301894,1.475432371192016e-08,1.0331757621312798
MHAR,22,HD,Ridge,rolling,833,1.494142106591734e-08,0.0001222351057017,6.694716574325237e-05,-0.9660154353906364,1.475432371192016e-08,1.0126808491971762
MHAR,22,HD,SHAR,rolling,833,1.4792679732201873e-08,0.0001216251607694,6.198622467496564e-05,-0.9464438192321,1.475432371192016e-08,1.0025996461125983
MHAR,22,IBM,AdaptiveLasso,rolling,838,3.810520253915138e-09,6.172941157920703e-05,4.808745715377688e-05,-0.8131428004059966,2.72604974477164e-09,1.3978175787963631
MHAR,22,IBM,Bagging,rolling,838,5.305759163055731e-09,7.284064224768842e-05,3.833248798321684e-05,-1.52461563937324,2.72604974477164e-09,1.9463178077479255
MHAR,22,IBM,ElasticNet,rolling,838,3.207618038528527e-09,5.663583705153944e-05,4.417989486480838e-05,-0.5262665372359219,2.72604974477164e-09,1.1766542575682997
MHAR,22,IBM,GradientBoosting,rolling,838,4.7945669276667564e-09,6.924281137899267e-05,4.992946650731812e-05,-1.281377325584812,2.72604974477164e-09,1.7587965651992876
MHAR,22,IBM,HAR,rolling,838,2.72604974477164e-09,5.221158630775013e-05,3.610843638087793e-05,-0.2971240510276476,2.72604974477164e-09,1.0
MHAR,22,IBM,HARQ,rolling,838,2.9817061775911983e-09,5.460500139722733e-05,3.579682993691687e-05,-0.4187719073979146,2.72604974477164e-09,1.0937827467418335
MHAR,22,IBM,HARX,rolling,838,2.72604974477164e-09,5.221158630775013e-05,3.610843638087793e-05,-0.2971240510276476,2.72604974477164e-09,1.0
MHAR,22,IBM,Lasso,rolling,838,3.5011223088445174e-09,5.917028231168513e-05,4.710344985000133e-05,-0.6659233607536761,2.72604974477164e-09,1.2843207705799973
MHAR,22,IBM,LevHAR,rolling,837,3.411640490733147e-09,5.840925004426223e-05,3.844841609765671e-05,-0.6222641037668732,2.72604974477164e-09,1.2514960511180762
MHAR,22,IBM,LogHAR,rolling,838,2.225127881951382e-09,4.717126118677963e-05,3.281954471381709e-05,-0.0587726426588475,2.72604974477164e-09,0.8162462501717039
MHAR,22,IBM,NN1,fixed,838,2.140909611803066e-09,4.626996446727689e-05,3.0417048155210895e-05,-0.0186994400495252,2.72604974477164e-09,0.785352364133916
MHAR,22,IBM,NN1_1,fixed,838,2.091727773207317e-09,4.573541049566864e-05,2.974331558502057e-05,0.0047025341215841,2.72604974477164e-09,0.7673109330521553
MHAR,22,IBM,NN2,fixed,838,2.152221168597814e-09,4.6392037771559615e-05,3.0455581715802768e-05,-0.0240817675001427,2.72604974477164e-09,0.7895017956754508
MHAR,22,IBM,NN2_1,fixed,838,2.19412260824292e-09,4.684146249043598e-05,3.034020659358163e-05,-0.0440195420182316,2.72604974477164e-09,0.8048725495384241
MHAR,22,IBM,NN3,fixed,838,2.2086002035273823e-09,4.6995746653579005e-05,3.097870657423806e-05,-0.0509083513954402,2.72604974477164e-09,0.810183382663252
MHAR,22,IBM,NN3_1,fixed,838,3.325335362703227e-09,5.766572086346643e-05,3.0803586587481655e-05,-0.5822794448149116,2.72604974477164e-09,1.2198366405752397
MHAR,22,IBM,NN4,fixed,838,2.329145974567934e-09,4.8261226409695955e-05,3.202185087459421e-05,-0.1082671061893556,2.72604974477164e-09,0.8544033281252706
MHAR,22,IBM,NN4_1,fixed,838,2.442989412038411e-09,4.9426606317229704e-05,3.30874096312481e-05,-0.1624367195934528,2.72604974477164e-09,0.8961646487647124
MHAR,22,IBM,PostLasso,rolling,838,2.885204192392606e-09,5.371409677535877e-05,3.797218858465517e-05,-0.3728537996256391,2.72604974477164e-09,1.0583828112183984
MHAR,22,IBM,RandomForest,rolling,838,3.891802473788399e-09,6.238431272193674e-05,3.711215828497958e-05,-0.851818955351715,2.72604974477164e-09,1.4276344300952637
MHAR,22,IBM,Ridge,rolling,838,2.8047817466411e-09,5.2960190205862184e-05,3.7648783361895035e-05,-0.3345867471528003,2.72604974477164e-09,1.0288813518610445
MHAR,22,IBM,SHAR,rolling,838,2.732340812455258e-09,5.2271797486362166e-05,3.6431354885176154e-05,-0.3001175016111208,2.72604974477164e-09,1.0023077596788847
MHAR,22,INTC,AdaptiveLasso,rolling,836,8.7360429529325e-09,9.346680134107778e-05,7.239933798488577e-05,-0.4534356089596187,7.535945426296845e-09,1.1592497634666896
MHAR,22,INTC,Bagging,rolling,836,1.0075766147154764e-08,0.0001003781158776,6.077626668787978e-05,-0.6763284458106702,7.535945426296845e-09,1.3370274832398812
MHAR,22,INTC,ElasticNet,rolling,836,8.781884342160287e-09,9.371170867165044e-05,7.209575130450097e-05,-0.4610623465829129,7.535945426296845e-09,1.165332794411662
MHAR,22,INTC,GradientBoosting,rolling,836,1.4081631852279822e-08,0.0001186660518104,8.194116634967734e-05,-1.3427935595821725,7.535945426296845e-09,1.8685952532434296
MHAR,22,INTC,HAR,rolling,836,7.535945426296845e-09,8.680982332833563e-05,6.195672482306436e-05,-0.2537726163628262,7.535945426296845e-09,1.0
MHAR,22,INTC,HARQ,rolling,836,8.206343617315239e-09,9.05888713767604e-05,6.022326368545629e-05,-0.3653083091539391,7.535945426296845e-09,1.088960064476983
MHAR,22,INTC,HARX,rolling,836,7.535945426296845e-09,8.680982332833563e-05,6.195672482306436e-05,-0.2537726163628262,7.535945426296845e-09,1.0
MHAR,22,INTC,Lasso,rolling,836,8.817992719070852e-09,9.390416774068578e-05,7.38883587657439e-05,-0.4670697805053772,7.535945426296845e-09,1.1701242803988832
MHAR,22,INTC,LevHAR,rolling,837,7.944831056629002e-09,8.913378179247755e-05,5.9435807757306026e-05,-0.3227160572412149,7.535945426296845e-09,1.0542580402593338
MHAR,22,INTC,LogHAR,rolling,836,6.429487905772637e-09,8.018408760952909e-05,5.603128152136127e-05,-0.0696887274905504,7.535945426296845e-09,0.8531760173497009
MHAR,22,INTC,NN1,fixed,836,5.507118475362264e-09,7.420996210322617e-05,4.789674477618142e-05,0.0837680013736574,7.535945426296845e-09,0.7307800367217435
MHAR,22,INTC,NN1_1,fixed,836,6.022691461076397e-09,7.760600145012239e-05,5.135063609784525e-05,-0.0020090650272133,7.535945426296845e-09,0.7991952064912896
MHAR,22,INTC,NN2,fixed,836,7.836416428139414e-09,8.852353601240415e-05,5.134227430228992e-05,-0.3037626697417606,7.535945426296845e-09,1.0398717061822222
MHAR,22,INTC,NN2_1,fixed,836,3.490868189762525e-08,0.000186838652044,5.308291913480312e-05,-4.807837896999017,7.535945426296845e-09,4.632289636255943
MHAR,22,INTC,NN3,fixed,836,5.792689328939802e-09,7.610971901761168e-05,4.894201099376831e-05,0.036256920017165,7.535945426296845e-09,0.7686745326904952
MHAR,22,INTC,NN3_1,fixed,836,6.131252433384581e-09,7.830231435522567e-05,5.114296228036412e-05,-0.0200706043014708,7.535945426296845e-09,0.8136009600055544
MHAR,22,INTC,NN4,fixed,836,6.076656741130007e-09,7.795291361539996e-05,5.11182661085963e-05,-0.0109873930986275,7.535945426296845e-09,0.8063562562336746
MHAR,22,INTC,NN4_1,fixed,836,6.398949903332629e-09,7.999343662659224e-05,5.163885220880813e-05,-0.0646080496124841,7.535945426296845e-09,0.8491237053022378
MHAR,22,INTC,PostLasso,rolling,836,7.862816281185373e-09,8.867252269550795e-05,6.469047576615544e-05,-0.3081548741637201,7.535945426296845e-09,1.0433748967644996
MHAR,22,INTC,RandomForest,rolling,836,8.560875218134613e-09,9.252499780132184e-05,5.9287048635327634e-05,-0.4242925490333187,7.535945426296845e-09,1.1360054689702572
MHAR,22,INTC,Ridge,rolling,836,7.883053263786462e-09,8.878656015291089e-05,6.486066157676852e-05,-0.311521747619905,7.535945426296845e-09,1.0460602907603838
MHAR,22,INTC,SHAR,rolling,836,7.102274884312873e-09,8.427499560553458e-05,6.030858617676734e-05,-0.1816218483695506,7.535945426296845e-09,0.9424530676044084
MHAR,22,JNJ,AdaptiveLasso,rolling,825,2.0021057856979956e-08,0.0001414957874177,6.135006027000847e-05,-0.005741878977949,4.1887991262881246e-08,0.477966530582274
MHAR,22,JNJ,Bagging,rolling,825,2.481644285692016e-08,0.0001575323549526,5.946858324750888e-05,-0.2466342211666068,4.1887991262881246e-08,0.5924476707698104
MHAR,22,JNJ,ElasticNet,rolling,825,2.0058876271531183e-08,0.0001416293623212,6.0819289639976115e-05,-0.0076416568809158,4.1887991262881246e-08,0.4788693768017044
MHAR,22,JNJ,GradientBoosting,rolling,825,2.0594931849441788e-08,0.0001435093441189,5.879478105016888e-05,-0.0345699814487643,4.1887991262881246e-08,0.4916667337947009
MHAR,22,JNJ,HAR,rolling,825,4.1887991262881246e-08,0.0002046655595425,6.957965839155657e-05,-1.104209844469072,4.1887991262881246e-08,1.0
MHAR,22,JNJ,HARQ,rolling,825,2.5285292400998197e-08,0.0001590134975434,6.0543903796081086e-05,-0.2701865042071658,4.1887991262881246e-08,0.6036406053064804
MHAR,22,JNJ,HARX,rolling,825,4.1887991262881246e-08,0.0002046655595425,6.957965839155657e-05,-1.104209844469072,4.1887991262881246e-08,1.0
MHAR,22,JNJ,Lasso,rolling,825,2.00314646443178e-08,0.0001415325568352,6.190049972522634e-05,-0.0062646556427012,4.1887991262881246e-08,0.4782149738001054
MHAR,22,JNJ,LevHAR,rolling,825,3.2633361027294556e-08,0.0001806470620499,6.63410850206527e-05,-0.6393108731522239,4.1887991262881246e-08,0.7790624482920093
MHAR,22,JNJ,LogHAR,rolling,825,2.510293501063765e-08,0.0001584390577182,5.5231828224070456e-05,-0.2610259260930185,4.1887991262881246e-08,0.5992871525659061
MHAR,22,JNJ,NN1,fixed,825,2.1235646415633878e-08,0.0001457245566664,4.6317402855621255e-05,-0.0667557668500045,4.1887991262881246e-08,0.5069626347647684
MHAR,22,JNJ,NN1_1,fixed,825,2.2949780968518912e-08,0.000151491851162,4.599912509881215e-05,-0.152863949462273,4.1887991262881246e-08,0.5478844956897159
MHAR,22,JNJ,NN2,fixed,825,2.1221773149450057e-08,0.0001456769478999,4.635524720813489e-05,-0.0660588543841924,4.1887991262881246e-08,0.5066314356366759
MHAR,22,JNJ,NN2_1,fixed,825,2.1585128067593744e-08,0.0001469187805135,4.5894325568602335e-05,-0.084311699000108,4.1887991262881246e-08,0.5153058768593007
MHAR,22,JNJ,NN3,fixed,825,2.2078046704784625e-08,0.0001485868322052,4.8117712485920286e-05,-0.1090730737432896,4.1887991262881246e-08,0.5270734174438423
MHAR,22,JNJ,NN3_1,fixed,825,2.099756341122391e-08,0.000144905360188,4.5713563214515296e-05,-0.0547958569432205,4.1887991262881246e-08,0.501278833817719
MHAR,22,JNJ,NN4,fixed,825,2.2791905684999458e-08,0.0001509698833708,4.687267451798991e-05,-0.1449332104660976,4.1887991262881246e-08,0.5441155089524751
MHAR,22,JNJ,NN4_1,fixed,825,2.1939914126933577e-08,0.0001481212818164,4.722341960880248e-05,-0.1021340938258252,4.1887991262881246e-08,0.5237757520823273
MHAR,22,JNJ,PostLasso,rolling,825,2.5980603969535437e-08,0.0001611849992075,6.312040719925407e-05,-0.3051149264919028,4.1887991262881246e-08,0.6202399109206741
MHAR,22,JNJ,RandomForest,rolling,825,2.3586867418067073e-08,0.0001535801660959,5.8350946495652025e-05,-0.1848674793165445,4.1887991262881246e-08,0.5630937819395607
MHAR,22,JNJ,Ridge,rolling,825,4.1447599770528266e-08,0.000203586835946,6.548262677627901e-05,-1.0820871289677747,4.1887991262881246e-08,0.9894864499567628
MHAR,22,JNJ,SHAR,rolling,825,4.3079513654889737e-08,0.0002075560494297,6.974698888739842e-05,-1.1640650218499786,4.1887991262881246e-08,1.0284454411893549
MHAR,22,JPM,AdaptiveLasso,rolling,837,1.3794006944152022e-08,0.000117447890335,0.0001019732493764,-1.581957656858192,1.1570453305627061e-08,1.1921751533661675
MHAR,22,JPM,Bagging,rolling,837,9.81517587982859e-09,9.907156948301864e-05,5.984984395151634e-05,-0.8372013744039168,1.1570453305627061e-08,0.848296572361186
MHAR,22,JPM,ElasticNet,rolling,837,1.3473771247516548e-08,0.0001160765749301,0.0001003592457324,-1.5220160450933946,1.1570453305627061e-08,1.1644981308523017
MHAR,22,JPM,GradientBoosting,rolling,837,1.2263370817151508e-08,0.0001107401048272,6.57560964384505e-05,-1.2954536929285363,1.1570453305627061e-08,1.059886807648881
MHAR,22,JPM,HAR,rolling,837,1.1570453305627061e-08,0.0001075660416006,9.05589166962801e-05,-1.1657536223330125,1.1570453305627061e-08,1.0
MHAR,22,JPM,HARQ,rolling,837,1.1495841473673632e-08,0.0001072186619655,7.465234413623859e-05,-1.151787804308972,1.1570453305627061e-08,0.9935515204130212
MHAR,22,JPM,HARX,rolling,837,1.1570453305627061e-08,0.0001075660416006,9.05589166962801e-05,-1.1657536223330125,1.1570453305627061e-08,1.0
MHAR,22,JPM,Lasso,rolling,837,1.4127979805490308e-08,0.0001188611787148,0.0001039411531266,-1.644470586567916,1.1570453305627061e-08,1.2210394383268843
MHAR,22,JPM,LevHAR,rolling,836,1.3582179538938822e-08,0.0001165426082552,8.165348769651055e-05,-1.5402846322415114,1.1570453305627061e-08,1.1738675383040869
MHAR,22,JPM,LogHAR,rolling,837,7.525502895813336e-09,8.674965645933899e-05,5.526339746496686e-05,-0.4086211426616195,1.1570453305627061e-08,0.650406919852782
MHAR,22,JPM,NN1,fixed,837,5.1776678925795324e-09,7.195601359566504e-05,4.401806552734374e-05,0.0308458365984706,1.1570453305627061e-08,0.4474904963370342
MHAR,22,JPM,NN1_1,fixed,837,5.112040088573135e-09,7.149853207285542e-05,4.234863286270278e-05,0.0431300272432304,1.1570453305627061e-08,0.4418184796689854
MHAR,22,JPM,NN2,fixed,837,1.4774038429437217e-08,0.0001215485023743,4.766454348946111e-05,-1.765399626087226,1.1570453305627061e-08,1.2768763711489295
MHAR,22,JPM,NN2_1,fixed,837,5.478889055116339e-09,7.401951806865767e-05,4.540034080470263e-05,-0.0255366409635955,1.1570453305627061e-08,0.4735241490021649
MHAR,22,JPM,NN3,fixed,837,4.984662564414416e-09,7.060214277494994e-05,4.496006756224105e-05,0.066972510079784,1.1570453305627061e-08,0.4308096176309898
MHAR,22,JPM,NN3_1,fixed,837,4.8726183123442594e-09,6.980414251564344e-05,4.4033781054631755e-05,0.0879449161189253,1.1570453305627061e-08,0.4211259648724875
MHAR,22,JPM,NN4,fixed,837,5.044505076538694e-09,7.102467934836943e-05,4.51099398815144e-05,0.0557712084557903,1.1570453305627061e-08,0.435981628661463
MHAR,22,JPM,NN4_1,fixed,837,5.262897916084056e-09,7.254583320966171e-05,4.386770623709991e-05,0.0148925089923102,1.1570453305627061e-08,0.4548566747617873
MHAR,22,JPM,PostLasso,rolling,837,1.3473464903207797e-08,0.0001160752553441,0.0001003576510796,-1.521958703667018,1.1570453305627061e-08,1.1644716544212872
MHAR,22,JPM,RandomForest,rolling,837,1.10417780681322e-08,0.0001050798651889,5.968024592307166e-05,-1.0667963662603035,1.1570453305627061e-08,0.9543081655030968
MHAR,22,JPM,Ridge,rolling,837,1.3473465007796723e-08,0.0001160752557946,0.0001003576516239,-1.521958723243939,1.1570453305627061e-08,1.1644716634605985
MHAR,22,JPM,SHAR,rolling,837,1.1177759769764936e-08,0.0001057249250165,8.936681939177497e-05,-1.0922493761902494,1.1570453305627061e-08,0.9660606611090036
MHAR,22,KO,AdaptiveLasso,rolling,822,1.578318959125331e-09,3.9728062614798264e-05,3.1582270487586183e-05,-0.408176038380823,1.33080763009651e-09,1.185985805484803
MHAR,22,KO,Bagging,rolling,822,1.6082165181601982e-09,4.0102574956730626e-05,2.281009632823623e-05,-0.434850637957519,1.33080763009651e-09,1.2084515310778392
MHAR,22,KO,ElasticNet,rolling,822,1.5596031205616e-09,3.949181080378057e-05,3.0398585916673353e-05,-0.3914777688382358,1.33080763009651e-09,1.1719222863551644
MHAR,22,KO,GradientBoosting,rolling,822,1.7860652296156762e-09,4.22618649566684e-05,2.9591927612284523e-05,-0.5935272428861567,1.33080763009651e-09,1.3420912153067164
MHAR,22,KO,HAR,rolling,822,1.33080763009651e-09,3.648023615735663e-05,2.62592649574068e-05,-0.1873464520978762,1.33080763009651e-09,1.0
MHAR,22,KO,HARQ,rolling,822,1.355498068971358e-09,3.6817089360395646e-05,2.6227755067870717e-05,-0.2093752595196254,1.33080763009651e-09,1.0185529736353085
MHAR,22,KO,HARX,rolling,822,1.33080763009651e-09,3.648023615735663e-05,2.62592649574068e-05,-0.1873464520978762,1.33080763009651e-09,1.0
MHAR,22,KO,Lasso,rolling,822,1.5785449491553884e-09,3.973090672455624e-05,3.185918299973533e-05,-0.4083776666660306,1.33080763009651e-09,1.1861556196825471
MHAR,22,KO,LevHAR,rolling,822,1.3331514407654792e-09,3.651234641550005e-05,2.604969975610314e-05,-0.1894375997733581,1.33080763009651e-09,1.0017611941921307
MHAR,22,KO,LogHAR,rolling,822,1.1366374829105707e-09,3.371405467917751e-05,2.2861653273616924e-05,-0.0141078636267324,1.33080763009651e-09,0.8540960069699494
MHAR,22,KO,NN1,fixed,822,9.946606220484175e-10,3.153824063020031e-05,2.4087317779464586e-05,0.112563879315143,1.33080763009651e-09,0.7474112708358042
MHAR,22,KO,NN1_1,fixed,822,8.827519747595576e-10,2.971114226615257e-05,2.1910400780402604e-05,0.2124087647159459,1.33080763009651e-09,0.6633204941089349
MHAR,22,KO,NN2,fixed,822,9.98581988306116e-10,3.1600347914320755e-05,2.485493439225763e-05,0.1090652366802814,1.33080763009651e-09,0.7503578772190379
MHAR,22,KO,NN2_1,fixed,822,8.814317043872658e-10,2.9688915513828825e-05,2.068484270558061e-05,0.2135867098275446,1.33080763009651e-09,0.6623284120510675
MHAR,22,KO,NN3,fixed,822,1.0063699503492922e-09,3.17233344771525e-05,2.4885533646885768e-05,0.1021168176211212,1.33080763009651e-09,0.7562099341708092
MHAR,22,KO,NN3_1,fixed,822,1.6506638906859543e-09,4.0628363130772994e-05,2.1061349779072443e-05,-0.4727221800418382,1.33080763009651e-09,1.240347480248703
MHAR,22,KO,NN4,fixed,822,1.0453058404200411e-09,3.2331189901085314e-05,2.5339850972533995e-05,0.0673782198784679,1.33080763009651e-09,0.7854672732408632
MHAR,22,KO,NN4_1,fixed,822,9.163506965850463e-10,3.0271285017075945e-05,2.059460496351553e-05,0.1824319880186071,1.33080763009651e-09,0.6885673600463147
MHAR,22,KO,PostLasso,rolling,822,1.400748610855976e-09,3.7426576264146526e-05,2.769510518202299e-05,-0.2497477890626902,1.33080763009651e-09,1.0525552898689
MHAR,22,KO,RandomForest,rolling,822,1.4553425460505782e-09,3.814895209636273e-05,2.265220824464504e-05,-0.2984564933061966,1.33080763009651e-09,1.0935784505120676
MHAR,22,KO,Ridge,rolling,822,1.40508035687904e-09,3.7484401514217086e-05,2.785799105031408e-05,-0.2536125724886022,1.33080763009651e-09,1.055810265212519
MHAR,22,KO,SHAR,rolling,822,1.329267961548778e-09,3.645912727354809e-05,2.6276152365588232e-05,-0.185972759953187,1.33080763009651e-09,0.9988430570182256
MHAR,22,MCD,AdaptiveLasso,rolling,830,3.1795206509593347e-09,5.638723836968197e-05,4.615726467904281e-05,-0.7435011251466053,2.6243166387137563e-09,1.2115613657495603
MHAR,22,MCD,Bagging,rolling,830,3.4663305184672974e-09,5.887555110966943e-05,3.148474241509181e-05,-0.9007743061062584,2.6243166387137563e-09,1.3208507187479608
MHAR,22,MCD,ElasticNet,rolling,830,3.0350081648998e-09,5.5090908187284406e-05,4.354140872893714e-05,-0.6642572045365882,2.6243166387137563e-09,1.156494654695073
MHAR,22,MCD,GradientBoosting,rolling,830,3.459733711263604e-09,5.881950111369191e-05,4.124195378910292e-05,-0.8971569241029227,2.6243166387137563e-09,1.3183369949440655
MHAR,22,MCD,HAR,rolling,830,2.6243166387137563e-09,5.1228084472423486e-05,3.7784070780892455e-05,-0.4390530883823189,2.6243166387137563e-09,1.0
MHAR,22,MCD,HARQ,rolling,830,2.8837779395022102e-09,5.37008187973164e-05,3.539356935201184e-05,-0.5813295883698812,2.6243166387137563e-09,1.0988681384558925
MHAR,22,MCD,HARX,rolling,830,2.6243166387137563e-09,5.1228084472423486e-05,3.7784070780892455e-05,-0.4390530883823189,2.6243166387137563e-09,1.0
MHAR,22,MCD,Lasso,rolling,830,3.12238707448029e-09,5.587832383384715e-05,4.565608512052223e-05,-0.7121717312504505,2.6243166387137563e-09,1.1897905261960504
MHAR,22,MCD,LevHAR,rolling,831,3.022357781270211e-09,5.497597458226831e-05,3.794294078738541e-05,-0.6575164770751851,2.6243166387137563e-09,1.151674206033135
MHAR,22,MCD,LogHAR,rolling,830,2.280379027314415e-09,4.775331430711815e-05,3.0155668606700585e-05,-0.2504537118460923,2.6243166387137563e-09,0.8689420299648316
MHAR,22,MCD,NN1,fixed,830,2.0086002016936944e-09,4.481740958259072e-05,2.5183594479008723e-05,-0.1014228545947708,2.6243166387137563e-09,0.7653802792174347
MHAR,22,MCD,NN1_1,fixed,830,2.264400820572676e-09,4.758572076340418e-05,2.7935281802263713e-05,-0.241692007020039,2.6243166387137563e-09,0.8628535090500801
MHAR,22,MCD,NN2,fixed,830,7.652187010509293e-08,0.0002766258666594,4.46416429147472e-05,-40.961031637362446,2.6243166387137563e-09,29.15877946138322
MHAR,22,MCD,NN2_1,fixed,830,2.455552805905751e-09,4.9553534746834674e-05,2.906556424749895e-05,-0.3465108580634086,2.6243166387137563e-09,0.9356922749646857
MHAR,22,MCD,NN3,fixed,830,2.498180800913433e-09,4.998180469844435e-05,2.997108183739955e-05,-0.3698860662842493,2.6243166387137563e-09,0.95193573978857
MHAR,22,MCD,NN3_1,fixed,830,2.3208540422466806e-09,4.8175243042943544e-05,2.8303736735266665e-05,-0.2726483260101608,2.6243166387137563e-09,0.8843650983305846
MHAR,22,MCD,NN4,fixed,830,2.4741032030019536e-09,4.9740357889765466e-05,2.9956181366366437e-05,-0.3566830323499277,2.6243166387137563e-09,0.9427609330764956
MHAR,22,MCD,NN4_1,fixed,830,2.467362266679465e-09,4.9672550434615945e-05,2.990736517552891e-05,-0.3529866166467448,2.6243166387137563e-09,0.9401922886442474
MHAR,22,MCD,PostLasso,rolling,830,2.825651289981274e-09,5.3156855531354315e-05,4.069924534442956e-05,-0.5494556394429648,2.6243166387137563e-09,1.0767188868513202
MHAR,22,MCD,RandomForest,rolling,830,2.7090842018175987e-09,5.204886359775397e-05,3.0574464973147966e-05,-0.4855356742409427,2.6243166387137563e-09,1.0323008138017176
MHAR,22,MCD,Ridge,rolling,830,2.8446143407324958e-09,5.33349260872507e-05,4.096662168416402e-05,-0.5598540937857575,2.6243166387137563e-09,1.0839447872901165
MHAR,22,MCD,SHAR,rolling,830,2.5491380451572566e-09,5.04889893457698e-05,3.697609701840914e-05,-0.3978286470775742,2.6243166387137563e-09,0.9713530781890152
MHAR,22,MMM,AdaptiveLasso,rolling,827,3.50887431854581e-09,5.923575202988319e-05,4.538519877877804e-05,-0.8898757398659276,3.0926903231915707e-09,1.1345702129415756
MHAR,22,MMM,Bagging,rolling,827,3.073476178373284e-09,5.5438940992530546e-05,3.331245812654763e-05,-0.6553707939504476,3.0926903231915707e-09,0.9937872393255144
MHAR,22,MMM,ElasticNet,rolling,827,3.473742303503212e-09,5.893846200490145e-05,4.47761904945137e-05,-0.8709536762939478,3.0926903231915707e-09,1.1232105191567987
MHAR,22,MMM,GradientBoosting,rolling,827,2.585404541145738e-09,5.08468734648035e-05,3.282722099086439e-05,-0.3924959620883441,3.0926903231915707e-09,0.8359726551857517
MHAR,22,MMM,HAR,rolling,827,3.0926903231915707e-09,5.561196205126709e-05,3.9514924319038045e-05,-0.6657195106207556,3.0926903231915707e-09,1.0
MHAR,22,MMM,HARQ,rolling,827,3.621363824778083e-09,6.017776852607683e-05,3.632022890912942e-05,-0.950462460710912,3.0926903231915707e-09,1.1709429158238307
MHAR,22,MMM,HARX,rolling,827,3.0926903231915707e-09,5.561196205126709e-05,3.9514924319038045e-05,-0.6657195106207556,3.0926903231915707e-09,1.0
MHAR,22,MMM,Lasso,rolling,827,3.532518595937434e-09,5.943499470797851e-05,4.673374259471504e-05,-0.902610520930303,3.0926903231915707e-09,1.1422154263062372
MHAR,22,MMM,LevHAR,rolling,827,3.014873936855185e-09,5.4907867713609e-05,3.765818189559779e-05,-0.6238076929406866,3.0926903231915707e-09,0.9748386103345514
MHAR,22,MMM,LogHAR,rolling,827,2.459296470402339e-09,4.959129430053564e-05,3.146771123039511e-05,-0.3245742977985795,3.0926903231915707e-09,0.7951964837735236
MHAR,22,MMM,NN1,fixed,827,1.8529933697507719e-09,4.304640948732858e-05,2.387547860969154e-05,0.0019798665585408,3.0926903231915707e-09,0.5991525746549801
MHAR,22,MMM,NN1_1,fixed,827,1.917321203339834e-09,4.378722648604082e-05,2.4160584352659972e-05,-0.0326670318657051,3.0926903231915707e-09,0.6199525341939869
MHAR,22,MMM,NN2,fixed,827,1.893468586012964e-09,4.351400448146509e-05,2.404385945657936e-05,-0.0198200391478124,3.0926903231915707e-09,0.6122399555539583
MHAR,22,MMM,NN2_1,fixed,827,2.1033811511102635e-09,4.586263349514792e-05,2.463807245698067e-05,-0.1328787093240708,3.0926903231915707e-09,0.6801137298931477
MHAR,22,MMM,NN3,fixed,827,1.9385334955004156e-09,4.402878030902532e-05,2.4615995449834495e-05,-0.0440919484349153,3.0926903231915707e-09,0.6268113819749993
MHAR,22,MMM,NN3_1,fixed,827,1.8463817197140507e-09,4.29695440947894e-05,2.3963017404471772e-05,0.0055408937913604,3.0926903231915707e-09,0.597014743399409
MHAR,22,MMM,NN4,fixed,827,1.981482290806876e-09,4.45138438107391e-05,2.512697318523134e-05,-0.0672241210171995,3.0926903231915707e-09,0.6406985775291077
MHAR,22,MMM,NN4_1,fixed,827,2.020773675839538e-09,4.495301631525451e-05,2.5035562804478128e-05,-0.0883864165620949,3.0926903231915707e-09,0.6534031747977133
MHAR,22,MMM,PostLasso,rolling,827,3.2994695749960505e-09,5.7441009522779545e-05,4.240004771764554e-05,-0.7770905818008906,3.0926903231915707e-09,1.066860639183263
MHAR,22,MMM,RandomForest,rolling,827,3.116859327709681e-09,5.582883956979297e-05,3.312343513593367e-05,-0.6787369091220552,3.0926903231915707e-09,1.0078148802474245
MHAR,22,MMM,Ridge,rolling,827,3.325549189262944e-09,5.766757485158314e-05,4.278018433560095e-05,-0.7911370325522218,3.0926903231915707e-09,1.075293301862525
MHAR,22,MMM,SHAR,rolling,827,3.0367487590236503e-09,5.510670339462932e-05,3.7881901761089125e-05,-0.6355894474229034,3.0926903231915707e-09,0.9819116826057804
MHAR,22,MRK,AdaptiveLasso,rolling,830,5.627402446427749e-09,7.501601459973563e-05,6.435856820537678e-05,-0.4284118736340532,4.931231278960078e-09,1.1411759311387404
MHAR,22,MRK,Bagging,rolling,830,5.178934459311542e-09,7.196481403652442e-05,5.016883294502927e-05,-0.3145765821581072,4.931231278960078e-09,1.0502315073738948
MHAR,22,MRK,ElasticNet,rolling,830,5.483132512912117e-09,7.404817697223962e-05,6.28777719862458e-05,-0.3917916233491385,4.931231278960078e-09,1.1119195597875964
MHAR,22,MRK,GradientBoosting,rolling,830,5.9392551508123564e-09,7.706656311794601e-05,5.515972730671341e-05,-0.5075699061381325,4.931231278960078e-09,1.2044162633687818
MHAR,22,MRK,HAR,rolling,830,4.931231278960078e-09,7.022272622848018e-05,5.815958460705211e-05,-0.2517017180766245,4.931231278960078e-09,1.0
MHAR,22,MRK,HARQ,rolling,830,5.340362688012261e-09,7.307778518819698e-05,5.586558380136236e-05,-0.3555521478495562,4.931231278960078e-09,1.0829673941268605
MHAR,22,MRK,HARX,rolling,830,4.931231278960078e-09,7.022272622848018e-05,5.815958460705211e-05,-0.2517017180766245,4.931231278960078e-09,1.0
MHAR,22,MRK,Lasso,rolling,830,5.8445730350974355e-09,7.644980729274231e-05,6.617903847874171e-05,-0.4835366048778253,4.931231278960078e-09,1.1852157614335148
MHAR,22,MRK,LevHAR,rolling,829,5.368400160487948e-09,7.32693671358498e-05,5.8252417054435424e-05,-0.3622305203652227,4.931231278960078e-09,1.088653088203979
MHAR,22,MRK,LogHAR,rolling,830,4.361014307541908e-09,6.603797625262231e-05,4.6709854613133776e-05,-0.1069627021140451,4.931231278960078e-09,0.8843662081210638
MHAR,22,MRK,NN1,fixed,830,3.72661496947207e-09,6.104600699040086e-05,3.7053422599632947e-05,0.0540678187614931,4.931231278960078e-09,0.7557169312606155
MHAR,22,MRK,NN1_1,fixed,830,3.6549438238135692e-09,6.045613139966507e-05,3.721135411672587e-05,0.0722602115093313,4.931231278960078e-09,0.7411828034527598
MHAR,22,MRK,NN2,fixed,830,3.802648142901926e-09,6.16656155641207e-05,3.8141953541696435e-05,0.0347682060625249,4.931231278960078e-09,0.7711356307960161
MHAR,22,MRK,NN2_1,fixed,830,3.904708019963092e-09,6.248766294208075e-05,3.969009606005868e-05,0.0088621967440791,4.931231278960078e-09,0.7918322623850925
MHAR,22,MRK,NN3,fixed,830,4.52269375383694e-09,6.725097585787837e-05,4.128684910636828e-05,-0.1480020347384616,4.931231278960078e-09,0.9171530390662812
MHAR,22,MRK,NN3_1,fixed,830,4.067361650591445e-09,6.377587044166034e-05,3.846286686708312e-05,-0.0324244145283585,4.931231278960078e-09,0.8248166473037927
MHAR,22,MRK,NN4,fixed,830,4.140597716961252e-09,6.434747638378099e-05,3.973830362619863e-05,-0.0510140334114526,4.931231278960078e-09,0.8396681239891959
MHAR,22,MRK,NN4_1,fixed,830,3.925521163916772e-09,6.265397963351389e-05,4.0153093672728374e-05,0.003579165677061,4.931231278960078e-09,0.7960529413142036
MHAR,22,MRK,PostLasso,rolling,830,5.483078926998288e-09,7.404781513993704e-05,6.287732761057399e-05,-0.3917780215574948,4.931231278960078e-09,1.1119086931478472
MHAR,22,MRK,RandomForest,rolling,830,5.137777777828836e-09,7.167829363083942e-05,4.9035447280125224e-05,-0.3041297209163649,4.931231278960078e-09,1.0418853805843629
MHAR,22,MRK,Ridge,rolling,830,5.483078945360276e-09,7.404781526392441e-05,6.287732776269207e-05,-0.3917780262183452,4.931231278960078e-09,1.1119086968714584
MHAR,22,MRK,SHAR,rolling,830,5.044716707443433e-09,7.102616917336478e-05,5.8082373023067605e-05,-0.2805078919860408,4.931231278960078e-09,1.0230136089879944
MHAR,22,MSFT,AdaptiveLasso,rolling,838,9.08710616586346e-09,9.53263141313219e-05,7.084070505171427e-05,-0.4163993816860352,6.935257070660815e-09,1.3102767602236278
MHAR,22,MSFT,Bagging,rolling,838,8.714351925555594e-09,9.33506932248261e-05,5.464348477500442e-05,-0.3582985005192372,6.935257070660815e-09,1.2565290423654418
MHAR,22,MSFT,ElasticNet,rolling,838,8.237142802966224e-09,9.075870648574838e-05,6.690396275012084e-05,-0.283916327159178,6.935257070660815e-09,1.1877198954618362
MHAR,22,MSFT,GradientBoosting,rolling,838,9.428240867009194e-09,9.709912907441134e-05,6.8719787134307e-05,-0.4695717526207548,6.935257070660815e-09,1.359465232643617
MHAR,22,MSFT,HAR,rolling,838,6.935257070660815e-09,8.327819084646841e-05,5.346919236394026e-05,-0.0809925236285922,6.935257070660815e-09,1.0
MHAR,22,MSFT,HARQ,rolling,838,6.698317225872485e-09,8.184324789420619e-05,5.224561749697594e-05,-0.0440609148711539,6.935257070660815e-09,0.965835463289358
MHAR,22,MSFT,HARX,rolling,838,6.935257070660815e-09,8.327819084646841e-05,5.346919236394026e-05,-0.0809925236285922,6.935257070660815e-09,1.0
MHAR,22,MSFT,Lasso,rolling,838,8.183260250000664e-09,9.046137435392336e-05,6.768235706408817e-05,-0.2755177002133653,6.935257070660815e-09,1.179950529104314
MHAR,22,MSFT,LevHAR,rolling,837,7.077471297709421e-09,8.412770826374281e-05,5.391435768692425e-05,-0.102055832824093,6.935257070660815e-09,1.0205059777308378
MHAR,22,MSFT,LogHAR,rolling,838,5.603858648542071e-09,7.485892497586425e-05,4.918488296947205e-05,0.1265313973475815,6.935257070660815e-09,0.8080246473124776
MHAR,22,MSFT,NN1,fixed,838,6.284974444935823e-09,7.927783072798992e-05,5.568143822655175e-05,0.0203664670320533,6.935257070660815e-09,0.9062352528392966
MHAR,22,MSFT,NN1_1,fixed,838,5.860323052183496e-09,7.655274686243136e-05,5.323816211429593e-05,0.0865565124819469,6.935257070660815e-09,0.8450044450371188
MHAR,22,MSFT,NN2,fixed,838,6.333517706243481e-09,7.95834009467017e-05,5.562513803539909e-05,0.0128000708607969,6.935257070660815e-09,0.9132347426654224
MHAR,22,MSFT,NN2_1,fixed,838,1.0724433873314708e-08,0.0001035588425645,6.0547157421588624e-05,-0.6716082358714643,6.935257070660815e-09,1.5463642896070535
MHAR,22,MSFT,NN3,fixed,838,6.173729690766934e-09,7.857308502767938e-05,5.4437372608566195e-05,0.0377060906861209,6.935257070660815e-09,0.8901947869942015
MHAR,22,MSFT,NN3_1,fixed,838,6.231029845810528e-09,7.893687253629021e-05,5.483395589257454e-05,0.0287747650591413,6.935257070660815e-09,0.8984569399987381
MHAR,22,MSFT,NN4,fixed,838,6.433730682219831e-09,8.021053972028758e-05,5.611208067807545e-05,-0.0028200390640806,6.935257070660815e-09,0.9276845280094
MHAR,22,MSFT,NN4_1,fixed,838,6.430651050404404e-09,8.019134024571733e-05,5.535852356933548e-05,-0.0023400195155494,6.935257070660815e-09,0.927240473552002
MHAR,22,MSFT,PostLasso,rolling,838,7.105093172813123e-09,8.429171473408951e-05,5.466506989994467e-05,-0.1074647300368507,6.935257070660815e-09,1.0244887969432004
MHAR,22,MSFT,RandomForest,rolling,838,7.664519677163611e-09,8.754724254460337e-05,5.2531688668820526e-05,-0.1946620556098068,6.935257070660815e-09,1.1051529307526171
MHAR,22,MSFT,Ridge,rolling,838,7.048686121133785e-09,8.395645371937637e-05,5.482422171842207e-05,-0.0986726116591125,6.935257070660815e-09,1.016355421193084
MHAR,22,MSFT,SHAR,rolling,838,6.719563030607265e-09,8.197294084395939e-05,5.30757456185343e-05,-0.0473724800868009,6.935257070660815e-09,0.968898912058209
MHAR,22,NKE,AdaptiveLasso,rolling,799,1.1192691477538584e-08,0.0001057955172847,7.649109891434313e-05,-0.402033853794788,1.0373885636503324e-08,1.0789295226230438
MHAR,22,NKE,Bagging,rolling,799,9.877004074686056e-09,9.938311765428804e-05,5.565433100164352e-05,-0.2372264628725608,1.0373885636503324e-08,0.9521026566873984
MHAR,22,NKE,ElasticNet,rolling,799,1.1372621336331416e-08,0.0001066424931081,7.548757336873172e-05,-0.4245724678397047,1.0373885636503324e-08,1.0962740225623628
MHAR,22,NKE,GradientBoosting,rolling,799,1.0755020461639952e-08,0.0001037064147564,6.828692585696305e-05,-0.347209723035349,1.0373885636503324e-08,1.036739832931597
MHAR,22,NKE,HAR,rolling,799,1.0373885636503324e-08,0.0001018522735951,6.172320544457802e-05,-0.2994675040369903,1.0373885636503324e-08,1.0
MHAR,22,NKE,HARQ,rolling,799,1.363721103495845e-08,0.0001167784699118,6.099505184283092e-05,-0.7082425242154811,1.0373885636503324e-08,1.3145711754303742
MHAR,22,NKE,HARX,rolling,799,1.0373885636503324e-08,0.0001018522735951,6.172320544457802e-05,-0.2994675040369903,1.0373885636503324e-08,1.0
MHAR,22,NKE,Lasso,rolling,799,1.1313548445380531e-08,0.0001063651655636,7.700262214281871e-05,-0.4171728005549522,1.0373885636503324e-08,1.0905796383151505
MHAR,22,NKE,LevHAR,rolling,799,1.0418217658077811e-08,0.0001020696706082,6.126645727093336e-05,-0.3050206808737967,1.0373885636503324e-08,1.00427342493718
MHAR,22,NKE,LogHAR,rolling,799,9.27549658887441e-09,9.630937954775956e-05,5.5231858483297065e-05,-0.1618796296187978,1.0373885636503324e-08,0.8941198036959329
MHAR,22,NKE,NN1,fixed,799,8.747186791441548e-09,9.352639622823897e-05,4.814710308977807e-05,-0.0957017828713207,1.0373885636503324e-08,0.8431929074542912
MHAR,22,NKE,NN1_1,fixed,799,9.056442161795642e-09,9.51653411794212e-05,5.0584290430121856e-05,-0.1344401416989895,1.0373885636503324e-08,0.873003855944594
MHAR,22,NKE,NN2,fixed,799,9.805804286797042e-09,9.902426110199984e-05,5.346407717278392e-05,-0.2283077400431383,1.0373885636503324e-08,0.9452392893452252
MHAR,22,NKE,NN2_1,fixed,799,9.438822180897092e-09,9.71536009672163e-05,5.215187497411319e-05,-0.1823383378451797,1.0373885636503324e-08,0.9098637204640122
MHAR,22,NKE,NN3,fixed,799,1.013640945103152e-08,0.0001006797370429,5.250974611380109e-05,-0.26972044523798,1.0373885636503324e-08,0.9771082703441244
MHAR,22,NKE,NN3_1,fixed,799,4.6862999376670003e-08,0.0002164786349196,5.808525746704697e-05,-4.8702155552405575,1.0373885636503324e-08,4.517400809950117
MHAR,22,NKE,NN4,fixed,799,9.536485903372612e-09,9.765493281638472e-05,5.214561847098678e-05,-0.1945720213584874,1.0373885636503324e-08,0.9192781024899588
MHAR,22,NKE,NN4_1,fixed,799,9.317596943999667e-09,9.652770039734537e-05,5.1374770996221544e-05,-0.167153260475223,1.0373885636503324e-08,0.898178105146367
MHAR,22,NKE,PostLasso,rolling,799,1.0551581179651934e-08,0.0001027208896946,6.368423055265713e-05,-0.3217262402545271,1.0373885636503324e-08,1.017129121081048
MHAR,22,NKE,RandomForest,rolling,799,9.905585442613208e-09,9.95268076581039e-05,5.510496237047734e-05,-0.2408066603167635,1.0373885636503324e-08,0.9548577832550732
MHAR,22,NKE,Ridge,rolling,799,1.0550219948673017e-08,0.0001027142636086,6.405502744923823e-05,-0.3215557279234131,1.0373885636503324e-08,1.0169979040012946
MHAR,22,NKE,SHAR,rolling,799,1.0203858696240991e-08,0.0001010141509702,6.140770644715945e-05,-0.2781693625860872,1.0373885636503324e-08,0.9836101007645538
MHAR,22,PFE,AdaptiveLasso,rolling,827,3.903802514780853e-09,6.248041705031148e-05,5.180181378248512e-05,-0.0108959512067827,3.535611803043402e-09,1.104137765186924
MHAR,22,PFE,Bagging,rolling,827,3.465408510220431e-09,5.886772044355405e-05,4.317967570697303e-05,0.1026268826367566,3.535611803043402e-09,0.9801439477143556
MHAR,22,PFE,ElasticNet,rolling,827,3.9025277780205855e-09,6.247021512705543e-05,5.0808248299828715e-05,-0.0105658560687911,3.535611803043402e-09,1.1037772231276486
MHAR,22,PFE,GradientBoosting,rolling,827,4.445696991475461e-09,6.667606010762379e-05,5.4554559416572256e-05,-0.1512203990746712,3.535611803043402e-09,1.2574052919635212
MHAR,22,PFE,HAR,rolling,827,3.535611803043402e-09,5.946101078053923e-05,4.573311984244621e-05,0.084447626845148,3.535611803043402e-09,1.0
MHAR,22,PFE,HARQ,rolling,827,3.826333762349211e-09,6.18573662739468e-05,4.478682363616282e-05,0.0091647070569673,3.535611803043402e-09,1.0822267758738555
MHAR,22,PFE,HARX,rolling,827,3.535611803043402e-09,5.946101078053923e-05,4.573311984244621e-05,0.084447626845148,3.535611803043402e-09,1.0
MHAR,22,PFE,Lasso,rolling,827,4.022674415576904e-09,6.34245568812026e-05,5.301495934782202e-05,-0.0416780214503458,3.535611803043402e-09,1.137759075279205
MHAR,22,PFE,LevHAR,rolling,826,3.540474183843414e-09,5.9501883868020635e-05,4.411431402495939e-05,0.0833969726025023,3.535611803043402e-09,1.001375258673994
MHAR,22,PFE,LogHAR,rolling,827,3.384430436174518e-09,5.817585784648575e-05,4.2661052570566576e-05,0.123596285386919,3.535611803043402e-09,0.9572403942257603
MHAR,22,PFE,NN1,fixed,827,3.21465151709549e-09,5.66978969371483e-05,3.862892571069368e-05,0.1675608100388244,3.535611803043402e-09,0.9092207222321088
MHAR,22,PFE,NN1_1,fixed,827,2.994058852585006e-09,5.471799386476999e-05,3.681049167590171e-05,0.2246836359438849,3.535611803043402e-09,0.8468290693021685
MHAR,22,PFE,NN2,fixed,827,3.371367879883229e-09,5.806348146540327e-05,3.931277258565543e-05,0.1269788553856004,3.535611803043402e-09,0.9535458267735178
MHAR,22,PFE,NN2_1,fixed,827,2.8190754315802093e-09,5.3094966160458275e-05,3.535023193243141e-05,0.2699958747552253,3.535611803043402e-09,0.7973373742992914
MHAR,22,PFE,NN3,fixed,827,3.452791511174839e-09,5.876045873863511e-05,4.146613824547952e-05,0.1058940748687602,3.535611803043402e-09,0.9765754001055
MHAR,22,PFE,NN3_1,fixed,827,3.148798895586489e-09,5.611415949282756e-05,3.702774724213181e-05,0.1846134524836584,3.535611803043402e-09,0.8905951985102125
MHAR,22,PFE,NN4,fixed,827,3.543607096779938e-09,5.952820421262461e-05,4.180396204634442e-05,0.08237723264965,3.535611803043402e-09,1.0022613607437485
MHAR,22,PFE,NN4_1,fixed,827,3.541186459987044e-09,5.950786889132431e-05,4.305858976878418e-05,0.0830040604474225,3.535611803043402e-09,1.001576716351847
MHAR,22,PFE,PostLasso,rolling,827,3.692308283341816e-09,6.076436688834844e-05,4.780577036122151e-05,0.0438708207945705,3.535611803043402e-09,1.044319481048098
MHAR,22,PFE,RandomForest,rolling,827,3.511030200310965e-09,5.9253946706620016e-05,4.335475391376552e-05,0.0908130724798357,3.535611803043402e-09,0.9930474259896752
MHAR,22,PFE,Ridge,rolling,827,3.7045623023171932e-09,6.086511564366893e-05,4.797649212781549e-05,0.0406976228366008,3.535611803043402e-09,1.0477853646512778
MHAR,22,PFE,SHAR,rolling,827,3.529998186627251e-09,5.941378784951563e-05,4.5779774321210466e-05,0.0859012818610533,3.535611803043402e-09,0.998412264488053
MHAR,22,PG,AdaptiveLasso,rolling,831,4.757291728052654e-09,6.897312322965123e-05,4.7171539167488155e-05,-0.8907833954239845,4.34870627297215e-09,1.0939556340284289
MHAR,22,PG,Bagging,rolling,831,7.447292405407937e-09,8.629769640846699e-05,3.492767326408312e-05,-1.9599229195844303,4.34870627297215e-09,1.7125305637895014
MHAR,22,PG,ElasticNet,rolling,831,4.691974416047514e-09,6.849798840876653e-05,4.507436143177992e-05,-0.864823059999358,4.34870627297215e-09,1.0789356929459288
MHAR,22,PG,GradientBoosting,rolling,831,7.895738677664002e-09,8.885796912862684e-05,4.593760249938543e-05,-2.138157682931314,4.34870627297215e-09,1.8156523301509648
MHAR,22,PG,HAR,rolling,831,4.34870627297215e-09,6.594472134274395e-05,3.5057318852241654e-05,-0.7283912954141323,4.34870627297215e-09,1.0
MHAR,22,PG,HARQ,rolling,831,3.6828285471233493e-09,6.0686312683531446e-05,3.321605869042256e-05,-0.4637385014739617,4.34870627297215e-09,0.846879121271692
MHAR,22,PG,HARX,rolling,831,4.34870627297215e-09,6.594472134274395e-05,3.5057318852241654e-05,-0.7283912954141323,4.34870627297215e-09,1.0
MHAR,22,PG,Lasso,rolling,831,4.640496601253544e-09,6.812119054489245e-05,4.631651270940931e-05,-0.8443632263357643,4.34870627297215e-09,1.067098191959966
MHAR,22,PG,LevHAR,rolling,831,4.3256274228135045e-09,6.576950222415785e-05,3.4694566392314265e-05,-0.7192186171005177,4.34870627297215e-09,0.9946929388397452
MHAR,22,PG,LogHAR,rolling,831,3.196833199791961e-09,5.654054474261776e-05,3.1118563125961507e-05,-0.2705798756178073,4.34870627297215e-09,0.7351228156430684
MHAR,22,PG,NN1,fixed,831,2.54144293079485e-09,5.041272588141659e-05,2.6867378483334418e-05,-0.01009531654927,4.34870627297215e-09,0.5844135637741946
MHAR,22,PG,NN1_1,fixed,831,2.5609214900312663e-09,5.0605548016312066e-05,2.519918731925792e-05,-0.0178370609022222,4.34870627297215e-09,0.5888927256245772
MHAR,22,PG,NN2,fixed,831,2.5102101442360142e-09,5.010199740764847e-05,2.7164310417760804e-05,0.0023181400125882,4.34870627297215e-09,0.577231476827336
MHAR,22,PG,NN2_1,fixed,831,1.0187149154205711e-08,0.0001009314081651,2.78140351337108e-05,-3.048877716264042,4.34870627297215e-09,2.3425700690617677
MHAR,22,PG,NN3,fixed,831,2.880701114049264e-09,5.367216330696262e-05,2.7934051014887654e-05,-0.1449333244596511,4.34870627297215e-09,0.6624271526346229
MHAR,22,PG,NN3_1,fixed,831,2.5167770665824703e-09,5.016749013636689e-05,2.580699718631214e-05,-0.0002918802345408,4.34870627297215e-09,0.5787415632609196
MHAR,22,PG,NN4,fixed,831,2.500288078620867e-09,5.000288070322416e-05,2.7856506924235037e-05,0.0062616603989459,4.34870627297215e-09,0.5749498636319785
MHAR,22,PG,NN4_1,fixed,831,8.637185991782725e-09,9.293646212215484e-05,3.241619384485539e-05,-2.432845574752329,4.34870627297215e-09,1.9861506962344424
MHAR,22,PG,PostLasso,rolling,831,4.709429432486865e-09,6.862528274977718e-05,3.705965958158665e-05,-0.8717605482042041,4.34870627297215e-09,1.0829495341537925
MHAR,22,PG,RandomForest,rolling,831,5.3601083554053055e-09,7.321276087817823e-05,3.3787527654934516e-05,-1.130372584954399,4.34870627297215e-09,1.2325753957491146
MHAR,22,PG,Ridge,rolling,831,4.386674080339817e-09,6.62319717382762e-05,3.588007637372758e-05,-0.7434815828791868,4.34870627297215e-09,1.0087308282013991
MHAR,22,PG,SHAR,rolling,831,4.256539282058846e-09,6.524215877834552e-05,3.502705216861451e-05,-0.6917595675347064,4.34870627297215e-09,0.978805882686045
MHAR,22,UNH,AdaptiveLasso,rolling,797,5.8519644539376985e-08,0.0002419083391273,0.0001540593534319,-0.546575878474699,7.119177437719033e-08,0.822000084298033
MHAR,22,UNH,Bagging,rolling,797,8.765688716961979e-08,0.0002960690581091,0.0001066417489815,-1.3166242438039863,7.119177437719033e-08,1.2312783033780494
MHAR,22,UNH,ElasticNet,rolling,797,7.167352053896467e-08,0.0002677191075343,0.000158987041445,-0.8942107195530784,7.119177437719033e-08,1.006766879544566
MHAR,22,UNH,GradientBoosting,rolling,797,1.2556424159453198e-07,0.000354350450253,0.0001737218802941,-2.318451928025673,7.119177437719033e-08,1.7637464818514546
MHAR,22,UNH,HAR,rolling,797,7.119177437719033e-08,0.0002668178674249,0.0001132521519031,-0.8814789779437009,7.119177437719033e-08,1.0
MHAR,22,UNH,HARQ,rolling,797,5.059018748691262e-08,0.0002249226255557,0.0001037976388758,-0.3370136519220319,7.119177437719033e-08,0.7106184377267271
MHAR,22,UNH,HARX,rolling,797,7.119177437719033e-08,0.0002668178674249,0.0001132521519031,-0.8814789779437009,7.119177437719033e-08,1.0
MHAR,22,UNH,Lasso,rolling,797,7.308889317937247e-08,0.0002703495758816,0.0001638515959049,-0.931616640281712,7.119177437719033e-08,1.026648005598663
MHAR,22,UNH,LevHAR,rolling,797,6.734285897144517e-08,0.0002595050268712,0.0001064057650308,-0.7797586108486876,7.119177437719033e-08,0.9459359534241596
MHAR,22,UNH,LogHAR,rolling,797,4.7178253091226387e-08,0.0002172055549271,8.98295162876674e-05,-0.2468419586924908,7.119177437719033e-08,0.6626924740106237
MHAR,22,UNH,NN1,fixed,797,3.9409399561306225e-08,0.0001985180081536,7.630129796766789e-05,-0.0415242133891553,7.119177437719033e-08,0.5535667555145656
MHAR,22,UNH,NN1_1,fixed,797,3.869064574670907e-08,0.0001966993791213,7.198801055483983e-05,-0.0225287577440063,7.119177437719033e-08,0.5434707321904519
MHAR,22,UNH,NN2,fixed,797,3.967912825858239e-08,0.0001991962054321,7.689139839717006e-05,-0.0486526896508152,7.119177437719033e-08,0.557355517624175
MHAR,22,UNH,NN2_1,fixed,797,9.854596580996105e-08,0.0003139203176125,8.541913695162462e-05,-1.6044042960671878,7.119177437719033e-08,1.3842324716875571
MHAR,22,UNH,NN3,fixed,797,3.9293087832763113e-08,0.0001982248416136,7.570405297412593e-05,-0.0384502898346907,7.119177437719033e-08,0.5519329750734873
MHAR,22,UNH,NN3_1,fixed,797,3.894334172715022e-08,0.0001973406742847,7.391565847477389e-05,-0.0292070879186676,7.119177437719033e-08,0.547020243108698
MHAR,22,UNH,NN4,fixed,797,3.91412323863889e-08,0.000197841432431,7.500626057751853e-05,-0.0344370055397165,7.119177437719033e-08,0.5497999274327634
MHAR,22,UNH,NN4_1,fixed,797,3.9228727862044716e-08,0.0001980624342525,7.510244312053384e-05,-0.0367493639484195,7.119177437719033e-08,0.551028938458563
MHAR,22,UNH,PostLasso,rolling,797,7.652319158008487e-08,0.0002766282552091,0.0001159420309613,-1.022379376587331,7.119177437719033e-08,1.0748881068007587
MHAR,22,UNH,RandomForest,rolling,797,6.726094438767387e-08,0.0002593471503365,0.0001001027849419,-0.7775937460352873,7.119177437719033e-08,0.9447853347678902
MHAR,22,UNH,Ridge,rolling,797,7.064295040876174e-08,0.0002657874158209,0.0001138359356875,-0.8669744826108681,7.119177437719033e-08,0.9922909075770356
MHAR,22,UNH,SHAR,rolling,797,7.784116224024945e-08,0.0002790002907529,0.0001141340231734,-1.057211126636263,7.119177437719033e-08,1.093401069452619
MHAR,22,VZ,AdaptiveLasso,rolling,832,4.045326410592748e-09,6.360288052118982e-05,4.469822216960993e-05,-1.1512451635601657,3.64135789703363e-09,1.1109389752345418
MHAR,22,VZ,Bagging,rolling,832,9.13044911042554e-09,9.555338356345912e-05,3.9110010977827625e-05,-3.855438720223593,3.64135789703363e-09,2.5074297469807902
MHAR,22,VZ,ElasticNet,rolling,832,4.067305237301115e-09,6.377542816242879e-05,4.4867794446832114e-05,-1.162933180757812,3.64135789703363e-09,1.1169748627605307
MHAR,22,VZ,GradientBoosting,rolling,832,8.209965232785215e-09,9.060885846750976e-05,5.5551867815535535e-05,-3.3659389150351418,3.64135789703363e-09,2.2546438622452687
MHAR,22,VZ,HAR,rolling,832,3.64135789703363e-09,6.034366492875313e-05,3.905746211744526e-05,-0.9364206419222928,3.64135789703363e-09,1.0
MHAR,22,VZ,HARQ,rolling,832,3.7183817786048182e-09,6.097853539242164e-05,3.712368917516618e-05,-0.9773808107419872,3.64135789703363e-09,1.0211525161077777
MHAR,22,VZ,HARX,rolling,832,3.64135789703363e-09,6.034366492875313e-05,3.905746211744526e-05,-0.9364206419222928,3.64135789703363e-09,1.0
MHAR,22,VZ,Lasso,rolling,832,4.1060348818944044e-09,6.407834955657335e-05,4.6388869277446754e-05,-1.1835290368547513,3.64135789703363e-09,1.1276109072495497
MHAR,22,VZ,LevHAR,rolling,831,4.554826805748196e-09,6.748945699698728e-05,4.389248516718162e-05,-1.4204064227988544,3.64135789703363e-09,1.2508594141374312
MHAR,22,VZ,LogHAR,rolling,832,2.807713780876962e-09,5.298786446797948e-05,3.269941894972712e-05,-0.4931009463060256,3.64135789703363e-09,0.771062296063844
MHAR,22,VZ,NN1,fixed,832,1.884104840989315e-09,4.340627651606752e-05,2.7581727417348608e-05,-0.0019392789183261,3.64135789703363e-09,0.517418197899242
MHAR,22,VZ,NN1_1,fixed,832,1.8724848168565392e-09,4.327221760964579e-05,2.7153358074325452e-05,0.0042400792295429,3.64135789703363e-09,0.5142270740214596
MHAR,22,VZ,NN2,fixed,832,1.9113983032648675e-09,4.371954143475052e-05,2.8182837342536212e-05,-0.0164535412441912,3.64135789703363e-09,0.5249136056694551
MHAR,22,VZ,NN2_1,fixed,832,2.104117816175587e-09,4.587066400408421e-05,2.9430657557968065e-05,-0.1189389473630284,3.64135789703363e-09,0.5778387831335311
MHAR,22,VZ,NN3,fixed,832,1.8422603581925801e-09,4.292156052839389e-05,2.7384560212240133e-05,0.0203130023815066,3.64135789703363e-09,0.5059267477369762
MHAR,22,VZ,NN3_1,fixed,832,1.8310404275015758e-09,4.279065818028014e-05,2.565433480467312e-05,0.0262795967139934,3.64135789703363e-09,0.502845498651259
MHAR,22,VZ,NN4,fixed,832,1.8304754664076567e-09,4.2784056217330035e-05,2.7465551392134143e-05,0.0265800347250552,3.64135789703363e-09,0.5026903474384712
MHAR,22,VZ,NN4_1,fixed,832,1.955360175068324e-09,4.421945471247157e-05,2.599072992568181e-05,-0.0398318189155799,3.64135789703363e-09,0.5369865391867207
MHAR,22,VZ,PostLasso,rolling,832,3.832566637788268e-09,6.190772680197738e-05,4.151015656240536e-05,-1.0381026416001804,3.64135789703363e-09,1.052510284943538
MHAR,22,VZ,RandomForest,rolling,832,4.783155368044611e-09,6.916035980274113e-05,3.658605166497144e-05,-1.5436117652011898,3.64135789703363e-09,1.3135636494125245
MHAR,22,VZ,Ridge,rolling,832,3.8330255696155925e-09,6.191143327056475e-05,4.151586406585212e-05,-1.038346694804725,3.64135789703363e-09,1.0526363180993827
MHAR,22,VZ,SHAR,rolling,832,3.805949936558054e-09,6.169238151148045e-05,3.906205980272094e-05,-1.0239482708573182,3.64135789703363e-09,1.045200731204836
MHAR,22,WMT,AdaptiveLasso,rolling,831,5.330969067013271e-09,7.301348551475454e-05,5.343369616936355e-05,-1.110888104420248,4.438632330475511e-09,1.201038669143872
MHAR,22,WMT,Bagging,rolling,831,1.263085804649092e-08,0.0001123870902127,4.480980256708938e-05,-4.001403621705179,4.438632330475511e-09,2.8456644087792182
MHAR,22,WMT,ElasticNet,rolling,831,5.348146857270359e-09,7.313102527156555e-05,5.1706864944957355e-05,-1.1176899433838772,4.438632330475511e-09,1.2049087329333743
MHAR,22,WMT,GradientBoosting,rolling,831,8.320773521259837e-09,9.121827405328296e-05,5.237476745250142e-05,-2.294752159468616,4.438632330475511e-09,1.8746255381707704
MHAR,22,WMT,HAR,rolling,831,4.438632330475511e-09,6.662306155135406e-05,3.974300448893581e-05,-0.7575521576877602,4.438632330475511e-09,1.0
MHAR,22,WMT,HARQ,rolling,831,3.836222396676465e-09,6.193724563359647e-05,3.8388692860168015e-05,-0.5190176722581845,4.438632330475511e-09,0.8642802807380737
MHAR,22,WMT,HARX,rolling,831,4.438632330475511e-09,6.662306155135406e-05,3.974300448893581e-05,-0.7575521576877602,4.438632330475511e-09,1.0
MHAR,22,WMT,Lasso,rolling,831,5.2794503286319405e-09,7.265982609827759e-05,5.380300746960674e-05,-1.090488381473662,4.438632330475511e-09,1.1894317743741465
MHAR,22,WMT,LevHAR,rolling,830,5.293465981680099e-09,7.275620923110342e-05,3.912263528975967e-05,-1.0954790482415675,4.438632330475511e-09,1.1925894256515293
MHAR,22,WMT,LogHAR,rolling,831,3.135819768601876e-09,5.59983907679665e-05,3.5696911397347144e-05,-0.2416813085835669,4.438632330475511e-09,0.706483334308056
MHAR,22,WMT,NN1,fixed,831,3.2275546881588172e-09,5.681157178039363e-05,3.360307367125538e-05,-0.2780053142227867,4.438632330475511e-09,0.7271507184766189
MHAR,22,WMT,NN1_1,fixed,831,3.120590548867207e-09,5.586224618530128e-05,3.291284180416766e-05,-0.2356510393448212,4.438632330475511e-09,0.7030522729808751
MHAR,22,WMT,NN2,fixed,831,5.778929351646313e-08,0.0002403940380218,4.8076084397856344e-05,-21.882656176261868,4.438632330475511e-09,13.019617128385166
MHAR,22,WMT,NN2_1,fixed,831,3.7276087950191706e-09,6.105414641954443e-05,3.5418322775422674e-05,-0.4760102646303108,4.438632330475511e-09,0.8398102202395823
MHAR,22,WMT,NN3,fixed,831,3.200451766644974e-09,5.657253544472772e-05,3.2907592663133815e-05,-0.2672734502972169,4.438632330475511e-09,0.7210445759768774
MHAR,22,WMT,NN3_1,fixed,831,3.03968671328298e-09,5.513335390925333e-05,3.191196541445714e-05,-0.2036157860935024,4.438632330475511e-09,0.6848250737986532
MHAR,22,WMT,NN4,fixed,831,3.1024233124703598e-09,5.569940136545778e-05,3.230080896341661e-05,-0.2284574123103688,4.438632330475511e-09,0.6989592922957862
MHAR,22,WMT,NN4_1,fixed,831,2.735312626227606e-09,5.230021631148007e-05,3.033683303008956e-05,-0.08309367621397,4.438632330475511e-09,0.6162512284351724
MHAR,22,WMT,PostLasso,rolling,831,4.672510059196588e-09,6.835576098030501e-05,4.216767745624727e-05,-0.8501600323987537,4.438632330475511e-09,1.0526913948504542
MHAR,22,WMT,RandomForest,rolling,831,6.830689410097937e-09,8.264798491250672e-05,3.966504249585234e-05,-1.7047279471166368,4.438632330475511e-09,1.5389175992790929
MHAR,22,WMT,Ridge,rolling,831,4.570586088361462e-09,6.760610984490576e-05,4.105932423706302e-05,-0.8098014981648112,4.438632330475511e-09,1.0297284722097753
MHAR,22,WMT,SHAR,rolling,831,6.7126694290211115e-09,8.193088202272151e-05,4.0655870332269615e-05,-1.6579959231623969,4.438632330475511e-09,1.5123283320702487
MHAR,22,XOM,AdaptiveLasso,rolling,833,6.537276457095779e-09,8.085342575980178e-05,6.732177316511207e-05,0.0364078135866028,5.463989442586862e-09,1.1964291889262475
MHAR,22,XOM,Bagging,rolling,833,6.209227326300311e-09,7.87986505360359e-05,4.971531153070116e-05,0.0847621368692151,5.463989442586862e-09,1.1363907986177633
MHAR,22,XOM,ElasticNet,rolling,833,6.011263479832969e-09,7.753233828431185e-05,6.420897943268172e-05,0.1139419362704198,5.463989442586862e-09,1.1001601564198862
MHAR,22,XOM,GradientBoosting,rolling,833,6.586455823135907e-09,8.115698259013767e-05,5.872112111981085e-05,0.0291587928116601,5.463989442586862e-09,1.2054298223566162
MHAR,22,XOM,HAR,rolling,833,5.463989442586862e-09,7.391880303810974e-05,5.7842321547207297e-05,0.1946099315094556,5.463989442586862e-09,1.0
MHAR,22,XOM,HARQ,rolling,833,6.558180669515585e-09,8.098259485541066e-05,5.349022923857009e-05,0.0333265402332345,5.463989442586862e-09,1.200255003862286
MHAR,22,XOM,HARX,rolling,833,5.463989442586862e-09,7.391880303810974e-05,5.7842321547207297e-05,0.1946099315094556,5.463989442586862e-09,1.0
MHAR,22,XOM,Lasso,rolling,833,6.120264928430343e-09,7.82321221010292e-05,6.514323813168976e-05,0.0978751621534761,5.463989442586862e-09,1.120109215572125
MHAR,22,XOM,LevHAR,rolling,833,5.551271992397018e-09,7.450685869366e-05,5.649338709998047e-05,0.1817445152219103,5.463989442586862e-09,1.0159741432020106
MHAR,22,XOM,LogHAR,rolling,833,4.744648501096066e-09,6.888140896567133e-05,4.638079655989093e-05,0.3006405262283645,5.463989442586862e-09,0.8683487680477229
MHAR,22,XOM,NN1,fixed,833,6.707701114002306e-09,8.190055624965136e-05,4.5919226258050685e-05,0.0112872807706679,5.463989442586862e-09,1.2276197061659444
MHAR,22,XOM,NN1_1,fixed,833,5.911740385908253e-09,7.68878429006059e-05,4.217636198907146e-05,0.1286116043352375,5.463989442586862e-09,1.081945792177338
MHAR,22,XOM,NN2,fixed,833,7.184329165237219e-09,8.476042216292472e-05,4.9846430306370394e-05,-0.0589675216703233,5.463989442586862e-09,1.3148504843808562
MHAR,22,XOM,NN2_1,fixed,833,8.661945545484166e-09,9.306957368272494e-05,5.449236394503443e-05,-0.2767676419294174,5.463989442586862e-09,1.5852786021093168
MHAR,22,XOM,NN3,fixed,833,8.270752437762961e-09,9.094367728304678e-05,5.4255073380271296e-05,-0.2191059192758229,5.463989442586862e-09,1.5136838247343445
MHAR,22,XOM,NN3_1,fixed,833,8.505976225053738e-09,9.22278495089945e-05,5.325971768186458e-05,-0.2537778204841521,5.463989442586862e-09,1.5567336493656698
MHAR,22,XOM,NN4,fixed,833,8.535139442627285e-09,9.238581840643772e-05,5.4975211183758104e-05,-0.2580764682113783,5.463989442586862e-09,1.5620709981801175
MHAR,22,XOM,NN4_1,fixed,833,8.201232261900942e-09,9.056065515388537e-05,5.301980765861362e-05,-0.208858670486763,5.463989442586862e-09,1.5009604883164205
MHAR,22,XOM,PostLasso,rolling,833,5.725517213200858e-09,7.566714751595211e-05,6.030854683381662e-05,0.1560608326687255,5.463989442586862e-09,1.0478638865177197
MHAR,22,XOM,RandomForest,rolling,833,5.839847470305297e-09,7.641889472051592e-05,4.8480479258866496e-05,0.1392085941043166,5.463989442586862e-09,1.06878820533381
MHAR,22,XOM,Ridge,rolling,833,5.714984846726938e-09,7.559751878684206e-05,6.048591903237173e-05,0.1576132996793099,5.463989442586862e-09,1.0459362901003786
MHAR,22,XOM,SHAR,rolling,833,5.389440997669974e-09,7.341281221741866e-05,5.7311321025172944e-05,0.2055983453393788,5.463989442586862e-09,0.9863564075845662
PARTIAL_MALL,1,AAPL,AdaptiveLasso,rolling,842,6.196455672157387e-08,0.0002489268099694,9.822926481463764e-05,-0.0120679223926758,5.6781337870598756e-08,1.0912838451039557
PARTIAL_MALL,1,AAPL,Bagging,rolling,842,4.982021027592775e-08,0.0002232044136569,7.307204500776411e-05,0.1862858483167445,5.6781337870598756e-08,0.8774046569572737
PARTIAL_MALL,1,AAPL,ElasticNet,rolling,842,5.942100016626655e-08,0.0002437642306948,0.0001048223669089,0.0294760203806915,5.6781337870598756e-08,1.046488201839897
PARTIAL_MALL,1,AAPL,GradientBoosting,rolling,842,5.062750231531651e-08,0.0002250055606319,8.522593422919167e-05,0.1731003367873146,5.6781337870598756e-08,0.8916222162762972
PARTIAL_MALL,1,AAPL,HAR,rolling,842,5.6781337870598756e-08,0.000238288350262,8.470672115728025e-05,0.0725896594792289,5.6781337870598756e-08,1.0
PARTIAL_MALL,1,AAPL,HARQ,rolling,842,5.4698674689797905e-08,0.0002338774779447,7.78657407162037e-05,0.1066058246865074,5.6781337870598756e-08,0.963321343615624
PARTIAL_MALL,1,AAPL,HARX,rolling,842,5.6329559262138715e-08,0.0002373384908988,8.435953062508765e-05,0.0799685654512362,5.6781337870598756e-08,0.9920435370950644
PARTIAL_MALL,1,AAPL,Lasso,rolling,842,5.893020685395225e-08,0.0002427554465999,0.0001015582996625,0.0374921540254469,5.6781337870598756e-08,1.037844634591926
PARTIAL_MALL,1,AAPL,LevHAR,rolling,842,5.6097829903618426e-08,0.0002368498045251,8.442841304245205e-05,0.083753404121007,5.6781337870598756e-08,0.9879624539925776
PARTIAL_MALL,1,AAPL,LogHAR,rolling,842,5.103974777283395e-08,0.0002259197817209,6.67743120280824e-05,0.1663671262911887,5.6781337870598756e-08,0.8988824442486799
PARTIAL_MALL,1,AAPL,NN1,fixed,842,5.480950537074361e-08,0.0002341142997997,8.650390894177658e-05,0.1047956257125021,5.6781337870598756e-08,0.9652732293073328
PARTIAL_MALL,1,AAPL,NN1_1,fixed,842,5.7533710421804095e-08,0.0002398618569547,8.83756617339304e-05,0.0603011486748168,5.6781337870598756e-08,1.0132503491361888
PARTIAL_MALL,1,AAPL,NN2,fixed,842,5.990806302553848e-08,0.0002447612367707,9.567611636555048e-05,0.0215208162746909,5.6781337870598756e-08,1.0550660705118526
PARTIAL_MALL,1,AAPL,NN2_1,fixed,842,6.188403463763325e-08,0.0002487650189187,9.746302831810796e-05,-0.0107527541333967,5.6781337870598756e-08,1.0898657368493716
PARTIAL_MALL,1,AAPL,NN3,fixed,842,6.032823428334067e-08,0.0002456180658732,9.87009724133759e-05,0.0146581535779538,5.6781337870598756e-08,1.0624658830833658
PARTIAL_MALL,1,AAPL,NN3_1,fixed,842,6.157627937619011e-08,0.0002481456817601,9.880323578852908e-05,-0.0057261833882256,5.6781337870598756e-08,1.0844457296254402
PARTIAL_MALL,1,AAPL,NN4,fixed,842,6.114080153448615e-08,0.0002472666607824,9.96016940851632e-05,0.0013864819453089,5.6781337870598756e-08,1.0767763463732107
PARTIAL_MALL,1,AAPL,NN4_1,fixed,842,5.9110017899580363e-08,0.000243125518816,9.501174168414074e-05,0.0345552978450695,5.6781337870598756e-08,1.0410113624706858
PARTIAL_MALL,1,AAPL,PostLasso,rolling,842,5.687545223607327e-08,0.0002384857484967,9.145392463339228e-05,0.0710524883063425,5.6781337870598756e-08,1.0016574876359727
PARTIAL_MALL,1,AAPL,RandomForest,rolling,842,4.930904404599743e-08,0.000222056398345,7.342289706243818e-05,0.1946347330936892,5.6781337870598756e-08,0.8684022936967384
PARTIAL_MALL,1,AAPL,Ridge,rolling,842,5.5226510738238664e-08,0.0002350032143146,8.794727895190613e-05,0.0979846715439174,5.6781337870598756e-08,0.972617286054382
PARTIAL_MALL,1,AAPL,SHAR,rolling,842,5.5625773647738736e-08,0.0002358511684256,8.358261693900272e-05,0.0914635051758296,5.6781337870598756e-08,0.9796488729185374
PARTIAL_MALL,1,AXP,AdaptiveLasso,rolling,837,2.2928691416663478e-08,0.0001514222289383,7.161119600717786e-05,-0.0974868843612943,2.0547715078469097e-08,1.1158754795412402
PARTIAL_MALL,1,AXP,Bagging,rolling,837,2.2290195535673296e-08,0.0001492990138469,5.006184498442153e-05,-0.0669251378415534,2.0547715078469097e-08,1.0848016653214183
PARTIAL_MALL,1,AXP,ElasticNet,rolling,837,2.3321409560046775e-08,0.0001527134884679,7.923930718619e-05,-0.1162844251272123,2.0547715078469097e-08,1.1349879765699151
PARTIAL_MALL,1,AXP,GradientBoosting,rolling,837,2.3791257926937225e-08,0.0001542441503815,5.657718160829641e-05,-0.1387738210953615,2.0547715078469097e-08,1.1578541865157004
PARTIAL_MALL,1,AXP,HAR,rolling,837,2.0547715078469097e-08,0.0001433447420677,6.036841657468651e-05,0.0164790745178,2.0547715078469097e-08,1.0
PARTIAL_MALL,1,AXP,HARQ,rolling,837,2.7075640576307885e-08,0.0001645467732175,7.850057586063054e-05,-0.2959815228087035,2.0547715078469097e-08,1.317695932268356
PARTIAL_MALL,1,AXP,HARX,rolling,837,2.7409632875571585e-08,0.0001655585481803,8.741244282476692e-05,-0.3119681380611199,2.0547715078469097e-08,1.3339504062080725
PARTIAL_MALL,1,AXP,Lasso,rolling,837,2.3379337880147712e-08,0.0001529030342411,7.981135201924258e-05,-0.1190571769772224,2.0547715078469097e-08,1.1378071863886088
PARTIAL_MALL,1,AXP,LevHAR,rolling,837,4.6685906877301625e-08,0.0002160692177921,0.0001082098002637,-1.23463125528021,2.0547715078469097e-08,2.272072914142235
PARTIAL_MALL,1,AXP,LogHAR,rolling,837,1.7884252515990377e-08,0.0001337320175425,4.519646052821333e-05,0.1439662989820509,2.0547715078469097e-08,0.8703767035747141
PARTIAL_MALL,1,AXP,NN1,fixed,837,1.836417250411189e-08,0.0001355144734119,5.339606257626556e-05,0.1209948226367673,2.0547715078469097e-08,0.8937330712432728
PARTIAL_MALL,1,AXP,NN1_1,fixed,837,1.9481436092611493e-08,0.0001395759151594,6.0252701916815576e-05,0.0675167539380182,2.0547715078469097e-08,0.9481071748471488
PARTIAL_MALL,1,AXP,NN2,fixed,837,2.0433137455948537e-08,0.0001429445257991,5.631740678687586e-05,0.0219633577537036,2.0547715078469097e-08,0.9944238265868978
PARTIAL_MALL,1,AXP,NN2_1,fixed,837,2.0809036897590325e-08,0.0001442533774217,4.808752700678594e-05,0.0039708478653817,2.0547715078469097e-08,1.0127178042971337
PARTIAL_MALL,1,AXP,NN3,fixed,837,1.9856397089251256e-08,0.0001409127286275,5.291202528080963e-05,0.0495691629272155,2.0547715078469097e-08,0.9663554810557872
PARTIAL_MALL,1,AXP,NN3_1,fixed,837,1.936815124514769e-08,0.0001391695054426,5.340848449867921e-05,0.072939158209988,2.0547715078469097e-08,0.9425939171914346
PARTIAL_MALL,1,AXP,NN4,fixed,837,2.0402033931334997e-08,0.0001428356885772,5.3774231100591616e-05,0.0234521348365491,2.0547715078469097e-08,0.9929101047694228
PARTIAL_MALL,1,AXP,NN4_1,fixed,837,1.973727351908114e-08,0.0001404894071418,5.2717264405626906e-05,0.0552710389525076,2.0547715078469097e-08,0.9605580690459752
PARTIAL_MALL,1,AXP,PostLasso,rolling,837,2.9588101776631393e-08,0.000172011923356,9.31815381978522e-05,-0.4162410336858808,2.0547715078469097e-08,1.4399704134322584
PARTIAL_MALL,1,AXP,RandomForest,rolling,837,2.0028954326469863e-08,0.0001415236882167,4.922550483865527e-05,0.0413096726140698,2.0547715078469097e-08,0.9747533606526004
PARTIAL_MALL,1,AXP,Ridge,rolling,837,2.7747496852739282e-08,0.0001665757991208,8.879441666784048e-05,-0.3281400720324678,2.0547715078469097e-08,1.3503933039160383
PARTIAL_MALL,1,AXP,SHAR,rolling,837,2.586776188419473e-08,0.0001608345792551,8.193866512264271e-05,-0.2381661421398244,2.0547715078469097e-08,1.258911844232269
PARTIAL_MALL,1,BA,AdaptiveLasso,rolling,836,2.7232017510074473e-08,0.0001650212638118,6.283559628901726e-05,0.1267863323982244,2.8069696674019786e-08,0.9701571707855098
PARTIAL_MALL,1,BA,Bagging,rolling,836,2.6719033744946743e-08,0.0001634595783212,6.400615365204094e-05,0.1432355152324245,2.8069696674019786e-08,0.9518818124485412
PARTIAL_MALL,1,BA,ElasticNet,rolling,836,2.6842065586408464e-08,0.0001638354832947,6.682655285773077e-05,0.1392904132775345,2.8069696674019786e-08,0.9562648965584452
PARTIAL_MALL,1,BA,GradientBoosting,rolling,836,2.7515455833308487e-08,0.0001658778340626,6.842777599024424e-05,0.1176976845344182,2.8069696674019786e-08,0.9802548332763324
PARTIAL_MALL,1,BA,HAR,rolling,836,2.8069696674019786e-08,0.0001675401345171,6.410339707359215e-05,0.0999255647466293,2.8069696674019786e-08,1.0
PARTIAL_MALL,1,BA,HARQ,rolling,836,2.7717603710407657e-08,0.0001664860465937,6.437292012188703e-05,0.1112156716209652,2.8069696674019786e-08,0.9874564742290924
PARTIAL_MALL,1,BA,HARX,rolling,836,2.7506303133811395e-08,0.0001658502430924,6.458282402312788e-05,0.1179911722384913,2.8069696674019786e-08,0.9799287627952944
PARTIAL_MALL,1,BA,Lasso,rolling,836,2.6974260928887608e-08,0.0001642384270774,6.61734370008364e-05,0.1350514772602754,2.8069696674019786e-08,0.9609744359601124
PARTIAL_MALL,1,BA,LevHAR,rolling,836,2.745221892296938e-08,0.0001656871115173,6.455447299908739e-05,0.119725420246052,2.8069696674019786e-08,0.978001979920862
PARTIAL_MALL,1,BA,LogHAR,rolling,836,2.5856791491505063e-08,0.0001608004710549,5.836191638638571e-05,0.1708839155101669,2.8069696674019786e-08,0.9211639082454744
PARTIAL_MALL,1,BA,NN1,fixed,836,2.999205950064735e-08,0.0001731821569927,7.329150062035424e-05,0.0382836576172819,2.8069696674019786e-08,1.0684853437838118
PARTIAL_MALL,1,BA,NN1_1,fixed,836,3.593268841138681e-08,0.0001895591950061,8.598710398583774e-05,-0.1522067589333411,2.8069696674019786e-08,1.280123858432881
PARTIAL_MALL,1,BA,NN2,fixed,836,3.0332388531179584e-08,0.0001741619606319,6.972928098522876e-05,0.0273707694762374,2.8069696674019786e-08,1.0806097722906305
PARTIAL_MALL,1,BA,NN2_1,fixed,836,2.8269782880452762e-08,0.0001681362033604,7.40888736847267e-05,0.0935096607435115,2.8069696674019786e-08,1.007128192682544
PARTIAL_MALL,1,BA,NN3,fixed,836,3.0292971518335895e-08,0.0001740487618983,7.175751907792948e-05,0.0286347035324788,2.8069696674019786e-08,1.0792055172571169
PARTIAL_MALL,1,BA,NN3_1,fixed,836,3.073751128970652e-08,0.00017532116612,7.444281932008437e-05,0.0143802251777335,2.8069696674019786e-08,1.095042516727869
PARTIAL_MALL,1,BA,NN4,fixed,836,3.100865706715393e-08,0.0001760927513191,7.246861334878714e-05,0.005685746382984,2.8069696674019786e-08,1.104702249805725
PARTIAL_MALL,1,BA,NN4_1,fixed,836,3.1125400201066535e-08,0.0001764239218503,7.144917024879516e-05,0.0019422962293759,2.8069696674019786e-08,1.1088612948879846
PARTIAL_MALL,1,BA,PostLasso,rolling,836,2.732653377447355e-08,0.000165307391772,6.269960315497691e-05,0.1237556023447713,2.8069696674019786e-08,0.9735243701356392
PARTIAL_MALL,1,BA,RandomForest,rolling,836,2.6032354612444342e-08,0.0001613454511675,6.182378961012823e-05,0.1652543613769013,2.8069696674019786e-08,0.9274184511063444
PARTIAL_MALL,1,BA,Ridge,rolling,836,2.7508533932329623e-08,0.0001658569682959,6.490214949600731e-05,0.1179196401254166,2.8069696674019786e-08,0.9800082363480062
PARTIAL_MALL,1,BA,SHAR,rolling,836,2.7643233411680263e-08,0.000166262543622,6.491362402802528e-05,0.1136004072098126,2.8069696674019786e-08,0.9848069871473089
PARTIAL_MALL,1,CAT,AdaptiveLasso,rolling,827,2.0387728931926268e-08,0.0001427856047783,7.050112306012262e-05,0.2613148519220069,2.0734239838773204e-08,0.9832879859815764
PARTIAL_MALL,1,CAT,Bagging,rolling,827,2.038031237135996e-08,0.0001427596314486,7.156797880011274e-05,0.2615835676361722,2.0734239838773204e-08,0.982930289696399
PARTIAL_MALL,1,CAT,ElasticNet,rolling,827,1.997597203945952e-08,0.0001413363790375,7.225648146169963e-05,0.2762335661201163,2.0734239838773204e-08,0.9634291970571442
PARTIAL_MALL,1,CAT,GradientBoosting,rolling,827,2.0932552577498344e-08,0.0001446808645865,7.452591653795352e-05,0.2415748830098454,2.0734239838773204e-08,1.0095645049091355
PARTIAL_MALL,1,CAT,HAR,rolling,827,2.0734239838773204e-08,0.0001439938881993,7.384680747420151e-05,0.2487601205250221,2.0734239838773204e-08,1.0
PARTIAL_MALL,1,CAT,HARQ,rolling,827,2.14795749543422e-08,0.000146559117609,7.474633772428875e-05,0.2217552499948059,2.0734239838773204e-08,1.035947067332327
PARTIAL_MALL,1,CAT,HARX,rolling,827,2.0567534281924093e-08,0.0001434138566594,7.375837063596319e-05,0.254800171349598,2.0734239838773204e-08,0.991959890589412
PARTIAL_MALL,1,CAT,Lasso,rolling,827,1.986259756431939e-08,0.0001409347280279,7.134918298693764e-05,0.2803413331615942,2.0734239838773204e-08,0.9579612138553624
PARTIAL_MALL,1,CAT,LevHAR,rolling,827,2.0547058130834367e-08,0.000143342450554,7.390558794448748e-05,0.2555420601960843,2.0734239838773204e-08,0.9909723380555864
PARTIAL_MALL,1,CAT,LogHAR,rolling,827,1.8920467445122772e-08,0.0001375516900845,6.668817394217419e-05,0.3144764508557325,2.0734239838773204e-08,0.9125228410709002
PARTIAL_MALL,1,CAT,NN1,fixed,827,2.645850077365815e-08,0.000162660692159,7.54874026972542e-05,0.04135955372128,2.0734239838773204e-08,1.2760776849981512
PARTIAL_MALL,1,CAT,NN1_1,fixed,827,2.8823226890620404e-08,0.0001697740465755,8.101373885256957e-05,-0.044318849582227,2.0734239838773204e-08,1.390127012841856
PARTIAL_MALL,1,CAT,NN2,fixed,827,3.067468386032841e-08,0.0001751418963592,8.489475984768891e-05,-0.1114005618413653,2.0734239838773204e-08,1.4794216763600123
PARTIAL_MALL,1,CAT,NN2_1,fixed,827,2.9177468808688114e-08,0.0001708141352719,8.117875648979038e-05,-0.0571536898225006,2.0734239838773204e-08,1.4072118889126577
PARTIAL_MALL,1,CAT,NN3,fixed,827,3.004685104205797e-08,0.0001733402753028,8.42400805710902e-05,-0.0886530169882418,2.0734239838773204e-08,1.4491416746260506
PARTIAL_MALL,1,CAT,NN3_1,fixed,827,2.7914414811246123e-08,0.0001670760749217,8.057626439380417e-05,-0.0113909061281429,2.0734239838773204e-08,1.3462955492125603
PARTIAL_MALL,1,CAT,NN4,fixed,827,3.1479935465186396e-08,0.0001774258590656,8.731166372793549e-05,-0.1405763176580463,2.0734239838773204e-08,1.518258480174356
PARTIAL_MALL,1,CAT,NN4_1,fixed,827,3.0652964165021935e-08,0.0001750798793837,8.628711212422718e-05,-0.1106136170866434,2.0734239838773204e-08,1.4783741484315536
PARTIAL_MALL,1,CAT,PostLasso,rolling,827,2.0741088114786522e-08,0.0001440176659815,7.314433614823592e-05,0.2485119948118608,2.0734239838773204e-08,1.0003302882607017
PARTIAL_MALL,1,CAT,RandomForest,rolling,827,1.9526342144907795e-08,0.0001397366886143,7.029973896441329e-05,0.2925244892703219,2.0734239838773204e-08,0.9417438158689266
PARTIAL_MALL,1,CAT,Ridge,rolling,827,2.04891802275962e-08,0.0001431404213616,7.354076166851731e-05,0.2576390837373862,2.0734239838773204e-08,0.9881809213608718
PARTIAL_MALL,1,CAT,SHAR,rolling,827,2.069532699760921e-08,0.0001438587049768,7.369885017582666e-05,0.2501700047712439,2.0734239838773204e-08,0.9981232569186728
PARTIAL_MALL,1,CSCO,AdaptiveLasso,rolling,842,1.1566031818230436e-08,0.0001075454872053,4.9262995693215246e-05,0.2555280111828714,1.327614374808164e-08,0.8711891071457921
PARTIAL_MALL,1,CSCO,Bagging,rolling,842,1.3214965812484057e-08,0.0001149563648193,5.058198440912655e-05,0.1493909030179745,1.327614374808164e-08,0.9953918896361432
PARTIAL_MALL,1,CSCO,ElasticNet,rolling,842,1.1470687106398057e-08,0.0001071012936728,5.056221313007258e-05,0.2616650742963557,1.327614374808164e-08,0.8640074500590981
PARTIAL_MALL,1,CSCO,GradientBoosting,rolling,842,1.210287597934943e-08,0.0001100130718567,5.868192421053101e-05,0.2209729064940561,1.327614374808164e-08,0.9116258613197268
PARTIAL_MALL,1,CSCO,HAR,rolling,842,1.327614374808164e-08,0.000115222149555,5.384370266227375e-05,0.1454530563907266,1.327614374808164e-08,1.0
PARTIAL_MALL,1,CSCO,HARQ,rolling,842,1.2056991965228822e-08,0.0001098043349109,5.007523172202219e-05,0.2239263276659951,1.327614374808164e-08,0.908169736183447
PARTIAL_MALL,1,CSCO,HARX,rolling,842,1.1479908751061316e-08,0.0001071443360661,4.96826850160612e-05,0.2610715037225828,1.327614374808164e-08,0.8647020527116638
PARTIAL_MALL,1,CSCO,Lasso,rolling,842,1.1650060820837778e-08,0.0001079354474713,4.981462704135997e-05,0.2501193075174703,1.327614374808164e-08,0.8775184301933439
PARTIAL_MALL,1,CSCO,LevHAR,rolling,842,1.2166204791985565e-08,0.0001103005203613,5.239497227793206e-05,0.216896614137819,1.327614374808164e-08,0.9163959823607318
PARTIAL_MALL,1,CSCO,LogHAR,rolling,842,1.0651172475996972e-08,0.0001032045177111,4.597753268843949e-05,0.3144148588679125,1.327614374808164e-08,0.8022790863149575
PARTIAL_MALL,1,CSCO,NN1,fixed,842,1.2008887030773353e-08,0.0001095850675538,5.469927990346056e-05,0.2270227030511581,1.327614374808164e-08,0.9045463244934056
PARTIAL_MALL,1,CSCO,NN1_1,fixed,842,1.5008053382558892e-08,0.000122507360524,5.680525526286469e-05,0.0339750464479793,1.327614374808164e-08,1.1304527630417909
PARTIAL_MALL,1,CSCO,NN2,fixed,842,1.4311954252216428e-08,0.0001196325802288,6.223789735417764e-05,0.0787809325223279,1.327614374808164e-08,1.0780204345320124
PARTIAL_MALL,1,CSCO,NN2_1,fixed,842,1.3444753420843562e-08,0.0001159515132322,5.682955262329771e-05,0.1346001398167795,1.327614374808164e-08,1.0127001993923337
PARTIAL_MALL,1,CSCO,NN3,fixed,842,1.3692758027397904e-08,0.000117016058844,5.9184721509274074e-05,0.1186368011731573,1.327614374808164e-08,1.0313806695092815
PARTIAL_MALL,1,CSCO,NN3_1,fixed,842,1.3992253152772949e-08,0.0001182888547276,5.9521192180743793e-05,0.0993591668787786,1.327614374808164e-08,1.0539395639486642
PARTIAL_MALL,1,CSCO,NN4,fixed,842,1.4870884834422697e-08,0.0001219462374754,6.348241405970829e-05,0.0428041888400267,1.327614374808164e-08,1.1201208059058183
PARTIAL_MALL,1,CSCO,NN4_1,fixed,842,1.4402171886473305e-08,0.0001200090491857,6.398576349285876e-05,0.0729738845514129,1.327614374808164e-08,1.084815904358852
PARTIAL_MALL,1,CSCO,PostLasso,rolling,842,1.1541436809966414e-08,0.0001074310793484,5.0222796643823576e-05,0.257111120671506,1.327614374808164e-08,0.8693365354404297
PARTIAL_MALL,1,CSCO,RandomForest,rolling,842,1.1905642361289497e-08,0.000109112979802,5.0533492834100006e-05,0.2336682635712548,1.327614374808164e-08,0.8967696182869234
PARTIAL_MALL,1,CSCO,Ridge,rolling,842,1.1447641603290004e-08,0.0001069936521635,5.02080961800631e-05,0.2631484466233366,1.327614374808164e-08,0.8622715918501673
PARTIAL_MALL,1,CSCO,SHAR,rolling,842,1.1130635356990116e-08,0.0001055018263206,4.893837195418544e-05,0.2835532210835226,1.327614374808164e-08,0.8383937058981045
PARTIAL_MALL,1,DIS,AdaptiveLasso,rolling,837,1.4656093109311257e-08,0.000121062352155,5.556124731445859e-05,0.2519922166291155,1.5038052567166282e-08,0.9746004706294892
PARTIAL_MALL,1,DIS,Bagging,rolling,837,1.3520298554553114e-08,0.0001162768186465,5.230461343551218e-05,0.3099601321529056,1.5038052567166282e-08,0.8990724360196085
PARTIAL_MALL,1,DIS,ElasticNet,rolling,837,1.4192275101465766e-08,0.0001191313355144,5.575914556593875e-05,0.2756642469136111,1.5038052567166282e-08,0.943757513685837
PARTIAL_MALL,1,DIS,GradientBoosting,rolling,837,1.471242783862276e-08,0.0001212947972446,5.871455798796997e-05,0.2491170427553682,1.5038052567166282e-08,0.9783466158873204
PARTIAL_MALL,1,DIS,HAR,rolling,837,1.5038052567166282e-08,0.000122629737695,5.58187768226196e-05,0.2324980277428449,1.5038052567166282e-08,1.0
PARTIAL_MALL,1,DIS,HARQ,rolling,837,1.497114257610715e-08,0.0001223566204833,5.6517218749966486e-05,0.2359129346845664,1.5038052567166282e-08,0.9955506212815602
PARTIAL_MALL,1,DIS,HARX,rolling,837,1.4669085534088316e-08,0.0001211160003223,5.682116229747452e-05,0.2513291180266696,1.5038052567166282e-08,0.9754644405297824
PARTIAL_MALL,1,DIS,Lasso,rolling,837,1.4354389539242354e-08,0.000119809805689,5.409286934796862e-05,0.2673903597085248,1.5038052567166282e-08,0.9545377950455752
PARTIAL_MALL,1,DIS,LevHAR,rolling,837,1.5154668285641555e-08,0.0001231042984044,6.029717328887912e-05,0.2265462734497806,1.5038052567166282e-08,1.0077547087932046
PARTIAL_MALL,1,DIS,LogHAR,rolling,837,1.3380100761858769e-08,0.0001156723854766,4.833244423883727e-05,0.3171154524258208,1.5038052567166282e-08,0.8897495671130022
PARTIAL_MALL,1,DIS,NN1,fixed,837,1.7330567293729482e-08,0.0001316456125122,5.897218476186168e-05,0.1154942091827542,1.5038052567166282e-08,1.1524475803182537
PARTIAL_MALL,1,DIS,NN1_1,fixed,837,1.68229383829561e-08,0.0001297032705175,5.600559549203071e-05,0.1414022307469278,1.5038052567166282e-08,1.1186912871741717
PARTIAL_MALL,1,DIS,NN2,fixed,837,1.846615555555341e-08,0.0001358902334811,6.340775877718106e-05,0.0575368222984382,1.5038052567166282e-08,1.2279618968663513
PARTIAL_MALL,1,DIS,NN2_1,fixed,837,1.8922755033964243e-08,0.0001375600052121,6.288991798698776e-05,0.0342332064448105,1.5038052567166282e-08,1.2583248362410786
PARTIAL_MALL,1,DIS,NN3,fixed,837,1.9013580400432883e-08,0.0001378897400114,6.334409228551572e-05,0.0295977227221467,1.5038052567166282e-08,1.2643645389261822
PARTIAL_MALL,1,DIS,NN3_1,fixed,837,1.911680016349536e-08,0.0001382635171095,6.191452840788601e-05,0.024329662155625,1.5038052567166282e-08,1.271228443850138
PARTIAL_MALL,1,DIS,NN4,fixed,837,1.9173448449153143e-08,0.0001384682218025,6.37627381016159e-05,0.0214384852048102,1.5038052567166282e-08,1.2749954399691343
PARTIAL_MALL,1,DIS,NN4_1,fixed,837,1.9307589507018667e-08,0.0001389517524431,6.255118445237033e-05,0.014592284474189,1.5038052567166282e-08,1.2839155482920968
PARTIAL_MALL,1,DIS,PostLasso,rolling,837,1.4753084743182402e-08,0.0001214622770376,5.723705041215088e-05,0.2470420231146253,1.5038052567166282e-08,0.9810502175922652
PARTIAL_MALL,1,DIS,RandomForest,rolling,837,1.3297509189050868e-08,0.000115314826406,5.171289393404757e-05,0.3213307053476179,1.5038052567166282e-08,0.8842573950090007
PARTIAL_MALL,1,DIS,Ridge,rolling,837,1.4595343907883294e-08,0.0001208111911533,5.699193498404381e-05,0.2550926933498052,1.5038052567166282e-08,0.9705607719280364
PARTIAL_MALL,1,DIS,SHAR,rolling,837,1.4729968421271611e-08,0.0001213670812917,5.649246823270016e-05,0.2482218183426724,1.5038052567166282e-08,0.9795130290628632
PARTIAL_MALL,1,GE,AdaptiveLasso,rolling,841,7.82235040674051e-08,0.0002796846511115,9.689987110058162e-05,-0.1350120009770798,7.439127961895093e-08,1.0515144311011142
PARTIAL_MALL,1,GE,Bagging,rolling,841,7.262931108532865e-08,0.0002694982580376,5.75373950439353e-05,-0.0538410505557438,7.439127961895093e-08,0.976314851113632
PARTIAL_MALL,1,GE,ElasticNet,rolling,841,7.200663721229958e-08,0.0002683405247298,7.985442780336548e-05,-0.0448061405627844,7.439127961895093e-08,0.9679445975540945
PARTIAL_MALL,1,GE,GradientBoosting,rolling,841,8.616374703368487e-08,0.0002935366195786,7.694870409162517e-05,-0.2502238054704651,7.439127961895093e-08,1.158250637373563
PARTIAL_MALL,1,GE,HAR,rolling,841,7.439127961895093e-08,0.0002727476482372,6.3358818387456e-05,-0.0794069652363491,7.439127961895093e-08,1.0
PARTIAL_MALL,1,GE,HARQ,rolling,841,7.409440236888223e-08,0.0002722028698762,7.797831012989397e-05,-0.0750993182488821,7.439127961895093e-08,0.9960092466268978
PARTIAL_MALL,1,GE,HARX,rolling,841,7.401196944013042e-08,0.0002720514095536,8.065588565552924e-05,-0.0739032280899916,7.439127961895093e-08,0.994901147274742
PARTIAL_MALL,1,GE,Lasso,rolling,841,7.197292195744108e-08,0.0002682776956018,8.036856039146582e-05,-0.0443169369744689,7.439127961895093e-08,0.9674913824053404
PARTIAL_MALL,1,GE,LevHAR,rolling,841,8.66166572789612e-08,0.0002943070798994,0.0001120465352051,-0.2567954691907597,7.439127961895093e-08,1.1643388542666753
PARTIAL_MALL,1,GE,LogHAR,rolling,841,6.609422273217784e-08,0.0002570879669143,5.165015108481443e-05,0.0409821588709287,7.439127961895093e-08,0.8884673455104886
PARTIAL_MALL,1,GE,NN1,fixed,841,6.856266213553604e-08,0.0002618447290581,6.240594512085756e-05,0.0051654516050149,7.439127961895093e-08,0.9216491837044556
PARTIAL_MALL,1,GE,NN1_1,fixed,841,6.803549595146116e-08,0.0002608361477085,6.140462413337549e-05,0.0128145585143486,7.439127961895093e-08,0.9145627861216322
PARTIAL_MALL,1,GE,NN2,fixed,841,6.953304413971978e-08,0.0002636911908648,6.220060483430648e-05,-0.0089146542840241,7.439127961895093e-08,0.9346934814925064
PARTIAL_MALL,1,GE,NN2_1,fixed,841,6.789621817536313e-08,0.0002605690276593,6.45135273004412e-05,0.0148354593832797,7.439127961895093e-08,0.9126905535587372
PARTIAL_MALL,1,GE,NN3,fixed,841,6.860193669082145e-08,0.000261919714208,6.181973906723203e-05,0.0045955833523275,7.439127961895093e-08,0.9221771293922646
PARTIAL_MALL,1,GE,NN3_1,fixed,841,6.963793381365691e-08,0.0002638900032469,6.195060228705953e-05,-0.0104365886452695,7.439127961895093e-08,0.936103454199985
PARTIAL_MALL,1,GE,NN4,fixed,841,6.913414408619858e-08,0.0002629337256538,6.241605263557023e-05,-0.0031266708213191,7.439127961895093e-08,0.9293312931343484
PARTIAL_MALL,1,GE,NN4_1,fixed,841,6.945516225239737e-08,0.0002635434731735,6.322057017426023e-05,-0.0077845990937894,7.439127961895093e-08,0.9336465592225662
PARTIAL_MALL,1,GE,PostLasso,rolling,841,7.43910835360025e-08,0.0002727472887784,7.69124516854305e-05,-0.0794041201004491,7.439127961895093e-08,0.9999973641675552
PARTIAL_MALL,1,GE,RandomForest,rolling,841,6.73464704208609e-08,0.0002595119851198,5.5848028974293225e-05,0.022812221691608,7.439127961895093e-08,0.9053006046652896
PARTIAL_MALL,1,GE,Ridge,rolling,841,7.372383288711341e-08,0.0002715213304459,8.106028873842729e-05,-0.0697224073827951,7.439127961895093e-08,0.9910278901605628
PARTIAL_MALL,1,GE,SHAR,rolling,841,7.231029214109879e-08,0.0002689057309562,8.001080666019845e-05,-0.0492121307118063,7.439127961895093e-08,0.9720264594383716
PARTIAL_MALL,1,GS,AdaptiveLasso,rolling,823,2.869718355799152e-08,0.0001694024307912,0.0001049948461152,-0.1010238613031024,2.303487429682246e-08,1.2458146368938572
PARTIAL_MALL,1,GS,Bagging,rolling,823,2.181687253439789e-08,0.0001477053571621,6.327886530939994e-05,0.1629527967147465,2.303487429682246e-08,0.9471235767675714
PARTIAL_MALL,1,GS,ElasticNet,rolling,823,2.9405493169861392e-08,0.0001714802996552,0.0001091527457695,-0.1281995519865839,2.303487429682246e-08,1.2765640823973468
PARTIAL_MALL,1,GS,GradientBoosting,rolling,823,2.3229591480035024e-08,0.0001524125699541,7.790498984677246e-05,0.1087510571845166,2.303487429682246e-08,1.008453147202085
PARTIAL_MALL,1,GS,HAR,rolling,823,2.303487429682246e-08,0.0001517724424815,7.4151516136551e-05,0.1162217647014938,2.303487429682246e-08,1.0
PARTIAL_MALL,1,GS,HARQ,rolling,823,3.8730894626661474e-08,0.0001968016631704,0.0001053681696267,-0.4859869111334829,2.303487429682246e-08,1.6814024738135511
PARTIAL_MALL,1,GS,HARX,rolling,823,3.3846894478602253e-08,0.0001839752550714,0.0001137655172977,-0.2986026442853307,2.303487429682246e-08,1.4693761312720186
PARTIAL_MALL,1,GS,Lasso,rolling,823,2.8631978448461757e-08,0.0001692098651038,0.0001070005969343,-0.0985221390931136,2.303487429682246e-08,1.242983924267014
PARTIAL_MALL,1,GS,LevHAR,rolling,822,5.7777094495442454e-08,0.0002403686637135,0.0001475032469841,-1.2147742375897157,2.303487429682246e-08,2.508244401551282
PARTIAL_MALL,1,GS,LogHAR,rolling,823,2.0292686637662322e-08,0.0001424524013053,6.058793244168676e-05,0.2214311849501729,2.303487429682246e-08,0.8809549544822821
PARTIAL_MALL,1,GS,NN1,fixed,823,2.3788075262247123e-08,0.000154233833066,6.739331983294104e-05,0.0873237289896183,2.303487429682246e-08,1.0326982885045983
PARTIAL_MALL,1,GS,NN1_1,fixed,823,2.3827784940979086e-08,0.0001543625114494,7.701783751151795e-05,0.085800189102151,2.303487429682246e-08,1.034422182380479
PARTIAL_MALL,1,GS,NN2,fixed,823,2.5680247720585144e-08,0.0001602505779103,7.355944370845507e-05,0.014726812915234,2.303487429682246e-08,1.1148421037456062
PARTIAL_MALL,1,GS,NN2_1,fixed,823,2.4775539141974956e-08,0.0001574024750185,7.252426994405036e-05,0.0494377360468539,2.303487429682246e-08,1.0755665007207185
PARTIAL_MALL,1,GS,NN3,fixed,823,2.5369574313638173e-08,0.0001592782920351,7.319978276589147e-05,0.0266464089072836,2.303487429682246e-08,1.1013550144329534
PARTIAL_MALL,1,GS,NN3_1,fixed,823,2.584931833507368e-08,0.000160777232017,7.484253570778735e-05,0.0082400864244311,2.303487429682246e-08,1.122181870931219
PARTIAL_MALL,1,GS,NN4,fixed,823,2.608704490101088e-08,0.0001615148442125,7.39007230561357e-05,-0.0008807606103857,2.303487429682246e-08,1.1325021601967002
PARTIAL_MALL,1,GS,NN4_1,fixed,823,2.5906002237145777e-08,0.0001609534163574,7.362048514797575e-05,0.0060652970898951,2.303487429682246e-08,1.1246426571869494
PARTIAL_MALL,1,GS,PostLasso,rolling,823,3.467737832659232e-08,0.0001862186304497,0.0001179420282622,-0.3304657897126895,2.303487429682246e-08,1.5054294579491534
PARTIAL_MALL,1,GS,RandomForest,rolling,823,2.1473746207018743e-08,0.0001465392309486,6.428638891217007e-05,0.1761175127964585,2.303487429682246e-08,0.9322276271323492
PARTIAL_MALL,1,GS,Ridge,rolling,823,3.5090990466360965e-08,0.0001873258937423,0.0001171458639279,-0.3463348325506263,2.303487429682246e-08,1.5233853683847354
PARTIAL_MALL,1,GS,SHAR,rolling,823,3.344026605717128e-08,0.0001828667986737,0.0001119161050915,-0.2830015455302987,2.303487429682246e-08,1.4517234010599394
PARTIAL_MALL,1,HD,AdaptiveLasso,rolling,838,9.10551900612653e-08,0.0003017535253501,9.10080475325132e-05,-0.0984427036597039,8.777102944694204e-08,1.0374173646477345
PARTIAL_MALL,1,HD,Bagging,rolling,838,8.301686391864098e-08,0.0002881264720893,6.192031338008712e-05,-0.001472495865268,8.777102944694204e-08,0.9458344563319157
PARTIAL_MALL,1,HD,ElasticNet,rolling,838,8.233733583297342e-08,0.0002869448306434,7.715573950664009e-05,0.0067249793926625,8.777102944694204e-08,0.938092401921145
PARTIAL_MALL,1,HD,GradientBoosting,rolling,838,8.63463111809821e-08,0.0002938474284062,7.251159670082028e-05,-0.0416372250814465,8.777102944694204e-08,0.9837677844849572
PARTIAL_MALL,1,HD,HAR,rolling,838,8.777102944694204e-08,0.0002962617583268,6.55406822748985e-05,-0.0588242891352519,8.777102944694204e-08,1.0
PARTIAL_MALL,1,HD,HARQ,rolling,838,8.14710481140064e-08,0.0002854313369516,6.52964681357389e-05,0.0171754262428537,8.777102944694204e-08,0.9282225425333082
PARTIAL_MALL,1,HD,HARX,rolling,838,8.506235509715743e-08,0.0002916545132466,6.973486539425268e-05,-0.0261482431667663,8.777102944694204e-08,0.9691393120617092
PARTIAL_MALL,1,HD,Lasso,rolling,838,8.448463546983679e-08,0.0002906624080782,7.42606587843126e-05,-0.0191789324776734,8.777102944694204e-08,0.96255719002257
PARTIAL_MALL,1,HD,LevHAR,rolling,837,8.307894341450616e-08,0.0002882341815512,6.941827049477605e-05,-0.0010452144203998,8.777102944694204e-08,0.9465417454711266
PARTIAL_MALL,1,HD,LogHAR,rolling,838,8.017246362656047e-08,0.0002831474238388,5.610872647655188e-05,0.0328408776505212,8.777102944694204e-08,0.9134274045973796
PARTIAL_MALL,1,HD,NN1,fixed,838,8.003155470848424e-08,0.000282898488346,5.504751885414625e-05,0.0345407299361215,8.777102944694204e-08,0.91182198970178
PARTIAL_MALL,1,HD,NN1_1,fixed,838,7.81829734802462e-08,0.0002796121840697,5.5274323399864525e-05,0.056841057472796,8.777102944694204e-08,0.890760584362385
PARTIAL_MALL,1,HD,NN2,fixed,838,8.330261290134517e-08,0.000288621920341,6.1011106536422787e-05,-0.0049196237546109,8.777102944694204e-08,0.9490900747803346
PARTIAL_MALL,1,HD,NN2_1,fixed,838,8.28881295210878e-08,0.000287902986301,6.0307384386992665e-05,8.048930347592798e-05,8.777102944694204e-08,0.9443677491693774
PARTIAL_MALL,1,HD,NN3,fixed,838,8.280079171824657e-08,0.000287751267101,6.277789901404879e-05,0.0011340873709784,8.777102944694204e-08,0.9433726850418224
PARTIAL_MALL,1,HD,NN3_1,fixed,838,8.318642819915546e-08,0.0002884205752007,6.277141060878187e-05,-0.0035180316178937,8.777102944694204e-08,0.9477663498232296
PARTIAL_MALL,1,HD,NN4,fixed,838,8.295328168968349e-08,0.0002880161135938,6.153240011597458e-05,-0.0007054727506736,8.777102944694204e-08,0.9451100461323526
PARTIAL_MALL,1,HD,NN4_1,fixed,838,8.337346965229452e-08,0.0002887446443698,5.9940531913369835e-05,-0.0057744029388941,8.777102944694204e-08,0.9498973656529132
PARTIAL_MALL,1,HD,PostLasso,rolling,838,8.486640123623624e-08,0.0002913183846519,6.465697521427247e-05,-0.0237843571692959,8.777102944694204e-08,0.9669067546659954
PARTIAL_MALL,1,HD,RandomForest,rolling,838,7.949538147875496e-08,0.000281949253375,6.0101253005525994e-05,0.0410088463795389,8.777102944694204e-08,0.9057132174439204
PARTIAL_MALL,1,HD,Ridge,rolling,838,8.434114660800688e-08,0.0002904154723977,6.925601651810806e-05,-0.0174479570854144,8.777102944694204e-08,0.9609223811028836
PARTIAL_MALL,1,HD,SHAR,rolling,838,8.503801724704148e-08,0.0002916127864944,6.964701979249927e-05,-0.0258546439346452,8.777102944694204e-08,0.9688620240969978
PARTIAL_MALL,1,IBM,AdaptiveLasso,rolling,842,9.773761887879704e-09,9.886233806601837e-05,5.0044229557973166e-05,0.0468945777548129,9.009440395160311e-09,1.0848356234345
PARTIAL_MALL,1,IBM,Bagging,rolling,842,8.280385725026362e-09,9.099662480018894e-05,3.78857110597663e-05,0.1925237566314032,9.009440395160311e-09,0.9190788064344616
PARTIAL_MALL,1,IBM,ElasticNet,rolling,842,8.340620465970986e-09,9.13269974649938e-05,4.395105773497987e-05,0.1866498609031832,9.009440395160311e-09,0.9257645425404444
PARTIAL_MALL,1,IBM,GradientBoosting,rolling,842,7.93095029574048e-09,8.905588299343554e-05,4.021782923826449e-05,0.2265995614440777,9.009440395160311e-09,0.8802933309821136
PARTIAL_MALL,1,IBM,HAR,rolling,842,9.009440395160311e-09,9.491807201560886e-05,4.14406732065254e-05,0.1214287200232844,9.009440395160311e-09,1.0
PARTIAL_MALL,1,IBM,HARQ,rolling,842,9.331132910962898e-09,9.659778936892344e-05,4.47817518458951e-05,0.0900583137637089,9.009440395160311e-09,1.0357061595052444
PARTIAL_MALL,1,IBM,HARX,rolling,842,9.155543812614075e-09,9.568460593331656e-05,4.5328043889471454e-05,0.1071811906705977,9.009440395160311e-09,1.0162167028189952
PARTIAL_MALL,1,IBM,Lasso,rolling,842,8.921139660330265e-09,9.445178484459816e-05,4.389706742618152e-05,0.1300395200530167,9.009440395160311e-09,0.9901990877394028
PARTIAL_MALL,1,IBM,LevHAR,rolling,842,9.54201880626932e-09,9.768325755353024e-05,4.774136096166884e-05,0.0694934081933333,9.009440395160311e-09,1.0591133730564553
PARTIAL_MALL,1,IBM,LogHAR,rolling,842,7.564086852026708e-09,8.697175893372922e-05,3.63697923093903e-05,0.2623748894537305,9.009440395160311e-09,0.8395734385556268
PARTIAL_MALL,1,IBM,NN1,fixed,842,9.820308058089098e-09,9.909746746556694e-05,4.4786365259836856e-05,0.0423555468555301,9.009440395160311e-09,1.090002000941631
PARTIAL_MALL,1,IBM,NN1_1,fixed,842,1.0474946967200102e-08,0.0001023471883697,4.915174535907229e-05,-0.0214827071395984,9.009440395160311e-09,1.1626634405425482
PARTIAL_MALL,1,IBM,NN2,fixed,842,1.0408723137374922e-08,0.0001020231500071,4.511375526474336e-05,-0.0150247749726102,9.009440395160311e-09,1.155312947401958
PARTIAL_MALL,1,IBM,NN2_1,fixed,842,9.744993824040794e-09,9.871673527847645e-05,4.592776556956766e-05,0.0496999456312664,9.009440395160311e-09,1.081642521246448
PARTIAL_MALL,1,IBM,NN3,fixed,842,9.540310355715502e-09,9.76745123136814e-05,4.402188097314229e-05,0.0696600107262332,9.009440395160311e-09,1.0589237441251471
PARTIAL_MALL,1,IBM,NN3_1,fixed,842,9.68324062797299e-09,9.840345841469696e-05,4.4829981520485e-05,0.0557219161568817,9.009440395160311e-09,1.07478824469216
PARTIAL_MALL,1,IBM,NN4,fixed,842,9.975446404468206e-09,9.987715656979931e-05,4.50597626621177e-05,0.0272269606644296,9.009440395160311e-09,1.1072215328520083
PARTIAL_MALL,1,IBM,NN4_1,fixed,842,9.978413088326803e-09,9.989200712933346e-05,4.4755821979651303e-05,0.0269376593182179,9.009440395160311e-09,1.1075508189928207
PARTIAL_MALL,1,IBM,PostLasso,rolling,842,9.9502981319123e-09,9.975118110534982e-05,4.756976386983511e-05,0.0296793382860759,9.009440395160311e-09,1.1044302082577069
PARTIAL_MALL,1,IBM,RandomForest,rolling,842,8.085028465196526e-09,8.991678633712688e-05,3.7936387187995896e-05,0.2115743602530934,9.009440395160311e-09,0.8973951888887172
PARTIAL_MALL,1,IBM,Ridge,rolling,842,9.059699431285064e-09,9.51824533792078e-05,4.5834084663943515e-05,0.1165276225342283,9.009440395160311e-09,1.005578485890395
PARTIAL_MALL,1,IBM,SHAR,rolling,842,8.944517528537887e-09,9.457545944132592e-05,4.476002699417559e-05,0.1277597864964986,9.009440395160311e-09,0.992793906860486
PARTIAL_MALL,1,INTC,AdaptiveLasso,rolling,841,2.7596588977646655e-08,0.0001661222109702,6.99848885202073e-05,0.146592034009894,2.8540623107724197e-08,0.9669231422693764
PARTIAL_MALL,1,INTC,Bagging,rolling,841,2.7126154500343067e-08,0.0001647001958114,6.56947272609778e-05,0.1611399381270467,2.8540623107724197e-08,0.9504401637608844
PARTIAL_MALL,1,INTC,ElasticNet,rolling,841,2.6482511131508055e-08,0.0001627344804628,7.045295396196545e-05,0.1810442233510444,2.8540623107724197e-08,0.9278883306630002
PARTIAL_MALL,1,INTC,GradientBoosting,rolling,841,2.5707505031603403e-08,0.0001603356012606,6.633465780416549e-05,0.2050108222624274,2.8540623107724197e-08,0.9007338394320464
PARTIAL_MALL,1,INTC,HAR,rolling,841,2.8540623107724197e-08,0.0001689397025797,7.024138297984085e-05,0.117398344622148,2.8540623107724197e-08,1.0
PARTIAL_MALL,1,INTC,HARQ,rolling,841,2.7629548248707443e-08,0.0001662213832474,7.023613739958137e-05,0.1455727883161859,2.8540623107724197e-08,0.9680779618728722
PARTIAL_MALL,1,INTC,HARX,rolling,841,2.6690644890241444e-08,0.0001633727177047,7.001333207468694e-05,0.1746078116684841,2.8540623107724197e-08,0.935180874975989
PARTIAL_MALL,1,INTC,Lasso,rolling,841,2.7363626543506032e-08,0.0001654195470417,7.004392584019583e-05,0.1537962575910436,2.8540623107724197e-08,0.9587606563537282
PARTIAL_MALL,1,INTC,LevHAR,rolling,840,2.6611047948982945e-08,0.0001631289304476,7.221277027981922e-05,0.1778525113772311,2.8540623107724197e-08,0.9323919750645164
PARTIAL_MALL,1,INTC,LogHAR,rolling,841,2.5164488872021805e-08,0.0001586331896925,6.233629455016839e-05,0.2218032713808188,2.8540623107724197e-08,0.8817077600948144
PARTIAL_MALL,1,INTC,NN1,fixed,841,2.6710414773036313e-08,0.0001634332119645,6.456587147258834e-05,0.173996439897955,2.8540623107724197e-08,0.9358735677290604
PARTIAL_MALL,1,INTC,NN1_1,fixed,841,3.1082099061189966e-08,0.0001763011601243,7.561475867867424e-05,0.0388047247433717,2.8540623107724197e-08,1.089047668786809
PARTIAL_MALL,1,INTC,NN2,fixed,841,3.229182413793053e-08,0.0001796992602598,7.540877400143348e-05,0.0013947021501944,2.8540623107724197e-08,1.13143374677027
PARTIAL_MALL,1,INTC,NN2_1,fixed,841,3.193327920430154e-08,0.0001786988505959,7.438787553735174e-05,0.0124824892231629,2.8540623107724197e-08,1.1188711291891578
PARTIAL_MALL,1,INTC,NN3,fixed,841,3.2289269457116744e-08,0.0001796921519074,7.401845894266574e-05,0.0014737041224605,2.8540623107724197e-08,1.131344236432526
PARTIAL_MALL,1,INTC,NN3_1,fixed,841,3.1003116022462096e-08,0.0001760770173034,6.90039612786481e-05,0.0412472278542841,2.8540623107724197e-08,1.086280278655565
PARTIAL_MALL,1,INTC,NN4,fixed,841,3.2719142810549705e-08,0.0001808843354482,7.584771922124839e-05,-0.0118198715612489,2.8540623107724197e-08,1.1464060433107586
PARTIAL_MALL,1,INTC,NN4_1,fixed,841,3.2940168087701715e-08,0.0001814942646137,7.568991155610237e-05,-0.0186549457205764,2.8540623107724197e-08,1.1541502777767605
PARTIAL_MALL,1,INTC,PostLasso,rolling,841,2.710184796633705e-08,0.0001646263890338,7.049777987934124e-05,0.1618916031159027,2.8540623107724197e-08,0.9495885168324246
PARTIAL_MALL,1,INTC,RandomForest,rolling,841,2.6619920715985777e-08,0.0001631561237465,6.547400034163807e-05,0.1767949143479765,2.8540623107724197e-08,0.9327028570998996
PARTIAL_MALL,1,INTC,Ridge,rolling,841,2.6652318430086354e-08,0.0001632553779514,6.99959971795132e-05,0.1757930344665281,2.8540623107724197e-08,0.9338380009956124
PARTIAL_MALL,1,INTC,SHAR,rolling,841,2.6393242354911402e-08,0.0001624599715465,6.866116178538712e-05,0.1838048067377623,2.8540623107724197e-08,0.9247605511376648
PARTIAL_MALL,1,JNJ,AdaptiveLasso,rolling,829,3.914036135916402e-07,0.0006256225807878,7.084197962401457e-05,-0.0573280807011085,4.297844608404299e-07,0.9106974524538716
PARTIAL_MALL,1,JNJ,Bagging,rolling,829,3.722187577270783e-07,0.0006100973346336,5.831379846798013e-05,-0.0055025836300259,4.297844608404299e-07,0.8660591334531179
PARTIAL_MALL,1,JNJ,ElasticNet,rolling,829,3.896652221055796e-07,0.0006242317054632,6.720358849447083e-05,-0.0526320327607303,4.297844608404299e-07,0.9066526540852632
PARTIAL_MALL,1,JNJ,GradientBoosting,rolling,829,3.676609778670469e-07,0.0006063505404195,5.647367371176278e-05,0.0068096906166114,4.297844608404299e-07,0.8554543297077271
PARTIAL_MALL,1,JNJ,HAR,rolling,829,4.297844608404299e-07,0.0006555794847617,7.950687937579063e-05,-0.1610091560618087,4.297844608404299e-07,1.0
PARTIAL_MALL,1,JNJ,HARQ,rolling,829,3.712098649958396e-07,0.0006092699442741,6.28498232725783e-05,-0.0027771856569074,4.297844608404299e-07,0.863711694624674
PARTIAL_MALL,1,JNJ,HARX,rolling,829,4.0303844289424074e-07,0.0006348530876464,7.328779537639214e-05,-0.0887581219899924,4.297844608404299e-07,0.9377687646177616
PARTIAL_MALL,1,JNJ,Lasso,rolling,829,3.901366428389757e-07,0.0006246091920865,7.097056390223806e-05,-0.0539055171178892,4.297844608404299e-07,0.907749531186111
PARTIAL_MALL,1,JNJ,LevHAR,rolling,829,3.82677229808805e-07,0.0006186091090574,7.535057949126368e-05,-0.0337548424984772,4.297844608404299e-07,0.8903933591747171
PARTIAL_MALL,1,JNJ,LogHAR,rolling,829,3.760516359063075e-07,0.0006132304916638,5.573949976204834e-05,-0.0158566263319255,4.297844608404299e-07,0.8749772738896852
PARTIAL_MALL,1,JNJ,NN1,fixed,829,3.704780383140379e-07,0.0006086690712645,5.5689269127246674e-05,-0.0008002470850461,4.297844608404299e-07,0.8620089185857949
PARTIAL_MALL,1,JNJ,NN1_1,fixed,829,3.722189176209589e-07,0.0006100974656732,6.062031491818449e-05,-0.0055030155634165,4.297844608404299e-07,0.8660595054858349
PARTIAL_MALL,1,JNJ,NN2,fixed,829,5.958694593332201e-07,0.0007719258120656,8.730627109943767e-05,-0.6096670799838966,4.297844608404299e-07,1.3864378860231852
PARTIAL_MALL,1,JNJ,NN2_1,fixed,829,3.699789982417117e-07,0.0006082589894458,5.778866453019981e-05,0.0005478474739787,4.297844608404299e-07,0.8608477782519859
PARTIAL_MALL,1,JNJ,NN3,fixed,829,3.703423717227166e-07,0.000608557615779,5.681705424405254e-05,-0.0004337606969908,4.297844608404299e-07,0.8616932566582882
PARTIAL_MALL,1,JNJ,NN3_1,fixed,829,3.692910987602336e-07,0.0006076932604202,5.685265031368844e-05,0.002406122188901,4.297844608404299e-07,0.8592472097248386
PARTIAL_MALL,1,JNJ,NN4,fixed,829,3.710392237899941e-07,0.0006091298907375,5.683168052993183e-05,-0.0023162197066715,4.297844608404299e-07,0.8633146555937333
PARTIAL_MALL,1,JNJ,NN4_1,fixed,829,3.70225922434466e-07,0.0006084619317874,5.6579715824643506e-05,-0.0001191874580901,4.297844608404299e-07,0.8614223085462441
PARTIAL_MALL,1,JNJ,PostLasso,rolling,829,4.318335294934529e-07,0.0006571404183988,7.670337765995827e-05,-0.166544459648418,4.297844608404299e-07,1.0047676657481197
PARTIAL_MALL,1,JNJ,RandomForest,rolling,829,3.681529894514931e-07,0.0006067561202423,5.601931007256748e-05,0.0054805826416197,4.297844608404299e-07,0.856599116523621
PARTIAL_MALL,1,JNJ,Ridge,rolling,829,4.0367103916203457e-07,0.0006353511148664,6.953834920023261e-05,-0.090467001965697,4.297844608404299e-07,0.9392406565204072
PARTIAL_MALL,1,JNJ,SHAR,rolling,829,4.064018090579805e-07,0.0006374965168987,7.349340712525416e-05,-0.0978438364982703,4.297844608404299e-07,0.9455944690584543
PARTIAL_MALL,1,JPM,AdaptiveLasso,rolling,841,4.3957673114921374e-08,0.0002096608526046,8.130295741767284e-05,-0.1415402081120151,4.0156006118316025e-08,1.0946724379263235
PARTIAL_MALL,1,JPM,Bagging,rolling,841,5.1297526803002476e-08,0.0002264895732765,5.930054734231762e-05,-0.3321494354179914,4.0156006118316025e-08,1.2774558966810337
PARTIAL_MALL,1,JPM,ElasticNet,rolling,841,4.72193388220349e-08,0.0002173001123378,0.0001029905854498,-0.226242656768842,4.0156006118316025e-08,1.1758972912522077
PARTIAL_MALL,1,JPM,GradientBoosting,rolling,841,4.184161085437344e-08,0.0002045522203604,6.872239527908934e-05,-0.086588023837641,4.0156006118316025e-08,1.0419764040051924
PARTIAL_MALL,1,JPM,HAR,rolling,841,4.0156006118316025e-08,0.0002003896357557,6.70667423519674e-05,-0.042814424262362,4.0156006118316025e-08,1.0
PARTIAL_MALL,1,JPM,HARQ,rolling,841,5.1101710159757895e-08,0.0002260568737281,8.466902557240602e-05,-0.3270642578860319,4.0156006118316025e-08,1.272579499295606
PARTIAL_MALL,1,JPM,HARX,rolling,841,4.8604181331867315e-08,0.0002204635600997,0.0001032683246182,-0.2622057388624625,4.0156006118316025e-08,1.210383851139466
PARTIAL_MALL,1,JPM,Lasso,rolling,841,4.438276079220732e-08,0.0002106721642557,9.748119271848915e-05,-0.1525793428343247,4.0156006118316025e-08,1.105258343208673
PARTIAL_MALL,1,JPM,LevHAR,rolling,841,5.511019617481941e-08,0.000234755609464,0.0001052014273348,-0.4311609407992631,4.0156006118316025e-08,1.372402325381718
PARTIAL_MALL,1,JPM,LogHAR,rolling,841,3.520625522477208e-08,0.0001876332998824,5.3955292133654616e-05,0.0857260389770534,4.0156006118316025e-08,0.8767369723233941
PARTIAL_MALL,1,JPM,NN1,fixed,841,3.5399410748324065e-08,0.000188147311297,5.899646597581777e-05,0.0807099682679178,4.0156006118316025e-08,0.8815471001778142
PARTIAL_MALL,1,JPM,NN1_1,fixed,841,3.5034557345118807e-08,0.0001871752049421,5.862291550930811e-05,0.0901848744745414,4.0156006118316025e-08,0.8724612014923164
PARTIAL_MALL,1,JPM,NN2,fixed,841,3.744778055346515e-08,0.0001935142903081,6.735202803357979e-05,0.0275156945961069,4.0156006118316025e-08,0.9325573973449618
PARTIAL_MALL,1,JPM,NN2_1,fixed,841,3.783863238933829e-08,0.0001945215473651,6.826436607726138e-05,0.0173656330835897,4.0156006118316025e-08,0.9422907317488246
PARTIAL_MALL,1,JPM,NN3,fixed,841,3.7669433924771296e-08,0.0001940861507804,6.737106365229164e-05,0.0217595610776643,4.0156006118316025e-08,0.93807720353916
PARTIAL_MALL,1,JPM,NN3_1,fixed,841,3.5727766634867174e-08,0.0001890179003027,7.136951554880317e-05,0.0721828688903123,4.0156006118316025e-08,0.8897241057688495
PARTIAL_MALL,1,JPM,NN4,fixed,841,3.829114384783851e-08,0.0001956812301878,6.805985763251731e-05,0.0056143280689009,4.0156006118316025e-08,0.953559568026191
PARTIAL_MALL,1,JPM,NN4_1,fixed,841,3.782313415143334e-08,0.0001944817064698,6.571839796179768e-05,0.0177681080207212,4.0156006118316025e-08,0.9419047810678908
PARTIAL_MALL,1,JPM,PostLasso,rolling,841,4.8016545939478854e-08,0.0002191267805163,9.863321856598525e-05,-0.2469453899725802,4.0156006118316025e-08,1.1957500404298789
PARTIAL_MALL,1,JPM,RandomForest,rolling,841,3.665508566974497e-08,0.0001914551792711,5.654184790454073e-05,0.0481012492537782,4.0156006118316025e-08,0.9128170157595876
PARTIAL_MALL,1,JPM,Ridge,rolling,841,4.875976683981764e-08,0.0002208161380873,0.0001053091771789,-0.2662461509347875,4.0156006118316025e-08,1.2142583775924185
PARTIAL_MALL,1,JPM,SHAR,rolling,841,4.5250894210334095e-08,0.000212722575695,9.88445671656726e-05,-0.1751239666183586,4.0156006118316025e-08,1.1268773611849356
PARTIAL_MALL,1,KO,AdaptiveLasso,rolling,827,7.0648092036890695e-09,8.405241938034305e-05,3.100724037471755e-05,0.067601416666396,7.060596115099808e-09,1.0005967043746138
PARTIAL_MALL,1,KO,Bagging,rolling,827,7.094104218738156e-09,8.422650544061623e-05,3.1698251288395244e-05,0.0637351225113829,7.060596115099808e-09,1.0047457896036125
PARTIAL_MALL,1,KO,ElasticNet,rolling,827,6.626440546631498e-09,8.140295170711869e-05,3.211875676107365e-05,0.1254563852910125,7.060596115099808e-09,0.9385100689246586
PARTIAL_MALL,1,KO,GradientBoosting,rolling,827,6.840795392128884e-09,8.270910102358073e-05,3.2263746616311506e-05,0.0971662859394133,7.060596115099808e-09,0.9688693816516628
PARTIAL_MALL,1,KO,HAR,rolling,827,7.060596115099808e-09,8.402735337436142e-05,3.2360912924339615e-05,0.0681574511917211,7.060596115099808e-09,1.0
PARTIAL_MALL,1,KO,HARQ,rolling,827,7.252743543189454e-09,8.516304094611379e-05,3.1682228282242765e-05,0.0427982398419751,7.060596115099808e-09,1.0272140517538908
PARTIAL_MALL,1,KO,HARX,rolling,827,6.936461224495326e-09,8.328542023965135e-05,3.181953014047767e-05,0.0845405116261703,7.060596115099808e-09,0.982418638797508
PARTIAL_MALL,1,KO,Lasso,rolling,827,6.786999325763085e-09,8.238324663281416e-05,3.0211968600503832e-05,0.104266177050726,7.060596115099808e-09,0.9612501855542184
PARTIAL_MALL,1,KO,LevHAR,rolling,826,6.921545857536696e-09,8.319582836619091e-05,3.2025838107837253e-05,0.0873073986719584,7.060596115099808e-09,0.9803061589565024
PARTIAL_MALL,1,KO,LogHAR,rolling,827,6.543869658066221e-09,8.089418803638628e-05,2.8884362156232615e-05,0.1363539166047611,7.060596115099808e-09,0.9268154630841277
PARTIAL_MALL,1,KO,NN1,fixed,827,6.708849473961548e-09,8.190756664656536e-05,3.500747452521042e-05,0.1145802292786949,7.060596115099808e-09,0.9501817360171596
PARTIAL_MALL,1,KO,NN1_1,fixed,827,7.849598981629548e-09,8.859796262685474e-05,4.5825716532862865e-05,-0.0359734791403163,7.060596115099808e-09,1.111747344511376
PARTIAL_MALL,1,KO,NN2,fixed,827,7.3306310049305915e-09,8.561910420537341e-05,3.831801809760352e-05,0.0325188172994718,7.060596115099808e-09,1.0382453386978594
PARTIAL_MALL,1,KO,NN2_1,fixed,827,7.062830921161565e-09,8.40406504089632e-05,3.65471302172697e-05,0.067862506212185,7.060596115099808e-09,1.0003165180425742
PARTIAL_MALL,1,KO,NN3,fixed,827,7.33062204340256e-09,8.561905187166324e-05,3.883266199399439e-05,0.0325200000229962,7.060596115099808e-09,1.0382440694667798
PARTIAL_MALL,1,KO,NN3_1,fixed,827,7.128453786752115e-09,8.443017106906816e-05,3.9259022484986446e-05,0.0592017391416505,7.060596115099808e-09,1.0096107567330168
PARTIAL_MALL,1,KO,NN4,fixed,827,7.597040150039222e-09,8.716100131388592e-05,3.910127510221714e-05,-0.0026412984693582,7.060596115099808e-09,1.0759771591795448
PARTIAL_MALL,1,KO,NN4_1,fixed,827,7.559284608591053e-09,8.694414648836949e-05,3.925747330836712e-05,0.0023415980738185,7.060596115099808e-09,1.0706298002833994
PARTIAL_MALL,1,KO,PostLasso,rolling,827,6.962887696641181e-09,8.344391947075102e-05,3.142589627279253e-05,0.0810528016992789,7.060596115099808e-09,0.9861614491374648
PARTIAL_MALL,1,KO,RandomForest,rolling,827,6.850665462825128e-09,8.276874689654983e-05,3.08620582777191e-05,0.0958636548747591,7.060596115099808e-09,0.9702672906292258
PARTIAL_MALL,1,KO,Ridge,rolling,827,6.8839980558715985e-09,8.296986233489602e-05,3.1456158130328213e-05,0.0914644897112987,7.060596115099808e-09,0.9749882224745108
PARTIAL_MALL,1,KO,SHAR,rolling,827,6.9543283957283444e-09,8.339261595446172e-05,3.175074407338426e-05,0.0821824401389537,7.060596115099808e-09,0.9849491859272052
PARTIAL_MALL,1,MCD,AdaptiveLasso,rolling,835,1.3494041406484156e-08,0.0001161638558523,4.143179451824813e-05,0.0644153588401958,1.3896535280867227e-08,0.9710363866785394
PARTIAL_MALL,1,MCD,Bagging,rolling,835,1.4027682092547637e-08,0.0001184385160855,3.929633759655005e-05,0.0274163594493189,1.3896535280867227e-08,1.0094373747865752
PARTIAL_MALL,1,MCD,ElasticNet,rolling,835,1.3297810825813324e-08,0.0001153161342822,4.379902883354844e-05,0.0780206466758535,1.3896535280867227e-08,0.956915558953876
PARTIAL_MALL,1,MCD,GradientBoosting,rolling,835,1.3162491348956966e-08,0.0001147279013534,4.024954350104748e-05,0.0874027747116955,1.3896535280867227e-08,0.9471779175834644
PARTIAL_MALL,1,MCD,HAR,rolling,835,1.3896535280867227e-08,0.0001178835666276,4.274610897459418e-05,0.0365091833890993,1.3896535280867227e-08,1.0
PARTIAL_MALL,1,MCD,HARQ,rolling,835,1.3933897497980572e-08,0.0001180419311006,4.162317787338405e-05,0.0339187425094584,1.3896535280867227e-08,1.0026885994500216
PARTIAL_MALL,1,MCD,HARX,rolling,835,1.3572501713118891e-08,0.0001165010803088,4.2169031732211194e-05,0.0589754572112536,1.3896535280867227e-08,0.9766824203875862
PARTIAL_MALL,1,MCD,Lasso,rolling,835,1.3414148298486661e-08,0.0001158194642471,4.25369460055497e-05,0.0699546011268736,1.3896535280867227e-08,0.9652872480347876
PARTIAL_MALL,1,MCD,LevHAR,rolling,834,1.4278064015970308e-08,0.0001194908532732,4.606280630063368e-05,0.0111323985299675,1.3896535280867227e-08,1.0274549538710105
PARTIAL_MALL,1,MCD,LogHAR,rolling,835,1.3083080379201302e-08,0.0001143812938342,3.610719694746711e-05,0.0929085888266058,1.3896535280867227e-08,0.9414634737922128
PARTIAL_MALL,1,MCD,NN1,fixed,835,1.4686087937195632e-08,0.000121186170569,3.742700495608784e-05,-0.0182330036544962,1.3896535280867227e-08,1.0568165114807762
PARTIAL_MALL,1,MCD,NN1_1,fixed,835,1.41449072163072e-08,0.0001189323640406,3.554844139938715e-05,0.019288770238365,1.3896535280867227e-08,1.0178729395795465
PARTIAL_MALL,1,MCD,NN2,fixed,835,1.5248291630185722e-08,0.0001234839731713,3.989878678575523e-05,-0.0572123668060053,1.3896535280867227e-08,1.097272904504448
PARTIAL_MALL,1,MCD,NN2_1,fixed,835,1.4615763186909757e-08,0.0001208956706706,3.882426350854385e-05,-0.0133571659214617,1.3896535280867227e-08,1.051755915521818
PARTIAL_MALL,1,MCD,NN3,fixed,835,1.5054004822471432e-08,0.0001226947628159,3.91595196144578e-05,-0.0437418469074886,1.3896535280867227e-08,1.083291951426037
PARTIAL_MALL,1,MCD,NN3_1,fixed,835,1.4681262564011956e-08,0.0001211662600067,3.764708055622772e-05,-0.0178984452444159,1.3896535280867227e-08,1.056469275778772
PARTIAL_MALL,1,MCD,NN4,fixed,835,1.510716149799874e-08,0.0001229111935423,3.9255394032022854e-05,-0.0474273676273648,1.3896535280867227e-08,1.0871171261514592
PARTIAL_MALL,1,MCD,NN4_1,fixed,835,1.5173170503516966e-08,0.0001231794240265,4.0295987239619745e-05,-0.0520039811029549,1.3896535280867227e-08,1.0918671594643747
PARTIAL_MALL,1,MCD,PostLasso,rolling,835,1.3599301295186562e-08,0.0001166160421862,4.280830055266265e-05,0.0571173572827943,1.3896535280867227e-08,0.978610928575132
PARTIAL_MALL,1,MCD,RandomForest,rolling,835,1.3379001907322336e-08,0.0001156676355223,3.835572052514269e-05,0.0723914117735147,1.3896535280867227e-08,0.96275810026853
PARTIAL_MALL,1,MCD,Ridge,rolling,835,1.3549116686203767e-08,0.0001164006730487,4.2425289458385214e-05,0.0605968152133405,1.3896535280867227e-08,0.9749996248963017
PARTIAL_MALL,1,MCD,SHAR,rolling,835,1.3486395783374594e-08,0.0001161309424028,4.177743022484036e-05,0.0649454541124665,1.3896535280867227e-08,0.9704862047119532
PARTIAL_MALL,1,MMM,AdaptiveLasso,rolling,832,1.1562307501213972e-08,0.0001075281707331,3.419091984676547e-05,0.0698820735347067,1.1804163704281557e-08,0.9795109412977846
PARTIAL_MALL,1,MMM,Bagging,rolling,832,1.0843347484702446e-08,0.0001041313952883,3.318793172892854e-05,0.127718072075564,1.1804163704281557e-08,0.918603617871666
PARTIAL_MALL,1,MMM,ElasticNet,rolling,832,1.1171231112227082e-08,0.0001056940448285,3.631924780935393e-05,0.1013418111325721,1.1804163704281557e-08,0.94638056469643
PARTIAL_MALL,1,MMM,GradientBoosting,rolling,832,1.0756783905829592e-08,0.0001037149165059,3.4438741445933456e-05,0.1346815900826902,1.1804163704281557e-08,0.91127030896123
PARTIAL_MALL,1,MMM,HAR,rolling,832,1.1804163704281557e-08,0.000108646968224,3.623294458100312e-05,0.0504262002086971,1.1804163704281557e-08,1.0
PARTIAL_MALL,1,MMM,HARQ,rolling,832,1.2636943912231326e-08,0.0001124141624184,3.736295836772794e-05,-0.0165659464833232,1.1804163704281557e-08,1.0705496999882935
PARTIAL_MALL,1,MMM,HARX,rolling,832,1.1592304576269972e-08,0.0001076675651079,3.6948117329079055e-05,0.0674689897062252,1.1804163704281557e-08,0.9820521696141218
PARTIAL_MALL,1,MMM,Lasso,rolling,832,1.1318067574266434e-08,0.0001063864069055,3.4592052303872134e-05,0.0895297030747988,1.1804163704281557e-08,0.9588199433528012
PARTIAL_MALL,1,MMM,LevHAR,rolling,831,1.1751437386438484e-08,0.0001084040469098,3.7676436480406414e-05,0.0555376253001951,1.1804163704281557e-08,0.9955332441023376
PARTIAL_MALL,1,MMM,LogHAR,rolling,832,1.0749841037046046e-08,0.0001036814401763,3.1209380055921845e-05,0.1352401020160559,1.1804163704281557e-08,0.91068213779066
PARTIAL_MALL,1,MMM,NN1,fixed,832,1.2114160879295185e-08,0.0001100643488114,3.521408347174767e-05,0.0254887965283764,1.1804163704281557e-08,1.026261680435793
PARTIAL_MALL,1,MMM,NN1_1,fixed,832,1.1380890146563118e-08,0.0001066812548977,3.300909634231462e-05,0.0844760059063337,1.1804163704281557e-08,0.9641420122320982
PARTIAL_MALL,1,MMM,NN2,fixed,832,1.2265796791765869e-08,0.0001107510577455,3.522295593853985e-05,0.0132906016204744,1.1804163704281557e-08,1.0391076487118582
PARTIAL_MALL,1,MMM,NN2_1,fixed,832,1.2441751445118545e-08,0.0001115425992395,3.610511203739593e-05,-0.0008638893676891,1.1804163704281557e-08,1.0540138002835155
PARTIAL_MALL,1,MMM,NN3,fixed,832,1.2337995963075564e-08,0.0001110765320086,3.638393541818055e-05,0.0074826135952436,1.1804163704281557e-08,1.045224064335907
PARTIAL_MALL,1,MMM,NN3_1,fixed,832,1.2407540392025129e-08,0.0001113891394707,3.708358284628767e-05,0.0018881835867881,1.1804163704281557e-08,1.0511155811508033
PARTIAL_MALL,1,MMM,NN4,fixed,832,1.253747985109604e-08,0.0001119708884089,3.687516080271283e-05,-0.0085646624583779,1.1804163704281557e-08,1.0621235154972053
PARTIAL_MALL,1,MMM,NN4_1,fixed,832,1.2531776127261516e-08,0.0001119454158385,3.59649079665846e-05,-0.0081058322650502,1.1804163704281557e-08,1.0616403195692756
PARTIAL_MALL,1,MMM,PostLasso,rolling,832,1.164209758375476e-08,0.0001078985522783,3.63851636309781e-05,0.0634634424684132,1.1804163704281557e-08,0.986270427572263
PARTIAL_MALL,1,MMM,RandomForest,rolling,832,1.0607639897910685e-08,0.000102993397351,3.261638227657941e-05,0.1466793262937097,1.1804163704281557e-08,0.8986354445476833
PARTIAL_MALL,1,MMM,Ridge,rolling,832,1.1478015173269098e-08,0.0001071354991273,3.640470936244779e-05,0.0766628830986098,1.1804163704281557e-08,0.972370043386118
PARTIAL_MALL,1,MMM,SHAR,rolling,832,1.1464958866299746e-08,0.0001070745481722,3.7465456887190144e-05,0.077713184274595,1.1804163704281557e-08,0.9712639669798228
PARTIAL_MALL,1,MRK,AdaptiveLasso,rolling,834,1.9803603046308696e-08,0.0001407252750798,5.6384987947213744e-05,0.1427658820962294,2.0695592872024378e-08,0.9568995277771702
PARTIAL_MALL,1,MRK,Bagging,rolling,834,1.9682349149637842e-08,0.0001402937958344,5.730842010657135e-05,0.1480145722922496,2.0695592872024378e-08,0.9510406042169388
PARTIAL_MALL,1,MRK,ElasticNet,rolling,834,1.9466484279543722e-08,0.0001395223432986,5.9218776352972165e-05,0.1573586664486932,2.0695592872024378e-08,0.940610128925462
PARTIAL_MALL,1,MRK,GradientBoosting,rolling,834,2.0057670903562524e-08,0.0001416251068969,5.897648651155458e-05,0.1317681038135909,2.0695592872024378e-08,0.9691759510149538
PARTIAL_MALL,1,MRK,HAR,rolling,834,2.0695592872024378e-08,0.0001438596290556,6.392519397939117e-05,0.1041545188186239,2.0695592872024378e-08,1.0
PARTIAL_MALL,1,MRK,HARQ,rolling,834,2.1958210415880532e-08,0.0001481830301211,6.029296069065031e-05,0.0494998767352428,2.0695592872024378e-08,1.0610090057174888
PARTIAL_MALL,1,MRK,HARX,rolling,834,2.0583963386982767e-08,0.0001434711238785,6.314326801952795e-05,0.108986599269738,2.0695592872024378e-08,0.994606122872058
PARTIAL_MALL,1,MRK,Lasso,rolling,834,1.9509828274086364e-08,0.0001396775868709,5.929673588183465e-05,0.1554824446903949,2.0695592872024378e-08,0.9427044876041754
PARTIAL_MALL,1,MRK,LevHAR,rolling,834,2.1361656421795404e-08,0.0001461562739734,6.463966555630241e-05,0.075322775513092,2.0695592872024378e-08,1.032183835171564
PARTIAL_MALL,1,MRK,LogHAR,rolling,834,1.9312007867224482e-08,0.0001389676504342,5.031676784577748e-05,0.1640454522190284,2.0695592872024378e-08,0.933145911143711
PARTIAL_MALL,1,MRK,NN1,fixed,834,2.157456109341274e-08,0.0001468828141526,5.757717352905065e-05,0.0661068188033608,2.0695592872024378e-08,1.0424712752528351
PARTIAL_MALL,1,MRK,NN1_1,fixed,834,2.2242194289034658e-08,0.0001491381718039,5.869693762047877e-05,0.0372071305903665,2.0695592872024378e-08,1.0747309548740167
PARTIAL_MALL,1,MRK,NN2,fixed,834,2.247244232761436e-08,0.0001499081129479,6.006750980462678e-05,0.0272404354496186,2.0695592872024378e-08,1.0858564171887952
PARTIAL_MALL,1,MRK,NN2_1,fixed,834,2.2305637402142532e-08,0.0001493507194563,5.764862152503721e-05,0.0344608828002586,2.0695592872024378e-08,1.0777964922326315
PARTIAL_MALL,1,MRK,NN3,fixed,834,2.3190575218689924e-08,0.0001522845206141,6.253837341913622e-05,-0.0038452217401012,2.0695592872024378e-08,1.1205562151369035
PARTIAL_MALL,1,MRK,NN3_1,fixed,834,2.295162859338381e-08,0.0001514979491392,6.182031008763804e-05,0.0064980071708898,2.0695592872024378e-08,1.1090104417549238
PARTIAL_MALL,1,MRK,NN4,fixed,834,2.3073596119831232e-08,0.0001518999543114,6.193102967238423e-05,0.0012184262429864,2.0695592872024378e-08,1.1149038475250137
PARTIAL_MALL,1,MRK,NN4_1,fixed,834,2.2066464489612724e-08,0.0001485478525244,5.9453231322104905e-05,0.0448139069554859,2.0695592872024378e-08,1.066239784772798
PARTIAL_MALL,1,MRK,PostLasso,rolling,834,2.051956574643621e-08,0.0001432465208877,6.221334110268156e-05,0.1117741654747326,2.0695592872024378e-08,0.991494463257145
PARTIAL_MALL,1,MRK,RandomForest,rolling,834,1.9448823342503937e-08,0.0001394590382245,5.5681421064265626e-05,0.1581231514643367,2.0695592872024378e-08,0.9397567618753372
PARTIAL_MALL,1,MRK,Ridge,rolling,834,2.0569283249015896e-08,0.0001434199541521,6.376836828737724e-05,0.1096220551052904,2.0695592872024378e-08,0.9938967864419472
PARTIAL_MALL,1,MRK,SHAR,rolling,834,2.1261047609977852e-08,0.0001458116854369,6.414652448938575e-05,0.079677806557195,2.0695592872024378e-08,1.02732247109083
PARTIAL_MALL,1,MSFT,AdaptiveLasso,rolling,842,2.7877807976016823e-08,0.0001669664875836,5.355614027638458e-05,0.1547422030202544,2.9455611082240713e-08,0.9464345485205304
PARTIAL_MALL,1,MSFT,Bagging,rolling,842,2.7904932112959562e-08,0.0001670476941264,5.382280283161639e-05,0.1539197966008932,2.9455611082240713e-08,0.947355396397935
PARTIAL_MALL,1,MSFT,ElasticNet,rolling,842,2.6940078779669843e-08,0.0001641343315082,5.575522884571124e-05,0.183174241699541,2.9455611082240713e-08,0.914599215220915
PARTIAL_MALL,1,MSFT,GradientBoosting,rolling,842,2.7112431235534395e-08,0.0001646585291915,5.559733338267616e-05,0.1779484987977515,2.9455611082240713e-08,0.9204504757968148
PARTIAL_MALL,1,MSFT,HAR,rolling,842,2.9455611082240713e-08,0.000171626370591,5.789089389778895e-05,0.1069030623395401,2.9455611082240713e-08,1.0
PARTIAL_MALL,1,MSFT,HARQ,rolling,842,2.7306960995016338e-08,0.0001652481800051,5.626855397405303e-05,0.172050337934883,2.9455611082240713e-08,0.927054642281048
PARTIAL_MALL,1,MSFT,HARX,rolling,842,2.7759095797384436e-08,0.0001666106112988,5.4927129038759906e-05,0.158341567599844,2.9455611082240713e-08,0.9424043425845224
PARTIAL_MALL,1,MSFT,Lasso,rolling,842,2.7622799169860537e-08,0.0001662010805315,5.2820182142898765e-05,0.1624740943471311,2.9455611082240713e-08,0.9377771553520676
PARTIAL_MALL,1,MSFT,LevHAR,rolling,842,2.739189402849518e-08,0.0001655049667789,5.505888635814912e-05,0.1694751602583993,2.9455611082240713e-08,0.9299380668768478
PARTIAL_MALL,1,MSFT,LogHAR,rolling,842,2.6270460474567577e-08,0.0001620816475563,5.090559050656916e-05,0.203477132582317,2.9455611082240713e-08,0.8918660828736458
PARTIAL_MALL,1,MSFT,NN1,fixed,842,3.0952559140285015e-08,0.0001759333940452,6.998556679382637e-05,0.0615154544320545,2.9455611082240713e-08,1.0508204719930876
PARTIAL_MALL,1,MSFT,NN1_1,fixed,842,2.7408977755374923e-08,0.0001655565696533,6.184778904718431e-05,0.1689571800298608,2.9455611082240713e-08,0.9305180489669168
PARTIAL_MALL,1,MSFT,NN2,fixed,842,3.186717119274311e-08,0.0001785137843213,7.258441174747311e-05,0.0337843297605258,2.9455611082240713e-08,1.0818709923813588
PARTIAL_MALL,1,MSFT,NN2_1,fixed,842,3.2225712586230174e-08,0.0001795152154727,7.36439011593462e-05,0.0229133205102416,2.9455611082240713e-08,1.0940432536352844
PARTIAL_MALL,1,MSFT,NN3,fixed,842,3.1780282398853324e-08,0.0001782702510203,7.407918834183871e-05,0.0364188062792211,2.9455611082240713e-08,1.0789211709145017
PARTIAL_MALL,1,MSFT,NN3_1,fixed,842,3.0813316815354584e-08,0.0001755372234466,6.827094227538089e-05,0.065737295005685,2.9455611082240713e-08,1.0460932801333884
PARTIAL_MALL,1,MSFT,NN4,fixed,842,3.2252093547460035e-08,0.0001795886787842,7.52580467593303e-05,0.0221134472493833,2.9455611082240713e-08,1.0949388711512884
PARTIAL_MALL,1,MSFT,NN4_1,fixed,842,3.2741197486417155e-08,0.0001809452886549,7.794780657522197e-05,0.0072837691666346,2.9455611082240713e-08,1.111543651055244
PARTIAL_MALL,1,MSFT,PostLasso,rolling,842,2.7808138953431298e-08,0.0001667577253185,5.502092859145433e-05,0.1568545744304827,2.9455611082240713e-08,0.9440693277688372
PARTIAL_MALL,1,MSFT,RandomForest,rolling,842,2.6670587935774943e-08,0.0001633113221297,5.313499134952552e-05,0.191345229792033,2.9455611082240713e-08,0.9054501657191928
PARTIAL_MALL,1,MSFT,Ridge,rolling,842,2.744358352412369e-08,0.0001656610501117,5.4221154781987786e-05,0.1679079298204995,2.9455611082240713e-08,0.9316928936731476
PARTIAL_MALL,1,MSFT,SHAR,rolling,842,2.684286124349832e-08,0.0001638379114963,5.447608677152231e-05,0.1861218866694337,2.9455611082240713e-08,0.911298739264056
PARTIAL_MALL,1,NKE,AdaptiveLasso,rolling,803,7.082770870149219e-08,0.0002661347566581,7.529011931005796e-05,0.0821664948582875,7.60413437726664e-08,0.931436836692932
PARTIAL_MALL,1,NKE,Bagging,rolling,803,7.157227702387505e-08,0.0002675299553767,6.731289571019405e-05,0.0725178733557857,7.60413437726664e-08,0.941228461688524
PARTIAL_MALL,1,NKE,ElasticNet,rolling,803,7.149483271800437e-08,0.0002673851766983,7.432973086961753e-05,0.0735214492163308,7.60413437726664e-08,0.9402100116976588
PARTIAL_MALL,1,NKE,GradientBoosting,rolling,803,7.077943602362954e-08,0.0002660440490287,7.194097864864839e-05,0.0827920449704897,7.60413437726664e-08,0.930802015219932
PARTIAL_MALL,1,NKE,HAR,rolling,803,7.60413437726664e-08,0.0002757559496595,8.046553962943927e-05,0.0146046742144299,7.60413437726664e-08,1.0
PARTIAL_MALL,1,NKE,HARQ,rolling,803,7.492803358413644e-08,0.0002737298551202,7.507476281219874e-05,0.0290317030055915,7.60413437726664e-08,0.9853591463104818
PARTIAL_MALL,1,NKE,HARX,rolling,803,7.106000260050351e-08,0.0002665708209847,7.820320929114829e-05,0.0791562729061531,7.60413437726664e-08,0.9344916735420256
PARTIAL_MALL,1,NKE,Lasso,rolling,803,7.12531890921758e-08,0.0002669329299509,7.397626216466175e-05,0.0766528312722455,7.60413437726664e-08,0.9370322190148912
PARTIAL_MALL,1,NKE,LevHAR,rolling,803,7.100776358507908e-08,0.000266472819599,7.854963093899087e-05,0.0798332215115954,7.60413437726664e-08,0.9338046917919318
PARTIAL_MALL,1,NKE,LogHAR,rolling,803,6.966680932639273e-08,0.0002639447088433,6.229307586063405e-05,0.0972102166177335,7.60413437726664e-08,0.9161701499472312
PARTIAL_MALL,1,NKE,NN1,fixed,803,7.590483633802609e-08,0.0002755083235367,6.898920724350598e-05,0.0163736301712273,7.60413437726664e-08,0.9982048261134308
PARTIAL_MALL,1,NKE,NN1_1,fixed,803,7.846869156429404e-08,0.0002801226366509,7.514656408279862e-05,-0.0168505453971095,7.60413437726664e-08,1.0319214215740904
PARTIAL_MALL,1,NKE,NN2,fixed,803,7.730376947538137e-08,0.0002780355543368,7.21372110183922e-05,-0.0017546945827064,7.60413437726664e-08,1.0166018331618272
PARTIAL_MALL,1,NKE,NN2_1,fixed,803,7.674738310143527e-08,0.0002770331805062,6.976796835260112e-05,0.0054553375526584,7.60413437726664e-08,1.0092849401883224
PARTIAL_MALL,1,NKE,NN3,fixed,803,7.625096296004062e-08,0.0002761357690702,7.084898686880298e-05,0.011888286560221,7.60413437726664e-08,1.0027566475942469
PARTIAL_MALL,1,NKE,NN3_1,fixed,803,7.60720208817709e-08,0.0002758115677084,7.083161933142222e-05,0.0142071394205872,7.60413437726664e-08,1.0004034267095043
PARTIAL_MALL,1,NKE,NN4,fixed,803,7.743050865839949e-08,0.0002782633800168,7.2544978638295e-05,-0.0033970669073368,7.60413437726664e-08,1.0182685473035054
PARTIAL_MALL,1,NKE,NN4_1,fixed,803,7.700325981290717e-08,0.0002774946122232,7.190722186518212e-05,0.0021395135159926,7.60413437726664e-08,1.0126499084907876
PARTIAL_MALL,1,NKE,PostLasso,rolling,803,7.13187056351492e-08,0.0002670556227364,7.692200175651933e-05,0.0758038234561732,7.60413437726664e-08,0.9378938100878907
PARTIAL_MALL,1,NKE,RandomForest,rolling,803,6.917548724040125e-08,0.0002630123328674,6.80256079222644e-05,0.1035771015644096,7.60413437726664e-08,0.90970890055821
PARTIAL_MALL,1,NKE,Ridge,rolling,803,7.126950176571637e-08,0.0002669634839556,7.780747549426294e-05,0.0764414405805448,7.60413437726664e-08,0.9372467427559412
PARTIAL_MALL,1,NKE,SHAR,rolling,803,7.006046490623483e-08,0.0002646893743734,7.775799951165638e-05,0.0921089605233451,7.60413437726664e-08,0.9213470124316576
PARTIAL_MALL,1,PFE,AdaptiveLasso,rolling,831,9.491890452683576e-09,9.742633346628404e-05,4.4447126221885154e-05,0.334773692915189,1.00124295821344e-08,0.9480107075729508
PARTIAL_MALL,1,PFE,Bagging,rolling,831,1.0104961960629294e-08,0.0001005234398567,4.8183766121556266e-05,0.2918074052991806,1.00124295821344e-08,1.0092417507395013
PARTIAL_MALL,1,PFE,ElasticNet,rolling,831,9.427223665270937e-09,9.70938909781194e-05,4.507715474102343e-05,0.3393057772661402,1.00124295821344e-08,0.9415520566648806
PARTIAL_MALL,1,PFE,GradientBoosting,rolling,831,1.1969783322938571e-08,0.0001094065049388,5.463732169365089e-05,0.1611139218033673,1.00124295821344e-08,1.19549238521455
PARTIAL_MALL,1,PFE,HAR,rolling,831,1.00124295821344e-08,0.0001000621286108,4.885270567496596e-05,0.2982924119202305,1.00124295821344e-08,1.0
PARTIAL_MALL,1,PFE,HARQ,rolling,831,9.59378485190206e-09,9.794786803142812e-05,4.595654609845434e-05,0.3276325617314032,1.00124295821344e-08,0.958187498169341
PARTIAL_MALL,1,PFE,HARX,rolling,831,9.413619000831184e-09,9.702380636128014e-05,4.545472580424974e-05,0.3402592417766608,1.00124295821344e-08,0.9401932791246096
PARTIAL_MALL,1,PFE,Lasso,rolling,831,9.415576200831922e-09,9.703389202145776e-05,4.514986347048323e-05,0.3401220740612085,1.00124295821344e-08,0.9403887561549028
PARTIAL_MALL,1,PFE,LevHAR,rolling,831,9.545479979116091e-09,9.770097225266536e-05,4.685572674552128e-05,0.3310179434209409,1.00124295821344e-08,0.9533630075310084
PARTIAL_MALL,1,PFE,LogHAR,rolling,831,9.343888412843157e-09,9.666379059835776e-05,4.3908990110235783e-05,0.3451462157434761,1.00124295821344e-08,0.933228876786894
PARTIAL_MALL,1,PFE,NN1,fixed,831,1.0935546668483668e-08,0.0001045731641889,4.9910758322041176e-05,0.2335969991971096,1.00124295821344e-08,1.0921971114779598
PARTIAL_MALL,1,PFE,NN1_1,fixed,831,1.0654972829624992e-08,0.0001032229278291,5.072414278422027e-05,0.2532606372910151,1.00124295821344e-08,1.0641745584545343
PARTIAL_MALL,1,PFE,NN2,fixed,831,1.2986221083616904e-08,0.0001139571019446,5.6899602722873386e-05,0.0898782558116224,1.00124295821344e-08,1.2970099791551857
PARTIAL_MALL,1,PFE,NN2_1,fixed,831,1.2666819116284434e-08,0.0001125469640473,5.869595329348048e-05,0.1122631107847569,1.00124295821344e-08,1.265109433467215
PARTIAL_MALL,1,PFE,NN3,fixed,831,1.3459202354300445e-08,0.0001160138024301,5.920946140936812e-05,0.0567300030388424,1.00124295821344e-08,1.3442493896103165
PARTIAL_MALL,1,PFE,NN3_1,fixed,831,1.2768897285938936e-08,0.000112999545512,5.6414643514109925e-05,0.1051091002984639,1.00124295821344e-08,1.275304578293666
PARTIAL_MALL,1,PFE,NN4,fixed,831,1.4105516552641358e-08,0.0001187666474758,6.081816144144727e-05,0.0114339464185037,1.00124295821344e-08,1.408800575018318
PARTIAL_MALL,1,PFE,NN4_1,fixed,831,1.3869320659288278e-08,0.0001177680799677,5.738444571207167e-05,0.0279874162111776,1.00124295821344e-08,1.3852103073999034
PARTIAL_MALL,1,PFE,PostLasso,rolling,831,9.536557542374505e-09,9.76552996123329e-05,4.4983911489946006e-05,0.33164326033472,1.00124295821344e-08,0.952471871501697
PARTIAL_MALL,1,PFE,RandomForest,rolling,831,9.681828037358363e-09,9.839628060733984e-05,4.743115619082275e-05,0.3214621741340071,1.00124295821344e-08,0.9669808869002244
PARTIAL_MALL,1,PFE,Ridge,rolling,831,9.432490052665948e-09,9.71210072675626e-05,4.54904085913137e-05,0.3389366896269679,1.00124295821344e-08,0.942078041627053
PARTIAL_MALL,1,PFE,SHAR,rolling,831,9.423240977673072e-09,9.707337934610638e-05,4.537600842759734e-05,0.3395848985408962,1.00124295821344e-08,0.941154282321981
PARTIAL_MALL,1,PG,AdaptiveLasso,rolling,834,2.8427342872330586e-08,0.0001686041009949,4.461039303987087e-05,-0.0165463020862208,2.8754206050281034e-08,0.9886325090187196
PARTIAL_MALL,1,PG,Bagging,rolling,834,2.64780379114875e-08,0.0001627207359603,3.431050608878687e-05,0.0531597818936535,2.8754206050281034e-08,0.920840515129741
PARTIAL_MALL,1,PG,ElasticNet,rolling,834,2.7345177972342063e-08,0.0001653637746676,3.736696377449133e-05,0.0221513254856325,2.8754206050281034e-08,0.9509974966627466
PARTIAL_MALL,1,PG,GradientBoosting,rolling,834,2.8253886892754793e-08,0.0001680889255505,3.8412796517073e-05,-0.0103436107054468,2.8754206050281034e-08,0.9826001400751124
PARTIAL_MALL,1,PG,HAR,rolling,834,2.8754206050281034e-08,0.0001695706520901,3.721312683980359e-05,-0.0282347513488177,2.8754206050281034e-08,1.0
PARTIAL_MALL,1,PG,HARQ,rolling,834,2.7146036149222855e-08,0.0001647605418455,3.7296908219221736e-05,0.02927252864527,2.8754206050281034e-08,0.9440718377601508
PARTIAL_MALL,1,PG,HARX,rolling,834,2.7733156701447817e-08,0.0001665327496363,3.5403432417527064e-05,0.008277417391871,2.8754206050281034e-08,0.9644904349976572
PARTIAL_MALL,1,PG,Lasso,rolling,834,2.7521848717253793e-08,0.0001658971027994,3.828597064303389e-05,0.0158336758469238,2.8754206050281034e-08,0.9571416671748028
PARTIAL_MALL,1,PG,LevHAR,rolling,835,2.757549644697407e-08,0.0001660587138543,3.5858856685304064e-05,0.0128232352849014,2.8754206050281034e-08,0.9590074022128864
PARTIAL_MALL,1,PG,LogHAR,rolling,834,2.6586889619057834e-08,0.0001630548668977,3.232337673773103e-05,0.0492673041019955,2.8754206050281034e-08,0.9246261076576652
PARTIAL_MALL,1,PG,NN1,fixed,834,2.76187491225811e-08,0.0001661888959063,3.9541404150772486e-05,0.0123685701158492,2.8754206050281034e-08,0.9605116230399678
PARTIAL_MALL,1,PG,NN1_1,fixed,834,2.6992276968921696e-08,0.0001642932651356,3.705443187559965e-05,0.0347708732091263,2.8754206050281034e-08,0.9387244746636948
PARTIAL_MALL,1,PG,NN2,fixed,834,2.7487990131348083e-08,0.0001657950244468,3.840210537608514e-05,0.0170444404425068,2.8754206050281034e-08,0.9559641494980322
PARTIAL_MALL,1,PG,NN2_1,fixed,834,2.7798109673734993e-08,0.0001667276511971,4.0497182294877966e-05,0.0059547344705522,2.8754206050281034e-08,0.9667493383446524
PARTIAL_MALL,1,PG,NN3,fixed,834,2.7401554871664523e-08,0.0001655341501674,3.9788365345976426e-05,0.0201353182637579,2.8754206050281034e-08,0.9529581454535312
PARTIAL_MALL,1,PG,NN3_1,fixed,834,2.5462810777714312e-08,0.0001595707077684,4.108467088709889e-05,0.0894637513940616,2.8754206050281034e-08,0.8855334323329523
PARTIAL_MALL,1,PG,NN4,fixed,834,2.7701685435004276e-08,0.0001664382330926,3.952659170796519e-05,0.0094028127434109,2.8754206050281034e-08,0.9633959423732212
PARTIAL_MALL,1,PG,NN4_1,fixed,834,2.7397499245033457e-08,0.0001655218995934,4.822245536614867e-05,0.0202803452637474,2.8754206050281034e-08,0.9528171008138716
PARTIAL_MALL,1,PG,PostLasso,rolling,834,2.7751989144439495e-08,0.0001665892828018,3.446283239704587e-05,0.007603979484979,2.8754206050281034e-08,0.9651453806761692
PARTIAL_MALL,1,PG,RandomForest,rolling,834,2.65758352825326e-08,0.0001630209657759,3.406271121013007e-05,0.0496626011569194,2.8754206050281034e-08,0.9242416652388444
PARTIAL_MALL,1,PG,Ridge,rolling,834,2.7656012973899233e-08,0.0001663009710551,3.4904671467870756e-05,0.0110360350833257,2.8754206050281034e-08,0.9618075674055668
PARTIAL_MALL,1,PG,SHAR,rolling,834,2.7455580857018615e-08,0.0001656972566369,3.575726260180803e-05,0.0182033784452908,2.8754206050281034e-08,0.9548370352848004
PARTIAL_MALL,1,UNH,AdaptiveLasso,rolling,801,7.379843780882167e-07,0.0008590601714014,0.0001803516431725,-0.129866905478363,7.553588978723981e-07,0.9769983251231704
PARTIAL_MALL,1,UNH,Bagging,rolling,801,6.512883037431189e-07,0.0008070243513941,0.0001032030348853,0.0028662907055113,7.553588978723981e-07,0.8622236470339961
PARTIAL_MALL,1,UNH,ElasticNet,rolling,801,7.171855392609926e-07,0.0008468680766571,0.0001548126637075,-0.0980235218499228,7.553588978723981e-07,0.9494632833227656
PARTIAL_MALL,1,UNH,GradientBoosting,rolling,801,6.476251661142649e-07,0.0008047516176524,0.0001058905086826,0.0084746180630315,7.553588978723981e-07,0.8573741143957074
PARTIAL_MALL,1,UNH,HAR,rolling,801,7.553588978723981e-07,0.0008691138578301,0.0001252748090228,-0.1564675971536804,7.553588978723981e-07,1.0
PARTIAL_MALL,1,UNH,HARQ,rolling,801,6.473331052419589e-07,0.0008045701369314,0.0001052011048362,0.0089217683331477,7.553588978723981e-07,0.8569874626025947
PARTIAL_MALL,1,UNH,HARX,rolling,801,7.24568519288271e-07,0.0008512159063881,0.0001188099650103,-0.1093269925524318,7.553588978723981e-07,0.9592374185690355
PARTIAL_MALL,1,UNH,Lasso,rolling,801,7.247117019259399e-07,0.0008513000070045,0.0001728321521586,-0.1095462076585298,7.553588978723981e-07,0.9594269743392428
PARTIAL_MALL,1,UNH,LevHAR,rolling,801,7.199754316342861e-07,0.000848513660252,0.0001166224365553,-0.1022948955483697,7.553588978723981e-07,0.9531567492780244
PARTIAL_MALL,1,UNH,LogHAR,rolling,801,6.569669494817689e-07,0.0008105349773339,9.458443067791976e-05,-0.0058278145879604,7.553588978723981e-07,0.8697414584407922
PARTIAL_MALL,1,UNH,NN1,fixed,801,6.502790422491042e-07,0.0008063988109174,0.00010302420283,0.0044114875889671,7.553588978723981e-07,0.8608875119903003
PARTIAL_MALL,1,UNH,NN1_1,fixed,801,6.46973178508828e-07,0.0008043464294126,0.0001060621007044,0.0094728224153697,7.553588978723981e-07,0.8565109649613479
PARTIAL_MALL,1,UNH,NN2,fixed,801,6.544113879702393e-07,0.0008089569753517,0.0001028446327066,-0.0019152055104194,7.553588978723981e-07,0.8663582170190949
PARTIAL_MALL,1,UNH,NN2_1,fixed,801,6.556634530806897e-07,0.0008097304817534,0.0001028315692781,-0.0038321389493991,7.553588978723981e-07,0.868015793455908
PARTIAL_MALL,1,UNH,NN3,fixed,801,6.532098589107748e-07,0.0008082139932658,0.0001017832762205,-7.56436435729313e-05,7.553588978723981e-07,0.8647675439458725
PARTIAL_MALL,1,UNH,NN3_1,fixed,801,6.494226270536563e-07,0.000805867623778,0.0001062884295741,0.0057226741335821,7.553588978723981e-07,0.859753726186148
PARTIAL_MALL,1,UNH,NN4,fixed,801,6.514964099451101e-07,0.0008071532753728,0.0001025873139357,0.0025476764943763,7.553588978723981e-07,0.8624991534225187
PARTIAL_MALL,1,UNH,NN4_1,fixed,801,6.553868374175875e-07,0.0008095596564908,0.0001040297571904,-0.0034086355629374,7.553588978723981e-07,0.8676495891735708
PARTIAL_MALL,1,UNH,PostLasso,rolling,801,7.248051799521615e-07,0.0008513549083385,0.0001146745039429,-0.1096893241408742,7.553588978723981e-07,0.9595507274670404
PARTIAL_MALL,1,UNH,RandomForest,rolling,801,6.469394180270611e-07,0.0008043254428569,0.0001014452432164,0.0095245102995499,7.553588978723981e-07,0.8564662703375578
PARTIAL_MALL,1,UNH,Ridge,rolling,801,7.148149500665227e-07,0.000845467296864,0.0001130477443078,-0.0943941086037307,7.553588978723981e-07,0.9463249219409812
PARTIAL_MALL,1,UNH,SHAR,rolling,801,7.317448541473693e-07,0.000855420863755,0.0001192491127681,-0.1203140859119564,7.553588978723981e-07,0.9687379816514482
PARTIAL_MALL,1,VZ,AdaptiveLasso,rolling,836,1.675699663413477e-08,0.0001294488185891,4.8954068028680785e-05,-0.0328641737882489,1.595381078989097e-08,1.0503444509165631
PARTIAL_MALL,1,VZ,Bagging,rolling,836,1.6300475417995996e-08,0.000127673315215,4.406779929578369e-05,-0.0047252167293529,1.595381078989097e-08,1.0217292678639944
PARTIAL_MALL,1,VZ,ElasticNet,rolling,836,1.573724369248817e-08,0.0001254481713397,4.948368304713398e-05,0.0299911398779482,1.595381078989097e-08,0.9864253688190896
PARTIAL_MALL,1,VZ,GradientBoosting,rolling,836,1.6980635748724614e-08,0.0001303097684317,4.715162850779476e-05,-0.0466487936912594,1.595381078989097e-08,1.0643623628458905
PARTIAL_MALL,1,VZ,HAR,rolling,836,1.595381078989097e-08,0.0001263083955637,4.334203424348618e-05,0.0166424234574289,1.595381078989097e-08,1.0
PARTIAL_MALL,1,VZ,HARQ,rolling,836,1.6930392307567962e-08,0.0001301168409836,5.1105233724752605e-05,-0.0435518992135919,1.595381078989097e-08,1.061213056274667
PARTIAL_MALL,1,VZ,HARX,rolling,836,1.693188502269477e-08,0.0001301225769138,5.113689928142497e-05,-0.0436439068692486,1.595381078989097e-08,1.061306621075358
PARTIAL_MALL,1,VZ,Lasso,rolling,836,1.56384395128913e-08,0.0001250537464968,4.63279987491736e-05,0.0360812107632204,1.595381078989097e-08,0.980232229079744
PARTIAL_MALL,1,VZ,LevHAR,rolling,836,1.7508766380073543e-08,0.000132320695207,5.621246870120138e-05,-0.079201596565809,1.595381078989097e-08,1.0974660919990264
PARTIAL_MALL,1,VZ,LogHAR,rolling,836,1.503169193674016e-08,0.0001226038006618,3.99793988582548e-05,0.0734797880633301,1.595381078989097e-08,0.9422007152212748
PARTIAL_MALL,1,VZ,NN1,fixed,836,1.6004268814994027e-08,0.0001265079792542,4.6092232512155e-05,0.0135323025003778,1.595381078989097e-08,1.0031627568966173
PARTIAL_MALL,1,VZ,NN1_1,fixed,836,1.5636262450648483e-08,0.0001250450416875,4.635087518766157e-05,0.0362154000600142,1.595381078989097e-08,0.9800957687523976
PARTIAL_MALL,1,VZ,NN2,fixed,836,1.6339192844228577e-08,0.0001278248522167,4.7641984029029e-05,-0.0071116731648375,1.595381078989097e-08,1.024156112881933
PARTIAL_MALL,1,VZ,NN2_1,fixed,836,1.6511605868009552e-08,0.0001284974936253,4.647407286162913e-05,-0.0177388302411309,1.595381078989097e-08,1.0349631248273312
PARTIAL_MALL,1,VZ,NN3,fixed,836,1.5876337072437263e-08,0.0001260013375819,4.612063102099744e-05,0.0214177318802476,1.595381078989097e-08,0.995143873869759
PARTIAL_MALL,1,VZ,NN3_1,fixed,836,1.6063505285035893e-08,0.0001267418844937,4.73090445929123e-05,0.0098810976321208,1.595381078989097e-08,1.006875755052481
PARTIAL_MALL,1,VZ,NN4,fixed,836,1.6159840605758473e-08,0.0001271213617208,4.632715274714322e-05,0.0039432017419903,1.595381078989097e-08,1.0129141443747127
PARTIAL_MALL,1,VZ,NN4_1,fixed,836,1.5874819289152117e-08,0.0001259953145523,4.561548256066762e-05,0.0215112846816851,1.595381078989097e-08,0.9950487377731152
PARTIAL_MALL,1,VZ,PostLasso,rolling,836,1.6850497463539513e-08,0.0001298094660012,5.0782170193560514e-05,-0.0386273579088998,1.595381078989097e-08,1.056205171633145
PARTIAL_MALL,1,VZ,RandomForest,rolling,836,1.5314348561775692e-08,0.0001237511557997,4.226129024997302e-05,0.0560574594768108,1.595381078989097e-08,0.959917900711191
PARTIAL_MALL,1,VZ,Ridge,rolling,836,1.6894202587486922e-08,0.0001299777003469,5.164057089106776e-05,-0.0413212449891358,1.595381078989097e-08,1.058944650277025
PARTIAL_MALL,1,VZ,SHAR,rolling,836,1.7179266650975386e-08,0.0001310697014987,5.067628949988388e-05,-0.058891962752005,1.595381078989097e-08,1.0768127362937585
PARTIAL_MALL,1,WMT,AdaptiveLasso,rolling,835,3.3774728323309825e-08,0.0001837790203568,6.183650957447404e-05,-0.0779200542630342,3.338054826678325e-08,1.0118086753212143
PARTIAL_MALL,1,WMT,Bagging,rolling,835,3.9418017395978246e-08,0.0001985397123901,5.417456196588766e-05,-0.2580255581534834,3.338054826678325e-08,1.1808678839227706
PARTIAL_MALL,1,WMT,ElasticNet,rolling,835,3.1360690546205814e-08,0.0001770894986898,5.425787643160211e-05,-0.0008760672091669,3.338054826678325e-08,0.9394899776829794
PARTIAL_MALL,1,WMT,GradientBoosting,rolling,835,3.5708562797769754e-08,0.0001889670944841,6.760091897287988e-05,-0.1396383586026413,3.338054826678325e-08,1.0697416505079724
PARTIAL_MALL,1,WMT,HAR,rolling,835,3.338054826678325e-08,0.0001827034435,5.10012935496994e-05,-0.0653398024293792,3.338054826678325e-08,1.0
PARTIAL_MALL,1,WMT,HARQ,rolling,835,3.283899749498153e-08,0.0001812153346021,5.09996411543984e-05,-0.0480562159638198,3.338054826678325e-08,0.983776456651534
PARTIAL_MALL,1,WMT,HARX,rolling,835,3.356660897283604e-08,0.0001832119236644,5.140644221408603e-05,-0.071277927658538,3.338054826678325e-08,1.005573926005222
PARTIAL_MALL,1,WMT,Lasso,rolling,835,3.2935750842912824e-08,0.0001814820951028,6.0339111851009994e-05,-0.0511440979166775,3.338054826678325e-08,0.9866749515222
PARTIAL_MALL,1,WMT,LevHAR,rolling,835,3.5341383357967676e-08,0.0001879930407168,5.598278238237138e-05,-0.1279198311318348,3.338054826678325e-08,1.0587418479622646
PARTIAL_MALL,1,WMT,LogHAR,rolling,835,3.1355716820668056e-08,0.0001770754551615,4.604477216107561e-05,-0.0007173308175598,3.338054826678325e-08,0.9393409769686112
PARTIAL_MALL,1,WMT,NN1,fixed,835,3.265558872633188e-08,0.0001807085740255,4.8138649587986326e-05,-0.0422027272854608,3.338054826678325e-08,0.9782819762378568
PARTIAL_MALL,1,WMT,NN1_1,fixed,835,3.18352919862029e-08,0.0001784244713771,4.714368339782371e-05,-0.0160229665434217,3.338054826678325e-08,0.9537078819607636
PARTIAL_MALL,1,WMT,NN2,fixed,835,2.0119620887858377e-07,0.0004485490038764,7.385103843178443e-05,-5.421174622513347,3.338054826678325e-08,6.027348840126533
PARTIAL_MALL,1,WMT,NN2_1,fixed,835,3.215133198852245e-08,0.0001793079250577,4.753646735777998e-05,-0.0261093794728921,3.338054826678325e-08,0.9631756713989033
PARTIAL_MALL,1,WMT,NN3,fixed,835,3.195422227652315e-08,0.0001787574397795,4.706646360044185e-05,-0.0198186253498626,3.338054826678325e-08,0.957270744061462
PARTIAL_MALL,1,WMT,NN3_1,fixed,835,3.1978567931476285e-08,0.0001788255237136,4.746399522907803e-05,-0.0205956166392358,3.338054826678325e-08,0.9580000806427116
PARTIAL_MALL,1,WMT,NN4,fixed,835,3.2173512999343306e-08,0.0001793697661239,4.76271279402008e-05,-0.0268172861704307,3.338054826678325e-08,0.963840160509255
PARTIAL_MALL,1,WMT,NN4_1,fixed,835,3.2093375140071554e-08,0.0001791462395365,4.810556501721991e-05,-0.0242596873412754,3.338054826678325e-08,0.9614394252477704
PARTIAL_MALL,1,WMT,PostLasso,rolling,835,3.2888770961510645e-08,0.0001813526149839,5.0346912765165875e-05,-0.049644735558362,3.338054826678325e-08,0.9852675485932036
PARTIAL_MALL,1,WMT,RandomForest,rolling,835,3.2166428102647875e-08,0.0001793500156193,4.8999358984089216e-05,-0.0265911717763405,3.338054826678325e-08,0.9636279142441906
PARTIAL_MALL,1,WMT,Ridge,rolling,835,3.3611481787607664e-08,0.0001833343442664,5.21666567910136e-05,-0.0727100430103047,3.338054826678325e-08,1.0069182063451667
PARTIAL_MALL,1,WMT,SHAR,rolling,835,3.542027323296371e-08,0.0001882027450197,5.210879364506965e-05,-0.1304376005576171,3.338054826678325e-08,1.0611051966516134
PARTIAL_MALL,1,XOM,AdaptiveLasso,rolling,836,1.1025920839646597e-08,0.0001050043848591,5.063047180196667e-05,0.3898306190224601,1.1053085416057404e-08,0.9975423535249854
PARTIAL_MALL,1,XOM,Bagging,rolling,836,1.2231358203220597e-08,0.0001105954709887,4.439701608999661e-05,0.3231222705193231,1.1053085416057404e-08,1.106601255921849
PARTIAL_MALL,1,XOM,ElasticNet,rolling,836,1.0716280810643202e-08,0.0001035194706837,4.7633866921157314e-05,0.406965955614349,1.1053085416057404e-08,0.9695284535732523
PARTIAL_MALL,1,XOM,GradientBoosting,rolling,836,1.2710184002405357e-08,0.0001127394518454,4.7619416877752614e-05,0.296624271328717,1.1053085416057404e-08,1.149921811328862
PARTIAL_MALL,1,XOM,HAR,rolling,836,1.1053085416057404e-08,0.0001051336550114,4.671429313057001e-05,0.3883273438752723,1.1053085416057404e-08,1.0
PARTIAL_MALL,1,XOM,HARQ,rolling,836,1.1677974269950822e-08,0.0001080646763283,4.902066349506697e-05,0.3537462825104119,1.1053085416057404e-08,1.056535241552156
PARTIAL_MALL,1,XOM,HARX,rolling,836,1.0926773244354408e-08,0.0001045312070357,4.959915213230285e-05,0.395317401280801,1.1053085416057404e-08,0.988572225134577
PARTIAL_MALL,1,XOM,Lasso,rolling,836,1.0619503154039928e-08,0.0001030509735715,4.647303335992105e-05,0.4123215865571855,1.1053085416057404e-08,0.9607727394029192
PARTIAL_MALL,1,XOM,LevHAR,rolling,837,1.2089098506852248e-08,0.0001099504365923,5.8556951595256586e-05,0.330585053630223,1.1053085416057404e-08,1.093730669021138
PARTIAL_MALL,1,XOM,LogHAR,rolling,836,1.0245822481562377e-08,0.000101221650261,4.096964477743878e-05,0.4330009028632698,1.1053085416057404e-08,0.9269649239005904
PARTIAL_MALL,1,XOM,NN1,fixed,836,1.7556950405089854e-08,0.0001325026430117,5.846522072235541e-05,0.0284064509145873,1.1053085416057404e-08,1.5884207661676026
PARTIAL_MALL,1,XOM,NN1_1,fixed,836,1.8705409662237532e-08,0.0001367677215655,6.109553228034125e-05,-0.0351487554217373,1.1053085416057404e-08,1.6923247182242156
PARTIAL_MALL,1,XOM,NN2,fixed,836,1.9857479124649396e-08,0.0001409165679565,6.349530830188116e-05,-0.0989037488546038,1.1053085416057404e-08,1.796555294488305
PARTIAL_MALL,1,XOM,NN2_1,fixed,836,1.9439955667694453e-08,0.0001394272414834,6.352479002941676e-05,-0.0757981930485305,1.1053085416057404e-08,1.7587809137395247
PARTIAL_MALL,1,XOM,NN3,fixed,836,1.9510599065390215e-08,0.000139680346024,6.359646631092365e-05,-0.079707566140271,1.1053085416057404e-08,1.7651721968099636
PARTIAL_MALL,1,XOM,NN3_1,fixed,836,2.006373954468657e-08,0.0001416465302952,6.464632734303677e-05,-0.1103181055006004,1.1053085416057404e-08,1.8152161852960005
PARTIAL_MALL,1,XOM,NN4,fixed,836,2.0066215796828426e-08,0.0001416552709814,6.45239022502996e-05,-0.1104551401536249,1.1053085416057404e-08,1.8154402179573472
PARTIAL_MALL,1,XOM,NN4_1,fixed,836,2.0413190030642426e-08,0.0001428747354525,6.547158517777082e-05,-0.1296565344444471,1.1053085416057404e-08,1.8468318358407965
PARTIAL_MALL,1,XOM,PostLasso,rolling,836,1.0965362898684774e-08,0.0001047156287221,4.9424896096361705e-05,0.3931818675836762,1.1053085416057404e-08,0.9920635266922672
PARTIAL_MALL,1,XOM,RandomForest,rolling,836,1.0954628589074767e-08,0.0001046643615997,4.2450528780874585e-05,0.3937758993335148,1.1053085416057404e-08,0.9910923671285848
PARTIAL_MALL,1,XOM,Ridge,rolling,836,1.0822896697325817e-08,0.0001040331519147,4.965180963603187e-05,0.4010658815501871,1.1053085416057404e-08,0.9791742567738434
PARTIAL_MALL,1,XOM,SHAR,rolling,836,1.1739913816659686e-08,0.0001083508828605,5.125748807233845e-05,0.3503185765234906,1.1053085416057404e-08,1.0621390656770362
PARTIAL_MALL,5,AAPL,AdaptiveLasso,rolling,841,3.255800069885181e-08,0.0001804383570609,0.000104530553,-0.3334445150770466,2.8081176080189967e-08,1.1594243989595594
PARTIAL_MALL,5,AAPL,Bagging,rolling,841,2.3354385859694762e-08,0.0001528214181968,7.539263413359931e-05,0.0434984624623722,2.8081176080189967e-08,0.8316740649680358
PARTIAL_MALL,5,AAPL,ElasticNet,rolling,841,3.045452529287458e-08,0.0001745122496928,0.0001074538913956,-0.2472946384724084,2.8081176080189967e-08,1.0845174434969234
PARTIAL_MALL,5,AAPL,GradientBoosting,rolling,841,2.5411930648568767e-08,0.0001594111998843,8.901268007900637e-05,-0.0407702811446686,2.8081176080189967e-08,0.9049453831990948
PARTIAL_MALL,5,AAPL,HAR,rolling,841,2.8081176080189967e-08,0.0001675743896906,8.583307034079592e-05,-0.1500918182105266,2.8081176080189967e-08,1.0
PARTIAL_MALL,5,AAPL,HARQ,rolling,841,2.8431372486073514e-08,0.0001686160504995,9.243336993918054e-05,-0.1644344518674381,2.8081176080189967e-08,1.0124708596564298
PARTIAL_MALL,5,AAPL,HARX,rolling,841,2.8232153276289482e-08,0.000168024263951,9.111943977537443e-05,-0.1562752357951236,2.8081176080189967e-08,1.0053764555896223
PARTIAL_MALL,5,AAPL,Lasso,rolling,841,2.975478096915816e-08,0.000172495741887,0.0001022819120733,-0.2186359306160361,2.8081176080189967e-08,1.0595988175206397
PARTIAL_MALL,5,AAPL,LevHAR,rolling,841,2.8343483414547433e-08,0.0001683552298402,9.37573064609807e-05,-0.1608348696496702,2.8081176080189967e-08,1.0093410380536916
PARTIAL_MALL,5,AAPL,LogHAR,rolling,841,2.229429867978813e-08,0.0001493127545783,7.093486061090267e-05,0.0869153616947578,2.8081176080189967e-08,0.7939232536459104
PARTIAL_MALL,5,AAPL,NN1,fixed,841,2.4460315610976683e-08,0.0001563979399192,9.157197172323948e-05,-0.0017959637693774,2.8081176080189967e-08,0.8710573781214369
PARTIAL_MALL,5,AAPL,NN1_1,fixed,841,2.5935169628109313e-08,0.000161043999044,9.615108936516396e-05,-0.0622000413377585,2.8081176080189967e-08,0.9235784695786096
PARTIAL_MALL,5,AAPL,NN2,fixed,841,2.5446847773642393e-08,0.0001595206813351,9.161025384715847e-05,-0.042200345887966,2.8081176080189967e-08,0.906188818480221
PARTIAL_MALL,5,AAPL,NN2_1,fixed,841,2.477864776891233e-08,0.0001574123494803,8.324583236237917e-05,-0.0148335662283911,2.8081176080189967e-08,0.8823935186387215
PARTIAL_MALL,5,AAPL,NN3,fixed,841,2.4551514897568595e-08,0.0001566892303177,8.513815639954908e-05,-0.0055311190576201,2.8081176080189967e-08,0.8743050799388922
PARTIAL_MALL,5,AAPL,NN3_1,fixed,841,2.4476574971470876e-08,0.0001564499120212,8.65228239755768e-05,-0.0024618816575852,2.8081176080189967e-08,0.8716363909251658
PARTIAL_MALL,5,AAPL,NN4,fixed,841,2.4751920556439316e-08,0.0001573274310361,8.66254631795612e-05,-0.0137389273036894,2.8081176080189967e-08,0.8814417346964576
PARTIAL_MALL,5,AAPL,NN4_1,fixed,841,2.5301550626897663e-08,0.000159064611485,9.01842567166636e-05,-0.0362495602369929,2.8081176080189967e-08,0.901014635378708
PARTIAL_MALL,5,AAPL,PostLasso,rolling,841,2.9267762942486617e-08,0.0001710782363203,9.550037659174525e-05,-0.1986896346989251,2.8081176080189967e-08,1.0422555970913816
PARTIAL_MALL,5,AAPL,RandomForest,rolling,841,2.3168369157588304e-08,0.0001522115933744,7.695763704856279e-05,0.0511169570201577,2.8081176080189967e-08,0.8250498159844725
PARTIAL_MALL,5,AAPL,Ridge,rolling,841,2.8218152910651673e-08,0.0001679825970469,9.784943796894554e-05,-0.1557018372335386,2.8081176080189967e-08,1.0048778879513645
PARTIAL_MALL,5,AAPL,SHAR,rolling,841,2.7987830896601925e-08,0.0001672956392037,9.066725611571752e-05,-0.1462687756282856,2.8081176080189967e-08,0.996675880549964
PARTIAL_MALL,5,AXP,AdaptiveLasso,rolling,837,1.7987371992221783e-08,0.0001341170085866,0.000105487583412,-1.4058045510138646,8.545728219473511e-09,2.104837824263262
PARTIAL_MALL,5,AXP,Bagging,rolling,837,8.480265790723877e-09,9.208835860587308e-05,4.476088124609569e-05,-0.1342325072252355,8.545728219473511e-09,0.9923397483434516
PARTIAL_MALL,5,AXP,ElasticNet,rolling,837,1.5393910748312316e-08,0.0001240721997399,9.10151706350964e-05,-1.0589300400417485,8.545728219473511e-09,1.8013573978673418
PARTIAL_MALL,5,AXP,GradientBoosting,rolling,837,1.1032743801216792e-08,0.000105036868771,5.40708763703396e-05,-0.4756255254305688,8.545728219473511e-09,1.2910244180333297
PARTIAL_MALL,5,AXP,HAR,rolling,837,8.545728219473511e-09,9.2443108015003e-05,5.7488175241344435e-05,-0.1429880835859398,8.545728219473511e-09,1.0
PARTIAL_MALL,5,AXP,HARQ,rolling,837,1.6733304818666644e-08,0.0001293572758628,8.163036651719932e-05,-1.2380735164457968,8.545728219473511e-09,1.9580899823768976
PARTIAL_MALL,5,AXP,HARX,rolling,837,1.7170911973513413e-08,0.0001310378264987,8.86894851469084e-05,-1.2966033164155664,8.545728219473511e-09,2.0092976903226725
PARTIAL_MALL,5,AXP,Lasso,rolling,837,1.5440688844627813e-08,0.0001242605683418,9.115343308206572e-05,-1.0651865936423657,8.545728219473511e-09,1.8068312551108825
PARTIAL_MALL,5,AXP,LevHAR,rolling,837,3.09566274573778e-08,0.0001759449557599,0.0001053912329947,-3.140437816775319,8.545728219473511e-09,3.622468052147461
PARTIAL_MALL,5,AXP,LogHAR,rolling,837,7.305733070139464e-09,8.547358112387397e-05,4.387169549403283e-05,0.0228608227908769,8.545728219473511e-09,0.8548988316164305
PARTIAL_MALL,5,AXP,NN1,fixed,837,6.462903108890617e-09,8.039218313300502e-05,4.3821866682498e-05,0.1355890277437818,8.545728219473511e-09,0.7562729521591065
PARTIAL_MALL,5,AXP,NN1_1,fixed,837,6.749383860065578e-09,8.21546338319731e-05,4.2242156376141047e-05,0.0972723300487194,8.545728219473511e-09,0.7897962217761001
PARTIAL_MALL,5,AXP,NN2,fixed,837,7.179959015958917e-09,8.473463882001809e-05,4.532302253810306e-05,0.0396830574162504,8.545728219473511e-09,0.8401810625802072
PARTIAL_MALL,5,AXP,NN2_1,fixed,837,7.135711503098467e-09,8.447314071998547e-05,4.55623708906168e-05,0.045601146387599,8.545728219473511e-09,0.8350033279595788
PARTIAL_MALL,5,AXP,NN3,fixed,837,7.33037786414002e-09,8.561762589642403e-05,4.501236198061511e-05,0.0195645904345896,8.545728219473511e-09,0.8577827045138153
PARTIAL_MALL,5,AXP,NN3_1,fixed,837,7.529064960296763e-09,8.67701847427834e-05,4.6378940896433705e-05,-0.0070097373976429,8.545728219473511e-09,0.8810325775561134
PARTIAL_MALL,5,AXP,NN4,fixed,837,7.484484606600216e-09,8.651291583688655e-05,4.518308004757145e-05,-0.0010471310838724,8.545728219473511e-09,0.8758158947232848
PARTIAL_MALL,5,AXP,NN4_1,fixed,837,7.454719487376702e-09,8.634071743607823e-05,4.4469631992702194e-05,0.0029339429340756,8.545728219473511e-09,0.8723328540204823
PARTIAL_MALL,5,AXP,PostLasso,rolling,837,1.9128672253060073e-08,0.000138306443281,9.35137088017433e-05,-1.5584530514610335,8.545728219473511e-09,2.2383899606672206
PARTIAL_MALL,5,AXP,RandomForest,rolling,837,8.36669306846525e-09,9.14696292135551e-05,4.508109624166575e-05,-0.1190421963672074,8.545728219473511e-09,0.9790497490195996
PARTIAL_MALL,5,AXP,Ridge,rolling,837,1.8397869586906507e-08,0.0001356387466283,9.234761732246303e-05,-1.4607084570374798,8.545728219473511e-09,2.152873238465799
PARTIAL_MALL,5,AXP,SHAR,rolling,837,1.6441845630983545e-08,0.0001282257604032,8.648367666718137e-05,-1.199090954653779,8.545728219473511e-09,1.923984148421292
PARTIAL_MALL,5,BA,AdaptiveLasso,rolling,835,1.1232917387915577e-08,0.0001059854583795,5.445007597781339e-05,0.0529382303112755,1.1406486978790536e-08,0.9847832561245458
PARTIAL_MALL,5,BA,Bagging,rolling,835,8.878807288136401e-09,9.422742322772284e-05,5.03488869055629e-05,0.2514162926121216,1.1406486978790536e-08,0.7783998092178464
PARTIAL_MALL,5,BA,ElasticNet,rolling,835,1.0888572441854e-08,0.0001043483226595,6.05013613873178e-05,0.0819703973555451,1.1406486978790536e-08,0.954594737371852
PARTIAL_MALL,5,BA,GradientBoosting,rolling,835,1.003553187950996e-08,0.0001001775018629,5.6773905353097416e-05,0.1538913486712676,1.1406486978790536e-08,0.8798091733388416
PARTIAL_MALL,5,BA,HAR,rolling,835,1.1406486978790536e-08,0.0001068011562614,5.7188634664324894e-05,0.0383043539796442,1.1406486978790536e-08,1.0
PARTIAL_MALL,5,BA,HARQ,rolling,835,1.122899757754488e-08,0.0001059669645575,5.465865408560848e-05,0.0532687145851571,1.1406486978790536e-08,0.9844396086564
PARTIAL_MALL,5,BA,HARX,rolling,835,1.1162304758565384e-08,0.0001056518090643,5.519032181531119e-05,0.0588916722716617,1.1406486978790536e-08,0.9785926884693604
PARTIAL_MALL,5,BA,Lasso,rolling,835,1.0770726771101362e-08,0.0001037821119996,5.90669492849178e-05,0.0919061180271149,1.1406486978790536e-08,0.9442632767765112
PARTIAL_MALL,5,BA,LevHAR,rolling,835,1.1055237074499664e-08,0.0001051438874804,5.4989308932532616e-05,0.0679186869683814,1.1406486978790536e-08,0.9692061276233432
PARTIAL_MALL,5,BA,LogHAR,rolling,835,9.448225342429336e-09,9.720198219393128e-05,5.059973653766148e-05,0.2034079211830279,1.1406486978790536e-08,0.8283203548995905
PARTIAL_MALL,5,BA,NN1,fixed,835,1.0999413875463036e-08,0.0001048780905406,5.9910872195682e-05,0.0726252129619038,1.1406486978790536e-08,0.964312140619244
PARTIAL_MALL,5,BA,NN1_1,fixed,835,1.0082580559331972e-08,0.0001004120538547,5.5646124456742406e-05,0.149924613722991,1.1406486978790536e-08,0.8839339034077481
PARTIAL_MALL,5,BA,NN2,fixed,835,1.1768529194111132e-08,0.000108482852074,5.838554775804006e-05,0.0077801073122185,1.1406486978790536e-08,1.031740027932683
PARTIAL_MALL,5,BA,NN2_1,fixed,835,1.12878260315182e-08,0.0001062441811654,5.850675186298965e-05,0.0483088116673307,1.1406486978790536e-08,0.9895970645920188
PARTIAL_MALL,5,BA,NN3,fixed,835,1.1636419507276372e-08,0.0001078722369624,5.783482517771315e-05,0.0189184455983482,1.1406486978790536e-08,1.0201580494426878
PARTIAL_MALL,5,BA,NN3_1,fixed,835,1.275959795250602e-08,0.000112958390359,6.010682053933421e-05,-0.0757781794440273,1.1406486978790536e-08,1.1186264426752504
PARTIAL_MALL,5,BA,NN4,fixed,835,1.155074486099465e-08,0.0001074743916521,5.867330272969832e-05,0.026141785655341,1.1406486978790536e-08,1.012647003628054
PARTIAL_MALL,5,BA,NN4_1,fixed,835,1.1749984305912294e-08,0.0001083973445519,5.7750176154311e-05,0.0093436507826945,1.1406486978790536e-08,1.0301142084991168
PARTIAL_MALL,5,BA,PostLasso,rolling,835,1.0973174436602311e-08,0.0001047529208977,5.3761853885612624e-05,0.0748374939344151,1.1406486978790536e-08,0.9620117444578744
PARTIAL_MALL,5,BA,RandomForest,rolling,835,8.868280672169499e-09,9.41715491651778e-05,5.04710391259939e-05,0.2523038051969798,1.1406486978790536e-08,0.7774769469915994
PARTIAL_MALL,5,BA,Ridge,rolling,835,1.1136201677407526e-08,0.0001055282032321,5.584821372271919e-05,0.0610924567501698,1.1406486978790536e-08,0.976304246707546
PARTIAL_MALL,5,BA,SHAR,rolling,835,1.1161781522287704e-08,0.0001056493328056,5.523993057417955e-05,0.0589357869978712,1.1406486978790536e-08,0.9785468166528536
PARTIAL_MALL,5,CAT,AdaptiveLasso,rolling,827,8.91765746799713e-09,9.4433349342259e-05,6.367445495334691e-05,0.3433885104600898,8.639324566415294e-09,1.0322169747695131
PARTIAL_MALL,5,CAT,Bagging,rolling,827,8.103333504163933e-09,9.001851756257672e-05,5.835962975229564e-05,0.4033475829832744,8.639324566415294e-09,0.9379591473695774
PARTIAL_MALL,5,CAT,ElasticNet,rolling,827,8.515202341292008e-09,9.22778540132572e-05,6.300140007357746e-05,0.3730214786658281,8.639324566415294e-09,0.9856328785694888
PARTIAL_MALL,5,CAT,GradientBoosting,rolling,827,8.254611466773424e-09,9.085489236564768e-05,6.201010505918828e-05,0.3922089124613297,8.639324566415294e-09,0.955469539697882
PARTIAL_MALL,5,CAT,HAR,rolling,827,8.639324566415294e-09,9.294796698376622e-05,6.169198544680215e-05,0.3638822984028846,8.639324566415294e-09,1.0
PARTIAL_MALL,5,CAT,HARQ,rolling,827,8.706337430531498e-09,9.33077565400192e-05,6.170088485349383e-05,0.3589481083778042,8.639324566415294e-09,1.007756724915361
PARTIAL_MALL,5,CAT,HARX,rolling,827,8.530225033048079e-09,9.235921736918346e-05,6.1486898524057e-05,0.3719153505098351,8.639324566415294e-09,0.987371751978004
PARTIAL_MALL,5,CAT,Lasso,rolling,827,8.54239908472267e-09,9.242509986320096e-05,6.355052244277504e-05,0.371018969119041,8.639324566415294e-09,0.9887808958967216
PARTIAL_MALL,5,CAT,LevHAR,rolling,827,8.457265602992848e-09,9.196339273315684e-05,6.085335754664323e-05,0.3772873890991697,8.639324566415294e-09,0.9789267133069424
PARTIAL_MALL,5,CAT,LogHAR,rolling,827,6.9976531635533125e-09,8.365197644738175e-05,5.373211258453131e-05,0.4847593683101663,8.639324566415294e-09,0.8099768806876578
PARTIAL_MALL,5,CAT,NN1,fixed,827,1.3869191268063362e-08,0.0001177675306188,6.825654485362782e-05,-0.0211953497785917,8.639324566415294e-09,1.6053559698380555
PARTIAL_MALL,5,CAT,NN1_1,fixed,827,1.5388989679394065e-08,0.0001240523666819,7.271564453471377e-05,-0.1330988515945648,8.639324566415294e-09,1.7812723160347017
PARTIAL_MALL,5,CAT,NN2,fixed,827,1.7348079054458686e-08,0.0001317121067117,7.704154566177207e-05,-0.2773475623484107,8.639324566415294e-09,2.0080364988135764
PARTIAL_MALL,5,CAT,NN2_1,fixed,827,1.7243031896266394e-08,0.0001313127255686,7.697716195736392e-05,-0.2696128886114897,8.639324566415294e-09,1.99587731236506
PARTIAL_MALL,5,CAT,NN3,fixed,827,1.6586132724593186e-08,0.000128787160558,7.520623253207289e-05,-0.2212450806823571,8.639324566415294e-09,1.9198413715200024
PARTIAL_MALL,5,CAT,NN3_1,fixed,827,1.4978834322991108e-08,0.0001223880481215,7.128403428517518e-05,-0.102898911702614,8.639324566415294e-09,1.733796919868038
PARTIAL_MALL,5,CAT,NN4,fixed,827,1.7209350907722197e-08,0.0001311844156434,7.666713213636445e-05,-0.2671329409193352,8.639324566415294e-09,1.991978745030858
PARTIAL_MALL,5,CAT,NN4_1,fixed,827,1.772932378787114e-08,0.0001331515068929,7.80403793951336e-05,-0.3054187989016823,8.639324566415294e-09,2.0521654964547245
PARTIAL_MALL,5,CAT,PostLasso,rolling,827,8.790773199698676e-09,9.375912328780958e-05,6.182487661383187e-05,0.3527310613155828,8.639324566415294e-09,1.0175301474228815
PARTIAL_MALL,5,CAT,RandomForest,rolling,827,7.504487923300185e-09,8.662844754063289e-05,5.6684945230823024e-05,0.4474408765714674,8.639324566415294e-09,0.8686428974405361
PARTIAL_MALL,5,CAT,Ridge,rolling,827,8.54412350815471e-09,9.243442815398768e-05,6.177855976744263e-05,0.370891998976672,8.639324566415294e-09,0.9889804975459922
PARTIAL_MALL,5,CAT,SHAR,rolling,827,8.623245698167376e-09,9.286143278114644e-05,6.122577317400758e-05,0.3650661933515604,8.639324566415294e-09,0.9981388743848768
PARTIAL_MALL,5,CSCO,AdaptiveLasso,rolling,841,6.8008200122552e-09,8.24670844170885e-05,5.271419400117856e-05,0.0169226216423081,6.405908081505979e-09,1.0616480795110597
PARTIAL_MALL,5,CSCO,Bagging,rolling,841,5.913233617649942e-09,7.689755274161813e-05,4.766444286614359e-05,0.1452256945514739,6.405908081505979e-09,0.923090612979852
PARTIAL_MALL,5,CSCO,ElasticNet,rolling,841,6.657811898887743e-09,8.159541591834521e-05,5.35069310597856e-05,0.0375948407158636,6.405908081505979e-09,1.039323670301954
PARTIAL_MALL,5,CSCO,GradientBoosting,rolling,841,7.780623765992009e-09,8.820784412960113e-05,6.271851594602343e-05,-0.1247107260705944,6.405908081505979e-09,1.2146012192174391
PARTIAL_MALL,5,CSCO,HAR,rolling,841,6.405908081505979e-09,8.003691699151074e-05,5.037579938377617e-05,0.0740082355629122,6.405908081505979e-09,1.0
PARTIAL_MALL,5,CSCO,HARQ,rolling,841,6.66161368930544e-09,8.16187091867143e-05,4.806744769205256e-05,0.0370452813759368,6.405908081505979e-09,1.039917152189194
PARTIAL_MALL,5,CSCO,HARX,rolling,841,6.416222727873055e-09,8.010132787833829e-05,4.994735791568444e-05,0.0725172248478869,6.405908081505979e-09,1.0016101770796328
PARTIAL_MALL,5,CSCO,Lasso,rolling,841,6.778369446371598e-09,8.233085355060761e-05,5.4166915148595226e-05,0.0201679131529974,6.405908081505979e-09,1.05814341388084
PARTIAL_MALL,5,CSCO,LevHAR,rolling,840,6.787787805748847e-09,8.238803193273187e-05,5.112350233732809e-05,0.0199243418782339,6.405908081505979e-09,1.059613675279757
PARTIAL_MALL,5,CSCO,LogHAR,rolling,841,5.2093242770786e-09,7.217564878183361e-05,4.4384991797176064e-05,0.2469777403170396,6.405908081505979e-09,0.8132062169480784
PARTIAL_MALL,5,CSCO,NN1,fixed,841,5.509134035248056e-09,7.422354097756355e-05,4.920453801478684e-05,0.2036394089781478,6.405908081505979e-09,0.8600082869051879
PARTIAL_MALL,5,CSCO,NN1_1,fixed,841,5.682452339659095e-09,7.53820425543053e-05,4.9532585153739366e-05,0.1785857677974127,6.405908081505979e-09,0.8870642955468687
PARTIAL_MALL,5,CSCO,NN2,fixed,841,6.972134864686168e-09,8.349931056413681e-05,5.4480393698302813e-05,-0.0078414150029908,6.405908081505979e-09,1.0883913374927905
PARTIAL_MALL,5,CSCO,NN2_1,fixed,841,7.113202144838681e-09,8.433980166468665e-05,5.71544293516938e-05,-0.0282330812571305,6.405908081505979e-09,1.1104127712001797
PARTIAL_MALL,5,CSCO,NN3,fixed,841,6.854561551485319e-09,8.279227954033709e-05,5.394513783624456e-05,0.0091541332247278,6.405908081505979e-09,1.0700374504708574
PARTIAL_MALL,5,CSCO,NN3_1,fixed,841,6.902473525433767e-09,8.308112616854545e-05,5.3916389305378675e-05,0.0022283246227791,6.405908081505979e-09,1.077516791937959
PARTIAL_MALL,5,CSCO,NN4,fixed,841,6.9526753724909914e-09,8.338270427667234e-05,5.452043294671791e-05,-0.0050284914824545,6.405908081505979e-09,1.085353596091012
PARTIAL_MALL,5,CSCO,NN4_1,fixed,841,7.021709541404995e-09,8.379564154181883e-05,5.501157430943314e-05,-0.015007571897873,6.405908081505979e-09,1.096130236660256
PARTIAL_MALL,5,CSCO,PostLasso,rolling,841,6.692723984796166e-09,8.180907030883658e-05,5.237827506733217e-05,0.0325482019537726,6.405908081505979e-09,1.0447736526407914
PARTIAL_MALL,5,CSCO,RandomForest,rolling,841,5.9491140610248675e-09,7.713050019949868e-05,4.809608077342549e-05,0.1400390770342084,6.405908081505979e-09,0.928691761625508
PARTIAL_MALL,5,CSCO,Ridge,rolling,841,6.561295307238815e-09,8.100182286367891e-05,5.196117982742252e-05,0.0515465814934853,6.405908081505979e-09,1.0242568615964758
PARTIAL_MALL,5,CSCO,SHAR,rolling,841,6.215900684507532e-09,7.884098353335994e-05,4.9431827595522896e-05,0.1014743313238939,6.405908081505979e-09,0.9703387256606126
PARTIAL_MALL,5,DIS,AdaptiveLasso,rolling,836,9.842562416779321e-09,9.92096891275208e-05,5.505268303911417e-05,-0.0008227789001502,9.226890746538568e-09,1.0667258003972484
PARTIAL_MALL,5,DIS,Bagging,rolling,836,9.206030345722568e-09,9.594806066681372e-05,5.206420535301145e-05,0.0639018089905042,9.226890746538568e-09,0.9977391733153635
PARTIAL_MALL,5,DIS,ElasticNet,rolling,836,9.548731331894945e-09,9.771761014215884e-05,6.058589120026427e-05,0.0290548922233675,9.226890746538568e-09,1.0348807192148788
PARTIAL_MALL,5,DIS,GradientBoosting,rolling,836,1.0962775216264937e-08,0.0001047032722328,6.086840465448767e-05,-0.1147295482419867,9.226890746538568e-09,1.1881331986484809
PARTIAL_MALL,5,DIS,HAR,rolling,836,9.226890746538568e-09,9.605670589052368e-05,5.604565783784393e-05,0.061780657665312,9.226890746538568e-09,1.0
PARTIAL_MALL,5,DIS,HARQ,rolling,836,1.0497904509075864e-08,0.0001024592822006,5.516087176116361e-05,-0.0674600290560993,9.226890746538568e-09,1.1377510363406127
PARTIAL_MALL,5,DIS,HARX,rolling,836,9.831810363405646e-09,9.915548579582294e-05,5.629344921017422e-05,0.0002705237867575,9.226890746538568e-09,1.0655605049939505
PARTIAL_MALL,5,DIS,Lasso,rolling,836,9.560906134609381e-09,9.77798861454102e-05,5.770008055576334e-05,0.0278169198977409,9.226890746538568e-09,1.036200210585144
PARTIAL_MALL,5,DIS,LevHAR,rolling,835,1.0263089275006552e-08,0.0001013069063539,5.7956557998798174e-05,-0.0430133320878935,9.226890746538568e-09,1.1123020264282104
PARTIAL_MALL,5,DIS,LogHAR,rolling,836,8.287104901375718e-09,9.103353723422878e-05,4.973244035676529e-05,0.1573410454281034,9.226890746538568e-09,0.8981470713181028
PARTIAL_MALL,5,DIS,NN1,fixed,836,8.584235425352685e-09,9.26511490773465e-05,5.254127136415653e-05,0.1271278769349345,9.226890746538568e-09,0.9303497419835632
PARTIAL_MALL,5,DIS,NN1_1,fixed,836,9.218092914053066e-09,9.601089997522712e-05,5.2990281186867673e-05,0.0626752490108977,9.226890746538568e-09,0.9990465008498336
PARTIAL_MALL,5,DIS,NN2,fixed,836,9.846130196092574e-09,9.922766850073912e-05,5.4961290355338817e-05,-0.0011855619494816,9.226890746538568e-09,1.067112472290442
PARTIAL_MALL,5,DIS,NN2_1,fixed,836,9.895539861041612e-09,9.9476328144145e-05,5.511418760543364e-05,-0.0062096924639625,9.226890746538568e-09,1.072467435983664
PARTIAL_MALL,5,DIS,NN3,fixed,836,9.843111871884394e-09,9.92124582493771e-05,5.514383004572089e-05,-0.0008786492275971,9.226890746538568e-09,1.0667853497210855
PARTIAL_MALL,5,DIS,NN3_1,fixed,836,9.760232721499474e-09,9.879389010206793e-05,5.5203359533611846e-05,0.0075487640910844,9.226890746538568e-09,1.057803000990446
PARTIAL_MALL,5,DIS,NN4,fixed,836,9.817845050275388e-09,9.908503948768144e-05,5.556691218689679e-05,0.0016905608567191,9.226890746538568e-09,1.064046960126683
PARTIAL_MALL,5,DIS,NN4_1,fixed,836,9.540206804892816e-09,9.767398223115928e-05,5.560054017073346e-05,0.0299216930057057,9.226890746538568e-09,1.033956840604381
PARTIAL_MALL,5,DIS,PostLasso,rolling,836,9.803929912773381e-09,9.901479643352998e-05,5.4626512980741925e-05,0.0031054959106026,9.226890746538568e-09,1.0625388532373472
PARTIAL_MALL,5,DIS,RandomForest,rolling,836,8.4805104856849e-09,9.208968718420592e-05,5.1199641097334795e-05,0.1376749558320508,9.226890746538568e-09,0.919108150149749
PARTIAL_MALL,5,DIS,Ridge,rolling,836,9.801376090943048e-09,9.90018994309859e-05,5.6813597051585593e-05,0.0033651765661899,9.226890746538568e-09,1.0622620729111802
PARTIAL_MALL,5,DIS,SHAR,rolling,836,9.857151327778218e-09,9.928318753836532e-05,5.6298048793740575e-05,-0.0023062253675205,9.226890746538568e-09,1.0683069300973451
PARTIAL_MALL,5,GE,AdaptiveLasso,rolling,841,3.087906997641101e-08,0.0001757244148557,9.508367989568742e-05,-0.5126044135841665,2.6212011696614243e-08,1.1780503661380406
PARTIAL_MALL,5,GE,Bagging,rolling,841,2.2091631335745853e-08,0.0001486325379442,5.46429216492344e-05,-0.0821536751997507,2.6212011696614243e-08,0.8428056416058821
PARTIAL_MALL,5,GE,ElasticNet,rolling,841,2.814439443839801e-08,0.000167762911391,9.230927413905888e-05,-0.3786469371550174,2.6212011696614243e-08,1.0737212681021873
PARTIAL_MALL,5,GE,GradientBoosting,rolling,841,2.727604987521019e-08,0.0001651546241411,6.673978014302933e-05,-0.3361112707702112,2.6212011696614243e-08,1.0405935336406626
PARTIAL_MALL,5,GE,HAR,rolling,841,2.6212011696614243e-08,0.0001619012405653,6.639649775285618e-05,-0.2839895959142071,2.6212011696614243e-08,1.0
PARTIAL_MALL,5,GE,HARQ,rolling,841,2.9306959173762585e-08,0.0001711927544429,8.216561841838086e-05,-0.435594913604215,2.6212011696614243e-08,1.1180736340640391
PARTIAL_MALL,5,GE,HARX,rolling,841,2.8905669478598577e-08,0.0001700166741193,8.350747221190857e-05,-0.4159378266357725,2.6212011696614243e-08,1.1027642522505157
PARTIAL_MALL,5,GE,Lasso,rolling,841,2.9327007328652272e-08,0.0001712512987648,9.930569134924478e-05,-0.4365769680376394,2.6212011696614243e-08,1.118838480162909
PARTIAL_MALL,5,GE,LevHAR,rolling,841,3.7686940404198815e-08,0.0001941312453063,0.0001069505000403,-0.8460864408617841,2.6212011696614243e-08,1.4377736756872714
PARTIAL_MALL,5,GE,LogHAR,rolling,841,2.11676201344994e-08,0.0001454909623808,4.9352923495875526e-05,-0.0368911908608673,2.6212011696614243e-08,0.8075541999408455
PARTIAL_MALL,5,GE,NN1,fixed,841,2.0714629691479762e-08,0.0001439257784119,5.669834637933229e-05,-0.0147015541928463,2.6212011696614243e-08,0.7902724114134068
PARTIAL_MALL,5,GE,NN1_1,fixed,841,2.053737479758899e-08,0.0001433086696525,5.597276421918088e-05,-0.006018762417272,2.6212011696614243e-08,0.7835100577282961
PARTIAL_MALL,5,GE,NN2,fixed,841,2.0954582969307792e-08,0.0001447569790003,5.4265400548949765e-05,-0.0264556124392225,2.6212011696614243e-08,0.7994267365604165
PARTIAL_MALL,5,GE,NN2_1,fixed,841,2.044356766804601e-08,0.0001429810045706,5.413007991494639e-05,-0.0014236409229793,2.6212011696614243e-08,0.7799312736720116
PARTIAL_MALL,5,GE,NN3,fixed,841,2.0915429253152565e-08,0.0001446216762907,5.456181218274046e-05,-0.0245376763125888,2.6212011696614243e-08,0.7979330047321082
PARTIAL_MALL,5,GE,NN3_1,fixed,841,2.1023346723947308e-08,0.000144994298936,5.5161347013400846e-05,-0.0298239897524581,2.6212011696614243e-08,0.8020501046343901
PARTIAL_MALL,5,GE,NN4,fixed,841,2.1000170055010436e-08,0.0001449143542062,5.490902673624971e-05,-0.0286886857503341,2.6212011696614243e-08,0.8011659043217576
PARTIAL_MALL,5,GE,NN4_1,fixed,841,2.1003626297623423e-08,0.0001449262788372,5.443460502583804e-05,-0.0288579890303493,2.6212011696614243e-08,0.8012977615272631
PARTIAL_MALL,5,GE,PostLasso,rolling,841,2.9082410783130062e-08,0.0001705356583918,8.560072142702608e-05,-0.424595460350168,2.6212011696614243e-08,1.1095070122712705
PARTIAL_MALL,5,GE,RandomForest,rolling,841,2.1029650009523643e-08,0.0001450160336291,5.2668586781088906e-05,-0.030132754802381,2.6212011696614243e-08,0.8022905778055945
PARTIAL_MALL,5,GE,Ridge,rolling,841,2.879931190472457e-08,0.0001697036001525,8.421383315475354e-05,-0.4107279244015791,2.6212011696614243e-08,1.0987066631152362
PARTIAL_MALL,5,GE,SHAR,rolling,841,2.8895895985409953e-08,0.0001699879289402,8.351433899338866e-05,-0.4154590742334323,2.6212011696614243e-08,1.1023913891028203
PARTIAL_MALL,5,GS,AdaptiveLasso,rolling,823,2.8282389701207156e-08,0.0001681736890872,0.0001420457215983,-1.4084097904842912,1.2876493907965998e-08,2.1964356061016233
PARTIAL_MALL,5,GS,Bagging,rolling,823,1.3028160531024872e-08,0.000114140967803,5.924721389109227e-05,-0.1094235567223682,1.2876493907965998e-08,1.011778565201281
PARTIAL_MALL,5,GS,ElasticNet,rolling,823,2.3908951084472078e-08,0.0001546251955034,0.0001198866772748,-1.0359860846410305,1.2876493907965998e-08,1.8567904629443337
PARTIAL_MALL,5,GS,GradientBoosting,rolling,823,1.3410923997742033e-08,0.0001158055438989,6.529341972722565e-05,-0.142018089589663,1.2876493907965998e-08,1.0415043173705392
PARTIAL_MALL,5,GS,HAR,rolling,823,1.2876493907965998e-08,0.0001134746399331,8.183118821153405e-05,-0.0965082626569204,1.2876493907965998e-08,1.0
PARTIAL_MALL,5,GS,HARQ,rolling,823,2.5498641990642957e-08,0.0001596829420778,0.0001165480260379,-1.1713575006604615,1.2876493907965998e-08,1.980247276385407
PARTIAL_MALL,5,GS,HARX,rolling,823,2.7520941860655957e-08,0.0001658943695869,0.0001294885624563,-1.3435680832063397,1.2876493907965998e-08,2.1373008877540975
PARTIAL_MALL,5,GS,Lasso,rolling,823,2.823896813524709e-08,0.0001680445421168,0.0001378283023673,-1.4047121918838474,1.2876493907965998e-08,2.193063448566317
PARTIAL_MALL,5,GS,LevHAR,rolling,822,3.6086636206734935e-08,0.0001899648288677,0.0001396126816269,-2.070663782187926,1.2876493907965998e-08,2.8025203494570876
PARTIAL_MALL,5,GS,LogHAR,rolling,823,1.0206145649981876e-08,0.0001010254703031,5.5616592665952174e-05,0.1308874049820529,1.2876493907965998e-08,0.7926183728994645
PARTIAL_MALL,5,GS,NN1,fixed,823,1.1010583411766717e-08,0.0001049313271228,6.038922924047027e-05,0.0623848561597663,1.2876493907965998e-08,0.855091726867906
PARTIAL_MALL,5,GS,NN1_1,fixed,823,1.1039868628958132e-08,0.0001050707791393,5.7488193805106826e-05,0.0598910497825332,1.2876493907965998e-08,0.857366042951207
PARTIAL_MALL,5,GS,NN2,fixed,823,1.1499949263300934e-08,0.0001072378163862,5.967855206364437e-05,0.0207125109154256,1.2876493907965998e-08,0.8930963153088225
PARTIAL_MALL,5,GS,NN2_1,fixed,823,1.1877028122494717e-08,0.0001089817788554,5.932411575992724e-05,-0.0113979445963372,1.2876493907965998e-08,0.9223805957883484
PARTIAL_MALL,5,GS,NN3,fixed,823,1.1791143538698582e-08,0.0001085870320926,6.004128899761072e-05,-0.0040843733369235,1.2876493907965998e-08,0.9157107224198684
PARTIAL_MALL,5,GS,NN3_1,fixed,823,1.1863312860665552e-08,0.000108918836115,5.877268790479213e-05,-0.0102300103723418,1.2876493907965998e-08,0.9213154563235848
PARTIAL_MALL,5,GS,NN4,fixed,823,1.1854940172605916e-08,0.0001088803938852,6.004812679448203e-05,-0.009517027342671,1.2876493907965998e-08,0.9206652259022076
PARTIAL_MALL,5,GS,NN4_1,fixed,823,1.1508204253018812e-08,0.0001072762986545,5.721645858663028e-05,0.0200095505833276,1.2876493907965998e-08,0.8937374051720168
PARTIAL_MALL,5,GS,PostLasso,rolling,823,3.053161822966122e-08,0.0001747329912456,0.0001386190688843,-1.599944666645556,1.2876493907965998e-08,2.371112699457182
PARTIAL_MALL,5,GS,RandomForest,rolling,823,1.2291196790130808e-08,0.0001108656700251,5.8239022493844985e-05,-0.0466668127713634,1.2876493907965998e-08,0.9545453038677634
PARTIAL_MALL,5,GS,Ridge,rolling,823,2.9380691699617455e-08,0.0001714079686001,0.0001339970418124,-1.5019365862686982,1.2876493907965998e-08,2.2817307187511027
PARTIAL_MALL,5,GS,SHAR,rolling,823,2.751534588591231e-08,0.0001658775026515,0.0001294791004228,-1.343091553446928,1.2876493907965998e-08,2.136866299365081
PARTIAL_MALL,5,HD,AdaptiveLasso,rolling,836,3.675552476177824e-08,0.0001917173042836,0.0001000320121128,-0.5370385096406012,3.137120230132317e-08,1.1716326460407278
PARTIAL_MALL,5,HD,Bagging,rolling,836,3.1593698733639616e-08,0.0001777461637663,6.013499730661661e-05,-0.3211818340323489,3.137120230132317e-08,1.0070923782320915
PARTIAL_MALL,5,HD,ElasticNet,rolling,836,3.043328317216955e-08,0.0001744513776734,8.71872168517142e-05,-0.2726557031520067,3.137120230132317e-08,0.970102544360754
PARTIAL_MALL,5,HD,GradientBoosting,rolling,836,3.7534694312412055e-08,0.0001937387269298,9.403577545639004e-05,-0.5696217365874499,3.137120230132317e-08,1.1964697416403745
PARTIAL_MALL,5,HD,HAR,rolling,836,3.137120230132317e-08,0.0001771191754196,6.213957673644211e-05,-0.3118775025898106,3.137120230132317e-08,1.0
PARTIAL_MALL,5,HD,HARQ,rolling,836,2.8153500604097212e-08,0.0001677900491808,6.384357534508844e-05,-0.1773200053638355,3.137120230132317e-08,0.8974313554730975
PARTIAL_MALL,5,HD,HARX,rolling,836,3.2335932352586825e-08,0.0001798219462484,6.838460294597924e-05,-0.3522204782325298,3.137120230132317e-08,1.0307520904681096
PARTIAL_MALL,5,HD,Lasso,rolling,836,3.0567854166512826e-08,0.0001748366499522,8.162227538588417e-05,-0.2782831782574999,3.137120230132317e-08,0.9743921789450684
PARTIAL_MALL,5,HD,LevHAR,rolling,837,3.0351641818577995e-08,0.0001742172259524,6.545597343815634e-05,-0.2707564721548436,3.137120230132317e-08,0.9675001145014396
PARTIAL_MALL,5,HD,LogHAR,rolling,836,2.528231506308549e-08,0.0001590041353647,5.390532189373821e-05,-0.0572530828138011,3.137120230132317e-08,0.8059083875793672
PARTIAL_MALL,5,HD,NN1,fixed,836,2.358005266722533e-08,0.0001535579781946,4.9860515493775094e-05,0.013931939653106,3.137120230132317e-08,0.7516464444281362
PARTIAL_MALL,5,HD,NN1_1,fixed,836,2.4582912655547912e-08,0.0001567893894864,5.350589699503214e-05,-0.0280055495221938,3.137120230132317e-08,0.7836139788149291
PARTIAL_MALL,5,HD,NN2,fixed,836,2.3867998336894658e-08,0.0001544927128925,5.203902797207914e-05,0.001890659169845,3.137120230132317e-08,0.7608251066580242
PARTIAL_MALL,5,HD,NN2_1,fixed,836,2.4179883069166045e-08,0.0001554988201536,5.1588180300225984e-05,-0.0111517024119047,3.137120230132317e-08,0.7707668592652628
PARTIAL_MALL,5,HD,NN3,fixed,836,2.4239910244793986e-08,0.0001556917154019,5.226290049226514e-05,-0.0136619122691463,3.137120230132317e-08,0.7726803076263226
PARTIAL_MALL,5,HD,NN3_1,fixed,836,2.4396978575426608e-08,0.0001561953218743,5.1878533412040666e-05,-0.0202301785200573,3.137120230132317e-08,0.77768707558899
PARTIAL_MALL,5,HD,NN4,fixed,836,2.4360563818914843e-08,0.000156078710332,5.195945006659483e-05,-0.0187073902197802,3.137120230132317e-08,0.776526305397207
PARTIAL_MALL,5,HD,NN4_1,fixed,836,2.453538788234382e-08,0.0001566377600782,5.15089279722397e-05,-0.0260181637604597,3.137120230132317e-08,0.7820990616387364
PARTIAL_MALL,5,HD,PostLasso,rolling,836,3.08083093581177e-08,0.0001755229596324,6.346666589381207e-05,-0.2883385071294204,3.137120230132317e-08,0.982057017203267
PARTIAL_MALL,5,HD,RandomForest,rolling,836,2.6573836854767474e-08,0.0001630148363026,5.77863406740313e-05,-0.1112617996725942,3.137120230132317e-08,0.8470774119373373
PARTIAL_MALL,5,HD,Ridge,rolling,836,3.2299985487747965e-08,0.0001797219671819,6.8691883781521e-05,-0.3507172561749947,3.137120230132317e-08,1.0296062349636377
PARTIAL_MALL,5,HD,SHAR,rolling,836,3.2315882736550614e-08,0.0001797661890805,6.828747790692805e-05,-0.3513820455846246,3.137120230132317e-08,1.030112981522152
PARTIAL_MALL,5,IBM,AdaptiveLasso,rolling,841,5.20677019935178e-09,7.215795312612312e-05,4.612426028343103e-05,-0.1516437671750854,4.476953776643072e-09,1.163016296151251
PARTIAL_MALL,5,IBM,Bagging,rolling,841,4.1802815125015615e-09,6.465509657019747e-05,3.418354257625539e-05,0.0753970379739423,4.476953776643072e-09,0.9337334538298578
PARTIAL_MALL,5,IBM,ElasticNet,rolling,841,4.3747423600557725e-09,6.614183517302625e-05,4.2845984883556465e-05,0.0323858017428384,4.476953776643072e-09,0.977169427765694
PARTIAL_MALL,5,IBM,GradientBoosting,rolling,841,4.9158664864314764e-09,7.011324045022792e-05,4.2324432591928394e-05,-0.0873011065609334,4.476953776643072e-09,1.0980382491501872
PARTIAL_MALL,5,IBM,HAR,rolling,841,4.476953776643072e-09,6.691004241997662e-05,3.5831808670678905e-05,0.009778477751172,4.476953776643072e-09,1.0
PARTIAL_MALL,5,IBM,HARQ,rolling,841,5.528729509517868e-09,7.435542690024628e-05,4.1796574121235515e-05,-0.2228553664277133,4.476953776643072e-09,1.234931112838838
PARTIAL_MALL,5,IBM,HARX,rolling,841,5.286775074945306e-09,7.271021300302528e-05,4.179363999125389e-05,-0.1693394043538441,4.476953776643072e-09,1.1808866784658782
PARTIAL_MALL,5,IBM,Lasso,rolling,841,5.0253398615628355e-09,7.088963155189083e-05,4.665839744273759e-05,-0.1115146449570312,4.476953776643072e-09,1.122490897221404
PARTIAL_MALL,5,IBM,LevHAR,rolling,840,5.679290206854302e-09,7.536106558996033e-05,4.3153363961306424e-05,-0.2554786143281755,4.476953776643072e-09,1.2685612785380982
PARTIAL_MALL,5,IBM,LogHAR,rolling,841,3.7182741461751374e-09,6.0977652842456455e-05,3.218970848128357e-05,0.1775847442577809,4.476953776643072e-09,0.8305366397959975
PARTIAL_MALL,5,IBM,NN1,fixed,841,4.624445244992664e-09,6.800327378143396e-05,3.826486057111458e-05,-0.0228439779618638,4.476953776643072e-09,1.0329446037882002
PARTIAL_MALL,5,IBM,NN1_1,fixed,841,4.5150703256378455e-09,6.719427301219833e-05,3.651205517107521e-05,0.0013477837901598,4.476953776643072e-09,1.0085139474062994
PARTIAL_MALL,5,IBM,NN2,fixed,841,4.598146127885189e-09,6.780963152742529e-05,3.7748411699273046e-05,-0.0170270870411159,4.476953776643072e-09,1.02707027083335
PARTIAL_MALL,5,IBM,NN2_1,fixed,841,4.59783362383057e-09,6.780732721344037e-05,3.622698903185263e-05,-0.016957966774052,4.476953776643072e-09,1.0270004680008418
PARTIAL_MALL,5,IBM,NN3,fixed,841,4.659091579879851e-09,6.825753863039489e-05,3.8254689211364815e-05,-0.0305071230788229,4.476953776643072e-09,1.0406834227744364
PARTIAL_MALL,5,IBM,NN3_1,fixed,841,4.675014858383698e-09,6.837408031106304e-05,3.815609684812993e-05,-0.0340290654230868,4.476953776643072e-09,1.0442401444423974
PARTIAL_MALL,5,IBM,NN4,fixed,841,4.72007541202239e-09,6.870280497929026e-05,3.8523206510902586e-05,-0.0439956481138148,4.476953776643072e-09,1.0543051475420009
PARTIAL_MALL,5,IBM,NN4_1,fixed,841,4.668449455957058e-09,6.83260525418896e-05,3.8361463526267575e-05,-0.0325769166832445,4.476953776643072e-09,1.0427736556747689
PARTIAL_MALL,5,IBM,PostLasso,rolling,841,5.193910333795666e-09,7.206878890196273e-05,4.040846612067829e-05,-0.148799396586913,4.476953776643072e-09,1.160143837287993
PARTIAL_MALL,5,IBM,RandomForest,rolling,841,3.927199566111237e-09,6.266737242067228e-05,3.3614512280627024e-05,0.1313742051977316,4.476953776643072e-09,0.877203509806158
PARTIAL_MALL,5,IBM,Ridge,rolling,841,5.264757004827423e-09,7.255864527971442e-05,4.263087748800804e-05,-0.1644694039033458,4.476953776643072e-09,1.1759685865631309
PARTIAL_MALL,5,IBM,SHAR,rolling,841,5.1523136497877375e-09,7.17796186238666e-05,4.132317338482944e-05,-0.1395989594562621,4.476953776643072e-09,1.150852545466991
PARTIAL_MALL,5,INTC,AdaptiveLasso,rolling,841,1.2842063137079816e-08,0.0001133228270785,6.692023698396887e-05,0.0451274610859907,1.2747196236028465e-08,1.0074421778165792
PARTIAL_MALL,5,INTC,Bagging,rolling,841,1.2198528303838016e-08,0.0001104469479154,5.955369322709357e-05,0.0929775404336721,1.2747196236028465e-08,0.956957755883627
PARTIAL_MALL,5,INTC,ElasticNet,rolling,841,1.287665623206974e-08,0.0001134753551749,7.214008187122474e-05,0.0425552889911078,1.2747196236028465e-08,1.010155958506026
PARTIAL_MALL,5,INTC,GradientBoosting,rolling,841,1.1697153975974711e-08,0.000108153381713,6.195320735187449e-05,0.1302572650607153,1.2747196236028465e-08,0.9176256299337472
PARTIAL_MALL,5,INTC,HAR,rolling,841,1.2747196236028465e-08,0.0001129034819482,6.36856622396665e-05,0.0521812964159429,1.2747196236028465e-08,1.0
PARTIAL_MALL,5,INTC,HARQ,rolling,841,1.2950913515547366e-08,0.0001138020804535,6.484034983763248e-05,0.0370338832753545,1.2747196236028465e-08,1.015981340190176
PARTIAL_MALL,5,INTC,HARX,rolling,841,1.2685225464744505e-08,0.0001126287062197,6.544761907849493e-05,0.0567891376236003,1.2747196236028465e-08,0.9951384782867932
PARTIAL_MALL,5,INTC,Lasso,rolling,841,1.3033391525379305e-08,0.0001141638801258,7.071358747356812e-05,0.0309012248534067,1.2747196236028465e-08,1.0224516265421524
PARTIAL_MALL,5,INTC,LevHAR,rolling,840,1.27067307729127e-08,0.0001127241357159,6.627593338164628e-05,0.0557969548475333,1.2747196236028465e-08,0.9968255401135668
PARTIAL_MALL,5,INTC,LogHAR,rolling,841,1.1275753873507482e-08,0.0001061873527003,5.836194777910976e-05,0.1615905003396618,1.2747196236028465e-08,0.8845673718929562
PARTIAL_MALL,5,INTC,NN1,fixed,841,1.1964491650445878e-08,0.0001093823187286,5.6320566610693934e-05,0.1103793528245669,1.2747196236028465e-08,0.9385979025434344
PARTIAL_MALL,5,INTC,NN1_1,fixed,841,1.4251483408198068e-08,0.0001193795770146,6.387189788067435e-05,-0.0596700857189054,1.2747196236028465e-08,1.1180092582177337
PARTIAL_MALL,5,INTC,NN2,fixed,841,1.4141558912690582e-08,0.0001189182867043,6.42385155540069e-05,-0.0514966418576146,1.2747196236028465e-08,1.1093858328407242
PARTIAL_MALL,5,INTC,NN2_1,fixed,841,1.322267495907767e-08,0.000114989890682,6.22997749079457e-05,0.0168270413689748,1.2747196236028465e-08,1.0373006513938587
PARTIAL_MALL,5,INTC,NN3,fixed,841,1.4019424832339506e-08,0.0001184036521072,6.379207967716961e-05,-0.0424153534269398,1.2747196236028465e-08,1.0998045823375056
PARTIAL_MALL,5,INTC,NN3_1,fixed,841,1.4083743888823691e-08,0.0001186749505532,6.374201669866815e-05,-0.047197801551515,1.2747196236028465e-08,1.1048503237925866
PARTIAL_MALL,5,INTC,NN4,fixed,841,1.3993994729310112e-08,0.0001182962160396,6.432246708667233e-05,-0.0405244962659583,1.2747196236028465e-08,1.097809625755797
PARTIAL_MALL,5,INTC,NN4_1,fixed,841,1.355257059261678e-08,0.0001164155083853,6.29984481552715e-05,-0.0077023724652078,1.2747196236028465e-08,1.063180509790225
PARTIAL_MALL,5,INTC,PostLasso,rolling,841,1.2912673305223251e-08,0.0001136339443354,6.678869979014113e-05,0.0398772368962662,1.2747196236028465e-08,1.0129814483225017
PARTIAL_MALL,5,INTC,RandomForest,rolling,841,1.1306299351074346e-08,0.0001063310836541,5.88253212908069e-05,0.1593192891327649,1.2747196236028465e-08,0.8869636225665382
PARTIAL_MALL,5,INTC,Ridge,rolling,841,1.268607343719817e-08,0.0001126324706165,6.652882497325576e-05,0.0567260865701115,1.2747196236028465e-08,0.995205000558669
PARTIAL_MALL,5,INTC,SHAR,rolling,841,1.2376332359227617e-08,0.0001112489656546,6.46517846187699e-05,0.0797569069585993,1.2747196236028465e-08,0.9709062393067548
PARTIAL_MALL,5,JNJ,AdaptiveLasso,rolling,829,8.321283300967389e-08,0.0002884663464074,6.109113893737143e-05,-0.0129790899957509,1.270985867290511e-07,0.6547109228450124
PARTIAL_MALL,5,JNJ,Bagging,rolling,829,9.071262729339806e-08,0.0003011853703176,5.7175926084965665e-05,-0.1042767241935802,1.270985867290511e-07,0.7137186150368403
PARTIAL_MALL,5,JNJ,ElasticNet,rolling,829,8.434502396802146e-08,0.0002904221478606,6.210852551731658e-05,-0.0267616488296154,1.270985867290511e-07,0.6636188972567278
PARTIAL_MALL,5,JNJ,GradientBoosting,rolling,829,8.287995016219696e-08,0.0002878887808897,6.0527622125367286e-05,-0.0089267899872531,1.270985867290511e-07,0.6520918311930607
PARTIAL_MALL,5,JNJ,HAR,rolling,829,1.270985867290511e-07,0.0003565088873072,7.39552675394532e-05,-0.5472158087632062,1.270985867290511e-07,1.0
PARTIAL_MALL,5,JNJ,HARQ,rolling,829,8.750069595432468e-08,0.0002958051655301,5.6602180854234235e-05,-0.0651767540651129,1.270985867290511e-07,0.6884474344381089
PARTIAL_MALL,5,JNJ,HARX,rolling,829,1.1294561232259532e-07,0.0003360738197518,6.582238227268132e-05,-0.374926672383028,1.270985867290511e-07,0.8886456980310325
PARTIAL_MALL,5,JNJ,Lasso,rolling,829,8.634265537171134e-08,0.0002938412077495,6.316674700501439e-05,-0.0510795186613208,1.270985867290511e-07,0.6793360775582558
PARTIAL_MALL,5,JNJ,LevHAR,rolling,829,1.0312313741447713e-07,0.0003211279144118,6.581366481380313e-05,-0.255354229839521,1.270985867290511e-07,0.8113633681412616
PARTIAL_MALL,5,JNJ,LogHAR,rolling,829,8.987408143801797e-08,0.0002997900622736,5.2983808211576166e-05,-0.0940688105007019,1.270985867290511e-07,0.7071210133092324
PARTIAL_MALL,5,JNJ,NN1,fixed,829,8.28963636949009e-08,0.0002879172862036,5.041200616673542e-05,-0.0091265976950378,1.270985867290511e-07,0.6522209713599686
PARTIAL_MALL,5,JNJ,NN1_1,fixed,829,8.413670375368383e-08,0.0002900632754308,5.021052217170348e-05,-0.0242256935746978,1.270985867290511e-07,0.6619798529549865
PARTIAL_MALL,5,JNJ,NN2,fixed,829,8.34405646798926e-08,0.0002888608050253,5.1394134172829954e-05,-0.015751347731941,1.270985867290511e-07,0.6565026946977096
PARTIAL_MALL,5,JNJ,NN2_1,fixed,829,1.3926664896587182e-07,0.0003731844704243,7.758800713779113e-05,-0.695341911022378,1.270985867290511e-07,1.0957371954320831
PARTIAL_MALL,5,JNJ,NN3,fixed,829,8.279897543548014e-08,0.0002877481110893,4.970705235906977e-05,-0.0079410561525108,1.270985867290511e-07,0.6514547294848454
PARTIAL_MALL,5,JNJ,NN3_1,fixed,829,8.311745465452297e-08,0.0002883009792812,5.068024610151419e-05,-0.0118180157249734,1.270985867290511e-07,0.6539604947119739
PARTIAL_MALL,5,JNJ,NN4,fixed,829,8.369032690077448e-08,0.0002892928047856,5.239739192337679e-05,-0.0187917911115678,1.270985867290511e-07,0.6584678008984131
PARTIAL_MALL,5,JNJ,NN4_1,fixed,829,1.6261611209352976e-07,0.0004032568810244,7.099612188699477e-05,-0.9795831398745982,1.270985867290511e-07,1.2794486255004156
PARTIAL_MALL,5,JNJ,PostLasso,rolling,829,1.4165252694711005e-07,0.0003763675423666,7.999453102741198e-05,-0.7243860430253666,1.270985867290511e-07,1.1145090641258275
PARTIAL_MALL,5,JNJ,RandomForest,rolling,829,8.580408356893517e-08,0.0002929233407718,5.478912422654846e-05,-0.044523294639839,1.270985867290511e-07,0.6750986441088633
PARTIAL_MALL,5,JNJ,Ridge,rolling,829,1.138498076511472e-07,0.0003374163713442,6.318567093687116e-05,-0.385933760207912,1.270985867290511e-07,0.8957598237803569
PARTIAL_MALL,5,JNJ,SHAR,rolling,829,1.1408403184206954e-07,0.0003377632778175,6.590621599820953e-05,-0.3887850536826567,1.270985867290511e-07,0.8976026781892864
PARTIAL_MALL,5,JPM,AdaptiveLasso,rolling,840,3.3957961582581436e-08,0.000184276861224,0.000128646004835,-1.4395632781267809,1.7152218730230654e-08,1.9797999382278624
PARTIAL_MALL,5,JPM,Bagging,rolling,840,2.2154676732624705e-08,0.0001488444716226,5.727600827048128e-05,-0.5916071895023454,1.7152218730230654e-08,1.2916507818068608
PARTIAL_MALL,5,JPM,ElasticNet,rolling,840,2.835350053098225e-08,0.0001683849771534,0.0001173392631297,-1.036934947744713,1.7152218730230654e-08,1.653051478466131
PARTIAL_MALL,5,JPM,GradientBoosting,rolling,840,2.6007345961282756e-08,0.0001612679322161,6.973309296010559e-05,-0.8683855924152057,1.7152218730230654e-08,1.5162671588046512
PARTIAL_MALL,5,JPM,HAR,rolling,840,1.7152218730230654e-08,0.0001309664794145,7.802293163828974e-05,-0.2322271715547466,1.7152218730230654e-08,1.0
PARTIAL_MALL,5,JPM,HARQ,rolling,840,3.1149337020857844e-08,0.0001764917477415,0.0001061818814096,-1.2377897610043518,1.7152218730230654e-08,1.8160529264915084
PARTIAL_MALL,5,JPM,HARX,rolling,840,3.527261555467877e-08,0.0001878100517935,0.0001247299990047,-1.5340089222203677,1.7152218730230654e-08,2.0564462306273565
PARTIAL_MALL,5,JPM,Lasso,rolling,840,3.340457836420291e-08,0.0001827691942429,0.0001290534085534,-1.3998078477248472,1.7152218730230654e-08,1.947536869112309
PARTIAL_MALL,5,JPM,LevHAR,rolling,839,3.640828629264058e-08,0.0001908095550349,0.0001224038823993,-1.6135326067059994,1.7152218730230654e-08,2.1226575328398334
PARTIAL_MALL,5,JPM,LogHAR,rolling,840,1.4236064556717642e-08,0.0001193149804371,5.202636599914452e-05,-0.0227286532836246,1.7152218730230654e-08,0.8299838511053201
PARTIAL_MALL,5,JPM,NN1,fixed,840,1.3061304288642969e-08,0.0001142860634051,5.358929816589094e-05,0.0616669310516672,1.7152218730230654e-08,0.7614935708359711
PARTIAL_MALL,5,JPM,NN1_1,fixed,840,1.294202729571118e-08,0.0001137630313226,5.332542576450691e-05,0.0702358721282433,1.7152218730230654e-08,0.7545395437909707
PARTIAL_MALL,5,JPM,NN2,fixed,840,1.3611276291647202e-08,0.0001166673745811,5.708496291250195e-05,0.0221565647046136,1.7152218730230654e-08,0.7935577609943506
PARTIAL_MALL,5,JPM,NN2_1,fixed,840,1.3313373688990742e-08,0.0001153835936734,5.446401202961861e-05,0.0435580922412923,1.7152218730230654e-08,0.7761895938002483
PARTIAL_MALL,5,JPM,NN3,fixed,840,1.3759078846820512e-08,0.0001172990999403,5.8322544602305135e-05,0.0115383276488574,1.7152218730230654e-08,0.8021748709728288
PARTIAL_MALL,5,JPM,NN3_1,fixed,840,1.3761501215964716e-08,0.0001173094250943,5.7125991360033086e-05,0.0113643029861609,1.7152218730230654e-08,0.8023160987161488
PARTIAL_MALL,5,JPM,NN4,fixed,840,1.3801041272144298e-08,0.0001174778331096,5.977829366386299e-05,0.0085237181991087,1.7152218730230654e-08,0.8046213431163904
PARTIAL_MALL,5,JPM,NN4_1,fixed,840,1.3183957558525208e-08,0.0001148214159402,5.674593307247638e-05,0.0528554359205704,1.7152218730230654e-08,0.7686444398757919
PARTIAL_MALL,5,JPM,PostLasso,rolling,840,3.1891610733978514e-08,0.0001785822240145,0.0001200554879293,-1.2911152142546682,1.7152218730230654e-08,1.8593285939019537
PARTIAL_MALL,5,JPM,RandomForest,rolling,840,1.7310601711426196e-08,0.0001315697598668,5.440794099593101e-05,-0.2436055136812389,1.7152218730230654e-08,1.0092339646366797
PARTIAL_MALL,5,JPM,Ridge,rolling,840,3.5402550681954986e-08,0.0001881556554609,0.0001268331670203,-1.543343550986906,1.7152218730230654e-08,2.064021642841941
PARTIAL_MALL,5,JPM,SHAR,rolling,840,3.3237334891641715e-08,0.0001823110937152,0.0001219954356569,-1.3877929618143816,1.7152218730230654e-08,1.9377863245797564
PARTIAL_MALL,5,KO,AdaptiveLasso,rolling,825,2.992778007124188e-09,5.470628855190405e-05,2.901290388159261e-05,-0.0484144478890646,2.8738839034378412e-09,1.04137053119791
PARTIAL_MALL,5,KO,Bagging,rolling,825,2.811194471077639e-09,5.302069851555748e-05,2.7178807714418295e-05,0.0151969533698349,2.8738839034378412e-09,0.978186511888942
PARTIAL_MALL,5,KO,ElasticNet,rolling,825,2.8829302746296673e-09,5.3692925741010495e-05,3.127733297972861e-05,-0.0099331607568549,2.8738839034378412e-09,1.0031477858868985
PARTIAL_MALL,5,KO,GradientBoosting,rolling,825,2.943232935983453e-09,5.425157081581558e-05,3.0798399575172346e-05,-0.0310580758888736,2.8738839034378412e-09,1.0241307703705964
PARTIAL_MALL,5,KO,HAR,rolling,825,2.8738839034378412e-09,5.360861780943286e-05,2.7904295239661728e-05,-0.0067640829849986,2.8738839034378412e-09,1.0
PARTIAL_MALL,5,KO,HARQ,rolling,825,3.214279429529385e-09,5.6694615525016e-05,2.7841185949484072e-05,-0.1260096757759257,2.8738839034378412e-09,1.1184444248719825
PARTIAL_MALL,5,KO,HARX,rolling,825,2.9163780874062372e-09,5.4003500695845974e-05,2.74919799424993e-05,-0.0216504248111106,2.8738839034378412e-09,1.014786325890744
PARTIAL_MALL,5,KO,Lasso,rolling,825,2.879514581654768e-09,5.366110865100318e-05,2.9673960883703912e-05,-0.0087365929339449,2.8738839034378412e-09,1.00195925736951
PARTIAL_MALL,5,KO,LevHAR,rolling,825,2.905392374338261e-09,5.390169175766435e-05,2.757703347890378e-05,-0.0178019668655458,2.8738839034378412e-09,1.0109637243392915
PARTIAL_MALL,5,KO,LogHAR,rolling,825,2.588194492479767e-09,5.087430090408876e-05,2.545456372604315e-05,0.0933171476790747,2.8738839034378412e-09,0.9005911788516151
PARTIAL_MALL,5,KO,NN1,fixed,825,2.65172144843794e-09,5.149486817575068e-05,2.9930823184723003e-05,0.0710627144072396,2.8738839034378412e-09,0.9226960926521274
PARTIAL_MALL,5,KO,NN1_1,fixed,825,2.5172529620309895e-09,5.017223297832168e-05,2.584018850647783e-05,0.1181690161774434,2.8738839034378412e-09,0.8759062810504497
PARTIAL_MALL,5,KO,NN2,fixed,825,2.7257719893991147e-09,5.220892633831034e-05,3.187072256486898e-05,0.0451217134934105,2.8738839034378412e-09,0.9484628053827956
PARTIAL_MALL,5,KO,NN2_1,fixed,825,2.791232508780147e-09,5.283211626255518e-05,3.3675867513800784e-05,0.0221899243256118,2.8738839034378412e-09,0.9712405241705052
PARTIAL_MALL,5,KO,NN3,fixed,825,2.8414616868254215e-09,5.330536264603611e-05,3.226438699251215e-05,0.0045938995476628,2.8738839034378412e-09,0.988718327635422
PARTIAL_MALL,5,KO,NN3_1,fixed,825,2.8143273517128347e-09,5.30502342286331e-05,3.2777212110065516e-05,0.0140994588969296,2.8738839034378412e-09,0.9792766326942562
PARTIAL_MALL,5,KO,NN4,fixed,825,2.865004584185763e-09,5.35257375865645e-05,3.180273048156855e-05,-0.0036535259810583,2.8738839034378412e-09,0.9969103417011882
PARTIAL_MALL,5,KO,NN4_1,fixed,825,2.86648457096468e-09,5.353956080287436e-05,3.177383443374758e-05,-0.0041719872628531,2.8738839034378412e-09,0.9974253196295404
PARTIAL_MALL,5,KO,PostLasso,rolling,825,2.881175293138332e-09,5.3676580490362205e-05,2.62391446199538e-05,-0.0093183647556434,2.8738839034378412e-09,1.0025371204771942
PARTIAL_MALL,5,KO,RandomForest,rolling,825,2.683515068989878e-09,5.1802655038037175e-05,2.6405349288036657e-05,0.0599249383817519,2.8738839034378412e-09,0.9337590379972422
PARTIAL_MALL,5,KO,Ridge,rolling,825,2.903015232184416e-09,5.387963652609783e-05,2.753514441151528e-05,-0.0169692187723544,2.8738839034378412e-09,1.0101365711787196
PARTIAL_MALL,5,KO,SHAR,rolling,825,2.923148624279833e-09,5.406615044813005e-05,2.7488749319539372e-05,-0.0240222441245869,2.8738839034378412e-09,1.017142209809888
PARTIAL_MALL,5,MCD,AdaptiveLasso,rolling,835,5.810337064819112e-09,7.622556700228023e-05,4.222733688316077e-05,-0.16935618521729,5.277361662935502e-09,1.1009927755429114
PARTIAL_MALL,5,MCD,Bagging,rolling,835,7.074896846176317e-09,8.411240601823441e-05,3.6374464404138335e-05,-0.4238544674013904,5.277361662935502e-09,1.3406124685115757
PARTIAL_MALL,5,MCD,ElasticNet,rolling,835,5.629690522447089e-09,7.503126363354871e-05,4.168769677645688e-05,-0.1330002648456689,5.277361662935502e-09,1.0667623107936868
PARTIAL_MALL,5,MCD,GradientBoosting,rolling,835,7.110161086096237e-09,8.432177112760522e-05,5.048709801188872e-05,-0.4309515525803253,5.277361662935502e-09,1.3472946408113426
PARTIAL_MALL,5,MCD,HAR,rolling,835,5.277361662935502e-09,7.264545177046875e-05,3.788937560713759e-05,-0.0620925143134278,5.277361662935502e-09,1.0
PARTIAL_MALL,5,MCD,HARQ,rolling,835,6.030431406347814e-09,7.765585236379685e-05,3.6025951134635355e-05,-0.2136511506774268,5.277361662935502e-09,1.1426981494752098
PARTIAL_MALL,5,MCD,HARX,rolling,835,5.399007048017904e-09,7.347793579039835e-05,3.637101775621056e-05,-0.0865741892769222,5.277361662935502e-09,1.0230504166384415
PARTIAL_MALL,5,MCD,Lasso,rolling,835,5.389731621235231e-09,7.341479156978675e-05,4.061836836671143e-05,-0.0847074683693656,5.277361662935502e-09,1.0212928287801342
PARTIAL_MALL,5,MCD,LevHAR,rolling,834,5.810479211844387e-09,7.622649940699354e-05,3.852419675990674e-05,-0.1687814890503303,5.277361662935502e-09,1.10101971078714
PARTIAL_MALL,5,MCD,LogHAR,rolling,835,4.840258738468746e-09,6.957196805085182e-05,3.193330106888623e-05,0.0258763939615482,5.277361662935502e-09,0.9171739682848228
PARTIAL_MALL,5,MCD,NN1,fixed,835,4.79542384494281e-09,6.924899887321701e-05,2.8681320605237073e-05,0.0348996157597392,5.277361662935502e-09,0.9086782660022172
PARTIAL_MALL,5,MCD,NN1_1,fixed,835,5.368260212212386e-09,7.326841210380082e-05,3.2404904655846454e-05,-0.0803862517745113,5.277361662935502e-09,1.0172242410284844
PARTIAL_MALL,5,MCD,NN2,fixed,835,5.538455631488317e-09,7.442080106723064e-05,3.351602404280671e-05,-0.1146388371246791,5.277361662935502e-09,1.0494743368426986
PARTIAL_MALL,5,MCD,NN2_1,fixed,835,5.450776148928099e-09,7.382937185787307e-05,3.2747304914121814e-05,-0.0969929511623584,5.277361662935502e-09,1.032860072337005
PARTIAL_MALL,5,MCD,NN3,fixed,835,5.520776423994116e-09,7.430192745813608e-05,3.309452507057237e-05,-0.1110808179594471,5.277361662935502e-09,1.0461243281407429
PARTIAL_MALL,5,MCD,NN3_1,fixed,835,5.3308823627220134e-09,7.30128917570179e-05,3.260270557328886e-05,-0.0728637932658069,5.277361662935502e-09,1.010141563759483
PARTIAL_MALL,5,MCD,NN4,fixed,835,5.760663346978139e-09,7.589903390016332e-05,3.453052001842473e-05,-0.1593591284971585,5.277361662935502e-09,1.0915801710989437
PARTIAL_MALL,5,MCD,NN4_1,fixed,835,5.667432516753607e-09,7.52823519608255e-05,3.399677741537153e-05,-0.1405960091187488,5.277361662935502e-09,1.0739139893628458
PARTIAL_MALL,5,MCD,PostLasso,rolling,835,5.362321370096365e-09,7.322787290435497e-05,3.63010954078172e-05,-0.0791910333760044,5.277361662935502e-09,1.0160988980076089
PARTIAL_MALL,5,MCD,RandomForest,rolling,835,5.179224024740518e-09,7.196682586261894e-05,3.3582202609566214e-05,-0.0423418779999571,5.277361662935502e-09,0.9814040339732192
PARTIAL_MALL,5,MCD,Ridge,rolling,835,5.4484754102275775e-09,7.38137887540504e-05,3.7195906280398145e-05,-0.0965299172626017,5.277361662935502e-09,1.0324241085263983
PARTIAL_MALL,5,MCD,SHAR,rolling,835,5.3169057632376595e-09,7.291711570843747e-05,3.6003209575234385e-05,-0.0700509404359266,5.277361662935502e-09,1.0074931571546226
PARTIAL_MALL,5,MMM,AdaptiveLasso,rolling,830,5.662800703391974e-09,7.525158273014578e-05,3.856090433323125e-05,-0.2004117534180107,5.085523515707639e-09,1.113513817387984
PARTIAL_MALL,5,MMM,Bagging,rolling,830,4.32672937453331e-09,6.577787906685127e-05,3.1281633597083146e-05,0.082811303612069,5.085523515707639e-09,0.8507933079395574
PARTIAL_MALL,5,MMM,ElasticNet,rolling,830,4.940206619486973e-09,7.028660341407154e-05,3.678292651689815e-05,-0.0472348226547028,5.085523515707639e-09,0.9714253811290368
PARTIAL_MALL,5,MMM,GradientBoosting,rolling,830,4.631507849204479e-09,6.805518238315491e-05,3.784364988501973e-05,0.0182037565082235,5.085523515707639e-09,0.9107239077548568
PARTIAL_MALL,5,MMM,HAR,rolling,830,5.085523515707639e-09,7.131285659477987e-05,3.445568216356623e-05,-0.0780393872739422,5.085523515707639e-09,1.0
PARTIAL_MALL,5,MMM,HARQ,rolling,830,5.8808620916921285e-09,7.668677911929884e-05,3.260639387630314e-05,-0.2466368401185472,5.085523515707639e-09,1.156392665087071
PARTIAL_MALL,5,MMM,HARX,rolling,830,5.079210553272962e-09,7.126858040730826e-05,3.300741459007286e-05,-0.076701152943899,5.085523515707639e-09,0.9987586405971424
PARTIAL_MALL,5,MMM,Lasso,rolling,830,5.166049817256176e-09,7.187523785877982e-05,3.611537932148904e-05,-0.0951095128003882,5.085523515707639e-09,1.015834417302332
PARTIAL_MALL,5,MMM,LevHAR,rolling,831,5.082382596763219e-09,7.129083108481215e-05,3.2877954225338784e-05,-0.0780915060371227,5.085523515707639e-09,0.9993823804108428
PARTIAL_MALL,5,MMM,LogHAR,rolling,830,4.274320931400123e-09,6.537829097949963e-05,2.970436975698507e-05,0.0939209496000927,5.085523515707639e-09,0.8404878904203358
PARTIAL_MALL,5,MMM,NN1,fixed,830,4.5088892344063214e-09,6.714826307810441e-05,2.9867599184471923e-05,0.0441966942966536,5.085523515707639e-09,0.8866126015305464
PARTIAL_MALL,5,MMM,NN1_1,fixed,830,4.532477328913465e-09,6.732367584225823e-05,3.125314430434638e-05,0.0391964431187956,5.085523515707639e-09,0.8912508839874632
PARTIAL_MALL,5,MMM,NN2,fixed,830,4.846637630229012e-09,6.961779679240798e-05,3.1346967227936444e-05,-0.0273998822526115,5.085523515707639e-09,0.953026294197484
PARTIAL_MALL,5,MMM,NN2_1,fixed,830,4.655142962778622e-09,6.82286080964475e-05,2.9650743434304134e-05,0.0131935381350474,5.085523515707639e-09,0.91537143588075
PARTIAL_MALL,5,MMM,NN3,fixed,830,4.821320195867979e-09,6.943572708532675e-05,3.126695994228735e-05,-0.0220330421737846,5.085523515707639e-09,0.9480479602495956
PARTIAL_MALL,5,MMM,NN3_1,fixed,830,4.785715390368598e-09,6.91788652000638e-05,3.062441491401352e-05,-0.0144854647049155,5.085523515707639e-09,0.941046752726042
PARTIAL_MALL,5,MMM,NN4,fixed,830,4.819859926669545e-09,6.94252110307887e-05,3.1803185968192424e-05,-0.0217234914053983,5.085523515707639e-09,0.9477608178946494
PARTIAL_MALL,5,MMM,NN4_1,fixed,830,4.519559589804757e-09,6.722766982281e-05,3.1570227700625e-05,0.0419347711416047,5.085523515707639e-09,0.8887107838249511
PARTIAL_MALL,5,MMM,PostLasso,rolling,830,5.1318138588902e-09,7.163667956354621e-05,3.2803179060789014e-05,-0.0878521062687702,5.085523515707639e-09,1.0091023752106512
PARTIAL_MALL,5,MMM,RandomForest,rolling,830,4.1802798650782055e-09,6.465508383010732e-05,3.037000377675475e-05,0.1138559618369129,5.085523515707639e-09,0.8219959758649408
PARTIAL_MALL,5,MMM,Ridge,rolling,830,5.0639007052042735e-09,7.116108982586111e-05,3.318975987467475e-05,-0.0734557409071146,5.085523515707639e-09,0.995748164287004
PARTIAL_MALL,5,MMM,SHAR,rolling,830,5.1286985671628924e-09,7.161493257109786e-05,3.275766070344263e-05,-0.0871917205337493,5.085523515707639e-09,1.0084897948700655
PARTIAL_MALL,5,MRK,AdaptiveLasso,rolling,833,9.337744896743564e-09,9.663200762037164e-05,5.729209587021123e-05,-0.0117690298090307,8.700561046630554e-09,1.0732348002270231
PARTIAL_MALL,5,MRK,Bagging,rolling,833,1.0049760555856634e-08,0.0001002484940328,5.39565973253501e-05,-0.0889177847381674,8.700561046630554e-09,1.1550704031607917
PARTIAL_MALL,5,MRK,ElasticNet,rolling,833,9.223799036353373e-09,9.604061139098073e-05,6.048436884598245e-05,0.0005773015474775,8.700561046630554e-09,1.060138419455772
PARTIAL_MALL,5,MRK,GradientBoosting,rolling,833,1.3131939193843e-08,0.0001145946734968,6.84343253067957e-05,-0.4228798842319232,8.700561046630554e-09,1.509320964873705
PARTIAL_MALL,5,MRK,HAR,rolling,833,8.700561046630554e-09,9.327679800802852e-05,5.8504283005875503e-05,0.0572715033140845,8.700561046630554e-09,1.0
PARTIAL_MALL,5,MRK,HARQ,rolling,833,1.0620300373595217e-08,0.0001030548415825,5.605610212417522e-05,-0.1507372630216337,8.700561046630554e-09,1.2206454637437565
PARTIAL_MALL,5,MRK,HARX,rolling,833,1.0027839602923892e-08,0.0001001391012688,5.790783849070332e-05,-0.0865425922771929,8.700561046630554e-09,1.152550915875402
PARTIAL_MALL,5,MRK,Lasso,rolling,833,9.201161208265803e-09,9.592268349178836e-05,6.0199469037448696e-05,0.0030301693024243,8.700561046630554e-09,1.057536538040741
PARTIAL_MALL,5,MRK,LevHAR,rolling,832,1.0653406584188934e-08,0.0001032153408374,5.913228982837068e-05,-0.1536148638998031,8.700561046630554e-09,1.2244505299246942
PARTIAL_MALL,5,MRK,LogHAR,rolling,833,7.952214091268005e-09,8.917518764358169e-05,4.6805296987143784e-05,0.1383568490116048,8.700561046630554e-09,0.9139886552888036
PARTIAL_MALL,5,MRK,NN1,fixed,833,8.446822159207845e-09,9.190659475362932e-05,4.812429012775389e-05,0.0847647739903938,8.700561046630554e-09,0.9708364913408688
PARTIAL_MALL,5,MRK,NN1_1,fixed,833,8.039510846604579e-09,8.966331940433936e-05,4.596574952391932e-05,0.1288980177382034,8.700561046630554e-09,0.9240221180584696
PARTIAL_MALL,5,MRK,NN2,fixed,833,9.061417848671178e-09,9.519147991638315e-05,4.9838923025663585e-05,0.0181717270257049,8.700561046630554e-09,1.041475118685636
PARTIAL_MALL,5,MRK,NN2_1,fixed,833,8.68060749655772e-09,9.316977780674223e-05,5.169529889159178e-05,0.0594335225405335,8.700561046630554e-09,0.9977066363920796
PARTIAL_MALL,5,MRK,NN3,fixed,833,9.32384742890893e-09,9.65600716078283e-05,5.097482779876969e-05,-0.0102632028986431,8.700561046630554e-09,1.0716374931384174
PARTIAL_MALL,5,MRK,NN3_1,fixed,833,9.522252703926135e-09,9.75820306405136e-05,5.103963026060793e-05,-0.0317609322575975,8.700561046630554e-09,1.094441226593519
PARTIAL_MALL,5,MRK,NN4,fixed,833,9.550735604307984e-09,9.772786503504508e-05,5.173294622530336e-05,-0.0348471288504754,8.700561046630554e-09,1.097714912075317
PARTIAL_MALL,5,MRK,NN4_1,fixed,833,9.40262439435017e-09,9.696713048425312e-05,5.167692337669571e-05,-0.0187988927013897,8.700561046630554e-09,1.0806917328614691
PARTIAL_MALL,5,MRK,PostLasso,rolling,833,1.020993532578394e-08,0.0001010442246038,5.820509942405519e-05,-0.1062731390942017,8.700561046630554e-09,1.1734801090485905
PARTIAL_MALL,5,MRK,RandomForest,rolling,833,9.686929172216426e-09,9.842219857438884e-05,5.236006591193267e-05,-0.0496040573800831,8.700561046630554e-09,1.1133683357084037
PARTIAL_MALL,5,MRK,Ridge,rolling,833,1.0138536173133706e-08,0.0001006902983069,5.916320699834825e-05,-0.0985368545624509,8.700561046630554e-09,1.1652738391002997
PARTIAL_MALL,5,MRK,SHAR,rolling,833,1.0328631300226356e-08,0.0001016298740539,5.8306941126183245e-05,-0.1191341577054214,8.700561046630554e-09,1.187122444733182
PARTIAL_MALL,5,MSFT,AdaptiveLasso,rolling,841,1.5816127025387452e-08,0.0001257621844013,6.81333300624074e-05,-0.1345570115522834,1.3800230658212581e-08,1.146077005312603
PARTIAL_MALL,5,MSFT,Bagging,rolling,841,1.4025099435811666e-08,0.0001184276126408,5.134093967696609e-05,-0.0060791037575962,1.3800230658212581e-08,1.0162945666031509
PARTIAL_MALL,5,MSFT,ElasticNet,rolling,841,1.2105123646344784e-08,0.0001100232868366,5.83956605340945e-05,0.1316487983042499,1.3800230658212581e-08,0.877168211615432
PARTIAL_MALL,5,MSFT,GradientBoosting,rolling,841,1.5059696876569072e-08,0.0001227179566182,6.454769514193836e-05,-0.0802951099050444,1.3800230658212581e-08,1.091264142574818
PARTIAL_MALL,5,MSFT,HAR,rolling,841,1.3800230658212581e-08,0.0001174743829871,5.353265021418364e-05,0.0100516751552637,1.3800230658212581e-08,1.0
PARTIAL_MALL,5,MSFT,HARQ,rolling,841,1.3383537905857186e-08,0.0001156872417592,5.062110408482229e-05,0.0399427909188746,1.3800230658212581e-08,0.9698053777016096
PARTIAL_MALL,5,MSFT,HARX,rolling,841,1.3500572328727682e-08,0.0001161919632708,5.064517246313125e-05,0.0315474217588039,1.3800230658212581e-08,0.9782859912340256
PARTIAL_MALL,5,MSFT,Lasso,rolling,841,1.3579371464517333e-08,0.0001165305602171,6.240790928387324e-05,0.0258948298271066,1.3800230658212581e-08,0.9839959780988288
PARTIAL_MALL,5,MSFT,LevHAR,rolling,840,1.3419851751021625e-08,0.0001158440837981,5.0830681974842354e-05,0.0381303030573469,1.3800230658212581e-08,0.9724367717749274
PARTIAL_MALL,5,MSFT,LogHAR,rolling,841,1.1224085710954192e-08,0.0001059437856174,4.723180745361063e-05,0.1948493381985266,1.3800230658212581e-08,0.8133259500466888
PARTIAL_MALL,5,MSFT,NN1,fixed,841,1.3710914271750421e-08,0.0001170936132833,6.546696373052208e-05,0.0164587135120307,1.3800230658212581e-08,0.9935279062593776
PARTIAL_MALL,5,MSFT,NN1_1,fixed,841,1.3236737490977212e-08,0.0001150510212513,6.220902687779169e-05,0.0504733993120364,1.3800230658212581e-08,0.9591678442780208
PARTIAL_MALL,5,MSFT,NN2,fixed,841,1.546121019991512e-08,0.000124343114807,6.827212527591749e-05,-0.1090973416715881,1.3800230658212581e-08,1.1203588246341436
PARTIAL_MALL,5,MSFT,NN2_1,fixed,841,1.4221066735651592e-08,0.0001192521141768,6.707679132832724e-05,-0.0201366586641464,1.3800230658212581e-08,1.030494858228226
PARTIAL_MALL,5,MSFT,NN3,fixed,841,1.3564925721542611e-08,0.0001164685610864,6.457253160895743e-05,0.0269310834530889,1.3800230658212581e-08,0.9829492026258314
PARTIAL_MALL,5,MSFT,NN3_1,fixed,841,1.2630976640916578e-08,0.0001123876178273,5.99703512239817e-05,0.0939271613270343,1.3800230658212581e-08,0.9152728641821524
PARTIAL_MALL,5,MSFT,NN4,fixed,841,1.3927609759550888e-08,0.0001180152946001,6.544176281767742e-05,0.0009142388969035,1.3800230658212581e-08,1.0092302153850234
PARTIAL_MALL,5,MSFT,NN4_1,fixed,841,1.39838109535012e-08,0.0001182531646659,6.586863494048776e-05,-0.0031173080520798,1.3800230658212581e-08,1.013302697602331
PARTIAL_MALL,5,MSFT,PostLasso,rolling,841,1.367687280431752e-08,0.0001169481628941,5.050362688181276e-05,0.0189006504980914,1.3800230658212581e-08,0.9910611744868444
PARTIAL_MALL,5,MSFT,RandomForest,rolling,841,1.1467681225461344e-08,0.0001070872598653,4.886384824455354e-05,0.177375212040893,1.3800230658212581e-08,0.8309775038895363
PARTIAL_MALL,5,MSFT,Ridge,rolling,841,1.3310459205798558e-08,0.0001153709634431,5.0316309274498776e-05,0.045185032044882,1.3800230658212581e-08,0.9645099082367468
PARTIAL_MALL,5,MSFT,SHAR,rolling,841,1.3111484855063704e-08,0.0001145053922532,5.055953498982365e-05,0.0594582953022477,1.3800230658212581e-08,0.9500917180149449
PARTIAL_MALL,5,NKE,AdaptiveLasso,rolling,803,2.1943271472327244e-08,0.0001481326144788,6.16876620033356e-05,0.0782318602195876,2.5280370654619865e-08,0.8679964298038176
PARTIAL_MALL,5,NKE,Bagging,rolling,803,2.6927570466220665e-08,0.000164096223193,6.23625072107128e-05,-0.1311429368567962,2.5280370654619865e-08,1.0651572650616885
PARTIAL_MALL,5,NKE,ElasticNet,rolling,803,2.2983623725104432e-08,0.0001516035082875,6.738079302217307e-05,0.034529918967658,2.5280370654619865e-08,0.9091490009820834
PARTIAL_MALL,5,NKE,GradientBoosting,rolling,803,2.3814227727193413e-08,0.0001543185916446,6.598860761491588e-05,-0.0003611549027657,2.5280370654619865e-08,0.9420046902216396
PARTIAL_MALL,5,NKE,HAR,rolling,803,2.5280370654619865e-08,0.0001589980209141,7.145786641041979e-05,-0.0619492294326005,2.5280370654619865e-08,1.0
PARTIAL_MALL,5,NKE,HARQ,rolling,803,2.754375596498533e-08,0.0001659631162788,6.93127905685469e-05,-0.1570269606529859,2.5280370654619865e-08,1.0895313340649868
PARTIAL_MALL,5,NKE,HARX,rolling,803,2.457020308138791e-08,0.0001567488535249,7.123781547908526e-05,-0.0321173129047518,2.5280370654619865e-08,0.9719083401531466
PARTIAL_MALL,5,NKE,Lasso,rolling,803,2.284136608135528e-08,0.0001511336034155,6.689681849407607e-05,0.0405057172351843,2.5280370654619865e-08,0.9035218032762954
PARTIAL_MALL,5,NKE,LevHAR,rolling,803,2.4524355049573658e-08,0.0001566025384518,7.094179362614206e-05,-0.0301913806183418,2.5280370654619865e-08,0.9700947578904248
PARTIAL_MALL,5,NKE,LogHAR,rolling,803,2.231395680848764e-08,0.0001493785687723,5.745909194644403e-05,0.0626605297009204,2.5280370654619865e-08,0.8826594005816079
PARTIAL_MALL,5,NKE,NN1,fixed,803,2.3265720727941152e-08,0.0001525310484063,5.816308577315952e-05,0.0226799070006477,2.5280370654619865e-08,0.9203077378016786
PARTIAL_MALL,5,NKE,NN1_1,fixed,803,2.4047950418592908e-08,0.0001550740159362,5.9179423924667855e-05,-0.0101791134850797,2.5280370654619865e-08,0.9512499142965796
PARTIAL_MALL,5,NKE,NN2,fixed,803,2.528065405131797e-08,0.0001589989121073,6.309998172536599e-05,-0.0619611340406967,2.5280370654619865e-08,1.000011210148062
PARTIAL_MALL,5,NKE,NN2_1,fixed,803,2.5233803966131196e-08,0.0001588515154669,6.244860484830509e-05,-0.0599931086290974,2.5280370654619865e-08,0.9981579902793016
PARTIAL_MALL,5,NKE,NN3,fixed,803,2.521522250220923e-08,0.0001587930178005,6.19848191259726e-05,-0.0592125595001606,2.5280370654619865e-08,0.9974229747933412
PARTIAL_MALL,5,NKE,NN3_1,fixed,803,2.5442064045203777e-08,0.0001595056865607,6.252024497192014e-05,-0.0687414625798445,2.5280370654619865e-08,1.0063960055330263
PARTIAL_MALL,5,NKE,NN4,fixed,803,2.5409254010546468e-08,0.0001594028042744,6.270717667198337e-05,-0.0673632157377392,2.5280370654619865e-08,1.005098159267022
PARTIAL_MALL,5,NKE,NN4_1,fixed,803,2.528649788144784e-08,0.0001590172879955,6.21398382479034e-05,-0.0622066150499802,2.5280370654619865e-08,1.0002423709253194
PARTIAL_MALL,5,NKE,PostLasso,rolling,803,2.4886623286204633e-08,0.0001577549469468,7.181816527523312e-05,-0.0454091351360297,2.5280370654619865e-08,0.9844247786634696
PARTIAL_MALL,5,NKE,RandomForest,rolling,803,2.2776819460101082e-08,0.0001509199107477,6.069247120622971e-05,0.043217118726873,2.5280370654619865e-08,0.900968572465876
PARTIAL_MALL,5,NKE,Ridge,rolling,803,2.4472623577917553e-08,0.0001564372832093,7.09150316624244e-05,-0.0280183034426484,2.5280370654619865e-08,0.9680484480335456
PARTIAL_MALL,5,NKE,SHAR,rolling,803,2.4267122331623885e-08,0.0001557790818166,7.111246101044319e-05,-0.0193858394202464,2.5280370654619865e-08,0.9599195622232376
PARTIAL_MALL,5,PFE,AdaptiveLasso,rolling,831,5.3082354698795705e-09,7.285763837704026e-05,4.1240534963337936e-05,0.3001204627050821,5.719082994907838e-09,0.9281619928589812
PARTIAL_MALL,5,PFE,Bagging,rolling,831,5.639871272157485e-09,7.509907637353129e-05,4.309783261685012e-05,0.2563949887381251,5.719082994907838e-09,0.9861495762833165
PARTIAL_MALL,5,PFE,ElasticNet,rolling,831,5.2324974855547794e-09,7.23360040751131e-05,4.3296291066743475e-05,0.3101063545754906,5.719082994907838e-09,0.9149189634446108
PARTIAL_MALL,5,PFE,GradientBoosting,rolling,831,5.975969752982327e-09,7.730439672478097e-05,4.877730384893405e-05,0.2120811201126703,5.719082994907838e-09,1.0449174733612392
PARTIAL_MALL,5,PFE,HAR,rolling,831,5.719082994907838e-09,7.562461897363741e-05,4.625988018589525e-05,0.2459510918572455,5.719082994907838e-09,1.0
PARTIAL_MALL,5,PFE,HARQ,rolling,831,5.593615772847272e-09,7.479047915909666e-05,4.21809742455642e-05,0.2624936777729791,5.719082994907838e-09,0.9780616539098524
PARTIAL_MALL,5,PFE,HARX,rolling,831,5.240973332939067e-09,7.23945670125809e-05,4.1471410359655005e-05,0.3089888321560051,5.719082994907838e-09,0.9164009925377072
PARTIAL_MALL,5,PFE,Lasso,rolling,831,5.302537781707621e-09,7.281852636319703e-05,4.39362346910319e-05,0.3008716907514004,5.719082994907838e-09,0.9271657338123784
PARTIAL_MALL,5,PFE,LevHAR,rolling,831,5.4490548695358494e-09,7.381771379239436e-05,4.2035694907076224e-05,0.2815537248817841,5.719082994907838e-09,0.9527847164287672
PARTIAL_MALL,5,PFE,LogHAR,rolling,831,5.101662153585015e-09,7.142592074019778e-05,4.110687791549875e-05,0.3273567143457783,5.719082994907838e-09,0.892041986123901
PARTIAL_MALL,5,PFE,NN1,fixed,831,5.6815891938808534e-09,7.537631719499735e-05,4.4901295472995445e-05,0.2508945696406055,5.719082994907838e-09,0.9934440886658984
PARTIAL_MALL,5,PFE,NN1_1,fixed,831,5.886011122274444e-09,7.672034360112345e-05,4.7891802722370704e-05,0.223941973911033,5.719082994907838e-09,1.029187918328032
PARTIAL_MALL,5,PFE,NN2,fixed,831,7.597603269180407e-09,8.716423159289828e-05,5.265916786394399e-05,-0.0017278040427579,5.719082994907838e-09,1.3284652934649082
PARTIAL_MALL,5,PFE,NN2_1,fixed,831,7.637787342381118e-09,8.739443542000325e-05,5.121864854152913e-05,-0.0070259884804912,5.719082994907838e-09,1.3354916075149912
PARTIAL_MALL,5,PFE,NN3,fixed,831,7.324969810522428e-09,8.558603747412557e-05,5.153851477356446e-05,0.0342183366247712,5.719082994907838e-09,1.280794459014573
PARTIAL_MALL,5,PFE,NN3_1,fixed,831,7.055056939341226e-09,8.39943863561204e-05,5.285505445430444e-05,0.0698057736298083,5.719082994907838e-09,1.233599328008164
PARTIAL_MALL,5,PFE,NN4,fixed,831,7.394905696303148e-09,8.599363753384985e-05,5.199077851398725e-05,0.0249974390857945,5.719082994907838e-09,1.2930229728939815
PARTIAL_MALL,5,PFE,NN4_1,fixed,831,7.614956114619744e-09,8.726371591113769e-05,5.514857459919762e-05,-0.0040157397430011,5.719082994907838e-09,1.331499494132181
PARTIAL_MALL,5,PFE,PostLasso,rolling,831,5.344427486429397e-09,7.310559134860614e-05,4.188044168354675e-05,0.2953486224315311,5.719082994907838e-09,0.9344902830030573
PARTIAL_MALL,5,PFE,RandomForest,rolling,831,5.339489966449489e-09,7.307181376187052e-05,4.287679532962106e-05,0.2959996239212974,5.719082994907838e-09,0.9336269418023256
PARTIAL_MALL,5,PFE,Ridge,rolling,831,5.2436806420481635e-09,7.241326288773461e-05,4.19669295137843e-05,0.3086318792180016,5.719082994907838e-09,0.9168743742164672
PARTIAL_MALL,5,PFE,SHAR,rolling,831,5.228901814899174e-09,7.231114585524956e-05,4.1555877335836925e-05,0.3105804360907114,5.719082994907838e-09,0.9142902489008968
PARTIAL_MALL,5,PG,AdaptiveLasso,rolling,834,9.797799295669554e-09,9.89838335066366e-05,4.169247321285609e-05,-0.1912484271038588,9.667833053383681e-09,1.0134431616235229
PARTIAL_MALL,5,PG,Bagging,rolling,834,8.83715615115017e-09,9.400614953900712e-05,3.160039283146111e-05,-0.0744502971990537,9.667833053383681e-09,0.9140782740406572
PARTIAL_MALL,5,PG,ElasticNet,rolling,834,8.822147014935163e-09,9.3926285005504e-05,3.775960540663458e-05,-0.0726254374148551,9.667833053383681e-09,0.9125257921005854
PARTIAL_MALL,5,PG,GradientBoosting,rolling,834,9.205649325533382e-09,9.594607509186284e-05,4.024196549240586e-05,-0.1192529004302218,9.667833053383681e-09,0.9521936585687588
PARTIAL_MALL,5,PG,HAR,rolling,834,9.667833053383681e-09,9.832513947807897e-05,3.5216565438923585e-05,-0.1754467070412653,9.667833053383681e-09,1.0
PARTIAL_MALL,5,PG,HARQ,rolling,834,8.198824773826361e-09,9.054736204786068e-05,3.040982021213351e-05,0.0031601157376673,9.667833053383681e-09,0.8480519604087312
PARTIAL_MALL,5,PG,HARX,rolling,834,9.184051048112463e-09,9.583345474369828e-05,3.146172616520339e-05,-0.1166269113453888,9.667833053383681e-09,0.94995962356819
PARTIAL_MALL,5,PG,Lasso,rolling,834,9.13589242423196e-09,9.558186242290928e-05,3.798694228810398e-05,-0.1107716286213902,9.667833053383681e-09,0.9449782980100648
PARTIAL_MALL,5,PG,LevHAR,rolling,834,9.162744844235762e-09,9.572222753486132e-05,3.2023647011181104e-05,-0.1140364335156487,9.667833053383681e-09,0.9477557994269316
PARTIAL_MALL,5,PG,LogHAR,rolling,834,8.258996584406221e-09,9.087902169591296e-05,2.9616575047849777e-05,-0.0041557694469711,9.667833053383681e-09,0.8542758794863161
PARTIAL_MALL,5,PG,NN1,fixed,834,7.958282167227339e-09,8.920920449834388e-05,3.206179989919995e-05,0.0324060711931127,9.667833053383681e-09,0.8231712446091517
PARTIAL_MALL,5,PG,NN1_1,fixed,834,8.095195287390422e-09,8.99733031926161e-05,3.116880470033829e-05,0.0157597270374163,9.667833053383681e-09,0.8373329620702497
PARTIAL_MALL,5,PG,NN2,fixed,834,8.280681973851533e-09,9.099825258680264e-05,3.3524427603350595e-05,-0.0067923498961421,9.667833053383681e-09,0.8565189249884024
PARTIAL_MALL,5,PG,NN2_1,fixed,834,8.213612721714979e-09,9.062898389430931e-05,3.20971106057692e-05,0.0013621487523467,9.667833053383681e-09,0.8495815635583681
PARTIAL_MALL,5,PG,NN3,fixed,834,8.194765323321344e-09,9.052494310034856e-05,3.251452042878419e-05,0.003653676983726,9.667833053383681e-09,0.8476320679175597
PARTIAL_MALL,5,PG,NN3_1,fixed,834,8.240128807647233e-09,9.07751552333965e-05,3.342125583360511e-05,-0.0018617635473987,9.667833053383681e-09,0.852324275993082
PARTIAL_MALL,5,PG,NN4,fixed,834,8.252141584062842e-09,9.084129889022308e-05,3.350077018771553e-05,-0.0033223161244015,9.667833053383681e-09,0.8535668270745165
PARTIAL_MALL,5,PG,NN4_1,fixed,834,8.222832058313343e-09,9.067983269897084e-05,3.29053572899792e-05,0.0002412317085983,9.667833053383681e-09,0.8505351729708865
PARTIAL_MALL,5,PG,PostLasso,rolling,834,9.19519669235634e-09,9.58915882252262e-05,3.15097987650739e-05,-0.1179820351618607,9.667833053383681e-09,0.951112482143874
PARTIAL_MALL,5,PG,RandomForest,rolling,834,8.450158453860594e-09,9.192474342559022e-05,3.088473125228917e-05,-0.0273978536576984,9.667833053383681e-09,0.8740488594704366
PARTIAL_MALL,5,PG,Ridge,rolling,834,9.103386609688942e-09,9.541166914842725e-05,3.11133983937486e-05,-0.1068194655613432,9.667833053383681e-09,0.9416160332333016
PARTIAL_MALL,5,PG,SHAR,rolling,834,8.992466060098382e-09,9.482861414203196e-05,3.170630851515778e-05,-0.0933333829987366,9.667833053383681e-09,0.9301428779793708
PARTIAL_MALL,5,UNH,AdaptiveLasso,rolling,801,1.88018320057637e-07,0.00043361079329,0.0001571230062361,-0.2821895062762538,1.980695229291217e-07,0.9492541673103264
PARTIAL_MALL,5,UNH,Bagging,rolling,801,1.5351975887474994e-07,0.0003918159757778,9.263876069954444e-05,-0.0469268301882679,1.980695229291217e-07,0.7750801668244857
PARTIAL_MALL,5,UNH,ElasticNet,rolling,801,1.726105255183783e-07,0.0004154642289275,0.0001477814762598,-0.1771161683853399,1.980695229291217e-07,0.8714643371971275
PARTIAL_MALL,5,UNH,GradientBoosting,rolling,801,1.6457718352010105e-07,0.0004056811352775,0.0001431015629415,-0.1223328536138756,1.980695229291217e-07,0.8309061438947083
PARTIAL_MALL,5,UNH,HAR,rolling,801,1.980695229291217e-07,0.0004450500229514,0.0001142915986818,-0.3507336079537964,1.980695229291217e-07,1.0
PARTIAL_MALL,5,UNH,HARQ,rolling,801,1.520848143410153e-07,0.0003899805307204,9.943473109587134e-05,-0.037141236833966,1.980695229291217e-07,0.7678355159942409
PARTIAL_MALL,5,UNH,HARX,rolling,801,1.7942915856961764e-07,0.0004235907914126,0.000107955742694,-0.2236157847140434,1.980695229291217e-07,0.9058897901916264
PARTIAL_MALL,5,UNH,Lasso,rolling,801,1.7601449117129787e-07,0.0004195408098997,0.0001485227785663,-0.2003294863139346,1.980695229291217e-07,0.8886500485704902
PARTIAL_MALL,5,UNH,LevHAR,rolling,801,1.7701222231813465e-07,0.0004207282048046,0.0001061539939261,-0.2071335062954289,1.980695229291217e-07,0.8936873260480245
PARTIAL_MALL,5,UNH,LogHAR,rolling,801,1.5290778504844178e-07,0.0003910342504799,8.737535190311774e-05,-0.0427534793256099,1.980695229291217e-07,0.7719904747948483
PARTIAL_MALL,5,UNH,NN1,fixed,801,1.4810969173871552e-07,0.0003848502198761,8.748834141230823e-05,-0.0100329184250584,1.980695229291217e-07,0.7477661860765723
PARTIAL_MALL,5,UNH,NN1_1,fixed,801,1.4913563329149086e-07,0.0003861808297824,8.467362695993395e-05,-0.0170293190556884,1.980695229291217e-07,0.752945890342041
PARTIAL_MALL,5,UNH,NN2,fixed,801,1.4810344656743101e-07,0.0003848421060219,8.826093528754343e-05,-0.0099903295268943,1.980695229291217e-07,0.7477346558785279
PARTIAL_MALL,5,UNH,NN2_1,fixed,801,1.4835593176424513e-07,0.0003851700037181,9.043571336515908e-05,-0.0117121504098058,1.980695229291217e-07,0.749009386049431
PARTIAL_MALL,5,UNH,NN3,fixed,801,1.4838011760965489e-07,0.0003852013987638,8.905658031204743e-05,-0.0118770855989684,1.980695229291217e-07,0.749131493908591
PARTIAL_MALL,5,UNH,NN3_1,fixed,801,1.478724536520543e-07,0.0003845418750306,9.056623788403995e-05,-0.0084150750940847,1.980695229291217e-07,0.7465684344833292
PARTIAL_MALL,5,UNH,NN4,fixed,801,1.4828540070853817e-07,0.000385078434489,8.970823902290137e-05,-0.0112311644108544,1.980695229291217e-07,0.7486532936296385
PARTIAL_MALL,5,UNH,NN4_1,fixed,801,1.4884399254988477e-07,0.0003858030489121,8.992914525826367e-05,-0.0150404772323209,1.980695229291217e-07,0.7514734743070388
PARTIAL_MALL,5,UNH,PostLasso,rolling,801,1.8215605218419429e-07,0.0004267974369466,0.0001034428456165,-0.2422118150172079,1.980695229291217e-07,0.9196571460889418
PARTIAL_MALL,5,UNH,RandomForest,rolling,801,1.4873022997078538e-07,0.0003856555846487,9.27775728889025e-05,-0.0142646741877909,1.980695229291217e-07,0.750899117498293
PARTIAL_MALL,5,UNH,Ridge,rolling,801,1.765235005616825e-07,0.0004201469987536,0.0001044304277986,-0.2038006719874754,1.980695229291217e-07,0.8912199007257197
PARTIAL_MALL,5,UNH,SHAR,rolling,801,1.849247270086868e-07,0.0004300287513744,0.0001085109675836,-0.2610927719642082,1.980695229291217e-07,0.933635444130702
PARTIAL_MALL,5,VZ,AdaptiveLasso,rolling,835,6.7753562215455996e-09,8.2312552029114e-05,4.0439904796589814e-05,-0.2249075661419093,6.574462810403445e-09,1.0305566275048754
PARTIAL_MALL,5,VZ,Bagging,rolling,835,8.059346763097886e-09,8.97738645881856e-05,3.791639818520025e-05,-0.4570384944317966,6.574462810403445e-09,1.2258563164042475
PARTIAL_MALL,5,VZ,ElasticNet,rolling,835,6.864817351178613e-09,8.28541933228404e-05,4.2999787939360486e-05,-0.2410811238088275,6.574462810403445e-09,1.044163994709303
PARTIAL_MALL,5,VZ,GradientBoosting,rolling,835,8.006907814983785e-09,8.94813266273125e-05,4.3723769925684535e-05,-0.4475581273182123,6.574462810403445e-09,1.2178801593209465
PARTIAL_MALL,5,VZ,HAR,rolling,835,6.574462810403445e-09,8.108306118051689e-05,3.796098500004109e-05,-0.1885883157217525,6.574462810403445e-09,1.0
PARTIAL_MALL,5,VZ,HARQ,rolling,835,7.460980052312733e-09,8.637696482461475e-05,4.244139607419125e-05,-0.3488605791455976,6.574462810403445e-09,1.1348425365653392
PARTIAL_MALL,5,VZ,HARX,rolling,835,7.4333038550535544e-09,8.621661008792652e-05,4.326201837256963e-05,-0.3438570365544346,6.574462810403445e-09,1.1306328850611302
PARTIAL_MALL,5,VZ,Lasso,rolling,835,6.7624927003876494e-09,8.223437663403091e-05,4.231384859737901e-05,-0.2225819874006036,6.574462810403445e-09,1.0286000385745075
PARTIAL_MALL,5,VZ,LevHAR,rolling,834,8.05969397329393e-09,8.977579837179912e-05,4.838549841416877e-05,-0.4566513667365348,6.574462810403445e-09,1.2259091283534609
PARTIAL_MALL,5,VZ,LogHAR,rolling,835,5.793163622791715e-09,7.611283480985133e-05,3.4688279435353956e-05,-0.0473382832462911,6.574462810403445e-09,0.881161516896042
PARTIAL_MALL,5,VZ,NN1,fixed,835,5.4831658974511655e-09,7.40484023963459e-05,3.591546737649096e-05,0.0087057898385922,6.574462810403445e-09,0.8340097214900344
PARTIAL_MALL,5,VZ,NN1_1,fixed,835,5.444405724317241e-09,7.37862163572387e-05,3.545805470932625e-05,0.0157131895655225,6.574462810403445e-09,0.8281141564451472
PARTIAL_MALL,5,VZ,NN2,fixed,835,5.449055977841518e-09,7.381772129943811e-05,3.54176686199901e-05,0.0148724764664456,6.574462810403445e-09,0.8288214771279746
PARTIAL_MALL,5,VZ,NN2_1,fixed,835,5.5850650249765326e-09,7.473329261431302e-05,3.542246599891772e-05,-0.0097164167890333,6.574462810403445e-09,0.849508953969397
PARTIAL_MALL,5,VZ,NN3,fixed,835,5.419197667193291e-09,7.361519997387286e-05,3.596797015224153e-05,0.0202705204111942,6.574462810403445e-09,0.8242799181429608
PARTIAL_MALL,5,VZ,NN3_1,fixed,835,5.511266999230484e-09,7.423790810112098e-05,3.614740852687301e-05,0.0036254293289923,6.574462810403445e-09,0.8382840025362137
PARTIAL_MALL,5,VZ,NN4,fixed,835,5.534377137096632e-09,7.439339444531773e-05,3.630213925730359e-05,-0.0005526215071847,6.574462810403445e-09,0.8417991395949523
PARTIAL_MALL,5,VZ,NN4_1,fixed,835,5.5531949754445805e-09,7.451976231473488e-05,3.705001393326666e-05,-0.0039546732690594,6.574462810403445e-09,0.84466140209314
PARTIAL_MALL,5,VZ,PostLasso,rolling,835,7.308453109960338e-09,8.54894912252982e-05,4.048229261749551e-05,-0.3212854377627996,6.574462810403445e-09,1.1116426270440567
PARTIAL_MALL,5,VZ,RandomForest,rolling,835,6.081828478065008e-09,7.798607874527997e-05,3.5967247405081024e-05,-0.0995256153572006,6.574462810403445e-09,0.925068504219251
PARTIAL_MALL,5,VZ,Ridge,rolling,835,7.539195426946699e-09,8.682854039396665e-05,4.435185926094851e-05,-0.3630010318457972,6.574462810403445e-09,1.146739383028627
PARTIAL_MALL,5,VZ,SHAR,rolling,835,7.544335113940972e-09,8.685813211174284e-05,4.3173852242371063e-05,-0.3639302289656276,6.574462810403445e-09,1.147521148344287
PARTIAL_MALL,5,WMT,AdaptiveLasso,rolling,835,1.2285813988228368e-08,0.0001108413911326,5.586240724511678e-05,-0.4373327696245215,1.1477924384348308e-08,1.070386384927028
PARTIAL_MALL,5,WMT,Bagging,rolling,835,1.8664107986482587e-08,0.0001366166460812,4.854956263184716e-05,-1.1835373749338842,1.1477924384348308e-08,1.626087379695026
PARTIAL_MALL,5,WMT,ElasticNet,rolling,835,9.970377407657383e-09,9.985177718827736e-05,5.085594170578821e-05,-0.1664469433837212,1.1477924384348308e-08,0.8686568297359873
PARTIAL_MALL,5,WMT,GradientBoosting,rolling,835,1.5846805543012325e-08,0.0001258840956714,6.130379441035027e-05,-0.8539376326764345,1.1477924384348308e-08,1.380633380423866
PARTIAL_MALL,5,WMT,HAR,rolling,835,1.1477924384348308e-08,0.0001071350754157,4.5398225586547165e-05,-0.3428167527770915,1.1477924384348308e-08,1.0
PARTIAL_MALL,5,WMT,HARQ,rolling,835,1.0901802645241772e-08,0.0001044116978371,4.402924082044209e-05,-0.2754155487783727,1.1477924384348308e-08,0.9498061043256084
PARTIAL_MALL,5,WMT,HARX,rolling,835,1.191421980730889e-08,0.0001091522780674,4.4398084608282515e-05,-0.3938595008814738,1.1477924384348308e-08,1.0380117004042586
PARTIAL_MALL,5,WMT,Lasso,rolling,835,1.1403769073298805e-08,0.0001067884313645,5.627952364654783e-05,-0.3341412300388116,1.1477924384348308e-08,0.9935393100210154
PARTIAL_MALL,5,WMT,LevHAR,rolling,835,1.2698254808170858e-08,0.0001126865333931,4.516148150112814e-05,-0.485584737837792,1.1477924384348308e-08,1.106319782476232
PARTIAL_MALL,5,WMT,LogHAR,rolling,835,9.298419985481169e-09,9.642831526829226e-05,4.04823238559405e-05,-0.0878338027638403,1.1477924384348308e-08,0.8101133684205841
PARTIAL_MALL,5,WMT,NN1,fixed,835,9.037263698759136e-09,9.506452387068026e-05,3.841797328709399e-05,-0.0572808016148167,1.1477924384348308e-08,0.787360449166459
PARTIAL_MALL,5,WMT,NN1_1,fixed,835,8.998541822950634e-09,9.486064422588872e-05,3.81443293182079e-05,-0.0527506808548718,1.1477924384348308e-08,0.7839868535134588
PARTIAL_MALL,5,WMT,NN2,fixed,835,9.633987798294171e-09,9.815287972491775e-05,3.994730457768119e-05,-0.1270923015698204,1.1477924384348308e-08,0.8393493000730523
PARTIAL_MALL,5,WMT,NN2_1,fixed,835,9.232109347297234e-09,9.608386621747292e-05,3.935628561100659e-05,-0.0800760381315739,1.1477924384348308e-08,0.8043361358858973
PARTIAL_MALL,5,WMT,NN3,fixed,835,9.268895691408015e-09,9.627510421395564e-05,3.904027208026639e-05,-0.0843797186134511,1.1477924384348308e-08,0.8075411007278809
PARTIAL_MALL,5,WMT,NN3_1,fixed,835,9.156810465709165e-09,9.569122460136648e-05,3.8512431716424694e-05,-0.0712667276433709,1.1477924384348308e-08,0.7977758137347293
PARTIAL_MALL,5,WMT,NN4,fixed,835,9.3650355239064e-09,9.677311364168458e-05,3.962125192269721e-05,-0.0956272380573024,1.1477924384348308e-08,0.8159171650125944
PARTIAL_MALL,5,WMT,NN4_1,fixed,835,9.482438968008984e-09,9.737781558450047e-05,3.992469260123516e-05,-0.1093624140608713,1.1477924384348308e-08,0.8261457952223108
PARTIAL_MALL,5,WMT,PostLasso,rolling,835,1.1340372218337604e-08,0.0001064911837587,4.643515102039819e-05,-0.3267243525560359,1.1477924384348308e-08,0.9880159372544504
PARTIAL_MALL,5,WMT,RandomForest,rolling,835,1.0498906595413102e-08,0.0001024641722526,4.308262287269107e-05,-0.2282802351779973,1.1477924384348308e-08,0.9147042830957984
PARTIAL_MALL,5,WMT,Ridge,rolling,835,1.1975059654388161e-08,0.0001094306157087,4.503773098737119e-05,-0.4009772308088326,1.1477924384348308e-08,1.0433122970140631
PARTIAL_MALL,5,WMT,SHAR,rolling,835,1.3322495031645916e-08,0.0001154231130737,4.488819607680465e-05,-0.558615383603561,1.1477924384348308e-08,1.1607059417304515
PARTIAL_MALL,5,XOM,AdaptiveLasso,rolling,836,6.7154049856147966e-09,8.19475746170367e-05,5.041180797922777e-05,0.3893518414819853,6.581991773778475e-09,1.0202694285288865
PARTIAL_MALL,5,XOM,Bagging,rolling,836,7.444797427049935e-09,8.628323954888305e-05,4.525664625150416e-05,0.3230264073267213,6.581991773778475e-09,1.1310857993941483
PARTIAL_MALL,5,XOM,ElasticNet,rolling,836,6.277333495026601e-09,7.922962510971891e-05,4.6867576518637534e-05,0.4291867508582563,6.581991773778475e-09,0.9537133607541748
PARTIAL_MALL,5,XOM,GradientBoosting,rolling,836,7.431383177735654e-09,8.620547069493707e-05,4.65571900241403e-05,0.3242461977428189,6.581991773778475e-09,1.129047776592643
PARTIAL_MALL,5,XOM,HAR,rolling,836,6.581991773778475e-09,8.112947536979686e-05,4.7069872619911896e-05,0.4014834303145783,6.581991773778475e-09,1.0
PARTIAL_MALL,5,XOM,HARQ,rolling,836,7.192880702105931e-09,8.481085250194065e-05,4.604626574358466e-05,0.3459338097122025,6.581991773778475e-09,1.0928121683106826
PARTIAL_MALL,5,XOM,HARX,rolling,836,6.427781802207336e-09,8.017344823697767e-05,4.6803682475809934e-05,0.4155061192464819,6.581991773778475e-09,0.9765709261160908
PARTIAL_MALL,5,XOM,Lasso,rolling,836,6.435072256684406e-09,8.02189021159253e-05,4.730399187303566e-05,0.4148431804347917,6.581991773778475e-09,0.977678562638232
PARTIAL_MALL,5,XOM,LevHAR,rolling,836,6.370991339744466e-09,7.981848996156508e-05,4.637997005970319e-05,0.4206702145465606,6.581991773778475e-09,0.9679427684983444
PARTIAL_MALL,5,XOM,LogHAR,rolling,836,5.9983668605976234e-09,7.744912433719069e-05,4.1402361683744194e-05,0.4545538675052694,6.581991773778475e-09,0.911330045183904
PARTIAL_MALL,5,XOM,NN1,fixed,836,1.2177542578215141e-08,0.0001103519033737,5.79946265981329e-05,-0.1073336554669466,6.581991773778475e-09,1.8501303247944456
PARTIAL_MALL,5,XOM,NN1_1,fixed,836,1.204046736839153e-08,0.0001097290634626,5.674355460305256e-05,-0.09486907222341,6.581991773778475e-09,1.8293045300297524
PARTIAL_MALL,5,XOM,NN2,fixed,836,1.26995387650781e-08,0.0001126922302782,5.880785495630699e-05,-0.154800042221596,6.581991773778475e-09,1.929437046042944
PARTIAL_MALL,5,XOM,NN2_1,fixed,836,1.1400769116147407e-08,0.0001067743841759,5.53777556822139e-05,-0.0366997495128895,6.581991773778475e-09,1.7321153699349967
PARTIAL_MALL,5,XOM,NN3,fixed,836,1.2920654957296412e-08,0.0001136690589267,5.983048452497595e-05,-0.1749066770240934,6.581991773778475e-09,1.9630311615961111
PARTIAL_MALL,5,XOM,NN3_1,fixed,836,1.3016175240131564e-08,0.0001140884535793,5.994128458439155e-05,-0.1835925693774738,6.581991773778475e-09,1.977543528994638
PARTIAL_MALL,5,XOM,NN4,fixed,836,1.2827869900945478e-08,0.0001132601867424,5.949909553349991e-05,-0.166469505487893,6.581991773778475e-09,1.9489343563219736
PARTIAL_MALL,5,XOM,NN4_1,fixed,836,1.2988360934328458e-08,0.000113966490401,5.9868335205204946e-05,-0.1810633466938822,6.581991773778475e-09,1.973317710008672
PARTIAL_MALL,5,XOM,PostLasso,rolling,836,6.531509117829269e-09,8.081775249182118e-05,4.755478317848789e-05,0.4060739413795873,6.581991773778475e-09,0.9923301854994228
PARTIAL_MALL,5,XOM,RandomForest,rolling,836,6.455698081254531e-09,8.03473588940827e-05,4.321673020327062e-05,0.4129676238870269,6.581991773778475e-09,0.980812237865888
PARTIAL_MALL,5,XOM,Ridge,rolling,836,6.382600917208576e-09,7.989118172369574e-05,4.715610357310447e-05,0.41961452734455,6.581991773778475e-09,0.9697066080568136
PARTIAL_MALL,5,XOM,SHAR,rolling,836,6.308337744357383e-09,7.94250448181012e-05,4.5843124344627735e-05,0.4263674588273763,6.581991773778475e-09,0.9584238268860676
PARTIAL_MALL,22,AAPL,AdaptiveLasso,rolling,838,2.7865050774039328e-08,0.0001669282803303,0.0001389318844699,-1.8381465760980416,1.7722984237348575e-08,1.5722550108303908
PARTIAL_MALL,22,AAPL,Bagging,rolling,838,1.3173480343430171e-08,0.0001147757829136,7.012153863546432e-05,-0.341762067300241,1.7722984237348575e-08,0.7432992190823599
PARTIAL_MALL,22,AAPL,ElasticNet,rolling,838,2.6531251238130275e-08,0.0001628841650932,0.0001384137870908,-1.7022947301158249,1.7722984237348575e-08,1.496996830941122
PARTIAL_MALL,22,AAPL,GradientBoosting,rolling,838,1.556991994068441e-08,0.0001247794852557,9.4488875919507e-05,-0.585847279738092,1.7722984237348575e-08,0.8785157021058057
PARTIAL_MALL,22,AAPL,HAR,rolling,838,1.7722984237348575e-08,0.0001331276989861,9.991498208660536e-05,-0.8051439216587815,1.7722984237348575e-08,1.0
PARTIAL_MALL,22,AAPL,HARQ,rolling,838,2.4360836619877643e-08,0.0001560795842507,0.0001281062962003,-1.4812309011833542,1.7722984237348575e-08,1.374533560129268
PARTIAL_MALL,22,AAPL,HARX,rolling,838,2.440685053884204e-08,0.0001562269200197,0.0001284102255084,-1.4859175693549165,1.7722984237348575e-08,1.3771298451763103
PARTIAL_MALL,22,AAPL,Lasso,rolling,838,2.6075641615599134e-08,0.0001614795393094,0.0001362132312674,-1.6558893996281876,1.7722984237348575e-08,1.471289556340549
PARTIAL_MALL,22,AAPL,LevHAR,rolling,838,2.494429004789383e-08,0.0001579376144175,0.0001308502526594,-1.5406575414742654,1.7722984237348575e-08,1.4074542816173936
PARTIAL_MALL,22,AAPL,LogHAR,rolling,838,1.165883568520028e-08,0.0001079760884881,7.674037818689043e-05,-0.1874905540121565,1.7722984237348575e-08,0.6578370509764943
PARTIAL_MALL,22,AAPL,NN1,fixed,838,1.1071252201151682e-08,0.0001052200180628,8.069643284700462e-05,-0.1276432540037186,1.7722984237348575e-08,0.6246832955942402
PARTIAL_MALL,22,AAPL,NN1_1,fixed,838,1.4715398804220614e-08,0.0001213070435062,9.370293177785322e-05,-0.4988115065997334,1.7722984237348575e-08,0.8303002816653237
PARTIAL_MALL,22,AAPL,NN2,fixed,838,1.0440367737771417e-08,0.0001021781177051,7.04117896640437e-05,-0.0633856076001342,1.7722984237348575e-08,0.5890863298162778
PARTIAL_MALL,22,AAPL,NN2_1,fixed,838,1.1175050965481833e-08,0.0001057121136175,7.749553860325094e-05,-0.1382154977069776,1.7722984237348575e-08,0.6305400273353547
PARTIAL_MALL,22,AAPL,NN3,fixed,838,9.979329501777487e-09,9.989659404492972e-05,6.605343524868758e-05,-0.016427355072724,1.7722984237348575e-08,0.5630727516389438
PARTIAL_MALL,22,AAPL,NN3_1,fixed,838,1.0034831128329473e-08,0.0001001740042542,6.606540918144522e-05,-0.0220803772991589,1.7722984237348575e-08,0.5662043702088582
PARTIAL_MALL,22,AAPL,NN4,fixed,838,9.907794214494112e-09,9.953790340616038e-05,6.571633998144365e-05,-0.0091412520499849,1.7722984237348575e-08,0.5590364513000524
PARTIAL_MALL,22,AAPL,NN4_1,fixed,838,1.0034697395804154e-08,0.0001001733367508,6.800965498779175e-05,-0.0220667562039769,1.7722984237348575e-08,0.5661968244973953
PARTIAL_MALL,22,AAPL,PostLasso,rolling,838,2.6198550908357352e-08,0.0001618596642414,0.000134470866247,-1.6684081131679949,1.7722984237348575e-08,1.478224578744914
PARTIAL_MALL,22,AAPL,RandomForest,rolling,838,1.2240557725416866e-08,0.0001106370540344,7.19346903058735e-05,-0.2467408467918006,1.7722984237348575e-08,0.6906600808018379
PARTIAL_MALL,22,AAPL,Ridge,rolling,838,2.8554300944130367e-08,0.0001689801791457,0.0001440389420955,-1.9083489606614812,1.7722984237348575e-08,1.6111451977684654
PARTIAL_MALL,22,AAPL,SHAR,rolling,838,2.4253917157601872e-08,0.0001557366917511,0.0001281255826542,-1.4703408041856147,1.7722984237348575e-08,1.3685007464200254
PARTIAL_MALL,22,AXP,AdaptiveLasso,rolling,833,3.048939122390632e-08,0.0001746121164865,0.0001392942777834,-8.347020147699165,6.711528532572897e-09,4.542838650827886
PARTIAL_MALL,22,AXP,Bagging,rolling,833,6.3588937658416065e-09,7.974267217645523e-05,4.6842433758991774e-05,-0.9494225945645178,6.711528532572897e-09,0.9474583524423896
PARTIAL_MALL,22,AXP,ElasticNet,rolling,833,2.1965515988358777e-08,0.0001482076785742,0.0001200318267296,-5.7338871737398,6.711528532572897e-09,3.272803785568976
PARTIAL_MALL,22,AXP,GradientBoosting,rolling,833,8.465767024810197e-09,9.200960289453594e-05,6.770591533323337e-05,-1.5953189542395187,6.711528532572897e-09,1.2613768955497242
PARTIAL_MALL,22,AXP,HAR,rolling,833,6.711528532572897e-09,8.192391917244253e-05,6.844515253285672e-05,-1.0575285336175797,6.711528532572897e-09,1.0
PARTIAL_MALL,22,AXP,HARQ,rolling,833,2.370459511904864e-08,0.0001539629667129,0.0001208256486939,-6.267030244837128,6.711528532572897e-09,3.5319219763431997
PARTIAL_MALL,22,AXP,HARX,rolling,833,2.5516576748498342e-08,0.000159739089607,0.0001260450798647,-6.822522765935657,6.711528532572897e-09,3.801902446612476
PARTIAL_MALL,22,AXP,Lasso,rolling,833,2.983190554878455e-08,0.000172719152235,0.0001383998060312,-8.145457190700268,6.711528532572897e-09,4.444875024221695
PARTIAL_MALL,22,AXP,LevHAR,rolling,833,2.7472360303934104e-08,0.0001657478817479,0.0001289249720161,-7.422100112788785,6.711528532572897e-09,4.093309023511287
PARTIAL_MALL,22,AXP,LogHAR,rolling,833,4.537729048120786e-09,6.736266805969599e-05,4.504130947126569e-05,-0.3911148479845114,6.711528532572897e-09,0.6761096263091092
PARTIAL_MALL,22,AXP,NN1,fixed,833,5.818494421451639e-09,7.62790562438448e-05,4.395539535716051e-05,-0.7837543618758993,6.711528532572897e-09,0.8669402794330505
PARTIAL_MALL,22,AXP,NN1_1,fixed,833,3.050280117873855e-09,5.522934109577857e-05,3.742810675226218e-05,0.064886881193679,6.711528532572897e-09,0.4544836698629836
PARTIAL_MALL,22,AXP,NN2,fixed,833,3.323030617743267e-09,5.764573373410444e-05,3.806744193909035e-05,-0.0187292329770576,6.711528532572897e-09,0.4951227729444468
PARTIAL_MALL,22,AXP,NN2_1,fixed,833,3.303462206727023e-09,5.7475753207130944e-05,3.6434145971370086e-05,-0.012730217428204,6.711528532572897e-09,0.4922071314596087
PARTIAL_MALL,22,AXP,NN3,fixed,833,3.2580250361583846e-09,5.707911208277845e-05,3.668188079461577e-05,0.0011992882690596,6.711528532572897e-09,0.4854371132218676
PARTIAL_MALL,22,AXP,NN3_1,fixed,833,3.331213189495593e-09,5.771666301420755e-05,3.720228933784583e-05,-0.0212377338017319,6.711528532572897e-09,0.496341954493421
PARTIAL_MALL,22,AXP,NN4,fixed,833,3.320897017340535e-09,5.762722461944992e-05,3.698977651148827e-05,-0.0180751429755545,6.711528532572897e-09,0.4948048721276095
PARTIAL_MALL,22,AXP,NN4_1,fixed,833,3.2834307630152435e-09,5.730122828539754e-05,3.708525402930907e-05,-0.006589251654683,6.711528532572897e-09,0.4892224993278132
PARTIAL_MALL,22,AXP,PostLasso,rolling,833,3.0399591570939196e-08,0.000174354786487,0.0001389698231878,-8.31949059949087,6.711528532572897e-09,4.529458740047309
PARTIAL_MALL,22,AXP,RandomForest,rolling,833,5.522066661015899e-09,7.431060934359171e-05,4.4310954811512435e-05,-0.6928795973132758,6.711528532572897e-09,0.8227733271513021
PARTIAL_MALL,22,AXP,Ridge,rolling,833,2.824588659553133e-08,0.0001680651260539,0.0001337114902391,-7.659237213337555,6.711528532572897e-09,4.2085623950559485
PARTIAL_MALL,22,AXP,SHAR,rolling,833,2.5090026243645212e-08,0.000158398315154,0.0001252783173886,-6.691756751829501,6.711528532572897e-09,3.738347549574795
PARTIAL_MALL,22,BA,AdaptiveLasso,rolling,832,1.0032884460653044e-08,0.0001001642873515,7.839174879092604e-05,-0.8918273919649595,7.651468234343497e-09,1.311236504337899
PARTIAL_MALL,22,BA,Bagging,rolling,832,4.6125142478741114e-09,6.791549343024838e-05,4.601102851450302e-05,0.1302520392636006,7.651468234343497e-09,0.6028273406626602
PARTIAL_MALL,22,BA,ElasticNet,rolling,832,7.807864899718639e-09,8.83621236713935e-05,6.884464528908074e-05,-0.4722717826542182,7.651468234343497e-09,1.020440085560724
PARTIAL_MALL,22,BA,GradientBoosting,rolling,832,6.183322190123719e-09,7.863410322578696e-05,5.545250580488169e-05,-0.1659436863343888,7.651468234343497e-09,0.8081223107442271
PARTIAL_MALL,22,BA,HAR,rolling,832,7.651468234343497e-09,8.74726713570787e-05,5.6450137326520974e-05,-0.4427812112508462,7.651468234343497e-09,1.0
PARTIAL_MALL,22,BA,HARQ,rolling,832,8.219604042069176e-09,9.06620319762864e-05,6.191023533284041e-05,-0.5499104109966209,7.651468234343497e-09,1.0742518677886697
PARTIAL_MALL,22,BA,HARX,rolling,832,8.209358103474338e-09,9.060550812988324e-05,6.283996044465965e-05,-0.547978409550165,7.651468234343497e-09,1.0729127864148689
PARTIAL_MALL,22,BA,Lasso,rolling,832,9.21295000044782e-09,9.59841132711441e-05,7.592703139851147e-05,-0.7372183682574067,7.651468234343497e-09,1.2040760960224126
PARTIAL_MALL,22,BA,LevHAR,rolling,832,8.13273476282001e-09,9.01816764249812e-05,6.206579492890884e-05,-0.5335301085374089,7.651468234343497e-09,1.0628985854396358
PARTIAL_MALL,22,BA,LogHAR,rolling,832,5.032294663742955e-09,7.093866832513108e-05,4.8907666363459574e-05,0.0510971269883094,7.651468234343497e-09,0.6576900680519823
PARTIAL_MALL,22,BA,NN1,fixed,832,5.187163252830952e-09,7.202196368352471e-05,4.674984645031422e-05,0.0218946937159375,7.651468234343497e-09,0.6779304434080311
PARTIAL_MALL,22,BA,NN1_1,fixed,832,5.223348085397139e-09,7.22727340384819e-05,4.694389588914943e-05,0.0150715853974029,7.651468234343497e-09,0.6826595792363382
PARTIAL_MALL,22,BA,NN2,fixed,832,5.0303852974173525e-09,7.092520918134364e-05,4.496877934856773e-05,0.0514571621835953,7.651468234343497e-09,0.657440525576326
PARTIAL_MALL,22,BA,NN2_1,fixed,832,4.935707847723396e-09,7.02545930720789e-05,4.693767277937987e-05,0.0693097940398533,7.651468234343497e-09,0.6450667632088632
PARTIAL_MALL,22,BA,NN3,fixed,832,5.185346970582594e-09,7.20093533548427e-05,4.609017039405946e-05,0.0222371767299162,7.651468234343497e-09,0.6776930664507296
PARTIAL_MALL,22,BA,NN3_1,fixed,832,5.399666495910235e-09,7.348242304054919e-05,4.495433820449172e-05,-0.0181754832820548,7.651468234343497e-09,0.7057033147800204
PARTIAL_MALL,22,BA,NN4,fixed,832,5.338678633884918e-09,7.306626194000154e-05,4.724048584444288e-05,-0.0066754497264642,7.651468234343497e-09,0.6977325750268871
PARTIAL_MALL,22,BA,NN4_1,fixed,832,5.472645212818083e-09,7.397732904625635e-05,4.756037159935393e-05,-0.0319365443426282,7.651468234343497e-09,0.715241185770621
PARTIAL_MALL,22,BA,PostLasso,rolling,832,8.453431962847949e-09,9.194254707613852e-05,6.518075623259195e-05,-0.5940016259677836,7.651468234343497e-09,1.1048117438303997
PARTIAL_MALL,22,BA,RandomForest,rolling,832,4.76787872865443e-09,6.904982786839102e-05,4.697459031966681e-05,0.1009560993341288,7.651468234343497e-09,0.6231325260234212
PARTIAL_MALL,22,BA,Ridge,rolling,832,8.263401898697262e-09,9.090325571010788e-05,6.485763496794074e-05,-0.5581690513909479,7.651468234343497e-09,1.0799759791992745
PARTIAL_MALL,22,BA,SHAR,rolling,832,8.279895972609397e-09,9.099393371323936e-05,6.286045350332055e-05,-0.5612792178594692,7.651468234343497e-09,1.0821316535622811
PARTIAL_MALL,22,CAT,AdaptiveLasso,rolling,823,1.0944529557369405e-08,0.0001046161056308,8.315052407427859e-05,-0.2118024565202088,6.892798384555167e-09,1.587820932336137
PARTIAL_MALL,22,CAT,Bagging,rolling,823,5.946993953803922e-09,7.711675533763024e-05,5.31818423210847e-05,0.3415357102052931,6.892798384555167e-09,0.8627836797213556
PARTIAL_MALL,22,CAT,ElasticNet,rolling,823,8.467349050645631e-09,9.201819956207376e-05,7.363392150975617e-05,0.0624764339114565,6.892798384555167e-09,1.2284341682789663
PARTIAL_MALL,22,CAT,GradientBoosting,rolling,823,6.1095810095970556e-09,7.816380882222319e-05,5.830266431008978e-05,0.3235337127164341,6.892798384555167e-09,0.8863716401870854
PARTIAL_MALL,22,CAT,HAR,rolling,823,6.892798384555167e-09,8.302287868145242e-05,6.31880013867084e-05,0.2368141571623557,6.892798384555167e-09,1.0
PARTIAL_MALL,22,CAT,HARQ,rolling,823,9.611819872344036e-09,9.803988918977844e-05,7.622273556040716e-05,-0.0642419002005831,6.892798384555167e-09,1.394472801334424
PARTIAL_MALL,22,CAT,HARX,rolling,823,9.542517240589696e-09,9.768580879835972e-05,7.628291545939174e-05,-0.0565685599292622,6.892798384555167e-09,1.3844184478065988
PARTIAL_MALL,22,CAT,Lasso,rolling,823,1.0370613843920084e-08,0.0001018362108678,8.049409346469224e-05,-0.1482572426535109,6.892798384555167e-09,1.5045578392598469
PARTIAL_MALL,22,CAT,LevHAR,rolling,823,9.32451420087873e-09,9.656352417387598e-05,7.486952904339613e-05,-0.0324307824518612,6.892798384555167e-09,1.3527907941964992
PARTIAL_MALL,22,CAT,LogHAR,rolling,823,5.131378383064032e-09,7.163364002383261e-05,5.2950957270066905e-05,0.4318424654676263,6.892798384555167e-09,0.7444550234578188
PARTIAL_MALL,22,CAT,NN1,fixed,823,9.200030600731762e-09,9.591678998346308e-05,5.800856776631143e-05,-0.0186476836293996,6.892798384555167e-09,1.3347308433315643
PARTIAL_MALL,22,CAT,NN1_1,fixed,823,1.2403488112953669e-08,0.0001113709482448,6.91164527981844e-05,-0.3733415662965389,6.892798384555167e-09,1.7994851177928568
PARTIAL_MALL,22,CAT,NN2,fixed,823,1.2278574809888766e-08,0.0001108087307475,6.878053800061002e-05,-0.3595108898190675,6.892798384555167e-09,1.781362826076796
PARTIAL_MALL,22,CAT,NN2_1,fixed,823,1.085497491286559e-08,0.0001041872108891,6.475191741624467e-05,-0.2018867687207783,6.892798384555167e-09,1.5748284379227675
PARTIAL_MALL,22,CAT,NN3,fixed,823,1.2513396467030988e-08,0.0001118632936535,6.877311205355289e-05,-0.3855108617207821,6.892798384555167e-09,1.8154305071609245
PARTIAL_MALL,22,CAT,NN3_1,fixed,823,1.2308634181093042e-08,0.0001109442841298,6.869925677701203e-05,-0.362839129710591,6.892798384555167e-09,1.7857238082972582
PARTIAL_MALL,22,CAT,NN4,fixed,823,1.272273592289546e-08,0.000112795105935,6.949181760198243e-05,-0.408689388082599,6.892798384555167e-09,1.845801257063249
PARTIAL_MALL,22,CAT,NN4_1,fixed,823,1.3009518724934262e-08,0.0001140592772418,7.088082545377703e-05,-0.4404426125749541,6.892798384555167e-09,1.887407406850163
PARTIAL_MALL,22,CAT,PostLasso,rolling,823,1.0235123708084506e-08,0.000101168788211,7.93949441952753e-05,-0.1332554759188911,6.892798384555167e-09,1.4849010716777318
PARTIAL_MALL,22,CAT,RandomForest,rolling,823,5.228711572603548e-09,7.230983040087667e-05,5.211053387446255e-05,0.421065520002162,6.892798384555167e-09,0.7585760210714458
PARTIAL_MALL,22,CAT,Ridge,rolling,823,9.913978511079689e-09,9.956896359347973e-05,7.856284520518809e-05,-0.0976975712515257,6.892798384555167e-09,1.4383096614713324
PARTIAL_MALL,22,CAT,SHAR,rolling,823,9.556722371484373e-09,9.77584900225263e-05,7.637790765967776e-05,-0.058141383358824,6.892798384555167e-09,1.386479313379935
PARTIAL_MALL,22,CSCO,AdaptiveLasso,rolling,838,9.779952457246489e-09,9.889364214774622e-05,8.334344612431616e-05,-1.7462286999956105,5.365725488762609e-09,1.822671040053867
PARTIAL_MALL,22,CSCO,Bagging,rolling,838,4.287842137497421e-09,6.548161679049641e-05,4.6919253686802104e-05,-0.2040339859035738,5.365725488762609e-09,0.79911694075245
PARTIAL_MALL,22,CSCO,ElasticNet,rolling,838,8.993225316848662e-09,9.483261736791124e-05,8.066445063608776e-05,-1.5253142669785935,5.365725488762609e-09,1.6760502071310008
PARTIAL_MALL,22,CSCO,GradientBoosting,rolling,838,7.243888684787568e-09,8.51110373852156e-05,7.212126773460419e-05,-1.0340973120985892,5.365725488762609e-09,1.350029683769395
PARTIAL_MALL,22,CSCO,HAR,rolling,838,5.365725488762609e-09,7.325111254283179e-05,5.8400745333329584e-05,-0.5067056202936371,5.365725488762609e-09,1.0
PARTIAL_MALL,22,CSCO,HARQ,rolling,838,7.835886654233204e-09,8.852054368469053e-05,7.106570126945231e-05,-1.2003314345176728,5.365725488762609e-09,1.4603592134267456
PARTIAL_MALL,22,CSCO,HARX,rolling,838,8.157727137421376e-09,9.032013694310576e-05,7.48220032973518e-05,-1.2907048361896738,5.365725488762609e-09,1.5203400089151096
PARTIAL_MALL,22,CSCO,Lasso,rolling,838,9.814943212307386e-09,9.90703952364549e-05,8.47200165686763e-05,-1.756054168596079,5.365725488762609e-09,1.829192200171763
PARTIAL_MALL,22,CSCO,LevHAR,rolling,837,8.427864427998324e-09,9.180340096095746e-05,7.601341404091595e-05,-1.3650188632880695,5.365725488762609e-09,1.5706849792537327
PARTIAL_MALL,22,CSCO,LogHAR,rolling,838,3.9502451175045084e-09,6.28509754697929e-05,4.796935945177224e-05,-0.1092361196163427,5.365725488762609e-09,0.7361996296265008
PARTIAL_MALL,22,CSCO,NN1,fixed,838,2.563626640506903e-09,5.063226876713015e-05,3.645094889806363e-05,0.2801289078847362,5.365725488762609e-09,0.4777781953019929
PARTIAL_MALL,22,CSCO,NN1_1,fixed,838,3.350420255153943e-09,5.7882814851680664e-05,4.3551338363813534e-05,0.0591958087758547,5.365725488762609e-09,0.6244114169035853
PARTIAL_MALL,22,CSCO,NN2,fixed,838,3.6500166539050795e-09,6.0415367696514766e-05,4.575045951961688e-05,-0.0249314129322706,5.365725488762609e-09,0.6802466249064134
PARTIAL_MALL,22,CSCO,NN2_1,fixed,838,4.160079740365776e-09,6.449868014437022e-05,4.687444087470097e-05,-0.1681580689891533,5.365725488762609e-09,0.7753061070824802
PARTIAL_MALL,22,CSCO,NN3,fixed,838,3.510742868304786e-09,5.9251522075848704e-05,4.484934703629361e-05,0.0141769231097071,5.365725488762609e-09,0.6542904357774738
PARTIAL_MALL,22,CSCO,NN3_1,fixed,838,3.6728195274201493e-09,6.0603791361763414e-05,4.603055685120937e-05,-0.0313345019005666,5.365725488762609e-09,0.6844963528440101
PARTIAL_MALL,22,CSCO,NN4,fixed,838,3.599254042724862e-09,5.9993783367319505e-05,4.492027485791616e-05,-0.0106771780247645,5.365725488762609e-09,0.6707860941195646
PARTIAL_MALL,22,CSCO,NN4_1,fixed,838,3.683575102145468e-09,6.069246330596138e-05,4.568280677752449e-05,-0.0343546871340572,5.365725488762609e-09,0.6865008487407614
PARTIAL_MALL,22,CSCO,PostLasso,rolling,838,9.289176883208238e-09,9.638037602753082e-05,8.101220470323054e-05,-1.6084180130242212,5.365725488762609e-09,1.7312061346899834
PARTIAL_MALL,22,CSCO,RandomForest,rolling,838,4.453100486646731e-09,6.6731555404072e-05,4.895762295633803e-05,-0.2504388353475459,5.365725488762609e-09,0.8299158233071778
PARTIAL_MALL,22,CSCO,Ridge,rolling,838,9.288314648737536e-09,9.637590284265842e-05,8.155294817493175e-05,-1.6081758959934973,5.365725488762609e-09,1.7310454417002827
PARTIAL_MALL,22,CSCO,SHAR,rolling,838,8.051878937766207e-09,8.973226252450234e-05,7.440240467840013e-05,-1.2609824663717606,5.365725488762609e-09,1.5006132823285845
PARTIAL_MALL,22,DIS,AdaptiveLasso,rolling,833,9.315139537071734e-09,9.651497053344488e-05,7.834857629608624e-05,-1.0665848491290726,5.784781886962268e-09,1.6102836233231508
PARTIAL_MALL,22,DIS,Bagging,rolling,833,4.849734702505092e-09,6.964003663486322e-05,4.571354829831503e-05,-0.0759246513276716,5.784781886962268e-09,0.8383608573791548
PARTIAL_MALL,22,DIS,ElasticNet,rolling,833,8.101717924158792e-09,9.000954351711152e-05,6.981142632856604e-05,-0.7973845101677588,5.784781886962268e-09,1.4005226268631548
PARTIAL_MALL,22,DIS,GradientBoosting,rolling,833,7.283386770676883e-09,8.534276050536965e-05,5.908971184056235e-05,-0.6158358863789568,5.784781886962268e-09,1.2590598769319494
PARTIAL_MALL,22,DIS,HAR,rolling,833,5.784781886962268e-09,7.605775362816251e-05,5.389113050741982e-05,-0.2833669915019385,5.784781886962268e-09,1.0
PARTIAL_MALL,22,DIS,HARQ,rolling,833,7.825573534628846e-09,8.846227181476206e-05,6.295143815033034e-05,-0.7361212505779855,5.784781886962268e-09,1.3527862739762255
PARTIAL_MALL,22,DIS,HARX,rolling,833,7.511914569179592e-09,8.667130187772416e-05,6.391862935377234e-05,-0.6665352971726441,5.784781886962268e-09,1.2985648752133476
PARTIAL_MALL,22,DIS,Lasso,rolling,833,7.814144047017205e-09,8.83976472934501e-05,6.775641182813422e-05,-0.733585592809519,5.784781886962268e-09,1.3508104885732528
PARTIAL_MALL,22,DIS,LevHAR,rolling,832,7.793264384061272e-09,8.827946751120145e-05,6.37498894225967e-05,-0.7278195854142382,5.784781886962268e-09,1.3472010762628266
PARTIAL_MALL,22,DIS,LogHAR,rolling,833,5.003740475702139e-09,7.07371223312211e-05,4.797828009673991e-05,-0.1100911816625971,5.784781886962268e-09,0.8649834295359625
PARTIAL_MALL,22,DIS,NN1,fixed,833,4.375009001085434e-09,6.614385081839002e-05,4.507155634226822e-05,0.0293943230303268,5.784781886962268e-09,0.7562962764327938
PARTIAL_MALL,22,DIS,NN1_1,fixed,833,4.563312062299492e-09,6.755229131790787e-05,4.8231934502309146e-05,-0.0123811384966749,5.784781886962268e-09,0.7888477303844899
PARTIAL_MALL,22,DIS,NN2,fixed,833,4.544720505723046e-09,6.741454224218277e-05,4.521864996440147e-05,-0.0082565594724204,5.784781886962268e-09,0.785633856993974
PARTIAL_MALL,22,DIS,NN2_1,fixed,833,4.523409952980111e-09,6.725630047051436e-05,4.415054967575263e-05,-0.0035287649772497,5.784781886962268e-09,0.7819499579016047
PARTIAL_MALL,22,DIS,NN3,fixed,833,4.547845129357771e-09,6.743771296061108e-05,4.4014022027257245e-05,-0.0089497643178291,5.784781886962268e-09,0.7861740024473001
PARTIAL_MALL,22,DIS,NN3_1,fixed,833,4.500127839693436e-09,6.708299217904219e-05,4.3696700538989275e-05,0.001636424699455,5.784781886962268e-09,0.7779252403337483
PARTIAL_MALL,22,DIS,NN4,fixed,833,4.5224914042473295e-09,6.724947140496592e-05,4.394973191816307e-05,-0.0033249828560266,5.784781886962268e-09,0.7817911708028461
PARTIAL_MALL,22,DIS,NN4_1,fixed,833,4.5494861164788285e-09,6.744987855051207e-05,4.397963561494589e-05,-0.0093138210352294,5.784781886962268e-09,0.7864576755663775
PARTIAL_MALL,22,DIS,PostLasso,rolling,833,7.896449559518358e-09,8.886196914045039e-05,6.71697830437995e-05,-0.7518452575689967,5.784781886962268e-09,1.3650384256172845
PARTIAL_MALL,22,DIS,RandomForest,rolling,833,4.972737817492246e-09,7.051764188834058e-05,4.7108619158050666e-05,-0.1032131715711421,5.784781886962268e-09,0.8596240817133995
PARTIAL_MALL,22,DIS,Ridge,rolling,833,7.829608903329523e-09,8.848507729176442e-05,6.659424794734121e-05,-0.7370165062834191,5.784781886962268e-09,1.3534838575289905
PARTIAL_MALL,22,DIS,SHAR,rolling,833,7.543219131989613e-09,8.685170770911539e-05,6.384794089062786e-05,-0.6734802854848789,5.784781886962268e-09,1.3039764124885171
PARTIAL_MALL,22,GE,AdaptiveLasso,rolling,837,2.2173510331153708e-08,0.0001489077242158,0.000117466900243,-2.084929014013307,1.1470282918054185e-08,1.9331267144468325
PARTIAL_MALL,22,GE,Bagging,rolling,837,1.0452477894706578e-08,0.0001022373605621,5.158372551084063e-05,-0.4542195549618826,1.1470282918054185e-08,0.9112659181452636
PARTIAL_MALL,22,GE,ElasticNet,rolling,837,1.8325224831012737e-08,0.0001353706941365,0.0001082157006489,-1.5495294576827106,1.1470282918054185e-08,1.5976262278734992
PARTIAL_MALL,22,GE,GradientBoosting,rolling,837,9.171877728461952e-09,9.576992079177028e-05,6.283745720094005e-05,-0.2760537819652728,1.1470282918054185e-08,0.7996208806694253
PARTIAL_MALL,22,GE,HAR,rolling,837,1.1470282918054185e-08,0.0001070994067119,7.256334320813496e-05,-0.5958234868716639,1.1470282918054185e-08,1.0
PARTIAL_MALL,22,GE,HARQ,rolling,837,2.0009466797668152e-08,0.0001414548224616,0.0001082962540582,-1.7838526131938195,1.1470282918054185e-08,1.7444614871855797
PARTIAL_MALL,22,GE,HARX,rolling,837,2.0208406237075193e-08,0.0001421562739982,0.0001088369556894,-1.81153041609885,1.1470282918054185e-08,1.7618053871423898
PARTIAL_MALL,22,GE,Lasso,rolling,837,2.194871649921221e-08,0.0001481509922316,0.000119206246413,-2.053654172818982,1.1470282918054185e-08,1.9135287818110407
PARTIAL_MALL,22,GE,LevHAR,rolling,837,2.4942630692220757e-08,0.0001579323611303,0.000124334812036,-2.4701878033331246,1.1470282918054185e-08,2.174543633353729
PARTIAL_MALL,22,GE,LogHAR,rolling,837,8.846798511220493e-09,9.405742135111132e-05,5.213261918707401e-05,-0.2308265583933735,1.1470282918054185e-08,0.7712798868540256
PARTIAL_MALL,22,GE,NN1,fixed,837,7.333451020555651e-09,8.563557100034804e-05,4.802366615695423e-05,-0.0202794004326927,1.1470282918054185e-08,0.6393435168903135
PARTIAL_MALL,22,GE,NN1_1,fixed,837,7.161473526529216e-09,8.462548981559407e-05,4.760044672720541e-05,0.0036472739258567,1.1470282918054185e-08,0.6243502080717716
PARTIAL_MALL,22,GE,NN2,fixed,837,9.326778653599205e-09,9.657524865926674e-05,4.987680941932115e-05,-0.2976046483421686,1.1470282918054185e-08,0.8131254233423386
PARTIAL_MALL,22,GE,NN2_1,fixed,837,7.862699588827861e-09,8.867186469691421e-05,4.814003785773523e-05,-0.0939120476547257,1.1470282918054185e-08,0.6854843638121603
PARTIAL_MALL,22,GE,NN3,fixed,837,7.871376560724765e-09,8.872077863006368e-05,4.797432981388203e-05,-0.0951192467837209,1.1470282918054185e-08,0.6862408379077771
PARTIAL_MALL,22,GE,NN3_1,fixed,837,8.257445300516505e-09,9.08704864106961e-05,4.827217842515679e-05,-0.1488317460226778,1.1470282918054185e-08,0.7198990085518567
PARTIAL_MALL,22,GE,NN4,fixed,837,7.893299553062258e-09,8.884424321846778e-05,4.79621075464297e-05,-0.0981693220368442,1.1470282918054185e-08,0.6881521240106669
PARTIAL_MALL,22,GE,NN4_1,fixed,837,7.819773648462211e-09,8.842948404498473e-05,4.8254930633061806e-05,-0.0879398999473892,1.1470282918054185e-08,0.6817420027324622
PARTIAL_MALL,22,GE,PostLasso,rolling,837,2.2340701774189257e-08,0.000149468062723,0.0001176191596032,-2.108189820525772,1.1470282918054185e-08,1.9477027666880884
PARTIAL_MALL,22,GE,RandomForest,rolling,837,8.76188073988591e-09,9.36049183530754e-05,5.0806027051415335e-05,-0.2190122226078781,1.1470282918054185e-08,0.7638766020404556
PARTIAL_MALL,22,GE,Ridge,rolling,837,2.1057247003022687e-08,0.000145111153958,0.0001124072103574,-1.9296268955484557,1.1470282918054185e-08,1.8358088595947932
PARTIAL_MALL,22,GE,SHAR,rolling,837,2.0185659412529798e-08,0.0001420762450676,0.0001088076022289,-1.8083657237263409,1.1470282918054185e-08,1.7598222778583466
PARTIAL_MALL,22,GS,AdaptiveLasso,rolling,818,3.8193777664550706e-08,0.0001954322840897,0.0001607475292422,-6.736122361535947,1.0665413304609751e-08,3.5810874434695177
PARTIAL_MALL,22,GS,Bagging,rolling,818,9.321950812177214e-09,9.655025019220411e-05,6.049167649797494e-05,-0.8881544728202171,1.0665413304609751e-08,0.8740355901770941
PARTIAL_MALL,22,GS,ElasticNet,rolling,818,2.567432920513233e-08,0.0001602321104059,0.0001345791401163,-4.200317026131908,1.0665413304609751e-08,2.4072512214820123
PARTIAL_MALL,22,GS,GradientBoosting,rolling,818,8.901288238385787e-09,9.434663872330476e-05,7.196431419617406e-05,-0.8029495692269919,1.0665413304609751e-08,0.8345938393722181
PARTIAL_MALL,22,GS,HAR,rolling,818,1.0665413304609751e-08,0.0001032734879076,9.17325197101363e-05,-1.1602718402320962,1.0665413304609751e-08,1.0
PARTIAL_MALL,22,GS,HARQ,rolling,818,3.5621934578334865e-08,0.0001887377402067,0.0001550313680312,-6.215197383012483,1.0665413304609751e-08,3.339948819699142
PARTIAL_MALL,22,GS,HARX,rolling,818,3.6964773074839395e-08,0.0001922622507796,0.0001577499108247,-6.487188360495235,1.0665413304609751e-08,3.465854723029127
PARTIAL_MALL,22,GS,Lasso,rolling,818,3.709530056706206e-08,0.0001926014033361,0.0001608243391843,-6.513626610731901,1.0665413304609751e-08,3.478093113468835
PARTIAL_MALL,22,GS,LevHAR,rolling,819,4.28954000278226e-08,0.0002071120470369,0.0001696495572445,-7.688225870329264,1.0665413304609751e-08,4.021916338608516
PARTIAL_MALL,22,GS,LogHAR,rolling,818,6.2587294941897045e-09,7.91121324083083e-05,5.739038957898552e-05,-0.2677011847336756,1.0665413304609751e-08,0.5868248435796284
PARTIAL_MALL,22,GS,NN1,fixed,818,4.516584042069983e-09,6.720553579929248e-05,4.663598459712612e-05,0.0851691311476602,1.0665413304609751e-08,0.4234795139273082
PARTIAL_MALL,22,GS,NN1_1,fixed,818,4.593805416168534e-09,6.777761736863088e-05,4.503136871940366e-05,0.0695279970289265,1.0665413304609751e-08,0.430719868510208
PARTIAL_MALL,22,GS,NN2,fixed,818,5.3239635316234285e-09,7.296549548672597e-05,4.80685984873692e-05,-0.0783650072724062,1.0665413304609751e-08,0.4991802361116499
PARTIAL_MALL,22,GS,NN2_1,fixed,818,6.929571465246933e-09,8.324404762652362e-05,5.5098184616207426e-05,-0.4035797463918875,1.0665413304609751e-08,0.6497236691476241
PARTIAL_MALL,22,GS,NN3,fixed,818,5.076398676779568e-09,7.12488503540904e-05,4.729825197284072e-05,-0.0282209229058694,1.0665413304609751e-08,0.4759683035054509
PARTIAL_MALL,22,GS,NN3_1,fixed,818,5.091046642315508e-09,7.13515707067161e-05,4.793623106264304e-05,-0.0311878578534634,1.0665413304609751e-08,0.477341711653601
PARTIAL_MALL,22,GS,NN4,fixed,818,5.067250207116145e-09,7.118462057998305e-05,4.736390774698595e-05,-0.026367906915709,1.0665413304609751e-08,0.4751105336842412
PARTIAL_MALL,22,GS,NN4_1,fixed,818,5.336825592300502e-09,7.305358028392929e-05,4.902922109629145e-05,-0.0809702084675658,1.0665413304609751e-08,0.5003861960036604
PARTIAL_MALL,22,GS,PostLasso,rolling,818,3.7757388784718616e-08,0.0001943126058307,0.0001600282256241,-6.647732105896791,1.0665413304609751e-08,3.5401711782139103
PARTIAL_MALL,22,GS,RandomForest,rolling,818,8.154028300695585e-09,9.029965836422408e-05,5.8265720908853845e-05,-0.65159260305785,1.0665413304609751e-08,0.7645299875224989
PARTIAL_MALL,22,GS,Ridge,rolling,818,4.1091236112355734e-08,0.0002027097336398,0.0001667927023454,-7.323000498769545,1.0665413304609751e-08,3.8527560947493233
PARTIAL_MALL,22,GS,SHAR,rolling,818,3.676377176053023e-08,0.0001917388113046,0.0001573532489706,-6.446475687976107,1.0665413304609751e-08,3.447008635346591
PARTIAL_MALL,22,HD,AdaptiveLasso,rolling,833,2.1181174825987413e-08,0.0001455375375151,0.000107084711078,-1.7870519453192424,1.475432371192016e-08,1.4355910334863358
PARTIAL_MALL,22,HD,Bagging,rolling,833,1.246580893003408e-08,0.0001116503870572,5.718687050379601e-05,-0.6402705380535869,1.475432371192016e-08,0.8448919227631445
PARTIAL_MALL,22,HD,ElasticNet,rolling,833,1.930511035949965e-08,0.0001389428312634,0.0001010081540965,-1.5401964633252083,1.475432371192016e-08,1.308437495098665
PARTIAL_MALL,22,HD,GradientBoosting,rolling,833,2.3948937190199923e-08,0.0001547544415847,0.0001067071009082,-2.1512384243381297,1.475432371192016e-08,1.6231809507372637
PARTIAL_MALL,22,HD,HAR,rolling,833,1.475432371192016e-08,0.0001214673771509,6.316951315287617e-05,-0.9413968743945698,1.475432371192016e-08,1.0
PARTIAL_MALL,22,HD,HARQ,rolling,833,1.4151585115529792e-08,0.0001189604350846,7.816148438435303e-05,-0.8620875919119133,1.475432371192016e-08,0.959148341316152
PARTIAL_MALL,22,HD,HARX,rolling,833,1.696788304318549e-08,0.000130260826971,8.271581957605524e-05,-1.2326604558987184,1.475432371192016e-08,1.1500278409560023
PARTIAL_MALL,22,HD,Lasso,rolling,833,1.9465375381965682e-08,0.0001395183693352,0.0001055041647114,-1.5612843843824744,1.475432371192016e-08,1.3192997362691328
PARTIAL_MALL,22,HD,LevHAR,rolling,833,1.5406293571355513e-08,0.0001241220913913,7.993289967432108e-05,-1.027184083081381,1.475432371192016e-08,1.0441883933255862
PARTIAL_MALL,22,HD,LogHAR,rolling,833,1.0076135059279565e-08,0.0001003799534731,5.384702193485339e-05,-0.3258335313775677,1.475432371192016e-08,0.6829276120015557
PARTIAL_MALL,22,HD,NN1,fixed,833,1.505301632945506e-08,0.000122690734489,4.2899284626214725e-05,-0.9806993138292216,1.475432371192016e-08,1.020244412645873
PARTIAL_MALL,22,HD,NN1_1,fixed,833,7.91777204620972e-09,8.898186358022471e-05,3.973499516102041e-05,-0.0418327673169753,1.475432371192016e-08,0.5366407976946362
PARTIAL_MALL,22,HD,NN2,fixed,833,2.311011348088621e-08,0.0001520201088043,4.733472315100095e-05,-2.0408646953061425,1.475432371192016e-08,1.566328212130477
PARTIAL_MALL,22,HD,NN2_1,fixed,833,7.990710423555345e-09,8.939077370487038e-05,4.209985391107435e-05,-0.05143011251334,1.475432371192016e-08,0.5415843233193788
PARTIAL_MALL,22,HD,NN3,fixed,833,8.021981228085549e-09,8.956551360923214e-05,4.224642222374666e-05,-0.0555447736364178,1.475432371192016e-08,0.5437037565879427
PARTIAL_MALL,22,HD,NN3_1,fixed,833,7.969736614947956e-09,8.92733813347963e-05,4.246709930861555e-05,-0.0486703461377631,1.475432371192016e-08,0.5401627868927078
PARTIAL_MALL,22,HD,NN4,fixed,833,7.98098709536997e-09,8.933637050703353e-05,4.243884158899956e-05,-0.0501507018594618,1.475432371192016e-08,0.5409253078080464
PARTIAL_MALL,22,HD,NN4_1,fixed,833,7.984458934307312e-09,8.935579966799755e-05,4.2728552581925206e-05,-0.0506075318296426,1.475432371192016e-08,0.541160617741943
PARTIAL_MALL,22,HD,PostLasso,rolling,833,1.6845011827145292e-08,0.0001297883347113,8.175605724143638e-05,-1.2164928700824476,1.475432371192016e-08,1.1417000301773266
PARTIAL_MALL,22,HD,RandomForest,rolling,833,1.1678221263624168e-08,0.0001080658191271,5.672273869102462e-05,-0.5366385272793752,1.475432371192016e-08,0.7915117962464941
PARTIAL_MALL,22,HD,Ridge,rolling,833,1.7425836819154758e-08,0.0001320069574649,8.568837126593299e-05,-1.292918726399157,1.475432371192016e-08,1.1810664561382949
PARTIAL_MALL,22,HD,SHAR,rolling,833,1.6885181239848496e-08,0.0001299429922691,8.215568152451589e-05,-1.221778423916763,1.475432371192016e-08,1.1444225821212528
PARTIAL_MALL,22,IBM,AdaptiveLasso,rolling,838,3.830529447261284e-09,6.189127117180002e-05,5.115938424224427e-05,-0.8226636853350873,2.72604974477164e-09,1.4051575744749167
PARTIAL_MALL,22,IBM,Bagging,rolling,838,2.661187466563912e-09,5.1586698542976295e-05,3.204765949112247e-05,-0.2662609234456754,2.72604974477164e-09,0.9762064950090772
PARTIAL_MALL,22,IBM,ElasticNet,rolling,838,3.1206160839073343e-09,5.586247473848016e-05,4.5264432534696135e-05,-0.4848687865008123,2.72604974477164e-09,1.1447392293161351
PARTIAL_MALL,22,IBM,GradientBoosting,rolling,838,3.2030411573456493e-09,5.6595416398730115e-05,4.163062388487722e-05,-0.5240887403441401,2.72604974477164e-09,1.174975314918168
PARTIAL_MALL,22,IBM,HAR,rolling,838,2.72604974477164e-09,5.221158630775013e-05,3.610843638087793e-05,-0.2971240510276476,2.72604974477164e-09,1.0
PARTIAL_MALL,22,IBM,HARQ,rolling,838,4.2781797061167844e-09,6.540779545372847e-05,4.997675010603755e-05,-1.0356671047788737,2.72604974477164e-09,1.5693696398321464
PARTIAL_MALL,22,IBM,HARX,rolling,838,4.169034912646995e-09,6.456806418537724e-05,4.995994204298792e-05,-0.9837332261232709,2.72604974477164e-09,1.529331928238981
PARTIAL_MALL,22,IBM,Lasso,rolling,838,3.908990033347701e-09,6.252191642414444e-05,5.249479972588651e-05,-0.859997234902776,2.72604974477164e-09,1.433939362568439
PARTIAL_MALL,22,IBM,LevHAR,rolling,837,4.696787041606478e-09,6.853310909047158e-05,5.195221511145054e-05,-1.2333622318447204,2.72604974477164e-09,1.7229278558157513
PARTIAL_MALL,22,IBM,LogHAR,rolling,838,2.049531259690869e-09,4.5271749023987014e-05,3.1555933393935783e-05,0.024780712319423,2.72604974477164e-09,0.7518319368975994
PARTIAL_MALL,22,IBM,NN1,fixed,838,2.203396392278433e-09,4.694034929864107e-05,3.1092082965755034e-05,-0.0484322451758212,2.72604974477164e-09,0.8082744625274659
PARTIAL_MALL,22,IBM,NN1_1,fixed,838,2.4575279115594587e-09,4.95734597497437e-05,3.266233534307781e-05,-0.1693545087610106,2.72604974477164e-09,0.9014978234615172
PARTIAL_MALL,22,IBM,NN2,fixed,838,2.3141978154599803e-09,4.8106109959754386e-05,3.203920445093898e-05,-0.1011543905337799,2.72604974477164e-09,0.8489198775255069
PARTIAL_MALL,22,IBM,NN2_1,fixed,838,2.312301443642672e-09,4.808639561916314e-05,3.219074305111778e-05,-0.1002520484181823,2.72604974477164e-09,0.8482242292450801
PARTIAL_MALL,22,IBM,NN3,fixed,838,2.295125271160393e-09,4.790746571423282e-05,3.190330555139129e-05,-0.0920791871290243,2.72604974477164e-09,0.8419234739066195
PARTIAL_MALL,22,IBM,NN3_1,fixed,838,2.3524861237712253e-09,4.850243420459664e-05,3.221554684344711e-05,-0.1193729449379801,2.72604974477164e-09,0.862965222216916
PARTIAL_MALL,22,IBM,NN4,fixed,838,2.3440548260372327e-09,4.841543995501056e-05,3.223350112988282e-05,-0.1153611182671308,2.72604974477164e-09,0.8598723594582067
PARTIAL_MALL,22,IBM,NN4_1,fixed,838,2.339431020064209e-09,4.83676650259676e-05,3.20330269510929e-05,-0.1131609933624413,2.72604974477164e-09,0.8581762033327025
PARTIAL_MALL,22,IBM,PostLasso,rolling,838,3.806155892355943e-09,6.169405070471499e-05,4.540265076378911e-05,-0.8110661257757301,2.72604974477164e-09,1.3962165949670822
PARTIAL_MALL,22,IBM,RandomForest,rolling,838,2.4298757965859553e-09,4.9293770362855745e-05,3.141469592182818e-05,-0.1561969266359208,2.72604974477164e-09,0.8913541659488334
PARTIAL_MALL,22,IBM,Ridge,rolling,838,4.299161648709744e-09,6.55679925627569e-05,5.1402373897305525e-05,-1.04565084862904,2.72604974477164e-09,1.5770664702488335
PARTIAL_MALL,22,IBM,SHAR,rolling,838,4.140388011779345e-09,6.434584688835283e-05,5.0063381641522406e-05,-0.97010229947782,2.72604974477164e-09,1.51882335225918
PARTIAL_MALL,22,INTC,AdaptiveLasso,rolling,836,1.0545084823652545e-08,0.0001026892634293,8.176470306266519e-05,-0.7544100761376706,7.535945426296845e-09,1.3993048286755423
PARTIAL_MALL,22,INTC,Bagging,rolling,836,5.957783848541552e-09,7.718668180807848e-05,5.24856299516245e-05,0.0087897641290729,7.535945426296845e-09,0.790582138208132
PARTIAL_MALL,22,INTC,ElasticNet,rolling,836,1.0409381766256413e-08,0.0001020263777964,8.438965302759182e-05,-0.7318328455852474,7.535945426296845e-09,1.3812973923527427
PARTIAL_MALL,22,INTC,GradientBoosting,rolling,836,8.600086060582224e-09,9.273664896135843e-05,6.882758808724327e-05,-0.430816147300602,7.535945426296845e-09,1.1412086439177274
PARTIAL_MALL,22,INTC,HAR,rolling,836,7.535945426296845e-09,8.680982332833563e-05,6.195672482306436e-05,-0.2537726163628262,7.535945426296845e-09,1.0
PARTIAL_MALL,22,INTC,HARQ,rolling,836,1.0051204303575186e-08,0.0001002556946191,7.604271774024986e-05,-0.6722420352615703,7.535945426296845e-09,1.3337681916460395
PARTIAL_MALL,22,INTC,HARX,rolling,836,9.748810351917152e-09,9.873606408965848e-05,7.707492060624964e-05,-0.6219320562880502,7.535945426296845e-09,1.2936413151160124
PARTIAL_MALL,22,INTC,Lasso,rolling,836,1.1121517091019902e-08,0.0001054586036841,8.741681702254997e-05,-0.8503124415517302,7.535945426296845e-09,1.475795863941786
PARTIAL_MALL,22,INTC,LevHAR,rolling,837,1.0403238972237313e-08,0.0001019962694035,7.764662035673035e-05,-0.7320105535050221,7.535945426296845e-09,1.3804822598548796
PARTIAL_MALL,22,INTC,LogHAR,rolling,836,6.297233867259419e-09,7.935511242043211e-05,5.7916684951392695e-05,-0.0476853181621539,7.535945426296845e-09,0.8356262566983413
PARTIAL_MALL,22,INTC,NN1,fixed,836,4.969354459404806e-09,7.049364836213831e-05,4.67103255807501e-05,0.173237040642441,7.535945426296845e-09,0.6594201760092551
PARTIAL_MALL,22,INTC,NN1_1,fixed,836,6.377636622202771e-09,7.986010657520294e-05,5.51304673746366e-05,-0.0610621098884234,7.535945426296845e-09,0.8462954893420366
PARTIAL_MALL,22,INTC,NN2,fixed,836,6.37962309953923e-09,7.987254283882059e-05,5.550022887232787e-05,-0.0613926047031532,7.535945426296845e-09,0.8465590896236319
PARTIAL_MALL,22,INTC,NN2_1,fixed,836,6.340977557141031e-09,7.963025528742848e-05,5.494133876929499e-05,-0.0549630567085148,7.535945426296845e-09,0.8414309284955875
PARTIAL_MALL,22,INTC,NN3,fixed,836,6.557295924070727e-09,8.09771321057416e-05,5.507148961653397e-05,-0.0909524421844727,7.535945426296845e-09,0.8701358028932774
PARTIAL_MALL,22,INTC,NN3_1,fixed,836,6.541843189533579e-09,8.088166163929609e-05,5.518546658369163e-05,-0.0883815351098284,7.535945426296845e-09,0.8680852659449569
PARTIAL_MALL,22,INTC,NN4,fixed,836,6.609131348791249e-09,8.129656418810852e-05,5.532552018001736e-05,-0.0995764213132683,7.535945426296845e-09,0.8770142264736343
PARTIAL_MALL,22,INTC,NN4_1,fixed,836,6.627411668131451e-09,8.14089163920725e-05,5.570063480955e-05,-0.102617760191219,7.535945426296845e-09,0.8794399764367923
PARTIAL_MALL,22,INTC,PostLasso,rolling,836,1.0689163936389728e-08,0.0001033884129696,8.238230588099517e-05,-0.7783808503300338,7.535945426296845e-09,1.4184237453590969
PARTIAL_MALL,22,INTC,RandomForest,rolling,836,6.605614918380349e-09,8.12749341333498e-05,5.527486761583916e-05,-0.0989913846778984,7.535945426296845e-09,0.8765476054709621
PARTIAL_MALL,22,INTC,Ridge,rolling,836,1.0325715076191076e-08,0.0001016155257634,8.126466723591569e-05,-0.7179130254470092,7.535945426296845e-09,1.3701950441625106
PARTIAL_MALL,22,INTC,SHAR,rolling,836,9.44661116944642e-09,9.719367864962424e-05,7.630659491922888e-05,-0.5716544815133056,7.535945426296845e-09,1.2535402839413174
PARTIAL_MALL,22,JNJ,AdaptiveLasso,rolling,825,2.0012851624346143e-08,0.0001414667862939,5.941584883835637e-05,-0.0053296454242866,4.1887991262881246e-08,0.477770621626356
PARTIAL_MALL,22,JNJ,Bagging,rolling,825,2.5327221036318682e-08,0.0001591452827963,5.578436811954579e-05,-0.272292755773464,4.1887991262881246e-08,0.6046415756098151
PARTIAL_MALL,22,JNJ,ElasticNet,rolling,825,2.021171816940756e-08,0.0001421679224347,5.859870719654197e-05,-0.0153195477623486,4.1887991262881246e-08,0.4825182005640369
PARTIAL_MALL,22,JNJ,GradientBoosting,rolling,825,2.0400949557744063e-08,0.0001428318926491,5.677451504643613e-05,-0.0248254356842907,4.1887991262881246e-08,0.4870357575685953
PARTIAL_MALL,22,JNJ,HAR,rolling,825,4.1887991262881246e-08,0.0002046655595425,6.957965839155657e-05,-1.104209844469072,4.1887991262881246e-08,1.0
PARTIAL_MALL,22,JNJ,HARQ,rolling,825,2.4387422748185904e-08,0.0001561647295268,5.652032616137369e-05,-0.2250827380551743,4.1887991262881246e-08,0.5822055919352871
PARTIAL_MALL,22,JNJ,HARX,rolling,825,3.355994805593852e-08,0.0001831937445873,6.0928825722438074e-05,-0.6858572337832172,4.1887991262881246e-08,0.8011830370504647
PARTIAL_MALL,22,JNJ,Lasso,rolling,825,2.0066967888929215e-08,0.0001416579256128,5.8314475862929706e-05,-0.0080481328295898,4.1887991262881246e-08,0.479062549526251
PARTIAL_MALL,22,JNJ,LevHAR,rolling,825,2.993742917433213e-08,0.0001730243600604,6.073574134948173e-05,-0.503882885941765,4.1887991262881246e-08,0.7147019532746366
PARTIAL_MALL,22,JNJ,LogHAR,rolling,825,2.4231321291025685e-08,0.0001556641297506,5.214330309377805e-05,-0.2172411058119121,4.1887991262881246e-08,0.5784789520928426
PARTIAL_MALL,22,JNJ,NN1,fixed,825,2.154809053339757e-08,0.0001467926787459,4.834329213443128e-05,-0.0824511479991934,4.1887991262881246e-08,0.5144216727454358
PARTIAL_MALL,22,JNJ,NN1_1,fixed,825,2.0816630633566577e-08,0.0001442796958465,4.52673288969048e-05,-0.0457068431123981,4.1887991262881246e-08,0.4969593911277644
PARTIAL_MALL,22,JNJ,NN2,fixed,825,2.1055395456064313e-08,0.0001451047740636,4.680993933403421e-05,-0.0577010036072187,4.1887991262881246e-08,0.5026594692479897
PARTIAL_MALL,22,JNJ,NN2_1,fixed,825,2.382979475490194e-07,0.0004881577076611,7.937112441799652e-05,-10.970707404003855,4.1887991262881246e-08,5.688932325580041
PARTIAL_MALL,22,JNJ,NN3,fixed,825,2.079980608173075e-08,0.0001442213787263,4.588986929498447e-05,-0.0448616751648698,4.1887991262881246e-08,0.4965577353947349
PARTIAL_MALL,22,JNJ,NN3_1,fixed,825,2.0953875682349083e-08,0.0001447545359646,4.7596639208630453e-05,-0.0526012387147167,4.1887991262881246e-08,0.5002358683386475
PARTIAL_MALL,22,JNJ,NN4,fixed,825,2.0934822478423953e-08,0.0001446887088836,4.6633058051497595e-05,-0.0516441162063512,4.1887991262881246e-08,0.4997810075694702
PARTIAL_MALL,22,JNJ,NN4_1,fixed,825,2.1003735920016213e-08,0.0001449266570373,4.6449763467381914e-05,-0.0551059280011596,4.1887991262881246e-08,0.5014261912967053
PARTIAL_MALL,22,JNJ,PostLasso,rolling,825,2.6534363616021692e-08,0.0001628937187739,6.230351891773848e-05,-0.3329326008294797,4.1887991262881246e-08,0.6334599205174811
PARTIAL_MALL,22,JNJ,RandomForest,rolling,825,2.2819980691476788e-08,0.0001510628368973,5.3132287662141915e-05,-0.1463435360327354,4.1887991262881246e-08,0.544785748933694
PARTIAL_MALL,22,JNJ,Ridge,rolling,825,3.5274249291126037e-08,0.0001878144011813,5.995742922443427e-05,-0.7719737895480576,4.1887991262881246e-08,0.8421088772137917
PARTIAL_MALL,22,JNJ,SHAR,rolling,825,3.3948897438470396e-08,0.0001842522657621,6.0956837786559945e-05,-0.7053957959116184,4.1887991262881246e-08,0.8104684998001798
PARTIAL_MALL,22,JPM,AdaptiveLasso,rolling,837,5.2996299586675315e-08,0.0002302092517399,0.0001817196099677,-8.919829825877962,1.1570453305627061e-08,4.580313163780853
PARTIAL_MALL,22,JPM,Bagging,rolling,837,1.3328729702330237e-08,0.0001154501178099,5.9785967292687854e-05,-1.494867216644014,1.1570453305627061e-08,1.151962619809206
PARTIAL_MALL,22,JPM,ElasticNet,rolling,837,3.399431849282535e-08,0.0001843754823527,0.0001535070039238,-5.363045290435887,1.1570453305627061e-08,2.9380282340617447
PARTIAL_MALL,22,JPM,GradientBoosting,rolling,837,1.1601867663583325e-08,0.0001077119662042,7.190777177781314e-05,-1.171633751463645,1.1570453305627061e-08,1.0027150498884072
PARTIAL_MALL,22,JPM,HAR,rolling,837,1.1570453305627061e-08,0.0001075660416006,9.05589166962801e-05,-1.1657536223330125,1.1570453305627061e-08,1.0
PARTIAL_MALL,22,JPM,HARQ,rolling,837,3.9331249974874935e-08,0.0001983210779893,0.0001532283455368,-6.362010359831288,1.1570453305627061e-08,3.3992834105943768
PARTIAL_MALL,22,JPM,HARX,rolling,837,4.4254116094226206e-08,0.0002103666230518,0.0001641106238317,-7.2834708116063585,1.1570453305627061e-08,3.824752144559807
PARTIAL_MALL,22,JPM,Lasso,rolling,837,5.311922671758334e-08,0.000230476087084,0.0001838086626487,-8.942839285578003,1.1570453305627061e-08,4.590937391515149
PARTIAL_MALL,22,JPM,LevHAR,rolling,836,4.3652614293435596e-08,0.000208932080575,0.0001632837828203,-7.164379283079661,1.1570453305627061e-08,3.7727661259568808
PARTIAL_MALL,22,JPM,LogHAR,rolling,837,7.786041541764648e-09,8.823854906878652e-05,5.6755278145180703e-05,-0.4573886802266669,1.1570453305627061e-08,0.6729245031374925
PARTIAL_MALL,22,JPM,NN1,fixed,837,4.437799734316823e-09,6.661681270007462e-05,4.232028385298802e-05,0.1693341137195608,1.1570453305627061e-08,0.3835458833889064
PARTIAL_MALL,22,JPM,NN1_1,fixed,837,5.241447576992846e-09,7.239784235039638e-05,4.8815428032705016e-05,0.0189075763678004,1.1570453305627061e-08,0.4530027855039847
PARTIAL_MALL,22,JPM,NN2,fixed,837,5.3043490091990635e-09,7.283096188571906e-05,5.008892555251738e-05,0.0071337070947363,1.1570453305627061e-08,0.4584391699346297
PARTIAL_MALL,22,JPM,NN2_1,fixed,837,5.1486634958009605e-09,7.1754188001823e-05,5.133384185199197e-05,0.036274869993059,1.1570453305627061e-08,0.4449837322533431
PARTIAL_MALL,22,JPM,NN3,fixed,837,5.298527792781821e-09,7.279098702986394e-05,4.832750653494032e-05,0.0082233204581033,1.1570453305627061e-08,0.4579360594459153
PARTIAL_MALL,22,JPM,NN3_1,fixed,837,5.278941065352898e-09,7.265632157873737e-05,4.744611075448978e-05,0.0118895576191148,1.1570453305627061e-08,0.4562432366228546
PARTIAL_MALL,22,JPM,NN4,fixed,837,5.314263941328141e-09,7.289899821896142e-05,4.8964383201728854e-05,0.0052778333785965,1.1570453305627061e-08,0.4592960881440706
PARTIAL_MALL,22,JPM,NN4_1,fixed,837,5.358107564267698e-09,7.319909537875245e-05,4.891184070519325e-05,-0.0029288014601069,1.1570453305627061e-08,0.4630853625814201
PARTIAL_MALL,22,JPM,PostLasso,rolling,837,5.19835008932179e-08,0.0002279989054649,0.0001796179767218,-8.730254501462385,1.1570453305627061e-08,4.4927799732735405
PARTIAL_MALL,22,JPM,RandomForest,rolling,837,9.547137204797732e-09,9.770945299610337e-05,5.548246131135576e-05,-0.7870299838767105,1.1570453305627061e-08,0.8251307837830927
PARTIAL_MALL,22,JPM,Ridge,rolling,837,4.9003007580831527e-08,0.0002213662295401,0.0001755246149506,-8.172366749173472,1.1570453305627061e-08,4.235184766442978
PARTIAL_MALL,22,JPM,SHAR,rolling,837,4.3883181248591985e-08,0.0002094831287922,0.0001636278139653,-7.214039349902851,1.1570453305627061e-08,3.7926933448018207
PARTIAL_MALL,22,KO,AdaptiveLasso,rolling,822,2.164266920397161e-09,4.652168226103998e-05,3.804803643728955e-05,-0.9309587585848228,1.33080763009651e-09,1.6262808173411276
PARTIAL_MALL,22,KO,Bagging,rolling,822,1.228272969870115e-09,3.504672552279478e-05,2.426839786386841e-05,-0.0958650371408231,1.33080763009651e-09,0.9229530565443488
PARTIAL_MALL,22,KO,ElasticNet,rolling,822,1.8085222764154946e-09,4.252672426152166e-05,3.459384344533545e-05,-0.6135634180923559,1.33080763009651e-09,1.3589659658656608
PARTIAL_MALL,22,KO,GradientBoosting,rolling,822,1.5456286915530175e-09,3.931448450066486e-05,2.956792016019202e-05,-0.3790097844893401,1.33080763009651e-09,1.1614215733350797
PARTIAL_MALL,22,KO,HAR,rolling,822,1.33080763009651e-09,3.648023615735663e-05,2.62592649574068e-05,-0.1873464520978762,1.33080763009651e-09,1.0
PARTIAL_MALL,22,KO,HARQ,rolling,822,1.8835412172606532e-09,4.339978360845424e-05,3.428242567961426e-05,-0.68049531060501,1.33080763009651e-09,1.4153369537895262
PARTIAL_MALL,22,KO,HARX,rolling,822,1.8724195673009324e-09,4.327146366025689e-05,3.427374412212086e-05,-0.6705725754759728,1.33080763009651e-09,1.4069798857143196
PARTIAL_MALL,22,KO,Lasso,rolling,822,2.118887285339529e-09,4.6031372837875794e-05,3.901065688670183e-05,-0.8904710521239956,1.33080763009651e-09,1.5921814974759858
PARTIAL_MALL,22,KO,LevHAR,rolling,822,1.8680462787262795e-09,4.322090094764661e-05,3.4204478966756325e-05,-0.6666707277891379,1.33080763009651e-09,1.4036936943251588
PARTIAL_MALL,22,KO,LogHAR,rolling,822,1.108440944926491e-09,3.329325674857434e-05,2.3477308220574378e-05,0.0110490851160487,1.33080763009651e-09,0.8329084684058409
PARTIAL_MALL,22,KO,NN1,fixed,822,1.1119486507316322e-09,3.3345894061062936e-05,2.6907784188590093e-05,0.0079195103010654,1.33080763009651e-09,0.8355442406435512
PARTIAL_MALL,22,KO,NN1_1,fixed,822,1.1275187188269168e-09,3.357854551386818e-05,2.6950517412350735e-05,-0.0059721031025319,1.33080763009651e-09,0.8472439542183487
PARTIAL_MALL,22,KO,NN2,fixed,822,1.079133979475909e-09,3.285017472519605e-05,2.613810418989783e-05,0.0371967571480912,1.33080763009651e-09,0.8108865286545213
PARTIAL_MALL,22,KO,NN2_1,fixed,822,1.051994906080885e-09,3.243447095423147e-05,2.533962108721395e-05,0.0614102360762734,1.33080763009651e-09,0.7904935937319464
PARTIAL_MALL,22,KO,NN3,fixed,822,1.1262387645201714e-09,3.3559480993009584e-05,2.7293737909851103e-05,-0.0048301279811153,1.33080763009651e-09,0.8462821665957059
PARTIAL_MALL,22,KO,NN3_1,fixed,822,1.1735128776119195e-09,3.425657422469327e-05,2.741715585426124e-05,-0.0470080875795964,1.33080763009651e-09,0.8818050415947918
PARTIAL_MALL,22,KO,NN4,fixed,822,1.1523634741217766e-09,3.3946479554171394e-05,2.7699830787301177e-05,-0.0281385916208254,1.33080763009651e-09,0.8659128848233364
PARTIAL_MALL,22,KO,NN4_1,fixed,822,1.1759098114749527e-09,3.429154139835293e-05,2.780582973128776e-05,-0.0491466317642126,1.33080763009651e-09,0.8836061537982586
PARTIAL_MALL,22,KO,PostLasso,rolling,822,1.8644465472827872e-09,4.317923745601336e-05,3.377095414578346e-05,-0.6634590477076032,1.33080763009651e-09,1.4009887718689873
PARTIAL_MALL,22,KO,RandomForest,rolling,822,1.1912684284337184e-09,3.451475667643796e-05,2.368792230455736e-05,-0.0628495884821558,1.33080763009651e-09,0.8951469780401904
PARTIAL_MALL,22,KO,Ridge,rolling,822,1.929030980738275e-09,4.392073520261558e-05,3.529059755195977e-05,-0.7210812736325956,1.33080763009651e-09,1.449519026726937
PARTIAL_MALL,22,KO,SHAR,rolling,822,1.870977290803709e-09,4.325479500360288e-05,3.423731632139063e-05,-0.6692857765102966,1.33080763009651e-09,1.4058961253986997
PARTIAL_MALL,22,MCD,AdaptiveLasso,rolling,830,3.671368593873387e-09,6.0591819529317547e-05,4.963981255549545e-05,-1.0132076425780787,2.6243166387137563e-09,1.3989808012164329
PARTIAL_MALL,22,MCD,Bagging,rolling,830,3.1971635463255103e-09,5.654346599144335e-05,3.26523533389251e-05,-0.7531756677266292,2.6243166387137563e-09,1.2182842188938454
PARTIAL_MALL,22,MCD,ElasticNet,rolling,830,3.840702204625838e-09,6.197339916952949e-05,5.0409320550540096e-05,-1.106062312599787,2.6243166387137563e-09,1.46350564103738
PARTIAL_MALL,22,MCD,GradientBoosting,rolling,830,4.613633486024074e-09,6.792373286285195e-05,4.9285860265321354e-05,-1.5299018490318677,2.6243166387137563e-09,1.758032326573722
PARTIAL_MALL,22,MCD,HAR,rolling,830,2.6243166387137563e-09,5.1228084472423486e-05,3.7784070780892455e-05,-0.4390530883823189,2.6243166387137563e-09,1.0
PARTIAL_MALL,22,MCD,HARQ,rolling,830,3.73620398030551e-09,6.112449574684041e-05,4.492302174194763e-05,-1.0487603505498335,2.6243166387137563e-09,1.4236864276167216
PARTIAL_MALL,22,MCD,HARX,rolling,830,3.554708208513021e-09,5.9621373755667695e-05,4.629895084386329e-05,-0.949236517536175,2.6243166387137563e-09,1.3545271771226788
PARTIAL_MALL,22,MCD,Lasso,rolling,830,4.275385992903794e-09,6.53864358479937e-05,5.571298419883864e-05,-1.344422668497126,2.6243166387137563e-09,1.6291425850957029
PARTIAL_MALL,22,MCD,LevHAR,rolling,831,3.812514630781237e-09,6.174556365263205e-05,4.704684473245708e-05,-1.0908529952249042,2.6243166387137563e-09,1.4527647215047366
PARTIAL_MALL,22,MCD,LogHAR,rolling,830,2.2751190019951927e-09,4.769820753440524e-05,3.08827199657731e-05,-0.2475693588038825,2.6243166387137563e-09,0.8669376890093132
PARTIAL_MALL,22,MCD,NN1,fixed,830,2.081913680995271e-09,4.5627992296344474e-05,2.63313469698658e-05,-0.1416245540591678,2.6243166387137563e-09,0.7933164962958392
PARTIAL_MALL,22,MCD,NN1_1,fixed,830,2.1859075682314755e-09,4.6753690423660414e-05,2.7354865629098003e-05,-0.198649961127993,2.6243166387137563e-09,0.8329435312740477
PARTIAL_MALL,22,MCD,NN2,fixed,830,4.347058130576648e-09,6.593222376483784e-05,3.471628743126919e-05,-1.3837243326132498,2.6243166387137563e-09,1.6564533663541647
PARTIAL_MALL,22,MCD,NN2_1,fixed,830,2.3659688086014263e-09,4.864122540193068e-05,2.918568989827044e-05,-0.2973871638838803,2.6243166387137563e-09,0.9015561513038484
PARTIAL_MALL,22,MCD,NN3,fixed,830,2.4797773983487584e-09,4.9797363367439034e-05,3.0037713447968e-05,-0.3597944969565412,2.6243166387137563e-09,0.9449230941751604
PARTIAL_MALL,22,MCD,NN3_1,fixed,830,2.5408178952273334e-09,5.04065263158188e-05,3.078793062065309e-05,-0.3932662641410667,2.6243166387137563e-09,0.9681826719174604
PARTIAL_MALL,22,MCD,NN4,fixed,830,2.501744667645236e-09,5.001744363364881e-05,3.018181543746279e-05,-0.371840324909648,2.6243166387137563e-09,0.9532937568354573
PARTIAL_MALL,22,MCD,NN4_1,fixed,830,2.4291398342399703e-09,4.928630473305916e-05,2.960138760813753e-05,-0.3320272138688473,2.6243166387137563e-09,0.9256275703950696
PARTIAL_MALL,22,MCD,PostLasso,rolling,830,3.606902204793806e-09,6.0057490829985615e-05,4.713591644296752e-05,-0.9778572755784258,2.6243166387137563e-09,1.3744157818401213
PARTIAL_MALL,22,MCD,RandomForest,rolling,830,2.6852032566843894e-09,5.181894688899408e-05,3.20024061841385e-05,-0.4724404755364615,2.6243166387137563e-09,1.0232009419413943
PARTIAL_MALL,22,MCD,Ridge,rolling,830,3.826830375985842e-09,6.186138032719478e-05,4.946139815801154e-05,-1.098455647477365,2.6243166387137563e-09,1.4582197588250891
PARTIAL_MALL,22,MCD,SHAR,rolling,830,3.496300762730388e-09,5.912952530445672e-05,4.599901300800023e-05,-0.9172085930098052,2.6243166387137563e-09,1.3322709276591005
PARTIAL_MALL,22,MMM,AdaptiveLasso,rolling,827,4.7284336641527165e-09,6.876360711999274e-05,5.624494851505288e-05,-1.5467290242390337,3.0926903231915707e-09,1.528906282240733
PARTIAL_MALL,22,MMM,Bagging,rolling,827,2.2414953241177547e-09,4.734443287354654e-05,3.0389575096586008e-05,-0.2072668467158589,3.0926903231915707e-09,0.7247719913336146
PARTIAL_MALL,22,MMM,ElasticNet,rolling,827,3.797539010694565e-09,6.162417553764565e-05,4.887083104640055e-05,-1.0453502166131847,3.0926903231915707e-09,1.227907942226692
PARTIAL_MALL,22,MMM,GradientBoosting,rolling,827,2.9820773724888733e-09,5.460840020078297e-05,3.575154280590372e-05,-0.606143500461849,3.0926903231915707e-09,0.964234068353618
PARTIAL_MALL,22,MMM,HAR,rolling,827,3.0926903231915707e-09,5.561196205126709e-05,3.9514924319038045e-05,-0.6657195106207556,3.0926903231915707e-09,1.0
PARTIAL_MALL,22,MMM,HARQ,rolling,827,4.0898075757265715e-09,6.395160338667492e-05,4.5628505923846326e-05,-1.2027657352198262,3.0926903231915707e-09,1.3224109588528097
PARTIAL_MALL,22,MMM,HARX,rolling,827,3.8026866633317605e-09,6.16659278964629e-05,4.6622099908668275e-05,-1.0481227365022194,3.0926903231915707e-09,1.2295724000608936
PARTIAL_MALL,22,MMM,Lasso,rolling,827,4.176894597444512e-09,6.462889908891e-05,5.1885726341608586e-05,-1.2496707066324595,3.0926903231915707e-09,1.3505699442723615
PARTIAL_MALL,22,MMM,LevHAR,rolling,827,3.861601774325003e-09,6.214178766599013e-05,4.704033949067428e-05,-1.0798543486574768,3.0926903231915707e-09,1.2486221932301125
PARTIAL_MALL,22,MMM,LogHAR,rolling,827,2.325875460797931e-09,4.822733105613383e-05,3.2226400391174533e-05,-0.2527138929083043,3.0926903231915707e-09,0.7520557242206171
PARTIAL_MALL,22,MMM,NN1,fixed,827,1.683547522678401e-09,4.103105558815665e-05,2.4121759801729188e-05,0.0932432081694253,3.0926903231915707e-09,0.5443634333685976
PARTIAL_MALL,22,MMM,NN1_1,fixed,827,1.967516942205739e-09,4.435670120969028e-05,2.4721886688194544e-05,-0.0597024000537091,3.0926903231915707e-09,0.6361829787650113
PARTIAL_MALL,22,MMM,NN2,fixed,827,1.999576292013558e-09,4.4716622099769095e-05,2.515387393219272e-05,-0.0769695296050412,3.0926903231915707e-09,0.646549147523458
PARTIAL_MALL,22,MMM,NN2_1,fixed,827,1.9364635252510684e-09,4.400526701715453e-05,2.510409101646433e-05,-0.0429770647994973,3.0926903231915707e-09,0.6261420714288302
PARTIAL_MALL,22,MMM,NN3,fixed,827,1.95072175025019e-09,4.4166975787914104e-05,2.5099290217562315e-05,-0.0506565286597355,3.0926903231915707e-09,0.6307523697481291
PARTIAL_MALL,22,MMM,NN3_1,fixed,827,1.9893645577398095e-09,4.4602293189249914e-05,2.5430999464874655e-05,-0.0714695010734087,3.0926903231915707e-09,0.6432472539594072
PARTIAL_MALL,22,MMM,NN4,fixed,827,1.9918419722838e-09,4.463005682590826e-05,2.521919398950719e-05,-0.0728038337451528,3.0926903231915707e-09,0.6440483087968131
PARTIAL_MALL,22,MMM,NN4_1,fixed,827,1.943151427752921e-09,4.408119131503731e-05,2.5287207892019233e-05,-0.0465791615238044,3.0926903231915707e-09,0.6283045583909749
PARTIAL_MALL,22,MMM,PostLasso,rolling,827,4.105402581047531e-09,6.407341555627835e-05,4.9864099385599e-05,-1.2111651874496734,3.0926903231915707e-09,1.3274534958323505
PARTIAL_MALL,22,MMM,RandomForest,rolling,827,2.299071834502696e-09,4.794863746242114e-05,3.072210388187667e-05,-0.2382774900972768,3.0926903231915707e-09,0.7433889572655686
PARTIAL_MALL,22,MMM,Ridge,rolling,827,3.920910471267157e-09,6.261717393229398e-05,4.858824354868595e-05,-1.1117979457597205,3.0926903231915707e-09,1.2677992496904398
PARTIAL_MALL,22,MMM,SHAR,rolling,827,3.867007696442586e-09,6.218526912736316e-05,4.668914259807047e-05,-1.0827659721965777,3.0926903231915707e-09,1.250370160712354
PARTIAL_MALL,22,MRK,AdaptiveLasso,rolling,830,7.701625649378858e-09,8.7758906382081e-05,7.216688913450936e-05,-0.95491501249227,4.931231278960078e-09,1.5618058074540386
PARTIAL_MALL,22,MRK,Bagging,rolling,830,1.0829877437954971e-08,0.0001040666970646,5.439679868840672e-05,-1.7489637838495815,4.931231278960078e-09,2.196181202078769
PARTIAL_MALL,22,MRK,ElasticNet,rolling,830,7.424373959855006e-09,8.616480696812943e-05,7.236989223853803e-05,-0.8845398066897476,4.931231278960078e-09,1.5055821842168176
PARTIAL_MALL,22,MRK,GradientBoosting,rolling,830,5.726979535406377e-09,7.567680975970365e-05,5.960308611738256e-05,-0.4536876731868786,4.931231278960078e-09,1.1613690803433805
PARTIAL_MALL,22,MRK,HAR,rolling,830,4.931231278960078e-09,7.022272622848018e-05,5.815958460705211e-05,-0.2517017180766245,4.931231278960078e-09,1.0
PARTIAL_MALL,22,MRK,HARQ,rolling,830,7.27109017968832e-09,8.52706876933001e-05,6.737447612098642e-05,-0.8456315583975724,4.931231278960078e-09,1.4744979029297691
PARTIAL_MALL,22,MRK,HARX,rolling,830,6.984834111671821e-09,8.357531999144137e-05,6.7055715599066e-05,-0.7729707579044196,4.931231278960078e-09,1.4164482897960555
PARTIAL_MALL,22,MRK,Lasso,rolling,830,8.029924793570342e-09,8.960984763724544e-05,7.601016523598699e-05,-1.0382476691009512,4.931231278960078e-09,1.628381298567633
PARTIAL_MALL,22,MRK,LevHAR,rolling,829,7.116917580274053e-09,8.436182537305635e-05,6.73162626866077e-05,-0.8059164832995482,4.931231278960078e-09,1.4432333787789613
PARTIAL_MALL,22,MRK,LogHAR,rolling,830,4.302461060587266e-09,6.559314796979381e-05,4.7754579693698314e-05,-0.0921000449669753,4.931231278960078e-09,0.8724922473104099
PARTIAL_MALL,22,MRK,NN1,fixed,830,3.656854543445547e-09,6.047193186467212e-05,3.815228324031632e-05,0.0717752107233585,4.931231278960078e-09,0.7415702765855108
PARTIAL_MALL,22,MRK,NN1_1,fixed,830,4.214009514739661e-09,6.491540275419741e-05,4.0227555735479885e-05,-0.0696482584575157,4.931231278960078e-09,0.8545552370904677
PARTIAL_MALL,22,MRK,NN2,fixed,830,4.156935439106173e-09,6.447430060967063e-05,4.0819151439330114e-05,-0.0551610615513635,4.931231278960078e-09,0.8429812361148893
PARTIAL_MALL,22,MRK,NN2_1,fixed,830,4.301796123900839e-09,6.558807912952504e-05,4.111137951946345e-05,-0.0919312631058681,4.931231278960078e-09,0.8723574053918685
PARTIAL_MALL,22,MRK,NN3,fixed,830,4.176383302130517e-09,6.462494334334473e-05,4.067053516319232e-05,-0.0600975413438149,4.931231278960078e-09,0.8469250509400672
PARTIAL_MALL,22,MRK,NN3_1,fixed,830,4.055018809241894e-09,6.367902958778419e-05,4.0531026144875865e-05,-0.029291412880454,4.931231278960078e-09,0.822313653497314
PARTIAL_MALL,22,MRK,NN4,fixed,830,4.212763315682071e-09,6.490580340525853e-05,4.103186900582435e-05,-0.0693319339103164,4.931231278960078e-09,0.8543025214932684
PARTIAL_MALL,22,MRK,NN4_1,fixed,830,4.179155550112559e-09,6.464638853108933e-05,4.162722572879846e-05,-0.0608012251432064,4.931231278960078e-09,0.8474872326397718
PARTIAL_MALL,22,MRK,PostLasso,rolling,830,7.835374362627828e-09,8.851765000624355e-05,7.23393714494282e-05,-0.9888646458989556,4.931231278960078e-09,1.588928589916024
PARTIAL_MALL,22,MRK,RandomForest,rolling,830,4.891171620831291e-09,6.993691171928663e-05,4.771713547179364e-05,-0.2415333158929129,4.931231278960078e-09,0.9918763375995548
PARTIAL_MALL,22,MRK,Ridge,rolling,830,7.600359307746411e-09,8.71800396177153e-05,7.129120848612637e-05,-0.9292104274436048,4.931231278960078e-09,1.5412700962079418
PARTIAL_MALL,22,MRK,SHAR,rolling,830,7.167070276634972e-09,8.465855111348748e-05,6.753172479679245e-05,-0.8192280327869266,4.931231278960078e-09,1.4534037994150617
PARTIAL_MALL,22,MSFT,AdaptiveLasso,rolling,838,9.0138242039497e-09,9.494116180008384e-05,7.360182055741061e-05,-0.4049769856395016,6.935257070660815e-09,1.299710178312227
PARTIAL_MALL,22,MSFT,Bagging,rolling,838,5.5864823884399246e-09,7.474277482432616e-05,4.61860579875537e-05,0.12923981998681,6.935257070660815e-09,0.8055191511318592
PARTIAL_MALL,22,MSFT,ElasticNet,rolling,838,7.094029166194526e-09,8.422605989950216e-05,6.530024029025318e-05,-0.1057401928907544,6.935257070660815e-09,1.0228934694007792
PARTIAL_MALL,22,MSFT,GradientBoosting,rolling,838,8.053890098069521e-09,8.974346827524285e-05,6.107188059192032e-05,-0.255352886480666,6.935257070660815e-09,1.161296548348729
PARTIAL_MALL,22,MSFT,HAR,rolling,838,6.935257070660815e-09,8.327819084646841e-05,5.346919236394026e-05,-0.0809925236285922,6.935257070660815e-09,1.0
PARTIAL_MALL,22,MSFT,HARQ,rolling,838,7.2282952862856185e-09,8.501938182723759e-05,5.8408815776144445e-05,-0.1266681369476658,6.935257070660815e-09,1.042253403534886
PARTIAL_MALL,22,MSFT,HARX,rolling,838,7.402086945055768e-09,8.603538193705987e-05,5.862247944012033e-05,-0.1537568925461145,6.935257070660815e-09,1.0673125551999865
PARTIAL_MALL,22,MSFT,Lasso,rolling,838,8.411212036787441e-09,9.171266017724838e-05,7.255242842856978e-05,-0.3110483481408548,6.935257070660815e-09,1.2128190708849946
PARTIAL_MALL,22,MSFT,LevHAR,rolling,837,7.416748349757417e-09,8.612054545668773e-05,5.8880878255925144e-05,-0.1548857544761763,6.935257070660815e-09,1.0694265943123469
PARTIAL_MALL,22,MSFT,LogHAR,rolling,838,5.0727723009649214e-09,7.122339714563552e-05,4.680363602910538e-05,0.2093113671861637,6.935257070660815e-09,0.7314469022965244
PARTIAL_MALL,22,MSFT,NN1,fixed,838,6.2591574690763e-09,7.91148372246085e-05,5.560667957319556e-05,0.0243905367388429,6.935257070660815e-09,0.9025126834238468
PARTIAL_MALL,22,MSFT,NN1_1,fixed,838,6.047149225114696e-09,7.776341829623166e-05,5.547638540794475e-05,0.0574360784303903,6.935257070660815e-09,0.8719430532282351
PARTIAL_MALL,22,MSFT,NN2,fixed,838,6.5302380203659404e-09,8.080988813484361e-05,5.7162482962689934e-05,-0.0178625544241204,6.935257070660815e-09,0.9415999946118389
PARTIAL_MALL,22,MSFT,NN2_1,fixed,838,6.335789019082847e-09,7.959766968374669e-05,5.507149253119267e-05,0.0124460432922208,6.935257070660815e-09,0.9135622449939194
PARTIAL_MALL,22,MSFT,NN3,fixed,838,6.39174538749523e-09,7.994839202570137e-05,5.619845992614316e-05,0.0037241725256581,6.935257070660815e-09,0.9216306363804628
PARTIAL_MALL,22,MSFT,NN3_1,fixed,838,6.2481149057640304e-09,7.904501822230184e-05,5.551073673593182e-05,0.026111731535321,6.935257070660815e-09,0.9009204478080994
PARTIAL_MALL,22,MSFT,NN4,fixed,838,6.417803690164985e-09,8.011119578538936e-05,5.628377127488731e-05,-0.0003375125823996,6.935257070660815e-09,0.925388002892512
PARTIAL_MALL,22,MSFT,NN4_1,fixed,838,6.415448803912737e-09,8.00964968267198e-05,5.606422380968599e-05,2.9541501787688773e-05,6.935257070660815e-09,0.9250484500499492
PARTIAL_MALL,22,MSFT,PostLasso,rolling,838,7.424389097175212e-09,8.616489480742845e-05,5.882237305991912e-05,-0.157233109715329,6.935257070660815e-09,1.0705283195029125
PARTIAL_MALL,22,MSFT,RandomForest,rolling,838,5.580302167486532e-09,7.470142011693307e-05,4.665913248767702e-05,0.1302031256836172,6.935257070660815e-09,0.8046280203647622
PARTIAL_MALL,22,MSFT,Ridge,rolling,838,7.410011170790362e-09,8.608142175167858e-05,5.918081563405022e-05,-0.1549920347603635,6.935257070660815e-09,1.068455155344993
PARTIAL_MALL,22,MSFT,SHAR,rolling,838,7.246980055646859e-09,8.512919625866827e-05,5.8530894592981755e-05,-0.129580515793819,6.935257070660815e-09,1.0449475746623391
PARTIAL_MALL,22,NKE,AdaptiveLasso,rolling,799,1.0277346122837741e-08,0.0001013772465735,7.358048199037954e-05,-0.2873746426676176,1.0373885636503324e-08,0.9906939870894774
PARTIAL_MALL,22,NKE,Bagging,rolling,799,9.360462491080871e-09,9.674948315666017e-05,5.11657830195506e-05,-0.1725227418273967,1.0373885636503324e-08,0.9023101679609372
PARTIAL_MALL,22,NKE,ElasticNet,rolling,799,1.0485443347411941e-08,0.0001023984538331,7.40931382842013e-05,-0.3134415948675655,1.0373885636503324e-08,1.0107537054887197
PARTIAL_MALL,22,NKE,GradientBoosting,rolling,799,9.449310739495143e-09,9.72075652379749e-05,6.619842646226663e-05,-0.1836521696667297,1.0373885636503324e-08,0.9108747744668776
PARTIAL_MALL,22,NKE,HAR,rolling,799,1.0373885636503324e-08,0.0001018522735951,6.172320544457802e-05,-0.2994675040369903,1.0373885636503324e-08,1.0
PARTIAL_MALL,22,NKE,HARQ,rolling,799,1.1580213117616453e-08,0.0001076113986416,6.542625406308679e-05,-0.4505761065279738,1.0373885636503324e-08,1.116285018302914
PARTIAL_MALL,22,NKE,HARX,rolling,799,1.0188305865312116e-08,0.0001009371381866,6.619022176858897e-05,-0.276221163126789,1.0373885636503324e-08,0.982110871693226
PARTIAL_MALL,22,NKE,Lasso,rolling,799,1.0221264682029013e-08,0.0001011002704349,7.445150644985691e-05,-0.2803496944019374,1.0373885636503324e-08,0.9852879663587888
PARTIAL_MALL,22,NKE,LevHAR,rolling,799,1.0282151646860952e-08,0.0001014009449998,6.683651194999061e-05,-0.287976598629621,1.0373885636503324e-08,0.9911572198830128
PARTIAL_MALL,22,NKE,LogHAR,rolling,799,7.800564394606893e-09,8.832080386073767e-05,5.013750184586317e-05,0.0228752948392513,1.0373885636503324e-08,0.751942393422817
PARTIAL_MALL,22,NKE,NN1,fixed,799,8.693083707415442e-09,9.323670793960628e-05,4.900472900639815e-05,-0.0889246501725835,1.0373885636503324e-08,0.8379775921980934
PARTIAL_MALL,22,NKE,NN1_1,fixed,799,9.082205463052827e-09,9.530060578534024e-05,5.055060302919275e-05,-0.1376673387159519,1.0373885636503324e-08,0.8754873324508832
PARTIAL_MALL,22,NKE,NN2,fixed,799,9.551174762349477e-09,9.773011185069562e-05,5.2096088739438375e-05,-0.1964119968103708,1.0373885636503324e-08,0.9206940482109308
PARTIAL_MALL,22,NKE,NN2_1,fixed,799,9.902770260676064e-09,9.951266382062166e-05,5.352228738094615e-05,-0.2404540212407744,1.0373885636503324e-08,0.954586411270092
PARTIAL_MALL,22,NKE,NN3,fixed,799,9.356966209888372e-09,9.673141273592758e-05,5.150416048908504e-05,-0.1720847859877219,1.0373885636503324e-08,0.9019731408030328
PARTIAL_MALL,22,NKE,NN3_1,fixed,799,9.685494479891827e-09,9.84149098454692e-05,5.300333637870657e-05,-0.213237332486285,1.0373885636503324e-08,0.933641917721822
PARTIAL_MALL,22,NKE,NN4,fixed,799,9.380954522956692e-09,9.685532779850932e-05,5.162132552851583e-05,-0.1750896420658783,1.0373885636503324e-08,0.9042855157326264
PARTIAL_MALL,22,NKE,NN4_1,fixed,799,9.449930565037441e-09,9.721075334055096e-05,5.180604975342182e-05,-0.1837298110808156,1.0373885636503324e-08,0.910934523105335
PARTIAL_MALL,22,NKE,PostLasso,rolling,799,1.029257030904332e-08,0.0001014523055876,6.764476465461056e-05,-0.2892816749930895,1.0373885636503324e-08,0.9921615361582672
PARTIAL_MALL,22,NKE,RandomForest,rolling,799,8.020531698615615e-09,8.955742123696737e-05,5.092999401892867e-05,-0.0046785430885691,1.0373885636503324e-08,0.7731463387636743
PARTIAL_MALL,22,NKE,Ridge,rolling,799,1.0151787131542561e-08,0.0001007560773925,6.669661901960181e-05,-0.2716467047719433,1.0373885636503324e-08,0.978590615634006
PARTIAL_MALL,22,NKE,SHAR,rolling,799,1.00541008857362e-08,0.0001002701395517,6.613770188298064e-05,-0.2594101999111169,1.0373885636503324e-08,0.9691740624514046
PARTIAL_MALL,22,PFE,AdaptiveLasso,rolling,827,4.470302113257751e-09,6.686031792668766e-05,5.500244572896642e-05,-0.157591935005213,3.535611803043402e-09,1.2643645180191387
PARTIAL_MALL,22,PFE,Bagging,rolling,827,2.691777219417095e-09,5.188234014977635e-05,3.7867916415910566e-05,0.3029599519041891,3.535611803043402e-09,0.7613327959534621
PARTIAL_MALL,22,PFE,ElasticNet,rolling,827,4.041997226628172e-09,6.357670348978604e-05,5.271334857053314e-05,-0.0466816945059633,3.535611803043402e-09,1.1432242711569411
PARTIAL_MALL,22,PFE,GradientBoosting,rolling,827,3.3076985511302067e-09,5.751259471742e-05,4.56450674836069e-05,0.143466130653442,3.535611803043402e-09,0.9355378178913728
PARTIAL_MALL,22,PFE,HAR,rolling,827,3.535611803043402e-09,5.946101078053923e-05,4.573311984244621e-05,0.084447626845148,3.535611803043402e-09,1.0
PARTIAL_MALL,22,PFE,HARQ,rolling,827,4.147605579000607e-09,6.440190664103514e-05,4.9606837504030325e-05,-0.0740291475143302,3.535611803043402e-09,1.1730941658895948
PARTIAL_MALL,22,PFE,HARX,rolling,827,3.872537450864675e-09,6.222971517582797e-05,4.902393418134495e-05,-0.0027998125298345,3.535611803043402e-09,1.0952948645355387
PARTIAL_MALL,22,PFE,Lasso,rolling,827,4.359518909400256e-09,6.602665302285325e-05,5.575996049099016e-05,-0.1289044458668076,3.535611803043402e-09,1.2330309865035656
PARTIAL_MALL,22,PFE,LevHAR,rolling,826,3.899528856209721e-09,6.244620770078613e-05,4.87441199324625e-05,-0.009559671791075,3.535611803043402e-09,1.10292901863634
PARTIAL_MALL,22,PFE,LogHAR,rolling,827,3.0083884742347158e-09,5.48487782383046e-05,4.094845602739173e-05,0.2209729573290807,3.535611803043402e-09,0.8508820090613849
PARTIAL_MALL,22,PFE,NN1,fixed,827,3.7135075246297068e-09,6.093855532115696e-05,4.483703543464233e-05,0.0383812431057799,3.535611803043402e-09,1.0503153998505084
PARTIAL_MALL,22,PFE,NN1_1,fixed,827,3.28111006099755e-09,5.7280974686169144e-05,4.3471441267024545e-05,0.1503512630140149,3.535611803043402e-09,0.9280176229113216
PARTIAL_MALL,22,PFE,NN2,fixed,827,3.784438933942249e-09,6.151779363681901e-05,4.4534168460134525e-05,0.020013440376019,3.535611803043402e-09,1.0703773900417066
PARTIAL_MALL,22,PFE,NN2_1,fixed,827,3.810635804807465e-09,6.173034751892674e-05,4.524831952389067e-05,0.0132297184557464,3.535611803043402e-09,1.0777868208063244
PARTIAL_MALL,22,PFE,NN3,fixed,827,3.831210094968571e-09,6.189676966505256e-05,4.5585600082943e-05,0.00790197286819,3.535611803043402e-09,1.0836059806313358
PARTIAL_MALL,22,PFE,NN3_1,fixed,827,3.836788507000403e-09,6.19418154964835e-05,4.524866098664685e-05,0.0064574340843271,3.535611803043402e-09,1.0851837590591118
PARTIAL_MALL,22,PFE,NN4,fixed,827,3.911746213945552e-09,6.254395425575162e-05,4.5834389640550566e-05,-0.012952984904772,3.535611803043402e-09,1.1063845331035431
PARTIAL_MALL,22,PFE,NN4_1,fixed,827,3.861403115758221e-09,6.214018921566156e-05,4.59157345605728e-05,8.344148618644187e-05,3.535611803043402e-09,1.0921456683775017
PARTIAL_MALL,22,PFE,PostLasso,rolling,827,4.111188980129274e-09,6.411855410198576e-05,5.133999219989433e-05,-0.0645990105603304,3.535611803043402e-09,1.1627942232205537
PARTIAL_MALL,22,PFE,RandomForest,rolling,827,2.829747946637896e-09,5.3195375237307014e-05,3.888705773218617e-05,0.2672322097849408,3.535611803043402e-09,0.800355950899952
PARTIAL_MALL,22,PFE,Ridge,rolling,827,4.056293528754606e-09,6.36890377439839e-05,5.1255083211741774e-05,-0.0503837449765294,3.535611803043402e-09,1.147267786939451
PARTIAL_MALL,22,PFE,SHAR,rolling,827,3.872381464604711e-09,6.222846185311597e-05,4.9091954246682216e-05,-0.0027594196364835,3.535611803043402e-09,1.0952507459307104
PARTIAL_MALL,22,PG,AdaptiveLasso,rolling,831,4.565943132027263e-09,6.757176283054382e-05,4.833800959681858e-05,-0.8147319844985081,4.34870627297215e-09,1.049954364682037
PARTIAL_MALL,22,PG,Bagging,rolling,831,2.695085595009401e-09,5.191421380517479e-05,2.8431690782404503e-05,-0.0711605223285443,4.34870627297215e-09,0.6197442241063175
PARTIAL_MALL,22,PG,ElasticNet,rolling,831,3.9299322893190934e-09,6.268917202610904e-05,4.273065465857367e-05,-0.561949769438832,4.34870627297215e-09,0.9037014787005048
PARTIAL_MALL,22,PG,GradientBoosting,rolling,831,4.088145604606119e-09,6.393860809093454e-05,3.927627956361423e-05,-0.6248315783713572,4.34870627297215e-09,0.9400831760044466
PARTIAL_MALL,22,PG,HAR,rolling,831,4.34870627297215e-09,6.594472134274395e-05,3.5057318852241654e-05,-0.7283912954141323,4.34870627297215e-09,1.0
PARTIAL_MALL,22,PG,HARQ,rolling,831,3.901361942829169e-09,6.246088330170467e-05,3.753252342030469e-05,-0.550594498450065,4.34870627297215e-09,0.897131629026478
PARTIAL_MALL,22,PG,HARX,rolling,831,4.3448213629919215e-09,6.591525895414446e-05,3.809873444763568e-05,-0.7268472397406032,4.34870627297215e-09,0.999106651556493
PARTIAL_MALL,22,PG,Lasso,rolling,831,4.567387462126649e-09,6.758244936465863e-05,4.78592724274138e-05,-0.8153060328280075,4.34870627297215e-09,1.0502864933678402
PARTIAL_MALL,22,PG,LevHAR,rolling,831,4.3517749426704685e-09,6.596798422470151e-05,3.837324277645249e-05,-0.7296109367654091,4.34870627297215e-09,1.0007056511766246
PARTIAL_MALL,22,PG,LogHAR,rolling,831,2.842475922020565e-09,5.331487524153616e-05,2.9853474447000828e-05,-0.1297407395801986,4.34870627297215e-09,0.6536371379430641
PARTIAL_MALL,22,PG,NN1,fixed,831,2.482100019617232e-09,4.982067863465162e-05,2.7631101698730783e-05,0.0134904960316812,4.34870627297215e-09,0.570767456759232
PARTIAL_MALL,22,PG,NN1_1,fixed,831,2.519152159540801e-09,5.01911561885239e-05,2.7793623256915254e-05,-0.0012358598315287,4.34870627297215e-09,0.5792877240750204
PARTIAL_MALL,22,PG,NN2,fixed,831,2.5278399070322927e-09,5.0277628295617654e-05,2.7912748620011244e-05,-0.0046888010509382,4.34870627297215e-09,0.5812855015624279
PARTIAL_MALL,22,PG,NN2_1,fixed,831,2.392456847631734e-09,4.891274729180252e-05,2.7982338209324852e-05,0.0491191332463887,4.34870627297215e-09,0.5501537003088035
PARTIAL_MALL,22,PG,NN3,fixed,831,2.5107046686461936e-09,5.010693234120598e-05,2.791975083238099e-05,0.0021215915146506,4.34870627297215e-09,0.5773451944203711
PARTIAL_MALL,22,PG,NN3_1,fixed,831,2.6316996412455383e-09,5.1300093969168696e-05,2.883851421031435e-05,-0.0459678043429936,4.34870627297215e-09,0.6051684055099189
PARTIAL_MALL,22,PG,NN4,fixed,831,2.548766320119246e-09,5.048530796300293e-05,2.8217931122582548e-05,-0.0130059942466542,4.34870627297215e-09,0.5860976023973393
PARTIAL_MALL,22,PG,NN4_1,fixed,831,2.5509251574015055e-09,5.050668428437473e-05,2.8128231245151583e-05,-0.0138640231252802,4.34870627297215e-09,0.5865940344731676
PARTIAL_MALL,22,PG,PostLasso,rolling,831,4.7255962175245326e-09,6.874297213188075e-05,3.9736156349301406e-05,-0.8781860294347035,4.34870627297215e-09,1.086667142109553
PARTIAL_MALL,22,PG,RandomForest,rolling,831,2.8929313860896203e-09,5.3785977597229e-05,2.9027146985677077e-05,-0.1497942404213652,4.34870627297215e-09,0.6652395458551925
PARTIAL_MALL,22,PG,Ridge,rolling,831,4.300999217729879e-09,6.558200376421782e-05,3.839367198241607e-05,-0.7094301483890821,4.34870627297215e-09,0.9890295981729608
PARTIAL_MALL,22,PG,SHAR,rolling,831,4.2812727492635525e-09,6.54314354822172e-05,3.821996873416077e-05,-0.7015898726274457,4.34870627297215e-09,0.9844934287404724
PARTIAL_MALL,22,UNH,AdaptiveLasso,rolling,797,6.83346185040914e-08,0.0002614089105292,0.0001759982290214,-0.8059691489083629,7.119177437719033e-08,0.9598667697484116
PARTIAL_MALL,22,UNH,Bagging,rolling,797,3.8950102062307414e-08,0.0001973578021318,8.313459878738122e-05,-0.0293857522179268,7.119177437719033e-08,0.5471152026067064
PARTIAL_MALL,22,UNH,ElasticNet,rolling,797,6.987990806792301e-08,0.0002643480812639,0.0001657892210122,-0.8468085556322458,7.119177437719033e-08,0.9815727825195544
PARTIAL_MALL,22,UNH,GradientBoosting,rolling,797,5.234185530669216e-08,0.0002287834244579,0.0001372288869762,-0.3833072891868394,7.119177437719033e-08,0.7352233564143663
PARTIAL_MALL,22,UNH,HAR,rolling,797,7.119177437719033e-08,0.0002668178674249,0.0001132521519031,-0.8814789779437009,7.119177437719033e-08,1.0
PARTIAL_MALL,22,UNH,HARQ,rolling,797,4.940866655589296e-08,0.0002222806031931,0.0001215652973561,-0.3057880389469152,7.119177437719033e-08,0.6940221252825437
PARTIAL_MALL,22,UNH,HARX,rolling,797,6.077998770612581e-08,0.0002465359764945,0.0001271430692037,-0.6063129504662519,7.119177437719033e-08,0.8537501451235016
PARTIAL_MALL,22,UNH,Lasso,rolling,797,6.505456055974515e-08,0.0002550579552959,0.0001697022109854,-0.7192827287044303,7.119177437719033e-08,0.913793217388728
PARTIAL_MALL,22,UNH,LevHAR,rolling,797,6.06189741792272e-08,0.0002462092081527,0.0001268591396099,-0.6020576334907366,7.119177437719033e-08,0.8514884578947843
PARTIAL_MALL,22,UNH,LogHAR,rolling,797,4.12313687642938e-08,0.0002030550880039,8.610336470662765e-05,-0.0896757980893716,7.119177437719033e-08,0.5791591672633495
PARTIAL_MALL,22,UNH,NN1,fixed,797,6.060186036859389e-08,0.0002461744510882,9.132996961165988e-05,-0.601605344230906,7.119177437719033e-08,0.8512480676139825
PARTIAL_MALL,22,UNH,NN1_1,fixed,797,3.9969023727741614e-08,0.0001999225443208,7.89966180340886e-05,-0.0563141398084467,7.119177437719033e-08,0.5614275536381012
PARTIAL_MALL,22,UNH,NN2,fixed,797,1.4849631579685036e-07,0.0003853521970832,9.688001881504968e-05,-2.9245081179403756,7.119177437719033e-08,2.0858633893584795
PARTIAL_MALL,22,UNH,NN2_1,fixed,797,3.9997826780340494e-08,0.000199994566877,7.721198899819457e-05,-0.0570753560927648,7.119177437719033e-08,0.5618321376346493
PARTIAL_MALL,22,UNH,NN3,fixed,797,3.94765195434123e-08,0.0001986869888629,7.590811538627197e-05,-0.0432980817389376,7.119177437719033e-08,0.5545095608132572
PARTIAL_MALL,22,UNH,NN3_1,fixed,797,3.971866895345826e-08,0.0001992954313411,7.726926760647923e-05,-0.0496976837787614,7.119177437719033e-08,0.5579109286280697
PARTIAL_MALL,22,UNH,NN4,fixed,797,3.942660421786548e-08,0.0001985613361605,7.64669899902307e-05,-0.0419789035541662,7.119177437719033e-08,0.5538084218687163
PARTIAL_MALL,22,UNH,NN4_1,fixed,797,3.956723785526248e-08,0.0001989151524023,7.703671980935367e-05,-0.0456956142931386,7.119177437719033e-08,0.5557838416222947
PARTIAL_MALL,22,UNH,PostLasso,rolling,797,6.492826952773695e-08,0.0002548102618179,0.0001223936769681,-0.7159450689269493,7.119177437719033e-08,0.9120192619969284
PARTIAL_MALL,22,UNH,RandomForest,rolling,797,4.2577856663260923e-08,0.0002063440250243,8.656636050661666e-05,-0.1252612108442177,7.119177437719033e-08,0.5980726992092329
PARTIAL_MALL,22,UNH,Ridge,rolling,797,6.11564322670412e-08,0.0002472982657986,0.0001290177552591,-0.616261747696266,7.119177437719033e-08,0.859037898718754
PARTIAL_MALL,22,UNH,SHAR,rolling,797,6.478086153634329e-08,0.0002545208469582,0.000128085649685,-0.7120493233943448,7.119177437719033e-08,0.9099486858287792
PARTIAL_MALL,22,VZ,AdaptiveLasso,rolling,832,6.234445906046277e-09,7.895850749631908e-05,6.289795757660866e-05,-2.3153867553778777,3.64135789703363e-09,1.712121159835747
PARTIAL_MALL,22,VZ,Bagging,rolling,832,1.1494738141393353e-08,0.0001072135165983,3.94750679435217e-05,-5.112732897971441,3.64135789703363e-09,3.156717484638723
PARTIAL_MALL,22,VZ,ElasticNet,rolling,832,5.6518431660277555e-09,7.517874145014503e-05,5.742985836752673e-05,-2.005567176057923,3.64135789703363e-09,1.5521251483222591
PARTIAL_MALL,22,VZ,GradientBoosting,rolling,832,5.887794239712084e-09,7.673196361173149e-05,4.6393273057766496e-05,-2.1310424911699783,3.64135789703363e-09,1.6169226992239554
PARTIAL_MALL,22,VZ,HAR,rolling,832,3.64135789703363e-09,6.034366492875313e-05,3.905746211744526e-05,-0.9364206419222928,3.64135789703363e-09,1.0
PARTIAL_MALL,22,VZ,HARQ,rolling,832,5.162783590717154e-09,7.185251276550566e-05,5.191532034130939e-05,-1.7454924776788725,3.64135789703363e-09,1.4178182251524705
PARTIAL_MALL,22,VZ,HARX,rolling,832,5.372830891140928e-09,7.329959680067093e-05,5.39068405925912e-05,-1.857192546670166,3.64135789703363e-09,1.4755020086099782
PARTIAL_MALL,22,VZ,Lasso,rolling,832,5.987235194573376e-09,7.737722658879275e-05,6.244198809649142e-05,-2.183923730282105,3.64135789703363e-09,1.6442314553729458
PARTIAL_MALL,22,VZ,LevHAR,rolling,831,5.831822516398664e-09,7.63663703235833e-05,5.712237069180929e-05,-2.098993941438274,3.64135789703363e-09,1.601551586332521
PARTIAL_MALL,22,VZ,LogHAR,rolling,832,2.8717959880542587e-09,5.358914057954521e-05,3.474268623954558e-05,-0.5271789227826436,3.64135789703363e-09,0.7886607329627549
PARTIAL_MALL,22,VZ,NN1,fixed,832,1.866901130522593e-09,4.320765129606784e-05,2.904342257228177e-05,0.007209401603452,3.64135789703363e-09,0.5126936662950466
PARTIAL_MALL,22,VZ,NN1_1,fixed,832,1.905923231490483e-09,4.365688068896452e-05,2.879631448151051e-05,-0.0135419784976236,3.64135789703363e-09,0.5234100259804483
PARTIAL_MALL,22,VZ,NN2,fixed,832,1.928632408055401e-09,4.3916197559162623e-05,2.9154228711337096e-05,-0.0256183850209121,3.64135789703363e-09,0.5296464842487821
PARTIAL_MALL,22,VZ,NN2_1,fixed,832,1.994991945168901e-09,4.466533269963295e-05,2.899399664727166e-05,-0.0609074121060195,3.64135789703363e-09,0.5478703279329085
PARTIAL_MALL,22,VZ,NN3,fixed,832,1.8837461664359235e-09,4.3402144721613974e-05,2.852335324576849e-05,-0.0017485410593847,3.64135789703363e-09,0.5173196976793972
PARTIAL_MALL,22,VZ,NN3_1,fixed,832,2.0541684447101523e-09,4.532293508490103e-05,3.0016598201603793e-05,-0.0923766053214774,3.64135789703363e-09,0.5641215455321064
PARTIAL_MALL,22,VZ,NN4,fixed,832,1.880964357852552e-09,4.3370085979307814e-05,2.801600151183943e-05,-0.000269216116592,3.64135789703363e-09,0.5165557495419077
PARTIAL_MALL,22,VZ,NN4_1,fixed,832,1.915368041765782e-09,4.376491793395462e-05,2.8335753122432164e-05,-0.018564589867692,3.64135789703363e-09,0.5260037864792428
PARTIAL_MALL,22,VZ,PostLasso,rolling,832,5.6796508994129414e-09,7.536345864816013e-05,5.6283973577593296e-05,-2.02035492020579,3.64135789703363e-09,1.5597617866784723
PARTIAL_MALL,22,VZ,RandomForest,rolling,832,4.31469392167161e-09,6.568632979297603e-05,3.622656854646292e-05,-1.29449084922629,3.64135789703363e-09,1.1849134426436083
PARTIAL_MALL,22,VZ,Ridge,rolling,832,5.672618124080403e-09,7.531678514169602e-05,5.641715583978372e-05,-2.0166149935880235,3.64135789703363e-09,1.557830426034613
PARTIAL_MALL,22,VZ,SHAR,rolling,832,5.419413510659903e-09,7.361666598440806e-05,5.391797373126681e-05,-1.8819644994806373,3.64135789703363e-09,1.4882946592738755
PARTIAL_MALL,22,WMT,AdaptiveLasso,rolling,831,6.109830159663729e-09,7.81654025746924e-05,5.810004313291547e-05,-1.4192914349975765,4.438632330475511e-09,1.3765118858153278
PARTIAL_MALL,22,WMT,Bagging,rolling,831,7.794990080990911e-09,8.828924102624799e-05,4.1949940525139264e-05,-2.08655924076788,4.438632330475511e-09,1.7561693559231637
PARTIAL_MALL,22,WMT,ElasticNet,rolling,831,4.349852654173803e-09,6.59534127560796e-05,4.966202691398644e-05,-0.7223983310075104,4.438632330475511e-09,0.9799984162481424
PARTIAL_MALL,22,WMT,GradientBoosting,rolling,831,7.370068005383344e-09,8.584910020136114e-05,5.370317570022693e-05,-1.918304099267293,4.438632330475511e-09,1.6604366968583288
PARTIAL_MALL,22,WMT,HAR,rolling,831,4.438632330475511e-09,6.662306155135406e-05,3.974300448893581e-05,-0.7575521576877602,4.438632330475511e-09,1.0
PARTIAL_MALL,22,WMT,HARQ,rolling,831,4.573990720921503e-09,6.763128507518915e-05,4.588217868211642e-05,-0.8111496204818929,4.438632330475511e-09,1.0304955176207378
PARTIAL_MALL,22,WMT,HARX,rolling,831,5.158589750104191e-09,7.1823323162495e-05,4.689337461523032e-05,-1.0426315745215802,4.438632330475511e-09,1.1622025358319217
PARTIAL_MALL,22,WMT,Lasso,rolling,831,5.519057496301171e-09,7.42903593765784e-05,5.789834914168406e-05,-1.1853649252331215,4.438632330475511e-09,1.2434139810156148
PARTIAL_MALL,22,WMT,LevHAR,rolling,830,5.432621683671235e-09,7.37063205137201e-05,4.499227907133991e-05,-1.1505654243465533,4.438632330475511e-09,1.2239404571473569
PARTIAL_MALL,22,WMT,LogHAR,rolling,831,3.164017545403359e-09,5.624960040216605e-05,3.5814931113150916e-05,-0.2528466991294731,4.438632330475511e-09,0.7128361418176752
PARTIAL_MALL,22,WMT,NN1,fixed,831,3.709646386121659e-09,6.0906866494030535e-05,3.454041778145499e-05,-0.4688977425368876,4.438632330475511e-09,0.8357633860888506
PARTIAL_MALL,22,WMT,NN1_1,fixed,831,3.1845140662388614e-09,5.643149888350354e-05,3.210639845126487e-05,-0.2609626460557797,4.438632330475511e-09,0.7174538977635266
PARTIAL_MALL,22,WMT,NN2,fixed,831,3.939154259378976e-09,6.276268206011416e-05,3.5307672666286224e-05,-0.5597752984633351,4.438632330475511e-09,0.8874702759976008
PARTIAL_MALL,22,WMT,NN2_1,fixed,831,1.323275278520175e-07,0.000363768508604,4.66688208638498e-05,-51.39734106854598,4.438632330475511e-09,29.812680573576863
PARTIAL_MALL,22,WMT,NN3,fixed,831,3.272097632383886e-09,5.720225198699686e-05,3.392264940888126e-05,-0.2956428525237227,4.438632330475511e-09,0.7371860043279022
PARTIAL_MALL,22,WMT,NN3_1,fixed,831,3.3692567431285393e-09,5.804529906141013e-05,3.4855070727785605e-05,-0.3341146591556534,4.438632330475511e-09,0.7590754296081988
PARTIAL_MALL,22,WMT,NN4,fixed,831,3.345572967648442e-09,5.784092813612557e-05,3.4270437332452135e-05,-0.3247366644045588,4.438632330475511e-09,0.7537396023270146
PARTIAL_MALL,22,WMT,NN4_1,fixed,831,3.466251842615016e-09,5.887488295202816e-05,3.5237804908350666e-05,-0.3725215227332303,4.438632330475511e-09,0.7809279040338257
PARTIAL_MALL,22,WMT,PostLasso,rolling,831,5.218089872471559e-09,7.223634730848147e-05,4.8779906029174295e-05,-1.066191662553979,4.438632330475511e-09,1.1756075935022408
PARTIAL_MALL,22,WMT,RandomForest,rolling,831,4.844607375664915e-09,6.960321383143824e-05,3.740186712939968e-05,-0.918304899414305,4.438632330475511e-09,1.0914639949792624
PARTIAL_MALL,22,WMT,Ridge,rolling,831,5.314214100705619e-09,7.289865637105816e-05,4.8211498085868635e-05,-1.1042536898092847,4.438632330475511e-09,1.1972638653168883
PARTIAL_MALL,22,WMT,SHAR,rolling,831,6.794343642381331e-09,8.242780867147526e-05,4.7594232691279147e-05,-1.6903362206304071,4.438632330475511e-09,1.5307290932235094
PARTIAL_MALL,22,XOM,AdaptiveLasso,rolling,833,6.9074301218525526e-09,8.311095067349762e-05,6.893336701158995e-05,-0.0181527027802339,5.463989442586862e-09,1.26417340194975
PARTIAL_MALL,22,XOM,Bagging,rolling,833,4.861611621679183e-09,6.972525813275404e-05,4.650906465545985e-05,0.2834002045390337,5.463989442586862e-09,0.8897549442148098
PARTIAL_MALL,22,XOM,ElasticNet,rolling,833,6.027138019536504e-09,7.763464445424158e-05,6.340264971940343e-05,0.1116020348570976,5.463989442586862e-09,1.103065458465276
PARTIAL_MALL,22,XOM,GradientBoosting,rolling,833,5.233076327192562e-09,7.234000502621328e-05,5.032243120661596e-05,0.228646441238642,5.463989442586862e-09,0.95773909927524
PARTIAL_MALL,22,XOM,HAR,rolling,833,5.463989442586862e-09,7.391880303810974e-05,5.7842321547207297e-05,0.1946099315094556,5.463989442586862e-09,1.0
PARTIAL_MALL,22,XOM,HARQ,rolling,833,8.258220042840838e-09,9.087474920373006e-05,7.032398247000129e-05,-0.2172586487950258,5.463989442586862e-09,1.5113901901924394
PARTIAL_MALL,22,XOM,HARX,rolling,833,7.705257064617862e-09,8.777959366856206e-05,7.057379392240537e-05,-0.1357521057126707,5.463989442586862e-09,1.4101888639392937
PARTIAL_MALL,22,XOM,Lasso,rolling,833,7.019444921458621e-09,8.378212769713252e-05,6.978328286018095e-05,-0.0346636437464695,5.463989442586862e-09,1.284673953933437
PARTIAL_MALL,22,XOM,LevHAR,rolling,833,7.436456453137724e-09,8.623489115861239e-05,6.906440087910258e-05,-0.0961309927575564,5.463989442586862e-09,1.3609939278391106
PARTIAL_MALL,22,XOM,LogHAR,rolling,833,4.471758651813192e-09,6.68712094388399e-05,4.674902320543613e-05,0.3408643913572574,5.463989442586862e-09,0.8184054341247208
PARTIAL_MALL,22,XOM,NN1,fixed,833,7.812149545928296e-09,8.838636515848073e-05,5.206274430617545e-05,-0.1515080188139554,5.463989442586862e-09,1.429751947366451
PARTIAL_MALL,22,XOM,NN1_1,fixed,833,8.328266276715088e-09,9.125933528530156e-05,5.4417889173255015e-05,-0.227583438344908,5.463989442586862e-09,1.5242098038850105
PARTIAL_MALL,22,XOM,NN2,fixed,833,8.669987224169711e-09,9.311276617182904e-05,5.5365206035235106e-05,-0.277952982460431,5.463989442586862e-09,1.5867503616670615
PARTIAL_MALL,22,XOM,NN2_1,fixed,833,8.995385445897361e-09,9.484400585117312e-05,5.665249495503102e-05,-0.3259165627048064,5.463989442586862e-09,1.646303591984724
PARTIAL_MALL,22,XOM,NN3,fixed,833,8.711359964223436e-09,9.333466646548557e-05,5.574936318806027e-05,-0.2840513093872372,5.463989442586862e-09,1.5943222540523696
PARTIAL_MALL,22,XOM,NN3_1,fixed,833,8.527153774156236e-09,9.234258916749214e-05,5.484718155915424e-05,-0.2568993835657323,5.463989442586862e-09,1.5606094894135
PARTIAL_MALL,22,XOM,NN4,fixed,833,8.763188416472365e-09,9.361190317727956e-05,5.5897220555970985e-05,-0.2916908045116568,5.463989442586862e-09,1.6038077138603577
PARTIAL_MALL,22,XOM,NN4_1,fixed,833,8.579815650895148e-09,9.262729430840106e-05,5.535260072693924e-05,-0.2646617251586751,5.463989442586862e-09,1.5702474796205197
PARTIAL_MALL,22,XOM,PostLasso,rolling,833,6.5702782235116606e-09,8.105725275082829e-05,6.341571183460428e-05,0.0315433651477325,5.463989442586862e-09,1.2024690553576616
PARTIAL_MALL,22,XOM,RandomForest,rolling,833,4.69398968356346e-09,6.8512697243383e-05,4.581238204682581e-05,0.3081076176184457,5.463989442586862e-09,0.8590773706438836
PARTIAL_MALL,22,XOM,Ridge,rolling,833,7.846734175882418e-09,8.858179370436353e-05,7.216624136010288e-05,-0.156605780766124,5.463989442586862e-09,1.4360815038777734
PARTIAL_MALL,22,XOM,SHAR,rolling,833,7.63947248019069e-09,8.740407587859212e-05,7.014046919667297e-05,-0.1260554817506125,5.463989442586862e-09,1.3981492022381856
