date,ads
1960-03-01,-0.593044955765066
1960-03-02,-0.6422020041554737
1960-03-03,-0.6881939988990057
1960-03-04,-0.7310404600741192
1960-03-05,-0.7707595727212427
1960-03-06,-0.8073681945609308
1960-03-07,-0.8408818631486757
1960-03-08,-0.8713148024694097
1960-03-09,-0.8986799289744977
1960-03-10,-0.9229888570637788
1960-03-11,-0.944251904014992
1960-03-12,-0.9624780943626686
1960-03-13,-0.977675163728357
1960-03-14,-0.9898495621038
1960-03-15,-0.9990064565884633
1960-03-16,-1.0051497335825734
1960-03-17,-1.0082820004365953
1960-03-18,-1.0084045865578553
1960-03-19,-1.005517543974771
1960-03-20,-0.9996196473589334
1960-03-21,-0.9907083935050491
1960-03-22,-0.9787800002685227
1960-03-23,-0.9638294049602243
1960-03-24,-0.9458502621977657
1960-03-25,-0.9248349412123741
1960-03-26,-0.9007745226102125
1960-03-27,-0.8736587945867822
1960-03-28,-0.8434762485927926
1960-03-29,-0.810214074449665
1960-03-30,-0.7738581549125928
1960-03-31,-0.7343930596788527
1960-04-01,-0.6918020388388211
1960-04-02,-0.6526910538024844
1960-04-03,-0.6170435049528717
1960-04-04,-0.5848442626363497
1960-04-05,-0.5560796607412437
1960-04-06,-0.5307374908976206
1960-04-07,-0.5088069972957705
1960-04-08,-0.4902788721211898
1960-04-09,-0.47514525160412696
1960-04-10,-0.4633997126820143
1960-04-11,-0.45503727027337043
1960-04-12,-0.45005437516201496
1960-04-13,-0.44844891249069807
1960-04-14,-0.45022020086350556
1960-04-15,-0.4553689920566583
1960-04-16,-0.463897471337584
1960-04-17,-0.4758092583923962
1960-04-18,-0.4911094088621726
1960-04-19,-0.5098044164886884
1960-04-20,-0.5319022158705116
1960-04-21,-0.5574121858306328
1960-04-22,-0.5863451533970566
1960-04-23,-0.6187133983980453
1960-04-24,-0.6545306586739665
1960-04-25,-0.6938121359079528
1960-04-26,-0.7365745020778524
1960-04-27,-0.7828359065322053
1960-04-28,-0.8326159836932525
1960-04-29,-0.8859358613902454
1960-04-30,-0.9428181698265868
1960-05-01,-1.0032870511846232
1960-05-02,-1.061362766884573
1960-05-03,-1.1170699656187417
1960-05-04,-1.1704322908254283
1960-05-05,-1.2214723907237526
1960-05-06,-1.2702119279260902
1960-05-07,-1.3166715886321918
1960-05-08,-1.3608710914088888
1960-05-09,-1.4028291955591181
1960-05-10,-1.442563709083804
1960-05-11,-1.4800914962399938
1960-05-12,-1.515428484698443
1960-05-13,-1.5485896723036894
1960-05-14,-1.579589133439491
1960-05-15,-1.6084400250023227
1960-05-16,-1.6351545919854713
1960-05-17,-1.659744172676097
1960-05-18,-1.6822192034674677
1960-05-19,-1.7025892232884092
1960-05-20,-1.720862877651848
1960-05-21,-1.7370479223241702
1960-05-22,-1.7511512266169518
1960-05-23,-1.7631787763024516
1960-05-24,-1.7731356761541168
1960-05-25,-1.7810261521131652
1960-05-26,-1.7868535530821754
1960-05-27,-1.790620352346439
1960-05-28,-1.7923281486236806
1960-05-29,-1.7919776667425897
1960-05-30,-1.789568757950458
1960-05-31,-1.7851003998500425
1960-06-01,-1.7785706959656367
1960-06-02,-1.7713283696551532
1960-06-03,-1.7633703471058857
1960-06-04,-1.7546932507469029
1960-06-05,-1.7452933978155272
1960-06-06,-1.735166798794284
1960-06-07,-1.7243091557176577
1960-06-08,-1.7127158603479344
1960-06-09,-1.700381992219358
1960-06-10,-1.6873023165497683
1960-06-11,-1.6734712820188395
1960-06-12,-1.6588830184119678
1960-06-13,-1.6435313341288158
1960-06-14,-1.6274097135554528
1960-06-15,-1.610511314298975
1960-06-16,-1.5928289642834343
1960-06-17,-1.574355158705842
1960-06-18,-1.555082056850954
1960-06-19,-1.535001478763488
1960-06-20,-1.5141049017763601
1960-06-21,-1.4923834568934642
1960-06-22,-1.4698279250254631
1960-06-23,-1.4464287330769916
1960-06-24,-1.4221759498836106
1960-06-25,-1.3970592819967886
1960-06-26,-1.3710680693151214
1960-06-27,-1.3441912805599356
1960-06-28,-1.3164175085933563
1960-06-29,-1.2877349655768502
1960-06-30,-1.2581314779681914
1960-07-01,-1.2275944813547264
1960-07-02,-1.198006387492049
1960-07-03,-1.1693546385009712
1960-07-04,-1.141627073908972
1960-07-05,-1.114811925489009
1960-07-06,-1.0888978122648074
1960-07-07,-1.0638737356805072
1960-07-08,-1.0397290749326191
1960-07-09,-1.0164535824623064
1960-07-10,-0.9940373796060824
1960-07-11,-0.9724709524030736
1960-07-12,-0.951745147557073
1960-07-13,-0.9318511685516655
1960-07-14,-0.912780571916783
1960-07-15,-0.8945252636450958
1960-07-16,-0.8770774957567277
1960-07-17,-0.8604298630108321
1960-07-18,-0.8445752997626346
1960-07-19,-0.8295070769646073
1960-07-20,-0.8152187993105047
1960-07-21,-0.8017044025210452
1960-07-22,-0.7889581507700899
1960-07-23,-0.7769746342502233
1960-07-24,-0.7657487668767041
1960-07-25,-0.7552757841288131
1960-07-26,-0.7455512410276783
1960-07-27,-0.7365710102497214
1960-07-28,-0.7283312803749262
1960-07-29,-0.7208285542691824
1960-07-30,-0.7140596476000196
1960-07-31,-0.708021687485103
1960-08-01,-0.7027121112729137
1960-08-02,-0.6982835234125954
1960-08-03,-0.6947340443078625
1960-08-04,-0.69206216747675
1960-08-05,-0.6902667589122278
1960-08-06,-0.689347056600901
1960-08-07,-0.6893026701995945
1960-08-08,-0.6901335808696809
1960-08-09,-0.6918401412690862
1960-08-10,-0.6944230757019654
1960-08-11,-0.6978834804261143
1960-08-12,-0.7022228241182468
1960-08-13,-0.7074429484973359
1960-08-14,-0.7135460691062825
1960-08-15,-0.7205347762522427
1960-08-16,-0.7284120361060159
1960-08-17,-0.7371811919609563
1960-08-18,-0.7468459656519454
1960-08-19,-0.7574104591350252
1960-08-20,-0.7688791562283643
1960-08-21,-0.7812569245152963
1960-08-22,-0.7945490174102343
1960-08-23,-0.8087610763883447
1960-08-24,-0.8238991333799193
1960-08-25,-0.8399696133304696
1960-08-26,-0.8569793369276223
1960-08-27,-0.8749355234959797
1960-08-28,-0.89384579406117
1960-08-29,-0.9137181745843879
1960-08-30,-0.9345610993688009
1960-08-31,-0.9563834146392654
1960-09-01,-0.9791943822968705
1960-09-02,-1.0007827975210537
1960-09-03,-1.021157822940253
1960-09-04,-1.040328106191888
1960-09-05,-1.0583017835926205
1960-09-06,-1.0750864835915968
1960-09-07,-1.0906893300081397
1960-09-08,-1.1051169450552658
1960-09-09,-1.118375452150305
1960-09-10,-1.1304704785138244
1960-09-11,-1.1414071575579507
1960-09-12,-1.151190131065112
1960-09-13,-1.159823551158117
1960-09-14,-1.1673110820624146
1960-09-15,-1.1736559016612758
1960-09-16,-1.1788607028445623
1960-09-17,-1.1829276946516525
1960-09-18,-1.1858586032090077
1960-09-19,-1.1876546724627826
1960-09-20,-1.1883166647067838
1960-09-21,-1.1878448609060055
1960-09-22,-1.1862390608158777
1960-09-23,-1.1834985828972782
1960-09-24,-1.17962226402727
1960-09-25,-1.1746084590054462
1960-09-26,-1.1684550398556681
1960-09-27,-1.1611593949229015
1960-09-28,-1.1527184277647706
1960-09-29,-1.1431285558373543
1960-09-30,-1.1323857089746707
1960-10-01,-1.1204853276612048
1960-10-02,-1.1104410716929547
1960-10-03,-1.1022486780527225
1960-10-04,-1.0959046696970034
1960-10-05,-1.0914063540802457
1960-10-06,-1.0887518220120729
1960-10-07,-1.0879399468469781
1960-10-08,-1.0889703840061489
1960-10-09,-1.0918435708312204
1960-10-10,-1.0965607267698938
1960-10-11,-1.103123853893498
1960-10-12,-1.1115357377467145
1960-10-13,-1.1217999485298296
1960-10-14,-1.1339208426140102
1960-10-15,-1.1479035643902487
1960-10-16,-1.1637540484527644
1960-10-17,-1.1814790221177827
1960-10-18,-1.201086008278767
1960-10-19,-1.222583328599309
1960-10-20,-1.2459801070450387
1960-10-21,-1.2712862737560482
1960-10-22,-1.2985125692614754
1960-10-23,-1.3276705490380367
1960-10-24,-1.35877258841444
1960-10-25,-1.3918318878237654
1960-10-26,-1.4268624784060373
1960-10-27,-1.463879227963367
1960-10-28,-1.5028978472701984
1960-10-29,-1.5439348967413258
1960-10-30,-1.5870077934605222
1960-10-31,-1.6321348185727578
1960-11-01,-1.6793351250431445
1960-11-02,-1.7253763871712464
1960-11-03,-1.7702781459457513
1960-11-04,-1.814059458723468
1960-11-05,-1.8567389073177138
1960-11-06,-1.898334605884871
1960-11-07,-1.9388642086124566
1960-11-08,-1.9783449172119754
1960-11-09,-2.016793488219728
1960-11-10,-2.0542262401086755
1960-11-11,-2.090659060214382
1960-11-12,-2.126107411477972
1960-11-13,-2.1605863390089626
1960-11-14,-2.1941104764707626
1960-11-15,-2.2266940522915393
1960-11-16,-2.258350895703097
1960-11-17,-2.2890944426103266
1960-11-18,-2.318937741293718
1960-11-19,-2.347893457947355
1960-11-20,-2.3759738820547454
1960-11-21,-2.403190931604764
1960-11-22,-2.4295561581499276
1960-11-23,-2.455080751709142
1960-11-24,-2.47977554551701
1960-11-25,-2.5036510206217075
1960-11-26,-2.526717310333386
1960-11-27,-2.5489842045249884
1960-11-28,-2.5704611537872983
1960-11-29,-2.591157273439992
1960-11-30,-2.6110813474003924
1960-12-01,-2.6302418319115723
1960-12-02,-2.6462263076087966
1960-12-03,-2.6590415586774743
1960-12-04,-2.668693024209947
1960-12-05,-2.675184800513962
1960-12-06,-2.6785196428512448
1960-12-07,-2.678698966606895
1960-12-08,-2.6757228478901096
1960-12-09,-2.669590023566485
1960-12-10,-2.660297890721914
1960-12-11,-2.6478425055578456
1960-12-12,-2.632218581717449
1960-12-13,-2.613419488041956
1960-12-14,-2.5914372457562447
1960-12-15,-2.5662625250824593
1960-12-16,-2.5378846412802356
1960-12-17,-2.506291550111844
1960-12-18,-2.471469842730338
1960-12-19,-2.4334047399885224
1960-12-20,-2.392080086166337
1960-12-21,-2.3474783421139955
1960-12-22,-2.299580577807955
1960-12-23,-2.248366464316574
1960-12-24,-2.193814265172037
1960-12-25,-2.1359008271448907
1960-12-26,-2.0746015704172693
1960-12-27,-2.009890478150648
1960-12-28,-1.9417400854436844
1960-12-29,-1.8701214676754745
1960-12-30,-1.795004228229267
1960-12-31,-1.7163564855914268
1961-01-01,-1.6341448598201755
1961-01-02,-1.5552588295936896
1961-01-03,-1.4796649138353632
1961-01-04,-1.4073310287189835
1961-01-05,-1.3382264740516043
1961-01-06,-1.2723219202436646
1961-01-07,-1.209589395860827
1961-01-08,-1.150002275752244
1961-01-09,-1.0935352697502225
1961-01-10,-1.040164411936486
1961-01-11,-0.9898670504704754
1961-01-12,-0.9426218379753815
1961-01-13,-0.8984087224778159
1961-01-14,-0.857208938897286
1961-01-15,-0.819005001081856
1961-01-16,-0.783780694386614
1961-01-17,-0.7515210687917978
1961-01-18,-0.7222124325576573
1961-01-19,-0.695842346413359
1961-01-20,-0.6723996182774691
1961-01-21,-0.6518742985077722
1961-01-22,-0.6342576756784102
1961-01-23,-0.6195422728825491
1961-01-24,-0.6077218445590061
1961-01-25,-0.5987913738414858
1961-01-26,-0.5927470704293053
1961-01-27,-0.5895863689787028
1961-01-28,-0.5893079280140443
1961-01-29,-0.5919116293584711
1961-01-30,-0.5973985780837414
1961-01-31,-0.605771102979251
1961-02-01,-0.6170327575404231
1961-02-02,-0.6262737084685726
1961-02-03,-0.6334978778394462
1961-02-04,-0.6387083317595199
1961-02-05,-0.641907281667325
1961-02-06,-0.6430960852720354
1961-02-07,-0.6422752471297106
1961-02-08,-0.6394444188574411
1961-02-09,-0.6346023989854868
1961-02-10,-0.6277471324473447
1961-02-11,-0.6188757097075313
1961-02-12,-0.607984365526707
1961-02-13,-0.5950684773636206
1961-02-14,-0.5801225634131949
1961-02-15,-0.5631402802799207
1961-02-16,-0.54411442028557
1961-02-17,-0.5230369084100905
1961-02-18,-0.4998987988643766
1961-02-19,-0.47469027129346875
1961-02-20,-0.4474006266085638
1961-02-21,-0.41801828244607203
1961-02-22,-0.38653076825179145
1961-02-23,-0.3529247199881115
1961-02-24,-0.3171858744620048
1961-02-25,-0.2792990632713925
1961-02-26,-0.2392482063673213
1961-02-27,-0.19701630522921335
1961-02-28,-0.15258543565029653
1961-03-01,-0.10593674013015242
1961-03-02,-0.06040054178620324
1961-03-03,-0.015957513990646155
1961-03-04,0.02741120591716939
1961-03-05,0.06972402463649474
1961-03-06,0.11099890071741558
1961-03-07,0.15125335218288238
1961-03-08,0.19050446396376752
1961-03-09,0.22876889515011034
1961-03-10,0.266062886061624
1961-03-11,0.3024022651404682
1961-03-12,0.3378024556692093
1961-03-13,0.3722784823168226
1961-03-14,0.4058449775155136
1961-03-15,0.43851618767106415
1961-03-16,0.47030597920934
1961-03-17,0.5012278444615275
1961-03-18,0.531294907390593
1961-03-19,0.5605199291614014
1961-03-20,0.5889153135568516
1961-03-21,0.6164931122423327
1961-03-22,0.6432650298807336
1961-03-23,0.6692424291001735
1961-03-24,0.6944363353165697
1961-03-25,0.7188574414130802
1961-03-26,0.7425161122784143
1961-03-27,0.7654223892059331
1961-03-28,0.7875859941554102
1961-03-29,0.8090163338792586
1961-03-30,0.8297225039149755
1961-03-31,0.8497132924455029
1961-04-01,0.8689971840291368
1961-04-02,0.8881108805362843
1961-04-03,0.907062494266869
1961-04-04,0.9258600687290925
1961-04-05,0.944511582053287
1961-04-06,0.9630249503780215
1961-04-07,0.9814080312098952
1961-04-08,0.999668626758448
1961-04-09,1.0178144872475996
1961-04-10,1.0358533142050272
1961-04-11,1.0537927637308726
1961-04-12,1.0716404497471717
1961-04-13,1.0894039472293793
1961-04-14,1.107090795421368
1961-04-15,1.124708501035258
1961-04-16,1.142264541437442
1961-04-17,1.1597663678221544
1961-04-18,1.177221408373932
1961-04-19,1.1946370714203103
1961-04-20,1.2120207485760897
1961-04-21,1.2293798178805107
1961-04-22,1.246721646928666
1961-04-23,1.26405359599848
1961-04-24,1.2813830211745838
1961-04-25,1.2987172774704085
1961-04-26,1.3160637219498255
1961-04-27,1.3334297168496563
1961-04-28,1.3508226327043782
1961-04-29,1.368249851474352
1961-04-30,1.3857187696788968
1961-05-01,1.4032368015355496
1961-05-02,1.4200163411567983
1961-05-03,1.4360645101717813
1961-05-04,1.4513881197988427
1961-05-05,1.4659936737363728
1961-05-06,1.4798873709231295
1961-05-07,1.4930751081692137
1961-05-08,1.5055624826588128
1961-05-09,1.5173547943257764
1961-05-10,1.5284570481030326
1961-05-11,1.5388739560468003
1961-05-12,1.548609939336492
1961-05-13,1.5576691301511696
1961-05-14,1.5660553734233362
1961-05-15,1.573772228470815
1961-05-16,1.5808229705074088
1961-05-17,1.587210592032975
1961-05-18,1.592937804103515
1961-05-19,1.5980070374818074
1961-05-20,1.6024204436690828
1961-05-21,1.6061798958181694
1961-05-22,1.6092869895285038
1961-05-23,1.611743043523341
1961-05-24,1.6135491002094506
1961-05-25,1.6147059261195393
1961-05-26,1.6152140122375847
1961-05-27,1.6150735742072215
1961-05-28,1.614284552423264
1961-05-29,1.612846612006409
1961-05-30,1.610759142661107
1961-05-31,1.6080212584165348
1961-06-01,1.6046317972505724
1961-06-02,1.6009363011258384
1961-06-03,1.5969332015873292
1961-06-04,1.5926207996259563
1961-06-05,1.587997264957447
1961-06-06,1.5830606352455305
1961-06-07,1.5778088152690743
1961-06-08,1.572239576032825
1961-06-09,1.5663505538213698
1961-06-10,1.5601392491959203
1961-06-11,1.553603025933493
1961-06-12,1.5467391099080336
1961-06-13,1.5395445879130136
1961-06-14,1.5320164064249973
1961-06-15,1.5241513703076548
1961-06-16,1.5159461414556714
1961-06-17,1.5073972373779778
1961-06-18,1.4985010297196995
1961-06-19,1.4892537427221975
1961-06-20,1.4796514516205488
1961-06-21,1.4696900809777835
1961-06-22,1.459365402955176
1961-06-23,1.4486730355178474
1961-06-24,1.4376084405749325
1961-06-25,1.4261669220535031
1961-06-26,1.4143436239054488
1961-06-27,1.4021335280464524
1961-06-28,1.3895314522262021
1961-06-29,1.3765320478289196
1961-06-30,1.3631297976032843
1961-07-01,1.3493190133207822
1961-07-02,1.335912638526375
1961-07-03,1.3229049832409854
1961-07-04,1.3102905267114224
1961-07-05,1.2980639150672457
1961-07-06,1.286219959048457
1961-07-07,1.274753631803057
1961-07-08,1.263660066753531
1961-07-09,1.2529345555313611
1961-07-10,1.242572545978683
1961-07-11,1.2325696402162445
1961-07-12,1.2229215927768429
1961-07-13,1.213624308803448
1961-07-14,1.204673842311251
1961-07-15,1.1960663945128949
1961-07-16,1.1877983122061804
1961-07-17,1.179866086223561
1961-07-18,1.1722663499427723
1961-07-19,1.164995877857956
1961-07-20,1.158051584210682
1961-07-21,1.151430521680278
1961-07-22,1.145129880132921
1961-07-23,1.1391469854289467
1961-07-24,1.1334792982878856
1961-07-25,1.128124413210731
1961-07-26,1.1230800574589899
1961-07-27,1.118344090090078
1961-07-28,1.1139145010486569
1961-07-29,1.1097894103135153
1961-07-30,1.1059670670996473
1961-07-31,1.1024458491151776
1961-08-01,1.0992242618728214
1961-08-02,1.0950450871026618
1961-08-03,1.0899065510651629
1961-08-04,1.0838064728454253
1961-08-05,1.0767422634275534
1961-08-06,1.0687109245958175
1961-08-07,1.0597090476621407
1961-08-08,1.0497328120193719
1961-08-09,1.0387779835197308
1961-08-10,1.0268399126777363
1961-08-11,1.0139135326968565
1961-08-12,0.9999933573190408
1961-08-13,0.9850734784962254
1961-08-14,0.9691475638828175
1961-08-15,0.9522088541481013
1961-08-16,0.9342501601074187
1961-08-17,0.915263859670912
1961-08-18,0.8952418946085304
1961-08-19,0.8741757671299284
1961-08-20,0.8520565362778052
1961-08-21,0.8288748141331531
1961-08-22,0.804620761830805
1961-08-23,0.7792840853835896
1961-08-24,0.7528540313133233
1961-08-25,0.7253193820867815
1961-08-26,0.6966684513547159
1961-08-27,0.6668890789918935
1961-08-28,0.6359686259360566
1961-08-29,0.6038939688236074
1961-08-30,0.5706514944197463
1961-08-31,0.5362270938406967
1961-09-01,0.5006061565655644
1961-09-02,0.4680667491368418
1961-09-03,0.43859506106882307
1961-09-04,0.4121785838876624
1961-09-05,0.38880610582248454
1961-09-06,0.3684677070468477
1961-09-07,0.35115475546853614
1961-09-08,0.33685990306589875
1961-09-09,0.3255770827691772
1961-09-10,0.3173015058854991
1961-09-11,0.3120296600664449
1961-09-12,0.30975930781732486
1961-09-13,0.3104894855475341
1961-09-14,0.31422050316158234
1961-09-15,0.3209539441906246
1961-09-16,0.33069266646454876
1961-09-17,0.34344080332490523
1961-09-18,0.35920376537919424
1961-09-19,0.3779882427972536
1961-09-20,0.3998022081507242
1961-09-21,0.4246549197967949
1961-09-22,0.4525569258076667
1961-09-23,0.48352006844740125
1961-09-24,0.5175574891980537
1961-09-25,0.5546836343372264
1961-09-26,0.5949142610694071
1961-09-27,0.6382664442136938
1961-09-28,0.6847585834507486
1961-09-29,0.734410411132052
1961-09-30,0.7872430006547751
1961-10-01,0.8432787754058213
1961-10-02,0.8975407595770704
1961-10-03,0.9500519832239533
1961-10-04,1.000834733338178
1961-10-05,1.0499105633068513
1961-10-06,1.097300302060241
1961-10-07,1.1430240629120592
1961-10-08,1.1871012520960258
1961-10-09,1.229550577002326
1961-10-10,1.2703900541174649
1961-10-11,1.3096370166708864
1961-10-12,1.3473081219916
1961-10-13,1.3834193585779435
1961-10-14,1.417986052883471
1961-10-15,1.4510228758218635
1961-10-16,1.4825438489936051
1961-10-17,1.5125623506370787
1961-10-18,1.541091121306602
1961-10-19,1.5681422692798215
1961-10-20,1.593727275696741
1961-10-21,1.6178569994325942
1961-10-22,1.6405416817065994
1961-10-23,1.661790950428576
1961-10-24,1.6816138242852519
1961-10-25,1.7000187165680076
1961-10-26,1.7170134387436733
1961-10-27,1.7326052037698965
1961-10-28,1.7468006291564924
1961-10-29,1.759605739774067
1961-10-30,1.771025970411117
1961-10-31,1.7810661680806767
1961-11-01,1.7897305940775068
1961-11-02,1.7969862064218804
1961-11-03,1.8028360845654063
1961-11-04,1.8072827113332144
1961-11-05,1.8103279739777252
1961-11-06,1.8119731649796424
1961-11-07,1.812218982596513
1961-11-08,1.811065531159084
1961-11-09,1.808512321115583
1961-11-10,1.80455826882394
1961-11-11,1.799201696091866
1961-11-12,1.7924403294645868
1961-11-13,1.7842712992599377
1961-11-14,1.7746911383504025
1961-11-15,1.7636957806915827
1961-11-16,1.751280559596474
1961-11-17,1.7374402057548148
1961-11-18,1.7221688449966681
1961-11-19,1.705459995799286
1961-11-20,1.6873065665361997
1961-11-21,1.6677008524673675
1961-11-22,1.6466345324691032
1961-11-23,1.6240986655023957
1961-11-24,1.6000836868181245
1961-11-25,1.5745794038975545
1961-11-26,1.5475749921263933
1961-11-27,1.519058990200573
1961-11-28,1.489019295261802
1961-11-29,1.4574431577608316
1961-11-30,1.4243171760462472
1961-12-01,1.3896272906764944
1961-12-02,1.3544384919690362
1961-12-03,1.3187358449745308
1961-12-04,1.2825041966544037
1961-12-05,1.2457281694495423
1961-12-06,1.2083921547537013
1961-12-07,1.170480306288844
1961-12-08,1.1319765333796117
1961-12-09,1.0928644941240646
1961-12-10,1.0531275884577969
1961-12-11,1.0127489511084802
1961-12-12,0.9717114444378476
1961-12-13,0.9299976511680799
1961-12-14,0.8875898669895046
1961-12-15,0.844470093046473
1961-12-16,0.8006200282982248
1961-12-17,0.7560210617514982
1961-12-18,0.7106542645615892
1961-12-19,0.6645003819985074
1961-12-20,0.6175398252748172
1961-12-21,0.5697526632316987
1961-12-22,0.5211186138796983
1961-12-23,0.4716170357905769
1961-12-24,0.4212269193366052
1961-12-25,0.3699268777735871
1961-12-26,0.3176951381638232
1961-12-27,0.2645095321351687
1961-12-28,0.21034748647225676
1961-12-29,0.15518601353589745
1961-12-30,0.09900170150658716
1961-12-31,0.041770704447983364
1962-01-01,-0.016531267813867045
1962-01-02,-0.0699808711004759
1962-01-03,-0.11860079067382157
1962-01-04,-0.1624116619651349
1962-01-05,-0.20143207933305762
1962-01-06,-0.2356786039555231
1962-01-07,-0.26516577085870874
1962-01-08,-0.28990609508604004
1962-01-09,-0.30991007700986806
1962-01-10,-0.3251862067880742
1962-01-11,-0.3357409679674894
1962-01-12,-0.34157884023566565
1962-01-13,-0.3427023013221584
1962-01-14,-0.33911182805013407
1962-01-15,-0.33080589653874415
1962-01-16,-0.31778098155635476
1962-01-17,-0.30003155502435647
1962-01-18,-0.27755008367091716
1962-01-19,-0.2503270258336868
1962-01-20,-0.21835082741009176
1962-01-21,-0.18160791695350276
1962-01-22,-0.14008269991319705
1962-01-23,-0.09375755201566538
1962-01-24,-0.04261281178445819
1962-01-25,0.013373227804605314
1962-01-26,0.07422432853640565
1962-01-27,0.1399663170415804
1962-01-28,0.21062709575795002
1962-01-29,0.2862366547729664
1962-01-30,0.36682708455220586
1962-01-31,0.45243258955931603
1962-02-01,0.5430895027731862
1962-02-02,0.6288119393298621
1962-02-03,0.7096362818367191
1962-02-04,0.7855968340354363
1962-02-05,0.856725835361309
1962-02-06,0.9230534746264176
1962-02-07,0.9846079028324654
1962-02-08,1.0414152451187226
1962-02-09,1.0934996118501479
1962-02-10,1.140883108850388
1962-02-11,1.1835858467840106
1962-02-12,1.221625949691937
1962-02-13,1.2550195626837128
1962-02-14,1.2837808587898663
1962-02-15,1.3079220449772766
1962-02-16,1.3274533673300954
1962-02-17,1.3423831153984245
1962-02-18,1.352717625716595
1962-02-19,1.3584612844925408
1962-02-20,1.3596165294694071
1962-02-21,1.3561838509601873
1962-02-22,1.348161792055821
1962-02-23,1.3355469480068498
1962-02-24,1.3183339647783612
1962-02-25,1.2965155367776093
1962-02-26,1.2700824037533551
1962-02-27,1.239023346865592
1962-02-28,1.2033251839240158
1962-03-01,1.1629727637931866
1962-03-02,1.124429624887131
1962-03-03,1.0876794085960595
1962-03-04,1.0527065172684815
1962-03-05,1.0194961075911988
1962-03-06,0.9880340842894546
1962-03-07,0.9583070941445702
1962-03-08,0.9303025203265258
1962-03-09,0.9040084770390834
1962-03-10,0.8794138044751765
1962-03-11,0.8565080640804268
1962-03-12,0.8352815341227781
1962-03-13,0.8157252055663652
1962-03-14,0.7978307782478681
1962-03-15,0.7815906573537297
1962-03-16,0.7669979501967381
1962-03-17,0.7540464632906093
1962-03-18,0.7427306997213267
1962-03-19,0.7330458568141225
1962-03-20,0.7249878240951098
1962-03-21,0.7185531815467014
1962-03-22,0.7137391981560743
1962-03-23,0.7105438307560648
1962-03-24,0.7089657231579987
1962-03-25,0.709004205576095
1962-03-26,0.7106592943431922
1962-03-27,0.7139316919176804
1962-03-28,0.718822787181641
1962-03-29,0.7253346560303218
1962-03-30,0.7334700622531938
1962-03-31,0.7432324587069687
1962-04-01,0.7546259887810736
1962-04-02,0.7640704594145489
1962-04-03,0.7715698790616659
1962-04-04,0.7771274306515562
1962-04-05,0.7807454729391226
1962-04-06,0.7824255415061481
1962-04-07,0.7821683494130345
1962-04-08,0.7799737875014411
1962-04-09,0.7758409243479554
1962-04-10,0.7697680058687748
1962-04-11,0.7617524545752337
1962-04-12,0.7517908684798553
1962-04-13,0.7398790196524703
1962-04-14,0.7260118524257825
1962-04-15,0.710183481249627
1962-04-16,0.6923871881930048
1962-04-17,0.6726154200928343
1962-04-18,0.6508597853482141
1962-04-19,0.6271110503588295
1962-04-20,0.6013591356059984
1962-04-21,0.5735931113746862
1962-04-22,0.5438011931146801
1962-04-23,0.5119707364389492
1962-04-24,0.4780882317570723
1962-04-25,0.4421392985414503
1962-04-26,0.40410867922387506
1962-04-27,0.3639802327198592
1962-04-28,0.3217369275779842
1962-04-29,0.27736083475135176
1962-04-30,0.23083311998807826
1962-05-01,0.1821340358375979
1962-05-02,0.13522732137864946
1962-05-03,0.09009306830433017
1962-05-04,0.04671212058181162
1962-05-05,0.005066066322071849
1962-05-06,-0.03486277003454108
1962-05-07,-0.07309133522023048
1962-05-08,-0.1096358543323398
1962-05-09,-0.1445118377196647
1962-05-10,-0.17773408756540676
1962-05-11,-0.20931670416956738
1962-05-12,-0.23927309193344393
1962-05-13,-0.26761596504877183
1962-05-14,-0.2943573528939246
1962-05-15,-0.3195086051394639
1962-05-16,-0.3430803965652046
1962-05-17,-0.3650827315908417
1962-05-18,-0.3855249485220597
1962-05-19,-0.40441572351392824
1962-05-20,-0.4217630742532644
1962-05-21,-0.4375743633615281
1962-05-22,-0.4518563015196894
1962-05-23,-0.46461495031639954
1962-05-24,-0.4758557248206701
1962-05-25,-0.4855833958801558
1962-05-26,-0.49380209214601295
1962-05-27,-0.5005153018251968
1962-05-28,-0.5057258741609367
1962-05-29,-0.5094360206420228
1962-05-30,-0.5116473159414124
1962-05-31,-0.5123606985845601
1962-06-01,-0.5115764713477473
1962-06-02,-0.5095392578312331
1962-06-03,-0.5062481933939449
1962-06-04,-0.5017018812311477
1962-06-05,-0.49589839178160783
1962-06-06,-0.48883526190864224
1962-06-07,-0.4805094938547054
1962-06-08,-0.4709175539690709
1962-06-09,-0.46005537120806744
1962-06-10,-0.4479183354072328
1962-06-11,-0.434501295324652
1962-06-12,-0.4197985564546497
1962-06-13,-0.40380387861090894
1962-06-14,-0.3865104732779903
1962-06-15,-0.3679110007301266
1962-06-16,-0.34799756691607187
1962-06-17,-0.3267617201086814
1962-06-18,-0.304194447317801
1962-06-19,-0.28028617046494303
1962-06-20,-0.25502674231812605
1962-06-21,-0.2284054421851517
1962-06-22,-0.200410971363493
1962-06-23,-0.17103144834485962
1962-06-24,-0.14025440377240883
1962-06-25,-0.10806677514845803
1962-06-26,-0.07445490129045579
1962-06-27,-0.039404516532855344
1962-06-28,-0.0029007446724337027
1962-06-29,0.035071907345517433
1962-06-30,0.07452955600280733
1962-07-01,0.1154889480485568
1962-07-02,0.15433070268564164
1962-07-03,0.1910713052633532
1962-07-04,0.22572634935289665
1962-07-05,0.25831054336566744
1962-07-06,0.2888377167958453
1962-07-07,0.31732082608995443
1962-07-08,0.34377196014588335
1962-07-09,0.3682023454436958
1962-07-10,0.3906223508104107
1962-07-11,0.4110414918207758
1962-07-12,0.4294684348359003
1962-07-13,0.4459110006814597
1962-07-14,0.46037616796703984
1962-07-15,0.4728700760480191
1962-07-16,0.48339802763125705
1962-07-17,0.4919644910256849
1962-07-18,0.4985731020387625
1962-07-19,0.5032266655195985
1962-07-20,0.505927156549395
1962-07-21,0.5066757212797173
1962-07-22,0.505472677418948
1962-07-23,0.5023175143671301
1962-07-24,0.4972088929992559
1962-07-25,0.49014464509691075
1962-07-26,0.48112177242803156
1962-07-27,0.47013644547438593
1962-07-28,0.45718400180623553
1962-07-29,0.44225894410349165
1962-07-30,0.425354937822524
1962-07-31,0.40646480850763234
1962-08-01,0.38558053874603965
1962-08-02,0.36587304006863086
1962-08-03,0.3473339481519506
1962-08-04,0.3299553945717054
1962-08-05,0.31373000346322
1962-08-06,0.2986508883909483
1962-08-07,0.2847116494257085
1962-08-08,0.2719063704284037
1962-08-09,0.2602296165390744
1962-08-10,0.249676431870216
1962-08-11,0.24024233740338494
1962-08-12,0.23192332908819818
1962-08-13,0.2247158761429206
1962-08-14,0.2186169195559186
1962-08-15,0.21362387078734396
1962-08-16,0.20973461067049734
1962-08-17,0.20694748851240363
1962-08-18,0.20526132139322018
1962-08-19,0.20467539366417697
1962-08-20,0.20518945664383936
1962-08-21,0.20680372851256118
1962-08-22,0.20951889440508628
1962-08-23,0.21333610670133518
1962-08-24,0.2182569855155022
1962-08-25,0.22428361938366997
1962-08-26,0.23141856615023304
1962-08-27,0.23966485405350643
1962-08-28,0.2490259830109815
1962-08-29,0.259505926104772
1962-08-30,0.27110913126788394
1962-08-31,0.2838405231720217
1962-09-01,0.29770550531773426
1962-09-02,0.3103765757051282
1962-09-03,0.3218591122328897
1962-09-04,0.3321579883581316
1962-09-05,0.3412775751648025
1962-09-06,0.34922174321887717
1962-09-07,0.35599386421111534
1962-09-08,0.3615968123880862
1962-09-09,0.3660329657720653
1962-09-10,0.3693042071703237
1962-09-11,0.3714119249742347
1962-09-12,0.3723570137485401
1962-09-13,0.37213987461102416
1962-09-14,0.37076041540275734
1962-09-15,0.36821805064898216
1962-09-16,0.3645117013106235
1962-09-17,0.3596397943263198
1962-09-18,0.35360026194477856
1962-09-19,0.3463905408471746
1962-09-20,0.33800757105921747
1962-09-21,0.3284477946524268
1962-09-22,0.31770715423406404
1962-09-23,0.3057810912250803
1962-09-24,0.2926645439253488
1962-09-25,0.27835194536536073
1962-09-26,0.26283722094347334
1962-09-27,0.2461137858477068
1962-09-28,0.2281745422609958
1962-09-29,0.2090118763487103
1962-09-30,0.18861765502716574
1962-10-01,0.16698322251175224
1962-10-02,0.1462327868225647
1962-10-03,0.12635754098928245
1962-10-04,0.1073490494926333
1962-10-05,0.0891992446841613
1962-10-06,0.07190042336212815
1962-10-07,0.055445243502094343
1962-10-08,0.03982672114079189
1962-10-09,0.02503822741196743
1962-10-10,0.011073485732935928
1962-10-11,-0.0020734308593478024
1962-10-12,-0.014408102223830876
1962-10-13,-0.025935763483584562
1962-10-14,-0.036661307247713604
1962-10-15,-0.04658928568789361
1962-10-16,-0.05572391247041936
1962-10-17,-0.06406906454458333
1962-10-18,-0.0716282837881434
1962-10-19,-0.07840477851057914
1962-10-20,-0.08440142481477286
1962-10-21,-0.0896207678176954
1962-10-22,-0.09406502273061298
1962-10-23,-0.09773607579927496
1962-10-24,-0.1006354851044804
1962-10-25,-0.10276448122336426
1962-10-26,-0.10412396775168264
1962-10-27,-0.10471452168732096
1962-10-28,-0.10453639367518403
1962-10-29,-0.10358950811357664
1962-10-30,-0.10187346312211595
1962-10-31,-0.0993875303711643
1962-11-01,-0.09613065477270875
1962-11-02,-0.09335042622165195
1962-11-03,-0.091045664723959
1962-11-04,-0.08921539208493515
1962-11-05,-0.08785883149405688
1962-11-06,-0.08697540719527544
1962-11-07,-0.08656474424265262
1962-11-08,-0.08662666834122461
1962-11-09,-0.08716120577302747
1962-11-10,-0.08816858340825165
1962-11-11,-0.08964922880153109
1962-11-12,-0.09160377037340735
1962-11-13,-0.09403303767704606
1962-11-14,-0.09693806175031858
1962-11-15,-0.10032007555339871
1962-11-16,-0.10418051449205981
1962-11-17,-0.10852101702689448
1962-11-18,-0.11334342536871572
1962-11-19,-0.11864978626043414
1962-11-20,-0.12444235184574359
1962-11-21,-0.13072358062498374
1962-11-22,-0.137496138498585
1962-11-23,-0.14476289989853902
1962-11-24,-0.152526949008375
1962-11-25,-0.1607915810721591
1962-11-26,-0.16956030379307346
1962-11-27,-0.17883683882216705
1962-11-28,-0.18862512333791187
1962-11-29,-0.19892931171723321
1962-11-30,-0.20975377729872463
1962-12-01,-0.2211031142387952
1962-12-02,-0.2313049909527171
1962-12-03,-0.24036373735561983
1962-12-04,-0.2482831981913876
1962-12-05,-0.2550667346644587
1962-12-06,-0.2607172258663993
1962-12-07,-0.265237069997857
1962-12-08,-0.2686281853864139
1962-12-09,-0.27089201130076895
1962-12-10,-0.2720295085615979
1962-12-11,-0.2720411599493476
1962-12-12,-0.27092697040913954
1962-12-13,-0.2686864670528688
1962-12-14,-0.2653186989584988
1962-12-15,-0.2608222367664684
1962-12-16,-0.25519517207303777
1962-12-17,-0.2484351166203172
1962-12-18,-0.2405392012826351
1962-12-19,-0.23150407484881327
1962-12-20,-0.22132590259983495
1962-12-21,-0.21000036468130004
1962-12-22,-0.19752265426997825
1962-12-23,-0.1838874755336805
1962-12-24,-0.169089041383584
1962-12-25,-0.15312107101805641
1962-12-26,-0.13597678725693654
1962-12-27,-0.11764891366514087
1962-12-28,-0.09812967146437383
1962-12-29,-0.07741077623163282
1962-12-30,-0.05548343438310477
1962-12-31,-0.03233833944196398
1963-01-01,-0.007965668088485311
1963-01-02,0.01608312661616207
1963-01-03,0.03981825154302321
1963-01-04,0.06324978043435187
1963-01-05,0.08638765817914207
1963-01-06,0.10924170503397196
1963-01-07,0.1318216207909505
1963-01-08,0.15413698889453575
1963-01-09,0.1761972805089732
1963-01-10,0.19801185853807945
1963-01-11,0.21958998159907742
1963-01-12,0.2409408079521703
1963-01-13,0.2620733993875211
1963-01-14,0.2829967250712888
1963-01-15,0.30371966535235195
1963-01-16,0.3242510155313367
1963-01-17,0.3445994895935477
1963-01-18,0.36477372390738794
1963-01-19,0.3847822808898351
1963-01-20,0.40463365264053197
1963-01-21,0.4243362645460314
1963-01-22,0.44389847885572886
1963-01-23,0.46332859823099504
1963-01-24,0.48263486926902055
1963-01-25,0.5018254860028646
1963-01-26,0.5209085933791946
1963-01-27,0.5398922907151911
1963-01-28,0.5587846351360881
1963-01-29,0.5775936449948058
1963-01-30,0.5963273032751264
1963-01-31,0.6149935609798596
1963-02-01,0.6336003405054345
1963-02-02,0.6510255560816955
1963-02-03,0.6672766033777607
1963-02-04,0.6823603797182625
1963-02-05,0.696283287010734
1963-02-06,0.7090512344627278
1963-02-07,0.7206696410898228
1963-02-08,0.73114343801558
1963-02-09,0.7404770705644282
1963-02-10,0.748674500148362
1963-02-11,0.755739205948259
1963-02-12,0.7616741863905252
1963-02-13,0.7664819604196969
1963-02-14,0.7701645685675399
1963-02-15,0.7727235738190995
1963-02-16,0.774160062276067
1963-02-17,0.7744746436177474
1963-02-18,0.773667451359821
1963-02-19,0.7717381429110108
1963-02-20,0.7686858994276791
1963-02-21,0.7645094254662903
1963-02-22,0.7592069484335956
1963-02-23,0.7527762178343014
1963-02-24,0.7452145043159074
1963-02-25,0.736518598510306
1963-02-26,0.7266848096716503
1963-02-27,0.7157089641099156
1963-02-28,0.7035864034194881
1963-03-01,0.6903119825020283
1963-03-02,0.6781683146162218
1963-03-03,0.6671502457053414
1963-03-04,0.6572530994431962
1963-03-05,0.6484726752493891
1963-03-06,0.6408052465064922
1963-03-07,0.634247558978383
1963-03-08,0.6287968294290712
1963-03-09,0.6244507444414271
1963-03-10,0.6212074594353145
1963-03-11,0.6190655978847066
1963-03-12,0.6180242507334569
1963-03-13,0.6180829760094743
1963-03-14,0.6192417986371395
1963-03-15,0.6215012104478842
1963-03-16,0.6248621703889351
1963-03-17,0.6293261049303138
1963-03-18,0.6348949086702645
1963-03-19,0.6415709451393652
1963-03-20,0.6493570478036654
1963-03-21,0.6582565212672759
1963-03-22,0.6682731426749196
1963-03-23,0.6794111633150401
1963-03-24,0.6916753104241485
1963-03-25,0.7050707891931725
1963-03-26,0.7196032849766614
1963-03-27,0.7352789657057838
1963-03-28,0.7521044845061413
1963-03-29,0.770086982521512
1963-03-30,0.7892340919447165
1963-03-31,0.8095539392569022
1963-04-01,0.8310551486766093
1963-04-02,0.8512355790190382
1963-04-03,0.8701037953309064
1963-04-04,0.8876678057245999
1963-04-05,0.9039350647770035
1963-04-06,0.9189124766933987
1963-04-07,0.9326063982377686
1963-04-08,0.9450226414307579
1963-04-09,0.9561664760164301
1963-04-10,0.9660426316988708
1963-04-11,0.9746553001495839
1963-04-12,0.982008136786536
1963-04-13,0.9881042623255998
1963-04-14,0.9929462641050609
1963-04-15,0.9965361971837432
1963-04-16,0.9988755852132244
1963-04-17,0.999965421084509
1963-04-18,0.9998061673494361
1963-04-19,0.9983977564169941
1963-04-20,0.995739590524637
1963-04-21,0.9918305414845776
1963-04-22,0.9866689502049593
1963-04-23,0.9802526259856978
1963-04-24,0.972578845588698
1963-04-25,0.9636443520820468
1963-04-26,0.953445353457696
1963-04-27,0.9419775210220445
1963-04-28,0.9292359875587402
1963-04-29,0.9152153452629194
1963-04-30,0.899909643446007
1963-05-01,0.8833123860101069
1963-05-02,0.8668582398517751
1963-05-03,0.8505402214464711
1963-05-04,0.834351405045457
1963-05-05,0.818284919736348
1963-05-06,0.8023339465269363
1963-05-07,0.7864917154510516
1963-05-08,0.7707515026952285
1963-05-09,0.7551066277449636
1963-05-10,0.739550450549348
1963-05-11,0.7240763687028751
1963-05-12,0.7086778146432247
1963-05-13,0.6933482528638362
1963-05-14,0.6780811771400869
1963-05-15,0.6628701077678973
1963-05-16,0.6477085888135944
1963-05-17,0.632590185373861
1963-05-18,0.6175084808446133
1963-05-19,0.6024570741976435
1963-05-20,0.5874295772638738
1963-05-21,0.5724196120220679
1963-05-22,0.5574208078918499
1963-05-23,0.5424267990298803
1963-05-24,0.5274312216280442
1963-05-25,0.5124277112125014
1963-05-26,0.4974098999424552
1963-05-27,0.48237141390749144
1963-05-28,0.4673058704223424
1963-05-29,0.4522068753179253
1963-05-30,0.43706802022750785
1963-05-31,0.4218828798668471
1963-06-01,0.40664500930714903
1963-06-02,0.39169559336261645
1963-06-03,0.37702828715141173
1963-06-04,0.3626368655256673
1963-06-05,0.34851522042938726
1963-06-06,0.3346573583060458
1963-06-07,0.3210573975547814
1963-06-08,0.30770956603410815
1963-06-09,0.29460819861208326
1963-06-10,0.28174773476189324
1963-06-11,0.2691227162018358
1963-06-12,0.2567277845786977
1963-06-13,0.24455767919354401
1963-06-14,0.23260723476895445
1963-06-15,0.22087137925675912
1963-06-16,0.20934513168534227
1963-06-17,0.19802360004560174
1963-06-18,0.18690197921466545
1963-06-19,0.17597554891648523
1963-06-20,0.16523967171844106
1963-06-21,0.15468979106310626
1963-06-22,0.1443214293343378
1963-06-23,0.13413018595687143
1963-06-24,0.1241117355286144
1963-06-25,0.11426182598484386
1963-06-26,0.10457627679353099
1963-06-27,0.09505097718102529
1963-06-28,0.08568188438734647
1963-06-29,0.07646502195034208
1963-06-30,0.06739647801798421
1963-07-01,0.058472403688087884
1963-07-02,0.05018038603029898
1963-07-03,0.042516905718348624
1963-07-04,0.035478710191920976
1963-07-05,0.02906281227619055
1963-07-06,0.023266488913995007
1963-07-07,0.018087280010106344
1963-07-08,0.01352298738710872
1963-07-09,0.009571673852440732
1963-07-10,0.006231662376205274
1963-07-11,0.0035015353793992343
1963-07-12,0.0013801341322593474
1963-07-13,-0.00013344173752956323
1963-07-14,-0.0010398346269734765
1963-07-15,-0.0013394292304180488
1963-07-16,-0.0010323527028213986
1963-07-17,-0.00011847471372161689
1963-07-18,0.0014025926080781514
1963-07-19,0.00353149483913133
1963-07-20,0.00626913553534629
1963-07-21,0.009616676615475939
1963-07-22,0.013575538854263491
1963-07-23,0.01814740248545267
1963-07-24,0.023334207914917984
1963-07-25,0.029138156544218183
1963-07-26,0.035561711704923324
1963-07-27,0.04260759970410938
1963-07-28,0.05027881098146725
1963-07-29,0.058578601378515394
1963-07-30,0.0675104935204549
1963-07-31,0.07707827831125431
1963-08-01,0.08728601654259754
1963-08-02,0.09808833073647907
1963-08-03,0.10948980564774083
1963-08-04,0.1214952803290493
1963-08-05,0.1341098501847028
1963-08-06,0.14733886913324015
1963-08-07,0.1611879518797689
1963-08-08,0.1756629762989776
1963-08-09,0.19077008592984337
1963-08-10,0.20651569258309335
1963-08-11,0.22290647906252756
1963-08-12,0.2399494020013567
1963-08-13,0.25765169481476036
1963-08-14,0.27602087076991727
1963-08-15,0.29506472617481205
1963-08-16,0.31479134368717077
1963-08-17,0.3352090957449295
1963-08-18,0.35632664811969306
1963-08-19,0.37815296359469097
1963-08-20,0.40069730576879303
1963-08-21,0.42396924298819677
1963-08-22,0.4479786524074572
1963-08-23,0.47273572418158316
1963-08-24,0.4982509657909763
1963-08-25,0.5245352065010526
1963-08-26,0.5515996019584353
1963-08-27,0.5794556389256728
1963-08-28,0.608115140156489
1963-08-29,0.6375902694136366
1963-08-30,0.6678935366314823
1963-08-31,0.6990378032255168
1963-09-01,0.7310362875510387
1963-09-02,0.7614529562839267
1963-09-03,0.7903007189699274
1963-09-04,0.8175918192743583
1963-09-05,0.8433378401786085
1963-09-06,0.8675497088962253
1963-09-07,0.8902377015106792
1963-09-08,0.9114114473367755
1963-09-09,0.9310799330075583
1963-09-10,0.9492515062884511
1963-09-11,0.9659338796202407
1963-09-12,0.9811341333924188
1963-09-13,0.9948587189482658
1963-09-14,1.00711346132295
1963-09-15,1.0179035617158094
1963-09-16,1.0272335996978637
1963-09-17,1.035107535155489
1963-09-18,1.0415287099710886
1963-09-19,1.0464998494414641
1963-09-20,1.0500230634344965
1963-09-21,1.052099847284623
1963-09-22,1.0527310824274914
1963-09-23,1.0519170367740631
1963-09-24,1.0496573648243195
1963-09-25,1.0459511075206254
1963-09-26,1.04079669184068
1963-09-27,1.0341919301298919
1963-09-28,1.0261340191728865
1963-09-29,1.0166195390037551
1963-09-30,1.0056444514545422
1963-10-01,0.9932040984413526
1963-10-02,0.980237635958459
1963-10-03,0.9667395607358602
1963-10-04,0.9527041438746722
1963-10-05,0.9381254284156488
1963-10-06,0.9229972268109103
1963-10-07,0.9073131182978023
1963-10-08,0.891066446173774
1963-10-09,0.8742503149711185
1963-10-10,0.8568575875303744
1963-10-11,0.8388808819711487
1963-10-12,0.8203125685590736
1963-10-13,0.8011447664675697
1963-10-14,0.7813693404330374
1963-10-15,0.7609778973020623
1963-10-16,0.7399617824691637
1963-10-17,0.7183120762035772
1963-10-18,0.6960195898635133
1963-10-19,0.6730748619962822
1963-10-20,0.6494681543226319
1963-10-21,0.6251894476035953
1963-10-22,0.6002284373880902
1963-10-23,0.5745745296394692
1963-10-24,0.5482168362391634
1963-10-25,0.5211441703655093
1963-10-26,0.49334504174580035
1963-10-27,0.46480765177954686
1963-10-28,0.4355198885308732
1963-10-29,0.40546932158792964
1963-10-30,0.37464319678713365
1963-10-31,0.3430284308000059
1963-11-01,0.3106116055802988
1963-11-02,0.2794914756659786
1963-11-03,0.24965483294591767
1963-11-04,0.22108901405097858
1963-11-05,0.19378189497938336
1963-11-06,0.16772188595100385
1963-11-07,0.14289792648838806
1963-11-08,0.11929948072243418
1963-11-09,0.09691653292072183
1963-11-10,0.07573958323660085
1963-11-11,0.05575964367723368
1963-11-12,0.036968234288881574
1963-11-13,0.01935737955781358
1963-11-14,0.0029196050253121886
1963-11-15,-0.012352065884662755
1963-11-16,-0.026464114826494578
1963-11-17,-0.03942253128387674
1963-11-18,-0.05123281511188943
1963-11-19,-0.0618999788712668
1963-11-20,-0.07142854995584452
1963-11-21,-0.07982257251409258
1963-11-22,-0.08708560916554547
1963-11-23,-0.093220742512862
1963-11-24,-0.0982305764501537
1963-11-25,-0.10211723726813837
1963-11-26,-0.10488237455658761
1963-11-27,-0.10652716190445138
1963-11-28,-0.10705229739795652
1963-11-29,-0.10645800391689086
1963-11-30,-0.10474402922919901
1963-12-01,-0.10190964588392833
1963-12-02,-0.0984184600388117
1963-12-03,-0.09426898995290736
1963-12-04,-0.08945947449404246
1963-12-05,-0.0839878723913475
1963-12-06,-0.07785186136889316
1963-12-07,-0.0710488371600621
1963-12-08,-0.06357591240223726
1963-12-09,-0.055429915411337675
1963-12-10,-0.04660738883568142
1963-12-11,-0.0371045881886049
1963-12-12,-0.026917480259214845
1963-12-13,-0.016041741400599545
1963-12-14,-0.004472755694771735
1963-12-15,0.007794387006434825
1963-12-16,0.02076489316534734
1963-12-17,0.03444426776819798
1963-12-18,0.04883831666156917
1963-12-19,0.06395314901653061
1963-12-20,0.07979517992151444
1963-12-21,0.0963711331050284
1963-12-22,0.11368804378936415
1963-12-23,0.13175326167650986
1963-12-24,0.15057445406753572
1963-12-25,0.17015960911677558
1963-12-26,0.19051703922218693
1963-12-27,0.21165538455332683
1963-12-28,0.23358361671844247
1963-12-29,0.2563110425722306
1963-12-30,0.2798473081658852
1963-12-31,0.3042024028411069
1964-01-01,0.3293866634698136
1964-01-02,0.3542575310353098
1964-01-03,0.3788255613155936
1964-01-04,0.4031011815574346
1964-01-05,0.42709469490194185
1964-01-06,0.45081628475745805
1964-01-07,0.47427601912163564
1964-01-08,0.4974838548545315
1964-01-09,0.5204496419045305
1964-01-10,0.543183127488894
1964-01-11,0.5656939602307073
1964-01-12,0.5879916942539812
1964-01-13,0.610085793238645
1964-01-14,0.6319856344371537
1964-01-15,0.6537005126544143
1964-01-16,0.6752396441927171
1964-01-17,0.6966121707633508
1964-01-18,0.7178271633665587
1964-01-19,0.7388936261414828
1964-01-20,0.7598205001877316
1964-01-21,0.7806166673601916
1964-01-22,0.8012909540386949
1964-01-23,0.8218521348741399
1964-01-24,0.8423089365126604
1964-01-25,0.8626700412994166
1964-01-26,0.8829440909635863
1964-01-27,0.903139690286117
1964-01-28,0.9232654107517957
1964-01-29,0.9433297941871883
1964-01-30,0.9633413563859899
1964-01-31,0.9833085907233271
1964-02-01,1.0032399717605456
1964-02-02,1.0212497363386168
1964-02-03,1.0373455282229296
1964-02-04,1.0515341788440877
1964-02-05,1.0638217101973293
1964-02-06,1.074213337398402
1964-02-07,1.0827134708969812
1964-02-08,1.0893257183485667
1964-02-09,1.094052886145657
1964-02-10,1.0968969806088478
1964-02-11,1.0978592088383605
1964-02-12,1.0969399792263657
1964-02-13,1.0941389016303122
1964-02-14,1.0894547872073432
1964-02-15,1.0828856479097217
1964-02-16,1.0744286956410583
1964-02-17,1.0640803410729776
1964-02-18,1.0518361921217216
1964-02-19,1.0376910520840494
1964-02-20,1.0216389174316318
1964-02-21,1.0036729752630158
1964-02-22,0.9837856004120686
1964-02-23,0.9619683522116786
1964-02-24,0.9382119709113403
1964-02-25,0.9125063737470976
1964-02-26,0.8848406506621842
1964-02-27,0.85520305967654
1964-02-28,0.8235810219032396
1964-02-29,0.7899611162097198
1964-03-01,0.7543290735215344
1964-03-02,0.7207054129522261
1964-03-03,0.6890758638336921
1964-03-04,0.6594270018453782
1964-03-05,0.6317462433166818
1964-03-06,0.6060218398861492
1964-03-07,0.5822428735151942
1964-03-08,0.5603992518542289
1964-03-09,0.5404817039592336
1964-03-10,0.5224817763569511
1964-03-11,0.506391829457036
1964-03-12,0.4922050343096324
1964-03-13,0.4799153697070086
1964-03-14,0.46951761962801586
1964-03-15,0.4610073710242865
1964-03-16,0.45438101194723324
1964-03-17,0.44963573001505364
1964-03-18,0.44676951121908964
1964-03-19,0.4457811390690347
1964-03-20,0.4466701940766275
1964-03-21,0.44943705357761105
1964-03-22,0.45408289189188245
1964-03-23,0.4606096808219022
1964-03-24,0.469020190489573
1964-03-25,0.47931799051194446
1964-03-26,0.4915074515162421
1964-03-27,0.5055937469948636
1964-03-28,0.5215828555011301
1964-03-29,0.539481563186724
1964-03-30,0.5592974666818913
1964-03-31,0.5810389763196273
1964-04-01,0.6047153197052206
1964-04-02,0.6273884416534808
1964-04-03,0.6490679651677546
1964-04-04,0.6697630915449692
1964-04-05,0.6894826042808794
1964-04-06,0.708234872797988
1964-04-07,0.7260278559977243
1964-04-08,0.7428691056383891
1964-04-09,0.7587657695402963
1964-04-10,0.7737245946194755
1964-04-11,0.787751929751222
1964-04-12,0.800853728464706
1964-04-13,0.8130355514697913
1964-04-14,0.8243025690171306
1964-04-15,0.8346595630925391
1964-04-16,0.8441109294465834
1964-04-17,0.8526606794602396
1964-04-18,0.8603124418474172
1964-04-19,0.8670694641950708
1964-04-20,0.8729346143415514
1964-04-21,0.8779103815937843
1964-04-22,0.8819988777837895
1964-04-23,0.8852018381649917
1964-04-24,0.8875206221487035
1964-04-25,0.8889562138810908
1964-04-26,0.8895092226608674
1964-04-27,0.8891798831978962
1964-04-28,0.887968055712805
1964-04-29,0.8858732258776604
1964-04-30,0.8828945045976766
1964-05-01,0.879030627633861
1964-05-02,0.8747155230258605
1964-05-03,0.8699473593423364
1964-05-04,0.86472411286308
1964-05-05,0.8590435667200984
1964-05-06,0.8529033099567235
1964-05-07,0.8463007365043466
1964-05-08,0.8392330440763404
1964-05-09,0.8316972329787045
1964-05-10,0.8236901048369242
1964-05-11,0.8152082612385058
1964-05-12,0.8062481022906105
1964-05-13,0.7968058250921766
1964-05-14,0.786877422119878
1964-05-15,0.7764586795272386
1964-05-16,0.7655451753561773
1964-05-17,0.7541322776602244
1964-05-18,0.7422151425386165
1964-05-19,0.7297887120804311
1964-05-20,0.7168477122178908
1964-05-21,0.7033866504879257
1964-05-22,0.6893998137010435
1964-05-23,0.6748812655165187
1964-05-24,0.6598248439228699
1964-05-25,0.6442241586225586
1964-05-26,0.6280725883197972
1964-05-27,0.6113632779103164
1964-05-28,0.5940891355718982
1964-05-29,0.5762428297544411
1964-05-30,0.5578167860682781
1964-05-31,0.5388031840694296
1964-06-01,0.5191939539404228
1964-06-02,0.5008883538246365
1964-06-03,0.4838786143971595
1964-06-04,0.4681575163266709
1964-06-05,0.4537183872113866
1964-06-06,0.4405550987471361
1964-06-07,0.4286620641263671
1964-06-08,0.41803423566697323
1964-06-09,0.40866710266994016
1964-06-10,0.400556689504899
1964-06-11,0.393699553922776
1964-06-12,0.3880927855948214
1964-06-13,0.3837340048773981
1964-06-14,0.38062136180200473
1964-06-15,0.3787535352901062
1964-06-16,0.3781297325924369
1964-06-17,0.37874968895253935
1964-06-18,0.3806136674943953
1964-06-19,0.383722459334102
1964-06-20,0.38807738391564006
1964-06-21,0.39368028957087636
1964-06-22,0.4005335543040395
1964-06-23,0.40864008680100045
1964-06-24,0.4180033276637865
1964-06-25,0.4286272508708537
1964-06-26,0.440516365463736
1964-06-27,0.4536757174607882
1964-06-28,0.46811089199883404
1964-06-29,0.4838280157036286
1964-06-30,0.5008337592901424
1964-07-01,0.519135340393768
1964-07-02,0.5368501552755056
1964-07-03,0.5539857225171929
1964-07-04,0.5705493148544187
1964-07-05,0.5865479622632424
1964-07-06,0.6019884549438799
1964-07-07,0.6168773462026234
1964-07-08,0.6312209552332183
1964-07-09,0.6450253697988767
1964-07-10,0.6582964488160661
1964-07-11,0.6710398248411713
1964-07-12,0.6832609064610826
1964-07-13,0.6949648805887265
1964-07-14,0.7061567146645132
1964-07-15,0.7168411587646348
1964-07-16,0.727022747617108
1964-07-17,0.7367058025264192
1964-07-18,0.7458944332075871
1964-07-19,0.754592539530422
1964-07-20,0.7628038131747217
1964-07-21,0.7705317391971069
1964-07-22,0.7777795975101605
1964-07-23,0.7845504642744991
1964-07-24,0.7908472132043683
1964-07-25,0.7966725167873137
1964-07-26,0.8020288474184464
1964-07-27,0.806918478449787
1964-07-28,0.8113434851551283
1964-07-29,0.8153057456108296
1964-07-30,0.8188069414929176
1964-07-31,0.8218485587908275
1964-08-01,0.8244318884380935
1964-08-02,0.8268027400343141
1964-08-03,0.8289621198243683
1964-08-04,0.830910944299553
1964-08-05,0.8326500405865642
1964-08-06,0.8341801467985489
1964-08-07,0.8355019123483771
1964-08-08,0.8366158982242681
1964-08-09,0.837522577227887
1964-08-10,0.8382223341750129
1964-08-11,0.8387154660588636
1964-08-12,0.8390021821761464
1964-08-13,0.8390826042158886
1964-08-14,0.8389567663110851
1964-08-15,0.8386246150531853
1964-08-16,0.8380860094694257
1964-08-17,0.8373407209629966
1964-08-18,0.8363884332160216
1964-08-19,0.8352287420553041
1964-08-20,0.8338611552807866
1964-08-21,0.8322850924566504
1964-08-22,0.8304998846649639
1964-08-23,0.8285047742217793
1964-08-24,0.826298914355553
1964-08-25,0.8238813688477559
1964-08-26,0.8212511116355212
1964-08-27,0.8184070263761584
1964-08-28,0.8153479059733519
1964-08-29,0.812072452064841
1964-08-30,0.8085792744713644
1964-08-31,0.8048668906066354
1964-09-01,0.8009337248480985
1964-09-02,0.7941905584114904
1964-09-03,0.784634529339233
1964-09-04,0.7722615818290439
1964-09-05,0.7570664645125604
1964-09-06,0.7390427282265344
1964-09-07,0.7181827232756579
1964-09-08,0.6944775961858524
1964-09-09,0.6679172859466483
1964-09-10,0.638490519741056
1964-09-11,0.6061848081611187
1964-09-12,0.5709864399071162
1964-09-13,0.5328804759681672
1964-09-14,0.49185074328176537
1964-09-15,0.447879827869552
1964-09-16,0.40094906744641634
1964-09-17,0.3510385434997862
1964-09-18,0.2981270728357436
1964-09-19,0.2421921985883833
1964-09-20,0.18321018068859268
1964-09-21,0.12115598578821196
1964-09-22,0.05600327663529425
1964-09-23,-0.012275599104039414
1964-09-24,-0.0837096205818968
1964-09-25,-0.1583291060680465
1964-09-26,-0.23616572581769857
1964-09-27,-0.3172525155131033
1964-09-28,-0.40162389028466705
1964-09-29,-0.4893156593175379
1964-09-30,-0.5803650410498635
1964-10-01,-0.6748106789691644
1964-10-02,-0.7608147121562944
1964-10-03,-0.8384136427348261
1964-10-04,-0.9076404055061663
1964-10-05,-0.9685243819278532
1964-10-06,-1.0210914125837358
1964-10-07,-1.0653638081513228
1964-10-08,-1.1013603588709544
1964-10-09,-1.1290963425208225
1964-10-10,-1.1485835309012145
1964-10-11,-1.1598301948307417
1964-10-12,-1.1628411076566687
1964-10-13,-1.1576175472808328
1964-10-14,-1.1441572967020164
1964-10-15,-1.1224546430749986
1964-10-16,-1.0925003752858902
1964-10-17,-1.0542817800427238
1964-10-18,-1.007782636479632
1964-10-19,-0.952983209272334
1964-10-20,-0.889860240262003
1964-10-21,-0.8183869385839585
1964-10-22,-0.7385329692969964
1964-10-23,-0.6502644405085314
1964-10-24,-0.5535438889900839
1964-10-25,-0.44833026427700956
1964-10-26,-0.3345789112457238
1964-10-27,-0.21224155116101884
1964-10-28,-0.08126626118544383
1964-10-29,0.05840254765796565
1964-10-30,0.2068241540789491
1964-10-31,0.3640615516792913
1964-11-01,0.5301814756887808
1964-11-02,0.6883956613007518
1964-11-03,0.8387712583166755
1964-11-04,0.9813720896576537
1964-11-05,1.1162586784523627
1964-11-06,1.243488273724483
1964-11-07,1.3631148746905235
1964-11-08,1.4751892536783535
1964-11-09,1.5797589776761665
1964-11-10,1.6768684285210211
1964-11-11,1.7665588217355346
1964-11-12,1.8488682240207088
1964-11-13,1.923831569412333
1964-11-14,1.9914806741078068
1964-11-15,2.051844249969675
1964-11-16,2.104947916711615
1964-11-17,2.1508142127720444
1964-11-18,2.1894626048799593
1964-11-19,2.220909496317069
1964-11-20,2.245168233879737
1964-11-21,2.2622491135436675
1964-11-22,2.272159384833762
1964-11-23,2.2749032539009857
1964-11-24,2.27048188530756
1964-11-25,2.258893402521223
1964-11-26,2.2401328871187927
1964-11-27,2.2141923766986675
1964-11-28,2.1810608615014013
1964-11-29,2.140724279736899
1964-11-30,2.093165511616269
1964-12-01,2.0383643720857805
1964-12-02,1.9854163261956854
1964-12-03,1.9342989015566978
1964-12-04,1.8849904027380138
1964-12-05,1.8374699020592629
1964-12-06,1.7917172307083116
1964-12-07,1.7477129701811491
1964-12-08,1.7054384440402184
1964-12-09,1.6648757099876985
1964-12-10,1.626007552250376
1964-12-11,1.5888174742728656
1964-12-12,1.5532896917160888
1964-12-13,1.5194091257580278
1964-12-14,1.487161396693924
1964-12-15,1.4565328178331929
1964-12-16,1.427510389690473
1964-12-17,1.4000817944683404
1964-12-18,1.3742353908293468
1964-12-19,1.349960208955164
1964-12-20,1.3272459458907369
1964-12-21,1.306082961171467
1964-12-22,1.2864622727315744
1964-12-23,1.2683755530919
1964-12-24,1.2518151258255266
1964-12-25,1.2367739622997247
1964-12-26,1.2232456786928374
1964-12-27,1.2112245332848346
1964-12-28,1.2007054240203958
1964-12-29,1.191683886343476
1964-12-30,1.1841560913024447
1964-12-31,1.178118843924989
1965-01-01,1.1735695818620928
1965-01-02,1.1691806026377747
1965-01-03,1.164950043466581
1965-01-04,1.1608761088002337
1965-01-05,1.1569570695655598
1965-01-06,1.1531912624306293
1965-01-07,1.1495770890988015
1965-01-08,1.146113015630368
1965-01-09,1.1427975717915138
1965-01-10,1.1396293504303154
1965-01-11,1.1366070068795133
1965-01-12,1.1337292583858032
1965-01-13,1.1309948835654051
1965-01-14,1.1284027218856802
1965-01-15,1.1259516731725734
1965-01-16,1.1236406971436734
1965-01-17,1.1214688129666928
1965-01-18,1.1194350988431805
1965-01-19,1.117538691617288
1965-01-20,1.1157787864094255
1965-01-21,1.1141546362746537
1965-01-22,1.112665551885662
1965-01-23,1.1113109012402012
1965-01-24,1.1100901093928486
1965-01-25,1.1090026582109855
1965-01-26,1.1080480861548923
1965-01-27,1.1072259880818578
1965-01-28,1.1065360150742287
1965-01-29,1.10597787429132
1965-01-30,1.1055513288451264
1965-01-31,1.105256197699783
1965-02-01,1.1050923555947278
1965-02-02,1.1052620599864107
1965-02-03,1.1057653829013452
1965-02-04,1.1066025379615505
1965-02-05,1.1077738804752182
1965-02-06,1.1092799075875117
1965-02-07,1.1111212584915686
1965-02-08,1.1132987146997866
1965-02-09,1.1158132003755181
1965-02-10,1.1186657827253046
1965-02-11,1.1218576724518257
1965-02-12,1.1253902242677496
1965-02-13,1.1292649374707033
1965-02-14,1.1334834565796115
1965-02-15,1.1380475720326673
1965-02-16,1.1429592209472368
1965-02-17,1.1482204879420181
1965-02-18,1.1538336060218
1965-02-19,1.1598009575252028
1965-02-20,1.166125075135799
1965-02-21,1.1728086429570421
1965-02-22,1.1798544976514633
1965-02-23,1.187265629644619
1965-02-24,1.1950451843942949
1965-02-25,1.2031964637255137
1965-02-26,1.211722927231906
1965-02-27,1.2206281937440433
1965-02-28,1.2299160428653535
1965-03-01,1.2395904165762746
1965-03-02,1.2483067790419125
1965-03-03,1.2560688296903997
1965-03-04,1.2628798629176088
1965-03-05,1.268742769485371
1965-03-06,1.2736600377483853
1965-03-07,1.2776337547103314
1965-03-08,1.2806656069096447
1965-03-09,1.282756881135323
1965-03-10,1.2839084649730688
1965-03-11,1.2841208471820011
1965-03-12,1.2833941179020987
1965-03-13,1.2817279686924536
1965-03-14,1.279121692400366
1965-03-15,1.275574182861209
1965-03-16,1.271083934428947
1965-03-17,1.2656490413371055
1965-03-18,1.259267196889918
1965-03-19,1.251935692483311
1965-03-20,1.2436514164553087
1965-03-21,1.2344108527653712
1965-03-22,1.2242100795021043
1965-03-23,1.213044767218709
1965-03-24,1.2009101770954627
1965-03-25,1.187801158928453
1965-03-26,1.1737121489437112
1965-03-27,1.158637167435816
1965-03-28,1.1425698162299678
1965-03-29,1.1255032759664514
1965-03-30,1.1074303032063424
1965-03-31,1.0883432273572213
1965-04-01,1.0682339474175946
1965-04-02,1.0489366681199108
1965-04-03,1.0304431992474161
1965-04-04,1.0127456917393036
1965-04-05,0.9958366343593901
1965-04-06,0.9797088505081707
1965-04-07,0.9643554951769028
1965-04-08,0.949770052042423
1965-04-09,0.9359463307014688
1965-04-10,0.9228784640433254
1965-04-11,0.910560905759687
1965-04-12,0.8989884279906739
1965-04-13,0.8881561191060066
1965-04-14,0.8780593816203945
1965-04-15,0.8686939302422567
1965-04-16,0.8600557900549424
1965-04-17,0.8521412948296845
1965-04-18,0.8449470854695659
1965-04-19,0.8384701085838407
1965-04-20,0.8327076151920028
1965-04-21,0.827657159557055
1965-04-22,0.8233165981474806
1965-04-23,0.819684088727479
1965-04-24,0.8167580895750771
1965-04-25,0.814537358827787
1965-04-26,0.81302095395553
1965-04-27,0.8122082313606052
1965-04-28,0.8120988461045313
1965-04-29,0.8126927517616467
1965-04-30,0.8139902003994056
1965-05-01,0.8159917426853611
1965-05-02,0.817850706445328
1965-05-03,0.8195678806670129
1965-05-04,0.8211439941593252
1965-05-05,0.8225797158617009
1965-05-06,0.8238756551280163
1965-05-07,0.825032361985212
1965-05-08,0.8260503273667368
1965-05-09,0.826929983320912
1965-05-10,0.8276717031943022
1965-05-11,0.8282758017901726
1965-05-12,0.828742535502099
1965-05-13,0.8290721024227872
1965-05-14,0.8292646424281476
1965-05-15,0.8293202372366628
1965-05-16,0.8292389104440698
1965-05-17,0.8290206275333758
1965-05-18,0.8286652958602068
1965-05-19,0.8281727646134884
1965-05-20,0.8275428247514381
1965-05-21,0.8267752089128422
1965-05-22,0.8258695913035816
1965-05-23,0.8248255875583583
1965-05-24,0.8236427545775604
1965-05-25,0.8223205903392008
1965-05-26,0.8208585336858476
1965-05-27,0.819255964086455
1965-05-28,0.8175122013729963
1965-05-29,0.8156265054517842
1965-05-30,0.8135980759893578
1965-05-31,0.8114260520728023
1965-06-01,0.8091095118443572
1965-06-02,0.8074664190167391
1965-06-03,0.8064960762229154
1965-06-04,0.806198071626705
1965-06-05,0.8065722787479862
1965-06-06,0.807618856409015
1965-06-07,0.8093382488018332
1965-06-08,0.8117311856767941
1965-06-09,0.8147986826522855
1965-06-10,0.8185420416457811
1965-06-11,0.8229628514264065
1965-06-12,0.8280629882892478
1965-06-13,0.8338446168516973
1965-06-14,0.8403101909721664
1965-06-15,0.8474624547915601
1965-06-16,0.8553044438979566
1965-06-17,0.8638394866149794
1965-06-18,0.8730712054144177
1965-06-19,0.8830035184536872
1965-06-20,0.8936406412387878
1965-06-21,0.904987088413463
1965-06-22,0.9170476756753211
1965-06-23,0.9298275218197285
1965-06-24,0.9433320509123472
1965-06-25,0.9575669945912351
1965-06-26,0.9725383944994868
1965-06-27,0.9882526048494484
1965-06-28,1.0047162951195945
1965-06-29,1.02193645288521
1965-06-30,1.039920386784081
1965-07-01,1.0586757296184515
1965-07-02,1.0762831805092787
1965-07-03,1.092750212470611
1965-07-04,1.1080838144960254
1965-07-05,1.1222904945249197
1965-07-06,1.1353762822046343
1965-07-07,1.1473467314495762
1965-07-08,1.1582069227984282
1965-07-09,1.167961465570451
1965-07-10,1.1766144998217851
1965-07-11,1.1841696981025862
1965-07-12,1.1906302670157436
1965-07-13,1.1959989485778353
1965-07-14,1.2002780213829058
1965-07-15,1.203469301569554
1965-07-16,1.2055741435917442
1965-07-17,1.2065934407936691
1965-07-18,1.206527625788906
1965-07-19,1.2053766706440263
1965-07-20,1.2031400868667437
1965-07-21,1.1998169251985815
1965-07-22,1.19540577521199
1965-07-23,1.1899047647117247
1965-07-24,1.1833115589402445
1965-07-25,1.1756233595867853
1965-07-26,1.166836903599692
1965-07-27,1.1569484618015027
1965-07-28,1.145953837306198
1965-07-29,1.1338483637379453
1965-07-30,1.1206269032505798
1965-07-31,1.1062838443469816
1965-08-01,1.0908130994974252
1965-08-02,1.0757698013197325
1965-08-03,1.0611475650862496
1965-08-04,1.0469401847778619
1965-08-05,1.0331416304500138
1965-08-06,1.0197460456734597
1965-08-07,1.0067477450486584
1965-08-08,0.9941412117927555
1965-08-09,0.9819210953981335
1965-08-10,0.97008220936153
1965-08-11,0.9586195289827645
1965-08-12,0.9475281892321382
1965-08-13,0.9368034826856018
1965-08-14,0.9264408575268143
1965-08-15,0.9164359156152461
1965-08-16,0.9067844106195044
1965-08-17,0.8974822462150924
1965-08-18,0.8885254743458314
1965-08-19,0.8799102935482148
1965-08-20,0.8716330473379774
1965-08-21,0.8636902226581987
1965-08-22,0.8560784483882783
1965-08-23,0.848794493913154
1965-08-24,0.8418352677521537
1965-08-25,0.8351978162468976
1965-08-26,0.8288793223076972
1965-08-27,0.8228771042179167
1965-08-28,0.8171886144957891
1965-08-29,0.8118114388132056
1965-08-30,0.8067432949710187
1965-08-31,0.8019820319304227
1965-09-01,0.7975256289000033
1965-09-02,0.7937793620875001
1965-09-03,0.7907416414896413
1965-09-04,0.7884111778267442
1965-09-05,0.7867869819955136
1965-09-06,0.7858683646492439
1965-09-07,0.7856549359052446
1965-09-08,0.7861466051793637
1965-09-09,0.7873435811475428
1965-09-10,0.7892463718343835
1965-09-11,0.7918557848287653
1965-09-12,0.795172927626605
1965-09-13,0.7991992081009036
1965-09-14,0.8039363350992808
1965-09-15,0.8093863191692503
1965-09-16,0.8155514734115428
1965-09-17,0.8224344144618396
1965-09-18,0.8300380636013349
1965-09-19,0.8383656479965955
1965-09-20,0.8474207020692451
1965-09-21,0.857207068996057
1965-09-22,0.8677289023400868
1965-09-23,0.8789906678135424
1965-09-24,0.8909971451731367
1965-09-25,0.9037534302487282
1965-09-26,0.9172649371061101
1965-09-27,0.9315374003448664
1965-09-28,0.9465768775322712
1965-09-29,0.9623897517742606
1965-09-30,0.9789827344245722
1965-10-01,0.9963628679332022
1965-10-02,1.0128722960305176
1965-10-03,1.0285180257040074
1965-10-04,1.0433066973673448
1965-10-05,1.057244587678734
1965-10-06,1.070337612204872
1965-10-07,1.082591327931652
1965-10-08,1.0940109356226793
1965-10-09,1.104601282026596
1965-10-10,1.1143668619341556
1965-10-11,1.1233118200859165
1965-10-12,1.131439952931367
1965-10-13,1.1387547102402287
1965-10-14,1.1452591965666163
1965-10-15,1.1509561725666866
1965-10-16,1.1558480561703224
1965-10-17,1.159936923607361
1965-10-18,1.1632245102887935
1965-10-19,1.1657122115433136
1965-10-20,1.1674010832095287
1965-10-21,1.1682918420840815
1965-10-22,1.1683848662258756
1965-10-23,1.1676801951165334
1965-10-24,1.1661775296771515
1965-10-25,1.1638762321413652
1965-10-26,1.160775325784667
1965-10-27,1.156873494509859
1965-10-28,1.1521690822884734
1965-10-29,1.1466600924579127
1965-10-30,1.1403441868740223
1965-10-31,1.1332186849187236
1965-11-01,1.1252805623623008
1965-11-02,1.1182066665412917
1965-11-03,1.111993995128831
1965-11-04,1.106639911321838
1965-11-05,1.1021421427218976
1965-11-06,1.0984987803707997
1965-11-07,1.0957082779403335
1965-11-08,1.0937694510759897
1965-11-09,1.0926814768942916
1965-11-10,1.092443893633546
1965-11-11,1.0930566004578592
1965-11-12,1.0945198574143404
1965-11-13,1.0968342855434718
1965-11-14,1.1000008671426929
1965-11-15,1.1040209461833095
1965-11-16,1.1088962288809088
1965-11-17,1.1146287844195144
1965-11-18,1.1212210458297984
1965-11-19,1.128675811021716
1965-11-20,1.1369962439720034
1965-11-21,1.1461858760670438
1965-11-22,1.1562486076016718
1965-11-23,1.1671887094345474
1965-11-24,1.1790108248008093
1965-11-25,1.1917199712827737
1965-11-26,1.2053215429395117
1965-11-27,1.2198213125962156
1965-11-28,1.2352254342943199
1965-11-29,1.2515404459034212
1965-11-30,1.268773271896103
1965-12-01,1.286931226286843
1965-12-02,1.3039390855013067
1965-12-03,1.3198040680728087
1965-12-04,1.3345329074710812
1965-12-05,1.348131854960116
1965-12-06,1.360606682251347
1965-12-07,1.3719626839532995
1965-12-08,1.3822046798187464
1965-12-09,1.391337016790323
1965-12-10,1.3993635708454732
1965-12-11,1.4062877486415022
1965-12-12,1.4121124889614443
1965-12-13,1.4168402639613482
1965-12-14,1.4204730802195211
1965-12-15,1.423012479588165
1965-12-16,1.4244595398477762
1965-12-17,1.4248148751645797
1965-12-18,1.4240786363511966
1965-12-19,1.4222505109306514
1965-12-20,1.4193297230037505
1965-12-21,1.415315032919772
1965-12-22,1.4102047367503285
1965-12-23,1.4039966655661806
1965-12-24,1.3966881845166934
1965-12-25,1.3882761917115418
1965-12-26,1.3787571169041983
1965-12-27,1.3681269199766353
1965-12-28,1.3563810892246049
1965-12-29,1.3435146394427668
1965-12-30,1.3295221098088486
1965-12-31,1.3143975615659473
1966-01-01,1.2981345755019813
1966-01-02,1.2825991426319456
1966-01-03,1.2677846693547108
1966-01-04,1.2536848680612633
1966-01-05,1.240293754466099
1966-01-06,1.2276056450673496
1966-01-07,1.2156151547345744
1966-01-08,1.204317194423183
1966-01-09,1.1937069690145268
1966-01-10,1.1837799752807376
1966-01-11,1.1745319999734534
1966-01-12,1.1659591180356157
1966-01-13,1.1580576909355857
1966-01-14,1.150824365122864
1966-01-15,1.1442560706047673
1966-01-16,1.13835001964345
1966-01-17,1.133103705572724
1966-01-18,1.1285149017341713
1966-01-19,1.124581660532097
1966-01-20,1.1213023126069246
1966-01-21,1.1186754661266813
1966-01-22,1.1167000061962709
1966-01-23,1.1153750943842873
1966-01-24,1.1147001683671638
1966-01-25,1.1146749416905104
1966-01-26,1.1152994036475352
1966-01-27,1.116573819274501
1966-01-28,1.1184987294632118
1966-01-29,1.1210749511905815
1966-01-30,1.1243035778653763
1966-01-31,1.1281859797922844
1966-02-01,1.1327238047535042
1966-02-02,1.1378683163108487
1966-02-03,1.1436216979153686
1966-02-04,1.1499863914368047
1966-02-05,1.1569650981999768
1966-02-06,1.164560780131288
1966-02-07,1.1727766610158352
1966-02-08,1.1816162278656597
1966-02-09,1.1910832323997158
1966-02-10,1.2011816926361891
1966-02-11,1.2119158945978366
1966-02-12,1.2232903941310762
1966-02-13,1.235310018839592
1966-02-14,1.2479798701332854
1966-02-15,1.2613053253934305
1966-02-16,1.2752920402549612
1966-02-17,1.2899459510068558
1966-02-18,1.3052732771116355
1966-02-19,1.3212805238450502
1966-02-20,1.337974485057071
1966-02-21,1.355362246055357
1966-02-22,1.3734511866124266
1966-02-23,1.3922489840978065
1966-02-24,1.411763616736485
1966-02-25,1.4320033669950596
1966-02-26,1.4529768250970068
1966-02-27,1.4746928926685765
1966-02-28,1.4971607865168488
1966-03-01,1.520390042541564
1966-03-02,1.5410618377445058
1966-03-03,1.559184945719133
1966-03-04,1.574767058336423
1966-03-05,1.5878147890094825
1966-03-06,1.5983336755004338
1966-03-07,1.6063281822707713
1966-03-08,1.611801702376184
1966-03-09,1.6147565589066457
1966-03-10,1.6151940059723913
1966-03-11,1.6131142292361886
1966-03-12,1.6085163459921388
1966-03-13,1.6013984047910346
1966-03-14,1.5917573846121207
1966-03-15,1.5795891935809014
1966-03-16,1.5648886672324536
1966-03-17,1.5476495663195053
1966-03-18,1.5278645741643562
1966-03-19,1.505525293553506
1966-03-20,1.480622243173682
1966-03-21,1.4531448535877467
1966-03-22,1.4230814627487829
1966-03-23,1.3904193110504468
1966-03-24,1.355144535911494
1966-03-25,1.3172421658921736
1966-03-26,1.2766961143400013
1966-03-27,1.2334891725622068
1966-03-28,1.187603002521961
1966-03-29,1.1390181290552863
1966-03-30,1.08771393160534
1966-03-31,1.0336686354705669
1966-04-01,0.9768593025630088
1966-04-02,0.9228055081559348
1966-04-03,0.8714843105545205
1966-04-04,0.8228739278419492
1966-04-05,0.7769537286346577
1966-04-06,0.7337042233258932
1966-04-07,0.6931070558138689
1966-04-08,0.6551449957110052
1966-04-09,0.6198019310309497
1966-04-10,0.5870628613502734
1966-04-11,0.5569138914419405
1966-04-12,0.5293422253778484
1966-04-13,0.5043361610979369
1966-04-14,0.4818850854435597
1966-04-15,0.4619794696530123
1966-04-16,0.44461086531730176
1966-04-17,0.4297719007944455
1966-04-18,0.41745627808077257
1966-04-19,0.40765877013790464
1966-04-20,0.40037521867427783
1966-04-21,0.39560253238026755
1966-04-22,0.39333868561616303
1966-04-23,0.39358271755244
1966-04-24,0.3963347317619603
1966-04-25,0.40159589626393255
1966-04-26,0.40936844401964545
1966-04-27,0.4196556738801893
1966-04-28,0.4324619519865658
1966-04-29,0.4477927136227798
1966-04-30,0.46565446552270157
1966-05-01,0.4860547886316767
1966-05-02,0.5058458241872217
1966-05-03,0.525035971967797
1966-05-04,0.5436333767210352
1966-05-05,0.5616459316205615
1966-05-06,0.5790812816160423
1966-05-07,0.5959468266778799
1966-05-08,0.6122497249379334
1966-05-09,0.6279968957275975
1966-05-10,0.643195022514528
1966-05-11,0.6578505557392623
1966-05-12,0.6719697155529374
1966-05-13,0.6855584944572668
1966-05-14,0.6986226598478994
1966-05-15,0.7111677564622364
1966-05-16,0.7231991087327477
1966-05-17,0.7347218230467857
1966-05-18,0.7457407899138556
1966-05-19,0.7562606860412621
1966-05-20,0.7662859763190127
1966-05-21,0.775820915714823
1966-05-22,0.7848695510800229
1966-05-23,0.793435722867135
1966-05-24,0.8015230667598547
1966-05-25,0.8091350152161164
1966-05-26,0.8162747989249108
1966-05-27,0.822945448177465
1966-05-28,0.8291497941533679
1966-05-29,0.8348904701221893
1966-05-30,0.8401699125611017
1966-05-31,0.8449903621889782
1966-06-01,0.8493538649174054
1966-06-02,0.8530177862488301
1966-06-03,0.855983681237175
1966-06-04,0.8582528086776549
1966-06-05,0.8598261316410364
1966-06-06,0.8607043178823902
1966-06-07,0.8608877401245004
1966-06-08,0.8603764762160573
1966-06-09,0.8591703091646983
1966-06-10,0.8572687270449109
1966-06-11,0.85467092278076
1966-06-12,0.8513757938033455
1966-06-13,0.8473819415828465
1966-06-14,0.8426876710349525
1966-06-15,0.8372909898014302
1966-06-16,0.8311896074045202
1966-06-17,0.8243809342748034
1966-06-18,0.816862080652129
1966-06-19,0.8086298553591309
1966-06-20,0.7996807644468191
1966-06-21,0.7900110097116642
1966-06-22,0.7796164870835529
1966-06-23,0.7684927848839234
1966-06-24,0.7566351819533457
1966-06-25,0.7440386456477515
1966-06-26,0.7306978297024629
1966-06-27,0.7166070719631112
1966-06-28,0.701760391982488
1966-06-29,0.6861514884823012
1966-06-30,0.6697737366787674
1966-07-01,0.6526201854708968
1966-07-02,0.6358521254946697
1966-07-03,0.6194624399931776
1966-07-04,0.6034441728004903
1966-07-05,0.5877905253892968
1966-07-06,0.5724948539854507
1966-07-07,0.5575506667481973
1966-07-08,0.5429516210148845
1966-07-09,0.5286915206089883
1966-07-10,0.5147643132103104
1966-07-11,0.5011640877862324
1966-07-12,0.4878850720829349
1966-07-13,0.4749216301755181
1966-07-14,0.4622682600759831
1966-07-15,0.44991959139806004
1966-07-16,0.4378703830778903
1966-07-17,0.42611552114959617
1966-07-18,0.4146500165747943
1966-07-19,0.4034690031251311
1966-07-20,0.3925677353169418
1966-07-21,0.3819415863971556
1966-07-22,0.371586046379594
1966-07-23,0.3614967201308269
1966-07-24,0.35166932550477503
1966-07-25,0.3420996915252675
1966-07-26,0.3327837566157813
1966-07-27,0.3237175668756137
1966-07-28,0.31489727440175397
1966-07-29,0.30631913565574354
1966-07-30,0.2979795098748305
1966-07-31,0.28987485752674513
1966-08-01,0.28200173880743906
1966-08-02,0.2748234690793045
1966-08-03,0.268337001716748
1966-08-04,0.2625395837112832
1966-08-05,0.25742875450308994
1966-08-06,0.2530023449366947
1966-08-07,0.24925847634033094
1966-08-08,0.2461955597285861
1966-08-09,0.2438122951279994
1966-08-10,0.2421076710253229
1966-08-11,0.24108096393821124
1966-08-12,0.2407317381081588
1966-08-13,0.24105984531555402
1966-08-14,0.242065424816771
1966-08-15,0.24374890340327365
1966-08-16,0.24611099558275557
1966-08-17,0.24915270388239397
1966-08-18,0.25287531927434587
1966-08-19,0.2572804217236665
1966-08-20,0.26236988085888374
1966-08-21,0.26814585676551206
1966-08-22,0.27461080090284334
1966-08-23,0.28176745714440365
1966-08-24,0.28961886294251715
1966-08-25,0.2981683506174722
1966-08-26,0.30741954877183586
1966-08-27,0.31737638383051753
1966-08-28,0.32804308170723606
1966-08-29,0.33942416959809574
1966-08-30,0.3515244779030347
1966-08-31,0.3643491422759597
1966-09-01,0.37790360580443727
1966-09-02,0.3911741722993618
1966-09-03,0.4041664740995916
1966-09-04,0.416886025441939
1966-09-05,0.4293382248015414
1966-09-06,0.4415283571831008
1966-09-07,0.4534615963639632
1966-09-08,0.4651430070899908
1966-09-09,0.4765775472251581
1966-09-10,0.4877700698557862
1966-09-11,0.4987253253503058
1966-09-12,0.5094479633754245
1966-09-13,0.5199425348695544
1966-09-14,0.5302134939743367
1966-09-15,0.5402651999250834
1966-09-16,0.5501019189009391
1966-09-17,0.5597278258355469
1966-09-18,0.5691470061889885
1966-09-19,0.5783634576817483
1966-09-20,0.5873810919914397
1966-09-21,0.596203736413013
1966-09-22,0.6048351354831483
1966-09-23,0.6132789525695248
1966-09-24,0.6215387714256398
1966-09-25,0.6296180977118377
1966-09-26,0.6375203604831935
1966-09-27,0.6452489136448845
1966-09-28,0.6528070373756661
1966-09-29,0.6601979395200569
1966-09-30,0.6674247569498215
1966-10-01,0.674490556895334
1966-10-02,0.6800684709802092
1966-10-03,0.6841608666016685
1966-10-04,0.686769480668147
1966-10-05,0.6878954203364775
1966-10-06,0.6875391634817944
1966-10-07,0.6857005589003546
1966-10-08,0.6823788262453636
1966-10-09,0.6775725556957771
1966-10-10,0.6712797073579413
1966-10-11,0.663497610399813
1966-10-12,0.6542229619173971
1966-10-13,0.6434518255329166
1966-10-14,0.6311796297241208
1966-10-15,0.6174011658840255
1966-10-16,0.6021105861102584
1966-10-17,0.5853014007230712
1966-10-18,0.5669664755109697
1966-10-19,0.5470980287027853
1966-10-20,0.5256876276649114
1966-10-21,0.5027261853222945
1966-10-22,0.4782039563016689
1966-10-23,0.45211053279539076
1966-10-24,0.4244348401441217
1966-10-25,0.3951651321364844
1966-10-26,0.36428898602369564
1966-10-27,0.3317932972470607
1966-10-28,0.29766427387609257
1966-10-29,0.26188743075489423
1966-10-30,0.2244475833543189
1966-10-31,0.1853288413273012
1966-11-01,0.14451460176462189
1966-11-02,0.10567226476720015
1966-11-03,0.06878534473857756
1966-11-04,0.033838186006999726
1966-11-05,0.0008159561807837834
1966-11-06,-0.030295360146896266
1966-11-07,-0.05950896734647504
1966-11-08,-0.0868372643562405
1966-11-09,-0.11229184994473351
1966-11-10,-0.13588352763353573
1966-11-11,-0.1576223102825371
1966-11-12,-0.1775174243396283
1966-11-13,-0.19557731375662069
1966-11-14,-0.21180964357305687
1966-11-15,-0.22622130316943323
1966-11-16,-0.23881840919121344
1966-11-17,-0.24960630814487694
1966-11-18,-0.25858957866710036
1966-11-19,-0.26577203346803857
1966-11-20,-0.2711567209495279
1966-11-21,-0.2747459264988994
1966-11-22,-0.27654117345895013
1966-11-23,-0.27654322377448604
1966-11-24,-0.2747520783157092
1966-11-25,-0.2711669768785865
1966-11-26,-0.26578639786220204
1966-11-27,-0.2586080576229538
1966-11-28,-0.24962890950532146
1966-11-29,-0.23884514254879502
1966-11-30,-0.22625217987041418
1966-12-01,-0.21184467672223162
1966-12-02,-0.19730886112166057
1966-12-03,-0.18263856372852466
1966-12-04,-0.16782755812542863
1966-12-05,-0.15286955817512135
1966-12-06,-0.1377582153525121
1966-12-07,-0.12248711605020804
1966-12-08,-0.1070497788564293
1966-12-09,-0.09143965180414573
1966-12-10,-0.07565010959026944
1966-12-11,-0.059674450763720854
1966-12-12,-0.043505894881176205
1966-12-13,-0.027137579629288533
1966-12-14,-0.01056255791216193
1966-12-15,0.006226205097159265
1966-12-16,0.02323583494243492
1966-12-17,0.04047355090847679
1966-12-18,0.05794666908518184
1966-12-19,0.07566260547265238
1966-12-20,0.09362887912871906
1966-12-21,0.1118531153602059
1966-12-22,0.13034304895928814
1966-12-23,0.14910652748631942
1966-12-24,0.16815151460051977
1966-12-25,0.18748609343993894
1966-12-26,0.20711847005212936
1966-12-27,0.2270569768769843
1966-12-28,0.2473100762832209
1966-12-29,0.26788636416000716
1966-12-30,0.28879457356525773
1966-12-31,0.31004357843214925
1967-01-01,0.33164239733542417
1967-01-02,0.350569262179695
1967-01-03,0.3668322059691569
1967-01-04,0.3804381310775925
1967-01-05,0.3913928121779006
1967-01-06,0.39970089869300246
1967-01-07,0.4053659167691657
1967-01-08,0.4083902707725834
1967-01-09,0.40863555713591304
1967-01-10,0.4061018799644252
1967-01-11,0.4007881639062582
1967-01-12,0.3926921536960133
1967-01-13,0.38181041319756776
1967-01-14,0.36813832394569795
1967-01-15,0.351670083185895
1967-01-16,0.33288754727043873
1967-01-17,0.3117827444517081
1967-01-18,0.2883467173576827
1967-01-19,0.2625695191902262
1967-01-20,0.23444020950343147
1967-01-21,0.20394684956023995
1967-01-22,0.17107649726536203
1967-01-23,0.1347487241223079
1967-01-24,0.09494811177434193
1967-01-25,0.051657767910529645
1967-01-26,0.004859319096246085
1967-01-27,-0.04546709702493926
1967-01-28,-0.0993428401613114
1967-01-29,-0.1567907764385703
1967-01-30,-0.2167511071898678
1967-01-31,-0.2792492809822235
1967-02-01,-0.3443118235026121
1967-02-02,-0.40582330950916606
1967-02-03,-0.46380984591548247
1967-02-04,-0.5182960435640884
1967-02-05,-0.569305027671859
1967-02-06,-0.616839217422883
1967-02-07,-0.6609187874392561
1967-02-08,-0.7015624461216445
1967-02-09,-0.738787443589568
1967-02-10,-0.7726095790027552
1967-02-11,-0.8030432072666744
1967-02-12,-0.8301012451250935
1967-02-13,-0.8543964504786752
1967-02-14,-0.8759391347809071
1967-02-15,-0.8947384412509547
1967-02-16,-0.9108023487542547
1967-02-17,-0.9241376751889345
1967-02-18,-0.934750080379485
1967-02-19,-0.9426440684789247
1967-02-20,-0.9472347980951065
1967-02-21,-0.9485242176410698
1967-02-22,-0.9465128743766329
1967-02-23,-0.9411999146406639
1967-02-24,-0.9325830834887644
1967-02-25,-0.9206587237362206
1967-02-26,-0.9054217744058075
1967-02-27,-0.8843248680380151
1967-02-28,-0.8573590506122613
1967-03-01,-0.8245128772048207
1967-03-02,-0.7893861923761498
1967-03-03,-0.7519640875394904
1967-03-04,-0.7122306798781364
1967-03-05,-0.6701691056043946
1967-03-06,-0.6319168239930749
1967-03-07,-0.5974575998810278
1967-03-08,-0.5667768079674367
1967-03-09,-0.5398614266064997
1967-03-10,-0.5167000322807366
1967-03-11,-0.4972827947525823
1967-03-12,-0.4816014728922034
1967-03-13,-0.46637624319665905
1967-03-14,-0.4516006437223036
1967-03-15,-0.43726840335907496
1967-03-16,-0.42337343916888975
1967-03-17,-0.4099098538039013
1967-03-18,-0.3968719330035278
1967-03-19,-0.38425414316918605
1967-03-20,-0.37212813335686645
1967-03-21,-0.36048875700434135
1967-03-22,-0.3493310740880075
1967-03-23,-0.3386503490262241
1967-03-24,-0.32844204866942117
1967-03-25,-0.318701840376125
1967-03-26,-0.3094255901740835
1967-03-27,-0.3001425382239597
1967-03-28,-0.2908487445813479
1967-03-29,-0.2815402647428169
1967-03-30,-0.2722131479717703
1967-03-31,-0.26286343562166187
1967-04-01,-0.25348715945585276
1967-04-02,-0.24446492175316634
1967-04-03,-0.236412712714142
1967-04-04,-0.22932711479289863
1967-04-05,-0.22320512069592538
1967-04-06,-0.21804413210571605
1967-04-07,-0.21384195857798208
1967-04-08,-0.21059681661197716
1967-04-09,-0.20830732889353734
1967-04-10,-0.2049610323600782
1967-04-11,-0.20055650676507109
1967-04-12,-0.19509188272481864
1967-04-13,-0.1885648409250445
1967-04-14,-0.18097261113652202
1967-04-15,-0.17231197103932433
1967-04-16,-0.1625792448551962
1967-04-17,-0.1561052709489199
1967-04-18,-0.15288730161452443
1967-04-19,-0.15292397107054623
1967-04-20,-0.1562152948803604
1967-04-21,-0.1627626699587857
1967-04-22,-0.1725688751649676
1967-04-23,-0.18563807248179193
1967-04-24,-0.1991201133587925
1967-04-25,-0.21302071988950233
1967-04-26,-0.22734579181650913
1967-04-27,-0.24210140903544475
1967-04-28,-0.25729383417543417
1967-04-29,-0.27292951525710246
1967-04-30,-0.2890150884292655
1967-05-01,-0.30606059788670675
1967-05-02,-0.32178626167427293
1967-05-03,-0.3361987541315451
1967-05-04,-0.3493041922574731
1967-05-05,-0.3611081383065724
1967-05-06,-0.3716156021496754
1967-05-07,-0.38083104340023777
1967-05-08,-0.38977273464838286
1967-05-09,-0.3984444709570494
1967-05-10,-0.40684993281398396
1967-05-11,-0.41499268769382724
1967-05-12,-0.4228761915722333
1967-05-13,-0.43050379039266684
1967-05-14,-0.43787872148649887
1967-05-15,-0.4440297113852294
1967-05-16,-0.448959370712861
1967-05-17,-0.45266979173213184
1967-05-18,-0.4551625492325198
1967-05-19,-0.4564387011986212
1967-05-20,-0.45649878925918347
1967-05-21,-0.455342838916985
1967-05-22,-0.4530162899923278
1967-05-23,-0.449518155043423
1967-05-24,-0.4448469493799668
1967-05-25,-0.4390006904330023
1967-05-26,-0.4319768969134712
1967-05-27,-0.4237725877590963
1967-05-28,-0.4143842808691498
1967-05-29,-0.4027969910568453
1967-05-30,-0.38900580040532573
1967-05-31,-0.3730048556106619
1967-06-01,-0.3547873654975735
1967-06-02,-0.3365446699069487
1967-06-03,-0.31826902621202846
1967-06-04,-0.2999526778021073
1967-06-05,-0.28292312042159556
1967-06-06,-0.2671731263279693
1967-06-07,-0.2526960108552963
1967-06-08,-0.23948562957710756
1967-06-09,-0.2275363756985586
1967-06-10,-0.21684317767677538
1967-06-11,-0.20740149706837166
1967-06-12,-0.19939395210697805
1967-06-13,-0.1928171442031928
1967-06-14,-0.18766828200589059
1967-06-15,-0.1839451802175078
1967-06-16,-0.1816462586665511
1967-06-17,-0.18077054163693565
1967-06-18,-0.1813176574538686
1967-06-19,-0.18293812738676654
1967-06-20,-0.1856326392009767
1967-06-21,-0.18940233651034544
1967-06-22,-0.19424881926259535
1967-06-23,-0.20017414441838005
1967-06-24,-0.20718082682430655
1967-06-25,-0.21527184028029467
1967-06-26,-0.22460090114539316
1967-06-27,-0.23517196889126718
1967-06-28,-0.24698953012635672
1967-06-29,-0.26005860050009755
1967-06-30,-0.27438472683168047
1967-07-01,-0.289973989464251
1967-07-02,-0.3035348904215346
1967-07-03,-0.31326309277369285
1967-07-04,-0.3191627253973755
1967-07-05,-0.32123629223467787
1967-07-06,-0.31948467335587244
1967-07-07,-0.31390712533293164
1967-07-08,-0.30450128092399903
1967-07-09,-0.29126314806867726
1967-07-10,-0.275513732720741
1967-07-11,-0.2572463504598914
1967-07-12,-0.23645324818176885
1967-07-13,-0.21312560080735432
1967-07-14,-0.18725350753739994
1967-07-15,-0.15882598765029696
1967-07-16,-0.1278309758416017
1967-07-17,-0.09432115313605986
1967-07-18,-0.05828229718102117
1967-07-19,-0.019699112242963293
1967-07-20,0.021444777284375938
1967-07-21,0.06516683383018951
1967-07-22,0.11148561405806308
1967-07-23,0.1604207767418585
1967-07-24,0.21065888440439884
1967-07-25,0.2622212592737936
1967-07-26,0.3151297856281334
1967-07-27,0.3694069190836899
1967-07-28,0.425075696125604
1967-07-29,0.4821597438851094
1967-07-30,0.5406832901674398
1967-07-31,0.6026466208363552
1967-08-01,0.668076034578897
1967-08-02,0.7297878414943975
1967-08-03,0.7878082335173333
1967-08-04,0.842161835859347
1967-08-05,0.8928717174607643
1967-08-06,0.9399594007815902
1967-08-07,0.9820779041089251
1967-08-08,1.019245103520858
1967-08-09,1.0514767736462691
1967-08-10,1.0787865943599544
1967-08-11,1.1011861565886811
1967-08-12,1.1186849672306516
1967-08-13,1.1312904531904513
1967-08-14,1.1404598878477898
1967-08-15,1.1461971629252359
1967-08-16,1.1485047134565447
1967-08-17,1.1473835188201418
1967-08-18,1.1428331031547945
1967-08-19,1.1348515351576485
1967-08-20,1.1234354272645322
1967-08-21,1.1078995717784352
1967-08-22,1.0882373749188596
1967-08-23,1.0644404915895018
1967-08-24,1.036498821836397
1967-08-25,1.0044005065612636
1967-08-26,0.968131922488225
1967-08-27,0.9276776763817713
1967-08-28,0.8833065726460876
1967-08-29,0.8349997791467776
1967-08-30,0.7827367933506414
1967-08-31,0.7264954336239219
1967-09-01,0.6662518298178985
1967-09-02,0.6085275065622553
1967-09-03,0.5532979643038598
1967-09-04,0.500869618538502
1967-09-05,0.45122021744978547
1967-09-06,0.404328688670442
1967-09-07,0.36017513033872606
1967-09-08,0.31874080265159976
1967-09-09,0.2800081199111216
1967-09-10,0.24396064306066434
1967-09-11,0.20947171449229784
1967-09-12,0.1765266962979396
1967-09-13,0.14511160584118699
1967-09-14,0.1152131098227579
1967-09-15,0.08681851862152845
1967-09-16,0.059915780908759486
1967-09-17,0.03449347853323104
1967-09-18,0.010508425310982505
1967-09-19,-0.012049558575654595
1967-09-20,-0.033190047262739664
1967-09-21,-0.05292201326820989
1967-09-22,-0.07125383130002716
1967-09-23,-0.08819328181059938
1967-09-24,-0.10374755429898697
1967-09-25,-0.11767349513782388
1967-09-26,-0.12997701482217128
1967-09-27,-0.1406633352535983
1967-09-28,-0.14973699195648116
1967-09-29,-0.15720183600298387
1967-09-30,-0.16306103564754493
1967-10-01,-0.16731707767155712
1967-10-02,-0.1679424149825075
1967-10-03,-0.16493731298817949
1967-10-04,-0.15830049625298842
1967-10-05,-0.14802914795665717
1967-10-06,-0.1341189086986915
1967-10-07,-0.11656387464814885
1967-10-08,-0.09535659503791412
1967-10-09,-0.07281882913547831
1967-10-10,-0.048941011385767286
1967-10-11,-0.02371300748435551
1967-10-12,0.0028758899237702196
1967-10-13,0.030836965788662796
1967-10-14,0.060182087445011495
1967-10-15,0.09092370964891626
1967-10-16,0.12499167954325006
1967-10-17,0.16240045637138645
1967-10-18,0.20316591729331307
1967-10-19,0.24730536412426984
1967-10-20,0.29483753067804375
1967-10-21,0.34578259071803763
1967-10-22,0.4001621665194886
1967-10-23,0.4565523923654421
1967-10-24,0.514977201586881
1967-10-25,0.5754613910395675
1967-10-26,0.6380306316284097
1967-10-27,0.7027114792027928
1967-10-28,0.7695313858275029
1967-10-29,0.838518711434027
1967-10-30,0.9111557479675286
1967-10-31,0.9874733242855076
1967-11-01,1.0675038313526464
1967-11-02,1.1444408215342787
1967-11-03,1.2183169486888201
1967-11-04,1.2891635675728172
1967-11-05,1.357010747148636
1967-11-06,1.4209055580545937
1967-11-07,1.4808751187431286
1967-11-08,1.5369448816986613
1967-11-09,1.5891386442402282
1967-11-10,1.6374785586216174
1967-11-11,1.6819851414333062
1967-11-12,1.72267728231018
1967-11-13,1.7592296600143396
1967-11-14,1.791657788229951
1967-11-15,1.819975430213218
1967-11-16,1.8441946046338318
1967-11-17,1.864325590675975
1967-11-18,1.880376932401047
1967-11-19,1.8923554423739637
1967-11-20,1.900669303130345
1967-11-21,1.9053220432671816
1967-11-22,1.906315637516229
1967-11-23,1.903650507582129
1967-11-24,1.8973255223213936
1967-11-25,1.887337997262316
1967-11-26,1.8736836934656254
1967-11-27,1.8568869374184378
1967-11-28,1.8369406001845612
1967-11-29,1.8138362160718693
1967-11-30,1.7875639790392661
1967-12-01,1.7581127385347686
1967-12-02,1.7278267158425908
1967-12-03,1.6966930568662226
1967-12-04,1.6655948027768037
1967-12-05,1.6345187547478188
1967-12-06,1.6034517233775236
1967-12-07,1.5723805230910552
1967-12-08,1.541291966544165
1967-12-09,1.510172859026201
1967-12-10,1.4790099928599647
1967-12-11,1.445873009195518
1967-12-12,1.4107478439218222
1967-12-13,1.3736195890970533
1967-12-14,1.3344724866213244
1967-12-15,1.2932899215485782
1967-12-16,1.2500544150348165
1967-12-17,1.204747616919668
1967-12-18,1.1587586886642536
1967-12-19,1.1120681114916047
1967-12-20,1.0646560688285387
1967-12-21,1.0165024378950414
1967-12-22,0.9675867811636896
1967-12-23,0.9178883376854843
1967-12-24,0.8673860142784204
1967-12-25,0.8152121840369322
1967-12-26,0.7613447031669652
1967-12-27,0.7057607090495187
1967-12-28,0.6484366105372155
1967-12-29,0.5893480779416673
1967-12-30,0.528470032707385
1967-12-31,0.4657766367678534
1968-01-01,0.4016030180105068
1968-01-02,0.34143962181739107
1968-01-03,0.28526091343576265
1968-01-04,0.23304304930759812
1968-01-05,0.1847638669498317
1968-01-06,0.14040287554807795
1968-01-07,0.09994124725985132
1968-01-08,0.06306219011253411
1968-01-09,0.02975005177156298
1968-01-10,-9.306213843429667e-06
1968-01-11,-0.026228514411373194
1968-01-12,-0.04891870086633032
1968-01-13,-0.06808949582463653
1968-01-14,-0.08374903582013404
1968-01-15,-0.09596206874804103
1968-01-16,-0.10473377810523088
1968-01-17,-0.1100678868103514
1968-01-18,-0.11196665878391754
1968-01-19,-0.11043089990917276
1968-01-20,-0.10545995837412458
1968-01-21,-0.09705172439490029
1968-01-22,-0.08620306216189166
1968-01-23,-0.07290936724906438
1968-01-24,-0.05716499750131876
1968-01-25,-0.03896327063982641
1968-01-26,-0.018296461425915345
1968-01-27,0.004844201617702382
1968-01-28,0.030468539929751404
1968-01-29,0.06173662916910427
1968-01-30,0.09866174024428664
1968-01-31,0.14125954503622606
1968-02-01,0.18954812304976504
1968-02-02,0.2376624511120966
1968-02-03,0.2856229500695863
1968-02-04,0.3334499754799297
1968-02-05,0.3775940974526425
1968-02-06,0.41807405178575097
1968-02-07,0.4549070191188206
1968-02-08,0.48810863222481893
1968-02-09,0.517692982645032
1968-02-10,0.5436726266698435
1968-02-11,0.5660585906679179
1968-02-12,0.5857545449724452
1968-02-13,0.6027688490071785
1968-02-14,0.6171087240407651
1968-02-15,0.6287802562516216
1968-02-16,0.6377883993110494
1968-02-17,0.6441369764856901
1968-02-18,0.6478286822602086
1968-02-19,0.6493553207831395
1968-02-20,0.6487175399955843
1968-02-21,0.6459150692084573
1968-02-22,0.6409467189875984
1968-02-23,0.6338103806489493
1968-02-24,0.6245030253635794
1968-02-25,0.6130207028721788
1968-02-26,0.5993461582395649
1968-02-27,0.583473587669108
1968-02-28,0.5653962544705511
1968-02-29,0.545106486200803
1968-03-01,0.5225956714075722
1968-03-02,0.5008963617555741
1968-03-03,0.47999934755018125
1968-03-04,0.46065420082445796
1968-03-05,0.44285271104559376
1968-03-06,0.42658732284489687
1968-03-07,0.41185113281111974
1968-03-08,0.3986378865604887
1968-03-09,0.38694197608219844
1968-03-10,0.37675843735824
1968-03-11,0.36681024790596906
1968-03-12,0.3570931854810646
1968-03-13,0.34760312593492265
1968-03-14,0.3383360414642713
1968-03-15,0.3292879989016768
1968-03-16,0.3204551580462151
1968-03-17,0.31183377003360085
1968-03-18,0.3044951122857902
1968-03-19,0.298436070104762
1968-03-20,0.2936540718912758
1968-03-21,0.29014708805342465
1968-03-22,0.2879136301452291
1968-03-23,0.28695275023490585
1968-03-24,0.287264040502543
1968-03-25,0.2880360070939683
1968-03-26,0.28926897764986187
1968-03-27,0.29096347547177037
1968-03-28,0.2931202197442089
1968-03-29,0.29574012583989906
1968-03-30,0.2988243057082752
1968-03-31,0.3023740683474216
1968-04-01,0.3067044416658612
1968-04-02,0.3110839248346766
1968-04-03,0.3155143766089736
1968-04-04,0.3199976773761265
1968-04-05,0.32453572995385854
1968-04-06,0.32913046039784216
1968-04-07,0.3337838188191621
1968-04-08,0.33763155608351103
1968-04-09,0.34067530526059375
1968-04-10,0.3429163581887634
1968-04-11,0.34435566602330775
1968-04-12,0.344993839640141
1968-04-13,0.34483114989507535
1968-04-14,0.3438675277387768
1968-04-15,0.3435426448655117
1968-04-16,0.3438563633873887
1968-04-17,0.34480881645388706
1968-04-18,0.346400408308369
1968-04-19,0.3486318144596496
1968-04-20,0.3515039819686987
1968-04-21,0.35501812985059544
1968-04-22,0.3617525741508356
1968-04-23,0.37171017312511845
1968-04-24,0.38489515301138644
1968-04-25,0.40131310982353896
1968-04-26,0.42097101172651147
1968-04-27,0.44387720199372804
1968-04-28,0.4700414025481817
1968-04-29,0.4945415870773078
1968-04-30,0.5173881540325524
1968-05-01,0.53859080003138
1968-05-02,0.5576919684434883
1968-05-03,0.5746997662515841
1968-05-04,0.5896214119629197
1968-05-05,0.6024632386729967
1968-05-06,0.6144284222894563
1968-05-07,0.6255220411161262
1968-05-08,0.6357488035443493
1968-05-09,0.6451130500513341
1968-05-10,0.6536187550423556
1968-05-11,0.6612695285375855
1968-05-12,0.6680686177042693
1968-05-13,0.67492201171087
1968-05-14,0.6818326192981244
1968-05-15,0.6888033734895528
1968-05-16,0.6958372328363002
1968-05-17,0.7029371826728162
1968-05-18,0.7101062363839002
1968-05-19,0.7173474366836525
1968-05-20,0.7242179184060583
1968-05-21,0.7307205975442818
1968-05-22,0.7368582339874657
1968-05-23,0.7426334326920943
1968-05-24,0.7480486447875965
1968-05-25,0.7531061686166636
1968-05-26,0.7578081507107188
1968-05-27,0.7626119642438647
1968-05-28,0.7675196480669397
1968-05-29,0.7725332851157637
1968-05-30,0.777655003295184
1968-05-31,0.7828869763822079
1968-06-01,0.7882314249486053
1968-06-02,0.7930723184962567
1968-06-03,0.7968720765273573
1968-06-04,0.7996323117481029
1968-06-05,0.8013541956668913
1968-06-06,0.8020384590915376
1968-06-07,0.8016853924394463
1968-06-08,0.8002948458608706
1968-06-09,0.7978662291753139
1968-06-10,0.7948002910517349
1968-06-11,0.7910957302342723
1968-06-12,0.7867509744206549
1968-06-13,0.7817641795948784
1968-06-14,0.7761332292445631
1968-06-15,0.7698557334626557
1968-06-16,0.7629290279330972
1968-06-17,0.7550268575525382
1968-06-18,0.746145868455014
1968-06-19,0.736282291340999
1968-06-20,0.7254319398776281
1968-06-21,0.7135902089219182
1968-06-22,0.7007520725662386
1968-06-23,0.6869120820051982
1968-06-24,0.6725050865092721
1968-06-25,0.6575249714125498
1968-06-26,0.641965378803755
1968-06-27,0.6258197048277998
1968-06-28,0.6090810968829536
1968-06-29,0.5917424507124396
1968-06-30,0.5737964073892203
1968-07-01,0.5559131388030885
1968-07-02,0.5389672071755072
1968-07-03,0.5229514202566783
1968-07-04,0.5078589805719768
1968-07-05,0.4936834825369437
1968-07-06,0.48041890973860635
1968-07-07,0.46805963238197157
1968-07-08,0.454418187818203
1968-07-09,0.43948878629911403
1968-07-10,0.4232650914374573
1968-07-11,0.40574021751761324
1968-07-12,0.38690672657313185
1968-07-13,0.3667566252298852
1968-07-14,0.34528136131349296
1968-07-15,0.323429486979098
1968-07-16,0.3011917277800531
1968-07-17,0.27855864549114717
1968-07-18,0.2555206341028021
1968-07-19,0.23206791574405766
1968-07-20,0.20819053653261416
1968-07-21,0.18387836235017163
1968-07-22,0.16051263687606365
1968-07-23,0.13808344314980542
1968-07-24,0.11658126169689459
1968-07-25,0.09599696648852296
1968-07-26,0.07632182106827673
1968-07-27,0.057547474844179825
1968-07-28,0.039665959544507245
1968-07-29,0.021586221743485345
1968-07-30,0.0033005879774528624
1968-07-31,-0.015198702604315217
1968-08-01,-0.033919501533495294
1968-08-02,-0.051098799321182165
1968-08-03,-0.06674388726323166
1968-08-04,-0.08086140550095114
1968-08-05,-0.09296411974736923
1968-08-06,-0.10305716667753026
1968-08-07,-0.11114483001665765
1968-08-08,-0.11723054235826685
1968-08-09,-0.12131688662103834
1968-08-10,-0.12340559714506899
1968-08-11,-0.12349756042796635
1968-08-12,-0.12331703168128157
1968-08-13,-0.1228639342843917
1968-08-14,-0.12213807593216212
1968-08-15,-0.12113914855332812
1968-08-16,-0.11986672817974241
1968-08-17,-0.11832027476643274
1968-08-18,-0.11649913196239428
1968-08-19,-0.11319558392223647
1968-08-20,-0.10840822854289145
1968-08-21,-0.10213503395874568
1968-08-22,-0.09437333767926923
1968-08-23,-0.08511984545899196
1968-08-24,-0.07437062989934928
1968-08-25,-0.06212112878180154
1968-08-26,-0.048629696016005725
1968-08-27,-0.0338906055222917
1968-08-28,-0.017897601685863018
1968-08-29,-0.0006438967017679265
1968-08-30,0.01787783230600412
1968-08-31,0.037675446392521794
1968-09-01,0.058757348128328474
1968-09-02,0.0792649318947223
1968-09-03,0.09920690158998705
1968-09-04,0.11859172105256291
1968-09-05,0.13742761765329797
1968-09-06,0.1557225857873369
1968-09-07,0.17348439026712906
1968-09-08,0.19072056961799666
1968-09-09,0.2076818072747786
1968-09-10,0.2243753019835095
1968-09-11,0.24080813885385405
1968-09-12,0.25698729236619267
1968-09-13,0.2729196293317542
1968-09-14,0.2886119118070511
1968-09-15,0.3040707999638548
1968-09-16,0.3188645296716137
1968-09-17,0.3329993797352848
1968-09-18,0.34648134931589086
1968-09-19,0.3593161604767051
1968-09-20,0.3715092606118283
1968-09-21,0.3830658247581905
1968-09-22,0.3939907577919575
1968-09-23,0.4043843073454881
1968-09-24,0.41425088468434856
1968-09-25,0.42359467741476986
1968-09-26,0.4324196512609657
1968-09-27,0.44072955174827855
1968-09-28,0.44852790579286833
1968-09-29,0.4558180231986181
1968-09-30,0.46251533936523687
1968-10-01,0.46862269679037516
1968-10-02,0.47497371507362623
1968-10-03,0.4815710897357185
1968-10-04,0.4884176208567904
1968-10-05,0.4955162142648106
1968-10-06,0.5028698827688782
1968-10-07,0.510711725480397
1968-10-08,0.519045070660857
1968-10-09,0.5278734551768947
1968-10-10,0.5372006260014208
1968-10-11,0.547030541803923
1968-10-12,0.5573673746306187
1968-10-13,0.5682155116751688
1968-10-14,0.5797721510501842
1968-10-15,0.5920421976637598
1968-10-16,0.6050308592107109
1968-10-17,0.6187436483828408
1968-10-18,0.6331863852086574
1968-10-19,0.6483651995235278
1968-10-20,0.664286533571324
1968-10-21,0.6803351646653346
1968-10-22,0.6965179042200206
1968-10-23,0.7128416205686112
1968-10-24,0.7293132418781846
1968-10-25,0.745939759090144
1968-10-26,0.7627282288873383
1968-10-27,0.7796857766890808
1968-10-28,0.7971886958061813
1968-10-29,0.8152444148869584
1968-10-30,0.8338605972009665
1968-10-31,0.853045143891467
1968-11-01,0.872806197328859
1968-11-02,0.8905343180043963
1968-11-03,0.9062370301472072
1968-11-04,0.9200686229715456
1968-11-05,0.9320349669289679
1968-11-06,0.9421411408157782
1968-11-07,0.9503914339285869
1968-11-08,0.95678934788479
1968-11-09,0.9613375981087364
1968-11-10,0.9640381149842185
1968-11-11,0.9652164941637551
1968-11-12,0.9648732357790357
1968-11-13,0.9630081941431723
1968-11-14,0.9596205776888651
1968-11-15,0.9547089486324454
1968-11-16,0.9482712223636436
1968-11-17,0.9403046665608342
1968-11-18,0.9307182201890158
1968-11-19,0.9195078145360936
1968-11-20,0.9066686916436635
1968-11-21,0.8921954022876251
1968-11-22,0.8760818036654027
1968-11-23,0.8583210567887962
1968-11-24,0.8389056235813557
1968-11-25,0.8158078301009628
1968-11-26,0.7890178731037392
1968-11-27,0.7585243823052394
1968-11-28,0.7243144155546359
1968-11-29,0.686373453341767
1968-11-30,0.6446853926347189
1968-12-01,0.5992325400453203
1968-12-02,0.556375140467819
1968-12-03,0.5160950042192727
1968-12-04,0.4783750354675862
1968-12-05,0.44319922497564024
1968-12-06,0.41055264330659547
1968-12-07,0.380421434487492
1968-12-08,0.35279281012844865
1968-12-09,0.3267935081529007
1968-12-10,0.3024124938488892
1968-12-11,0.2796394193435996
1968-12-12,0.25846461921148245
1968-12-13,0.23887910637202048
1968-12-14,0.22087456827540175
1968-12-15,0.2044433633744786
1968-12-16,0.18911610755570268
1968-12-17,0.17488629557315483
1968-12-18,0.1617478879617521
1968-12-19,0.1496953084739583
1968-12-20,0.13872344171309325
1968-12-21,0.12882763096223937
1968-12-22,0.12000367620782171
1968-12-23,0.11379216751995325
1968-12-24,0.11019046858904102
1968-12-25,0.10919705076980468
1968-12-26,0.11081149243248273
1968-12-27,0.1150344787838834
1968-12-28,0.12186780215820214
1968-12-29,0.1313143627777309
1968-12-30,0.14049374103195078
1968-12-31,0.14940983286372606
1969-01-01,0.15806642247100355
1969-01-02,0.16557865723198792
1969-01-03,0.171949725514845
1969-01-04,0.17718233134999226
1969-01-05,0.1812786955777521
1969-01-06,0.1857614886104489
1969-01-07,0.19063261305031132
1969-01-08,0.19589413631650177
1969-01-09,0.20154829152257692
1969-01-10,0.20759747842427362
1969-01-11,0.21404426443802133
1969-01-12,0.22089138573061357
1969-01-13,0.22814827843864946
1969-01-14,0.2358180225571544
1969-01-15,0.24390387330495014
1969-01-16,0.25240926250624607
1969-01-17,0.2613378000471854
1969-01-18,0.2706932754079652
1969-01-19,0.2804796592711809
1969-01-20,0.2907099582493516
1969-01-21,0.3013885143206805
1969-01-22,0.31251985971416707
1969-01-23,0.32410871883319153
1969-01-24,0.33616001026066156
1969-01-25,0.3486788488465742
1969-01-26,0.36167054787887803
1969-01-27,0.37556353653324204
1969-01-28,0.3903637113190491
1969-01-29,0.4060773537766982
1969-01-30,0.42271113314363684
1969-01-31,0.4402721091849415
1969-02-01,0.4587677351896469
1969-02-02,0.4770986065630738
1969-02-03,0.49456594521297303
1969-02-04,0.5111771646864802
1969-02-05,0.5269393151737255
1969-02-06,0.5418590865000987
1969-02-07,0.5559428109655684
1969-02-08,0.5691964660322577
1969-02-09,0.5816256768614189
1969-02-10,0.5932845558163062
1969-02-11,0.6041780511978838
1969-02-12,0.6143107864604224
1969-02-13,0.6236870621738022
1969-02-14,0.6323108578487746
1969-02-15,0.6401858336259603
1969-02-16,0.647315331829298
1969-02-17,0.6539310472973892
1969-02-18,0.6600357878946397
1969-02-19,0.6656321446157667
1969-02-20,0.6707224926854785
1969-02-21,0.6753089925665734
1969-02-22,0.6793935908768932
1969-02-23,0.6829780212155117
1969-02-24,0.6864781666765964
1969-02-25,0.6898955128037602
1969-02-26,0.693231509998641
1969-02-27,0.6964875741364872
1969-02-28,0.6996650871670879
1969-03-01,0.7027653977013046
1969-03-02,0.7054060274703198
1969-03-03,0.7067312517376361
1969-03-04,0.7067416329594334
1969-03-05,0.7054371755417451
1969-03-06,0.702817325842328
1969-03-07,0.6988809719356837
1969-03-08,0.6936264431411312
1969-03-09,0.6870515093137312
1969-03-10,0.6795028011998614
1969-03-11,0.6709771149512118
1969-03-12,0.6614708320670974
1969-03-13,0.6509799178586824
1969-03-14,0.639499919736563
1969-03-15,0.6270259653209852
1969-03-16,0.6135527603738924
1969-03-17,0.5987873485285768
1969-03-18,0.5827234629988446
1969-03-19,0.5653542858958953
1969-03-20,0.5466724453346499
1969-03-21,0.5266700123049508
1969-03-22,0.5053384973063044
1969-03-23,0.4826688467447383
1969-03-24,0.45908182829996114
1969-03-25,0.4345674310895752
1969-03-26,0.4091152506299399
1969-03-27,0.382714484420267
1969-03-28,0.3553539273577848
1969-03-29,0.3270219669820319
1969-03-30,0.2977065785462567
1969-03-31,0.26723794806413925
1969-04-01,0.23560314393615173
1969-04-02,0.20507345137180716
1969-04-03,0.1756359128554016
1969-04-04,0.14727803440695758
1969-04-05,0.11998778027948731
1969-04-06,0.09375356785073924
1969-04-07,0.06895397615810045
1969-04-08,0.045578479674721006
1969-04-09,0.023617157293071456
1969-04-10,0.0030606881141927444
1969-04-11,-0.01609965250831108
1969-04-12,-0.033871996671217264
1969-04-13,-0.05026388737313614
1969-04-14,-0.06578926782347833
1969-04-15,-0.08045472735689169
1969-04-16,-0.09426649033747064
1969-04-17,-0.10723041880052203
1969-04-18,-0.11935201494055014
1969-04-19,-0.13063642344651666
1969-04-20,-0.14108843368536728
1969-04-21,-0.15104417603425818
1969-04-22,-0.16050787594313648
1969-04-23,-0.16948355002762738
1969-04-24,-0.17797500777377984
1969-04-25,-0.18598585315490174
1969-04-26,-0.19351948616116993
1969-04-27,-0.2005791042426664
1969-04-28,-0.2067272133239601
1969-04-29,-0.2119664228063674
1969-04-30,-0.21629895633295354
1969-05-01,-0.21972665273229788
1969-05-02,-0.222231811626503
1969-05-03,-0.2238154962636068
1969-05-04,-0.22447837879641638
1969-05-05,-0.22394690877840215
1969-05-06,-0.22222086064125576
1969-05-07,-0.2192995018097705
1969-05-08,-0.21518159239091908
1969-05-09,-0.20986538464761412
1969-05-10,-0.20334862225692746
1969-05-11,-0.19562853935245428
1969-05-12,-0.18714630079609934
1969-05-13,-0.17789830652739486
1969-05-14,-0.16788063148123517
1969-05-15,-0.15708902392198776
1969-05-16,-0.14551890363895686
1969-05-17,-0.13316536000243512
1969-05-18,-0.12002314987951727
1969-05-19,-0.10585215589569427
1969-05-20,-0.09064636354961797
1969-05-21,-0.0743993191473083
1969-05-22,-0.057104127063054566
1969-05-23,-0.03875344681275054
1969-05-24,-0.01933948993842141
1969-05-25,0.0011459832973799906
1969-05-26,0.023003328849907186
1969-05-27,0.046241823487920275
1969-05-28,0.07087133017216078
1969-05-29,0.09690230224142236
1969-05-30,0.12434578784919259
1969-05-31,0.1532134346527476
1969-06-01,0.1835174947566901
1969-06-02,0.2121860673192908
1969-06-03,0.23923131995338778
1969-06-04,0.2646647312968674
1969-06-05,0.28849709588446615
1969-06-06,0.3107385287292246
1969-06-07,0.3313984696155349
1969-06-08,0.350485687105606
1969-06-09,0.36734307884362005
1969-06-10,0.38197779950097444
1969-06-11,0.3943960603954658
1969-06-12,0.40460313212751753
1969-06-13,0.4126033468171462
1969-06-14,0.41840009994261496
1969-06-15,0.4219958517815532
1969-06-16,0.4242525677097021
1969-06-17,0.42517120553009313
1969-06-18,0.4247521551341065
1969-06-19,0.4229952386669517
1969-06-20,0.4198997104521804
1969-06-21,0.4154642566752049
1969-06-22,0.4096869948256836
1969-06-23,0.4027081504846833
1969-06-24,0.3945247616674097
1969-06-25,0.38513335515221514
1969-06-26,0.37452994500648235
1969-06-27,0.36271003089489956
1969-06-28,0.3496685961694155
1969-06-29,0.3354001057400552
1969-06-30,0.32045033294851705
1969-07-01,0.30481293276150906
1969-07-02,0.29151640559883973
1969-07-03,0.28055510810333645
1969-07-04,0.2719243880439249
1969-07-05,0.26562058234111385
1969-07-06,0.26164101551229846
1969-07-07,0.25813300540656137
1969-07-08,0.255095063142351
1969-07-09,0.2525258993459039
1969-07-10,0.2504244236040047
1969-07-11,0.2487897440011886
1969-07-12,0.24762116674119233
1969-07-13,0.2469181958524903
1969-07-14,0.24725539216548295
1969-07-15,0.2486328987941736
1969-07-16,0.25105130038459944
1969-07-17,0.254511623362969
1969-07-18,0.25901533637130136
1969-07-19,0.2645643508907526
1969-07-20,0.2711610220528925
1969-07-21,0.27835163452511563
1969-07-22,0.2861392401715648
1969-07-23,0.29452714423425164
1969-07-24,0.3035189067358779
1969-07-25,0.3131183439907935
1969-07-26,0.32332953022472827
1969-07-27,0.33415679930399017
1969-07-28,0.34642065085275286
1969-07-29,0.36012628993650186
1969-07-30,0.37527953354907945
1969-07-31,0.39188681308155404
1969-08-01,0.40995517705185236
1969-08-02,0.4263560677717057
1969-08-03,0.4410964461628009
1969-08-04,0.4543348583262548
1969-08-05,0.46607692295387515
1969-08-06,0.47632762365257175
1969-08-07,0.48509131105951486
1969-08-08,0.49237170468864877
1969-08-09,0.4981718945093395
1969-08-10,0.5024943422578306
1969-08-11,0.5048491489342769
1969-08-12,0.5052373139737175
1969-08-13,0.5036590021224758
1969-08-14,0.5001135435080805
1969-08-15,0.4945994333549568
1969-08-16,0.4871143313457648
1969-08-17,0.4776550606281129
1969-08-18,0.46638855794279677
1969-08-19,0.45331004152252014
1969-08-20,0.43841396053896897
1969-08-21,0.42169399274691044
1969-08-22,0.40314304180088467
1969-08-23,0.38275323424334795
1969-08-24,0.3605159161629953
1969-08-25,0.3362211729939153
1969-08-26,0.3098586934787812
1969-08-27,0.28141728876459027
1969-08-28,0.25088488765385364
1969-08-29,0.2182485314812967
1969-08-30,0.18349436861389878
1969-08-31,0.14660764857193712
1969-09-01,0.10713001748509932
1969-09-02,0.06940254423966086
1969-09-03,0.03340921641341943
1969-09-04,-0.0008652424039448103
1969-09-05,-0.033435379094534534
1969-09-06,-0.06431501718627308
1969-09-07,-0.09351726271993266
1969-09-08,-0.11926311340489704
1969-09-09,-0.14156349638246912
1969-09-10,-0.16042787645685574
1969-09-11,-0.17586426011225437
1969-09-12,-0.18787919891099114
1969-09-13,-0.19647779227415663
1969-09-14,-0.20166368964592096
1969-09-15,-0.2052877317000641
1969-09-16,-0.20735145656481102
1969-09-17,-0.2078557401332708
1969-09-18,-0.2068007964351865
1969-09-19,-0.20418617772777453
1969-09-20,-0.20001077430569175
1969-09-21,-0.1942728140300508
1969-09-22,-0.18643228162674141
1969-09-23,-0.17648584939039852
1969-09-24,-0.1644292958225046
1969-09-25,-0.15025750383968683
1969-09-26,-0.13396445860190792
1969-09-27,-0.1155432449596262
1969-09-28,-0.09498604451884562
1969-09-29,-0.07217953524310905
1969-09-30,-0.04711403751636872
1969-10-01,-0.019778912955033146
1969-10-02,0.00447558496672823
1969-10-03,0.025659750425217787
1969-10-04,0.04378257447581618
1969-10-05,0.05885174886899691
1969-10-06,0.07120531157261645
1969-10-07,0.08084850572767249
1969-10-08,0.08778542413134721
1969-10-09,0.09201901097408621
1969-10-10,0.09355106308918143
1969-10-11,0.09238223071538998
1969-10-12,0.08851201777290968
1969-10-13,0.08157774950835461
1969-10-14,0.07157648285606019
1969-10-15,0.05850397304449978
1969-10-16,0.042354671794705034
1969-10-17,0.023121724965445623
1969-10-18,0.0007969696441714746
1969-10-19,-0.024629069317517377
1969-10-20,-0.05286831880615353
1969-10-21,-0.08393276421982018
1969-10-22,-0.1178355900358393
1969-10-23,-0.15459118540657452
1969-10-24,-0.1942151502665231
1969-10-25,-0.23672430195329305
1969-10-26,-0.28213668234527556
1969-10-27,-0.33109517538524474
1969-10-28,-0.38362056020293106
1969-10-29,-0.4397351298003752
1969-10-30,-0.49946270051359887
1969-10-31,-0.5628286221208181
1969-11-01,-0.6298597886014786
1969-11-02,-0.693722915612959
1969-11-03,-0.7535850327843587
1969-11-04,-0.8094715469985576
1969-11-05,-0.861406177799538
1969-11-06,-0.9094109674595168
1969-11-07,-0.9535062903341993
1969-11-08,-0.9937108615101333
1969-11-09,-1.0300417447478296
1969-11-10,-1.0637631182235172
1969-11-11,-1.0948892940769424
1969-11-12,-1.1234334829852695
1969-11-13,-1.149407799770005
1969-11-14,-1.1728232685388078
1969-11-15,-1.1936898273643806
1969-11-16,-1.2120163325024196
1969-11-17,-1.2262860415116836
1969-11-18,-1.2365050107904876
1969-11-19,-1.242677577508445
1969-11-20,-1.2448063614472658
1969-11-21,-1.2428922661126514
1969-11-22,-1.236934479117766
1969-11-23,-1.226930471838439
1969-11-24,-1.2144461104402051
1969-11-25,-1.1994760962680409
1969-11-26,-1.1820140756977393
1969-11-27,-1.1620526374392814
1969-11-28,-1.1395833093913141
1969-11-29,-1.1145965550453896
1969-11-30,-1.0870817694384491
1969-12-01,-1.0563399830799152
1969-12-02,-1.028665402539506
1969-12-03,-1.0040462820778493
1969-12-04,-0.9824721727643076
1969-12-05,-0.9639339180422062
1969-12-06,-0.9484236498425762
1969-12-07,-0.9359347852447629
1969-12-08,-0.9255376447070233
1969-12-09,-0.9172278154396935
1969-12-10,-0.9110017705568407
1969-12-11,-0.9068568675793716
1969-12-12,-0.9047913473135005
1969-12-13,-0.9048043331041082
1969-12-14,-0.9068958304626682
1969-12-15,-0.9115032627654067
1969-12-16,-0.9186285855143745
1969-12-17,-0.9282748228632284
1969-12-18,-0.9404460689007537
1969-12-19,-0.9551474893884897
1969-12-20,-0.9723853239532014
1969-12-21,-0.9921668887351218
1969-12-22,-1.0153738108632278
1969-12-23,-1.042015939898149
1969-12-24,-1.072104583382686
1969-12-25,-1.1056525116409959
1969-12-26,-1.1426739631986171
1969-12-27,-1.183184650825631
1969-12-28,-1.2272017682055312
1969-12-29,-1.274056815359239
1969-12-30,-1.3237696786648439
1969-12-31,-1.3763614574244638
1970-01-01,-1.4318544728192808
1970-01-02,-1.4835941655921498
1970-01-03,-1.531602495279028
1970-01-04,-1.5758998377380897
1970-01-05,-1.6163024704678415
1970-01-06,-1.6528275412907494
1970-01-07,-1.6854905523013008
1970-01-08,-1.7143053664454522
1970-01-09,-1.7392842134043907
1970-01-10,-1.760437694785094
1970-01-11,-1.7777747886199027
1970-01-12,-1.7906629761532138
1970-01-13,-1.7991077274333092
1970-01-14,-1.8031126266101793
1970-01-15,-1.8026793734567215
1970-01-16,-1.797807784090163
1970-01-17,-1.7884957908940144
1970-01-18,-1.7747394416405298
1970-01-19,-1.7582305091467711
1970-01-20,-1.7389619866355956
1970-01-21,-1.7169256960953023
1970-01-22,-1.692112284808692
1970-01-23,-1.6645112213835551
1970-01-24,-1.634110791282904
1970-01-25,-1.600898091853048
1970-01-26,-1.5650748280222104
1970-01-27,-1.5266257955592095
1970-01-28,-1.4855346757952317
1970-01-29,-1.4417840286978065
1970-01-30,-1.3953552854688491
1970-01-31,-1.3462287406636269
1970-02-01,-1.2943835438273106
1970-02-02,-1.2440789332570459
1970-02-03,-1.1952935584993343
1970-02-04,-1.1480067138998935
1970-02-05,-1.1021983298156977
1970-02-06,-1.0578489640969475
1970-02-07,-1.0149397938353695
1970-02-08,-0.9734526073753322
1970-02-09,-0.9336837956619948
1970-02-10,-0.895616479881356
1970-02-11,-0.8592345033740916
1970-02-12,-0.8245224247782903
1970-02-13,-0.7914655114757774
1970-02-14,-0.760049733339249
1970-02-15,-0.7302617567775559
1970-02-16,-0.7021925058545373
1970-02-17,-0.6758300673234787
1970-02-18,-0.6511632523487723
1970-02-19,-0.628181591757113
1970-02-20,-0.6068753315941371
1970-02-21,-0.5872354289846151
1970-02-22,-0.5692535482944439
1970-02-23,-0.5545015246744234
1970-02-24,-0.542973097020636
1970-02-25,-0.5346633723987015
1970-02-26,-0.5295688239671014
1970-02-27,-0.5276872894803046
1970-02-28,-0.5290179703710605
1970-03-01,-0.5335614314114675
1970-03-02,-0.5382760655673464
1970-03-03,-0.5431638738397221
1970-03-04,-0.5482269307287657
1970-03-05,-0.553467385114261
1970-03-06,-0.5588874611676385
1970-03-07,-0.564489459295967
1970-03-08,-0.5702757571182997
1970-03-09,-0.5767339917114116
1970-03-10,-0.5838669041011412
1970-03-11,-0.5916775216623666
1970-03-12,-0.6001691594038943
1970-03-13,-0.6093454213754261
1970-03-14,-0.6192102021972027
1970-03-15,-0.6297676887129713
1970-03-16,-0.6417522453621995
1970-03-17,-0.6551689586710834
1970-03-18,-0.6700235230066078
1970-03-19,-0.6863222429933686
1970-03-20,-0.7040720361894041
1970-03-21,-0.7232804360221661
1970-03-22,-0.7439555949858851
1970-03-23,-0.7652616751080283
1970-03-24,-0.7872077191874112
1970-03-25,-0.8098030416385247
1970-03-26,-0.8330572324447877
1970-03-27,-0.8569801612287631
1970-03-28,-0.8815819814410544
1970-03-29,-0.9068731346696688
1970-03-30,-0.9335564103754868
1970-03-31,-0.9616431335649187
1970-04-01,-0.9911452249003171
1970-04-02,-1.0196440512969938
1970-04-03,-1.0471517083235435
1970-04-04,-1.0736798708730932
1970-04-05,-1.0992397981184014
1970-04-06,-1.1222653480163693
1970-04-07,-1.1427662931490097
1970-04-08,-1.1607513345970137
1970-04-09,-1.176228105632696
1970-04-10,-1.1892031749597307
1970-04-11,-1.1996820495010663
1970-04-12,-1.2076691767361891
1970-04-13,-1.21144662344408
1970-04-14,-1.2110159928614876
1970-04-15,-1.2063771022187186
1970-04-16,-1.1975279826620673
1970-04-17,-1.1844648784181862
1970-04-18,-1.16718224520005
1970-04-19,-1.1456727478538293
1970-04-20,-1.1241312663481002
1970-04-21,-1.1025486579741934
1970-04-22,-1.0809157625682335
1970-04-23,-1.0592233986233535
1970-04-24,-1.0374623593928463
1970-04-25,-1.0156234089826075
1970-04-26,-0.9936972784312059
1970-04-27,-0.9712280688188046
1970-04-28,-0.9482062436872232
1970-04-29,-0.9246220320353271
1970-04-30,-0.9004654241719874
1970-05-01,-0.8757261674677318
1970-05-02,-0.8519911290336447
1970-05-03,-0.8292502351641818
1970-05-04,-0.8075388800846272
1970-05-05,-0.7868478489879921
1970-05-06,-0.7671683601166549
1970-05-07,-0.7484920610351775
1970-05-08,-0.7308110250853355
1970-05-09,-0.7141177480218605
1970-05-10,-0.6984051448274614
1970-05-11,-0.6836263004342316
1970-05-12,-0.6697749423548893
1970-05-13,-0.6568451917490418
1970-05-14,-0.6448315609280667
1970-05-15,-0.6337289510260096
1970-05-16,-0.6235326498355049
1970-05-17,-0.6142383298078059
1970-05-18,-0.6054856758860344
1970-05-19,-0.5972709732391156
1970-05-20,-0.5895907353550799
1970-05-21,-0.5824417025613059
1970-05-22,-0.575820840641039
1970-05-23,-0.5697253395455988
1970-05-24,-0.5641526122017284
1970-05-25,-0.5585550139897941
1970-05-26,-0.5529301691581704
1970-05-27,-0.547275690391129
1970-05-28,-0.5415891777956063
1970-05-29,-0.5358682178826325
1970-05-30,-0.5301103825429901
1970-05-31,-0.5243132280166686
1970-06-01,-0.518692385465068
1970-06-02,-0.5126053437483044
1970-06-03,-0.506049519383479
1970-06-04,-0.49902212992537137
1970-06-05,-0.49152019278550413
1970-06-06,-0.4835405239662627
1970-06-07,-0.475079736709532
1970-06-08,-0.4662647295544131
1970-06-09,-0.4570917612056603
1970-06-10,-0.4475569384409235
1970-06-11,-0.43765621445837355
1970-06-12,-0.4273853871591453
1970-06-13,-0.4167400973638679
1970-06-14,-0.40571582696252745
1970-06-15,-0.39425681450534666
1970-06-16,-0.3823581965193785
1970-06-17,-0.370014922952806
1970-06-18,-0.35722175503158193
1970-06-19,-0.3439732630359704
1970-06-20,-0.3302638239960472
1970-06-21,-0.31608761930517953
1970-06-22,-0.3015668418468321
1970-06-23,-0.28669532866336767
1970-06-24,-0.2714667679367026
1970-06-25,-0.25587469630942355
1970-06-26,-0.23991249614158722
1970-06-27,-0.22357339270203938
1970-06-28,-0.20685045129306046
1970-06-29,-0.1901407835247643
1970-06-30,-0.17343729742326175
1970-07-01,-0.15673290363830722
1970-07-02,-0.14190826868270692
1970-07-03,-0.12895710063459354
1970-07-04,-0.11787390271528136
1970-07-05,-0.10865397095630469
1970-07-06,-0.10015875131657662
1970-07-07,-0.09238463822615373
1970-07-08,-0.08532833216958102
1970-07-09,-0.07898683828550024
1970-07-10,-0.07335746509556071
1970-07-11,-0.06843782336209295
1970-07-12,-0.0642258250740603
1970-07-13,-0.06093267647906839
1970-07-14,-0.05855697988781697
1970-07-15,-0.057097726999098125
1970-07-16,-0.0565542984718497
1970-07-17,-0.05692646366229237
1970-07-18,-0.058214380526038945
1970-07-19,-0.06041859568513455
1970-07-20,-0.06412950586496372
1970-07-21,-0.0693486860626158
1970-07-22,-0.07607835142025876
1970-07-23,-0.0843213581652971
1970-07-24,-0.09408120482262178
1970-07-25,-0.10536203369946567
1970-07-26,-0.11816863264349597
1970-07-27,-0.13339317179433557
1970-07-28,-0.15104211280254679
1970-07-29,-0.1711229462915546
1970-07-30,-0.1936441950368415
1970-07-31,-0.21861541758321354
1970-08-01,-0.24604721230166998
1970-08-02,-0.2742460116227067
1970-08-03,-0.30185670311455626
1970-08-04,-0.3288910054005836
1970-08-05,-0.35536039247109097
1970-08-06,-0.38127609855314826
1970-08-07,-0.4066491228786616
1970-08-08,-0.43149023435270467
1970-08-09,-0.4558099761240942
1970-08-10,-0.47830626018864475
1970-08-11,-0.4989886344955677
1970-08-12,-0.5178658771283405
1970-08-13,-0.5349460000303314
1970-08-14,-0.5502362524052546
1970-08-15,-0.5637431237939018
1970-08-16,-0.575472346828456
1970-08-17,-0.5868176263074087
1970-08-18,-0.5977837774327699
1970-08-19,-0.608375454495608
1970-08-20,-0.6185971528514393
1970-08-21,-0.6284532108281614
1970-08-22,-0.637947811567342
1970-08-23,-0.6470849847996419
1970-08-24,-0.6562840030852229
1970-08-25,-0.6655487707026384
1970-08-26,-0.6748832198359949
1970-08-27,-0.6842913122438652
1970-08-28,-0.6937770409407501
1970-08-29,-0.703344431891808
1970-08-30,-0.7129975457215676
1970-08-31,-0.7212467492910836
1970-09-01,-0.7280955437553236
1970-09-02,-0.7362426418394976
1970-09-03,-0.7456915013626171
1970-09-04,-0.7564461326417004
1970-09-05,-0.7685111001938449
1970-09-06,-0.7818915246735152
1970-09-07,-0.7992713022808146
1970-09-08,-0.8206578093999239
1970-09-09,-0.8460601229647584
1970-09-10,-0.8754890243114302
1970-09-11,-0.908957003754099
1970-09-12,-0.9464782658861557
1970-09-13,-0.9880687356089823
1970-09-14,-1.0308425764514682
1970-09-15,-1.0748179426322721
1970-09-16,-1.120013498325516
1970-09-17,-1.1664484255822931
1970-09-18,-1.2141424324719816
1970-09-19,-1.263115761446809
1970-09-20,-1.3133891979332226
1970-09-21,-1.3661300343819138
1970-09-22,-1.4213606552376354
1970-09-23,-1.4791045016678863
1970-09-24,-1.5393860815118905
1970-09-25,-1.602230979682297
1970-09-26,-1.6676658690240183
1970-09-27,-1.7357185216348063
1970-09-28,-1.8060506432771275
1970-09-29,-1.8786920845486825
1970-09-30,-1.9536736761764466
1970-10-01,-2.031027242101946
1970-10-02,-2.103274667985346
1970-10-03,-2.1704466173242727
1970-10-04,-2.232571599465376
1970-10-05,-2.291533872630243
1970-10-06,-2.347358461786908
1970-10-07,-2.40006906019691
1970-10-08,-2.449688039471271
1970-10-09,-2.4962364590655293
1970-10-10,-2.539734075217866
1970-10-11,-2.5801993493341144
1970-10-12,-2.6163354010495468
1970-10-13,-2.6481575673498408
1970-10-14,-2.6756793543067876
1970-10-15,-2.698912442810589
1970-10-16,-2.717866693527496
1970-10-17,-2.7325501510849093
1970-10-18,-2.7429690474857047
1970-10-19,-2.749631188811198
1970-10-20,-2.752539402630015
1970-10-21,-2.751694923256132
1970-10-22,-2.747097392272748
1970-10-23,-2.738744858380163
1970-10-24,-2.7266337765676045
1970-10-25,-2.7107590066086344
1970-10-26,-2.691060013478435
1970-10-27,-2.667528436463504
1970-10-28,-2.6401542882120825
1970-10-29,-2.60892595049529
1970-10-30,-2.5738301692760777
1970-10-31,-2.5348520490839017
1970-11-01,-2.491975046692739
1970-11-02,-2.4457981812314817
1970-11-03,-2.3963018541582155
1970-11-04,-2.343465058073865
1970-11-05,-2.287265367806163
1970-11-06,-2.2276789308918827
1970-11-07,-2.164680457453296
1970-11-08,-2.0982432094645547
1970-11-09,-2.0296939033342687
1970-11-10,-1.9590034451333467
1970-11-11,-1.8861418321776684
1970-11-12,-1.811078140294248
1970-11-13,-1.7337805106962882
1970-11-14,-1.6542161364615684
1970-11-15,-1.572351248608417
1970-11-16,-1.4871050508141004
1970-11-17,-1.398441362598114
1970-11-18,-1.306322553017073
1970-11-19,-1.2107095246932602
1970-11-20,-1.1115616972207842
1970-11-21,-1.008836989942305
1970-11-22,-0.9024918040890202
1970-11-23,-0.7913452716388593
1970-11-24,-0.6753502194034052
1970-11-25,-0.5544574163690223
1970-11-26,-0.4286155528020642
1970-11-27,-0.29777121847181864
1970-11-28,-0.16186887998196142
1970-11-29,-0.020850857200879647
1970-11-30,0.12309876158807787
1970-12-01,0.2700410719705324
1970-12-02,0.4095006300757764
1970-12-03,0.5415366258026402
1970-12-04,0.666205098316422
1970-12-05,0.7835589598332207
1970-12-06,0.8936480180771182
1970-12-07,0.9978079821721333
1970-12-08,1.0960830600436395
1970-12-09,1.1885149619336284
1970-12-10,1.275142918103517
1970-12-11,1.3560036954843886
1970-12-12,1.4311316132817353
1970-12-13,1.5005585575413338
1970-12-14,1.5636807461428157
1970-12-15,1.620524969619638
1970-12-16,1.6711153539899977
1970-12-17,1.7154733709964805
1970-12-18,1.7536178472191688
1970-12-19,1.7855649720660836
1970-12-20,1.811328304644348
1970-12-21,1.8331606713838522
1970-12-22,1.851071338451765
1970-12-23,1.8650679075541725
1970-12-24,1.875156319162424
1970-12-25,1.8813408550344033
1970-12-26,1.8836241400318081
1970-12-27,1.8820071432342056
1970-12-28,1.8742375105256415
1970-12-29,1.8603119442922411
1970-12-30,1.8402245341979322
1970-12-31,1.8139667546759686
1971-01-01,1.781527461310473
1971-01-02,1.7483099842037269
1971-01-03,1.7143002250813901
1971-01-04,1.6795756576429357
1971-01-05,1.6441215439696324
1971-01-06,1.6079228365062608
1971-01-07,1.570964171674579
1971-01-08,1.5332298633526602
1971-01-09,1.4947038962173353
1971-01-10,1.455369918946916
1971-01-11,1.4163522330615428
1971-01-12,1.3776342785425866
1971-01-13,1.339199622584423
1971-01-14,1.3010319526199623
1971-01-15,1.2631150693972177
1971-01-16,1.2254328801039616
1971-01-17,1.1879693915375598
1971-01-18,1.1507828500903101
1971-01-19,1.1138574729241189
1971-01-20,1.0771775880451235
1971-01-21,1.0407276276521304
1971-01-22,1.0044921215292768
1971-01-23,0.9684556904801083
1971-01-24,0.9326030398002891
1971-01-25,0.8953962196481964
1971-01-26,0.8568194385789799
1971-01-27,0.8168563237043295
1971-01-28,0.7754899137434367
1971-01-29,0.7327026518242318
1971-01-30,0.688476378031836
1971-01-31,0.6427923217010685
1971-02-01,0.5966715410296907
1971-02-02,0.5527795034839579
1971-02-03,0.5110975802563713
1971-02-04,0.47160808056365033
1971-02-05,0.4342942441383489
1971-02-06,0.3991402341154075
1971-02-07,0.366131130310616
1971-02-08,0.3344082513627772
1971-02-09,0.30395813333997324
1971-02-10,0.27476785249979757
1971-02-11,0.2468250198042144
1971-02-12,0.2201177756613623
1971-02-13,0.19463478489206598
1971-02-14,0.17036523191892056
1971-02-15,0.14726397512181805
1971-02-16,0.12532120978696737
1971-02-17,0.10452762289145423
1971-02-18,0.08487438915057666
1971-02-19,0.0663531672721881
1971-02-20,0.04895609641645715
1971-02-21,0.03267579285954414
1971-02-22,0.01912293553722766
1971-02-23,0.008291772299818922
1971-02-24,0.0001777061482666209
1971-02-25,-0.005222706716914938
1971-02-26,-0.007911758357277754
1971-02-27,-0.007890590069243197
1971-02-28,-0.0051591928684942
1971-03-01,-0.00037642369574802936
1971-03-02,0.004859982401484442
1971-03-03,0.01055224787644582
1971-03-04,0.01670278865976263
1971-03-05,0.023314215184822434
1971-03-06,0.030389333495703413
1971-03-07,0.03793114643812456
1971-03-08,0.04517931314397644
1971-03-09,0.05213690990476505
1971-03-10,0.05880688968731426
1971-03-11,0.0651920833870746
1971-03-12,0.07129520102962056
1971-03-13,0.07711883292084959
1971-03-14,0.08266545074636839
1971-03-15,0.0885707625345925
1971-03-16,0.09483727463798738
1971-03-17,0.10146764671088224
1971-03-18,0.10846469283828858
1971-03-19,0.1158313827302645
1971-03-20,0.1235708429823289
1971-03-21,0.13168635840246137
1971-03-22,0.14042088881927858
1971-03-23,0.14977814137181542
1971-03-24,0.15976208749694934
1971-03-25,0.17037696461496954
1971-03-26,0.18162727792803857
1971-03-27,0.19351780233230406
1971-03-28,0.20605358444447827
1971-03-29,0.21880262787045737
1971-03-30,0.2317703436025093
1971-03-31,0.24496223544254378
1971-04-01,0.25838390233805486
1971-04-02,0.27146422690396627
1971-04-03,0.2842087607360109
1971-04-04,0.29662291291247955
1971-04-05,0.30785176883989107
1971-04-06,0.3179000943073774
1971-04-07,0.3267721540593268
1971-04-08,0.33447171360544165
1971-04-09,0.3410020408189089
1971-04-10,0.3463659073233615
1971-04-11,0.35056558966922063
1971-04-12,0.35472695365395446
1971-04-13,0.3588517654577848
1971-04-14,0.3629417757473328
1971-04-15,0.36699872041864257
1971-04-16,0.37102432133393665
1971-04-17,0.3750202870524142
1971-04-18,0.3789883135554035
1971-04-19,0.3828930884807738
1971-04-20,0.38673626910634756
1971-04-21,0.3905194865678857
1971-04-22,0.3942443465513796
1971-04-23,0.3979124299745416
1971-04-24,0.40152529365778367
1971-04-25,0.4050844709849688
1971-04-26,0.4085073089298763
1971-04-27,0.41179526022500035
1971-04-28,0.4149497203537854
1971-04-29,0.41797202814290235
1971-04-30,0.4208634663304775
1971-05-01,0.42362526211051715
1971-05-02,0.4260356983687219
1971-05-03,0.428145540084495
1971-05-04,0.4299556827240163
1971-05-05,0.43146689455416654
1971-05-06,0.4326798169685979
1971-05-07,0.4335949647599572
1971-05-08,0.4342127263383749
1971-05-09,0.43453336389631625
1971-05-10,0.4340119174711321
1971-05-11,0.43264816574876136
1971-05-12,0.430441529921071
1971-05-13,0.427391073440196
1971-05-14,0.42349550162104665
1971-05-15,0.41875316109181393
1971-05-16,0.41316203909224
1971-05-17,0.4076197852357104
1971-05-18,0.4021240472600388
1971-05-19,0.3966724926454669
1971-05-20,0.3912628076246881
1971-05-21,0.3858926962008312
1971-05-22,0.38055987917298506
1971-05-23,0.37526209316885273
1971-05-24,0.36968512904214734
1971-05-25,0.36382661979883163
1971-05-26,0.357684078950535
1971-05-27,0.3512548994592293
1971-05-28,0.34453635263074084
1971-05-29,0.337525586956629
1971-05-30,0.33021962690393913
1971-05-31,0.3225226456832324
1971-06-01,0.3144313765156238
1971-06-02,0.30601901092192213
1971-06-03,0.2972819784973794
1971-06-04,0.2882165710410497
1971-06-05,0.2788189409819418
1971-06-06,0.26908509974602035
1971-06-07,0.2586396580559898
1971-06-08,0.24747818262204718
1971-06-09,0.23559593625291841
1971-06-10,0.22298787584528362
1971-06-11,0.209648650243366
1971-06-12,0.19557259796777637
1971-06-13,0.18075374481264833
1971-06-14,0.1656246323925135
1971-06-15,0.15017883955814615
1971-06-16,0.1344098107537447
1971-06-17,0.11831085323460036
1971-06-18,0.10187513422653988
1971-06-19,0.08509567802593615
1971-06-20,0.06796536303905673
1971-06-21,0.04991914929916805
1971-06-22,0.03094937757100477
1971-06-23,0.01104799663968653
1971-06-24,-0.009793440106406037
1971-06-25,-0.03158377826057085
1971-06-26,-0.05433226615206088
1971-06-27,-0.07804855877129135
1971-06-28,-0.10304467400580136
1971-06-29,-0.12933122079162956
1971-06-30,-0.156919355754152
1971-07-01,-0.18582078794321444
1971-07-02,-0.21460748433563567
1971-07-03,-0.24329166267877045
1971-07-04,-0.2718854972089153
1971-07-05,-0.30039342507051453
1971-07-06,-0.32882754569503714
1971-07-07,-0.3571999271884344
1971-07-08,-0.3855226114531257
1971-07-09,-0.41380761929886434
1971-07-10,-0.44206695554464986
1971-07-11,-0.4703126141138544
1971-07-12,-0.4957584711682153
1971-07-13,-0.5184153265247204
1971-07-14,-0.5382927962827936
1971-07-15,-0.5553993169055931
1971-07-16,-0.5697421488006429
1971-07-17,-0.5813273794013206
1971-07-18,-0.5901599257505061
1971-07-19,-0.5988477818941754
1971-07-20,-0.6073946351617102
1971-07-21,-0.6158041130375739
1971-07-22,-0.6240797847008989
1971-07-23,-0.6322251625403319
1971-07-24,-0.6402437036447723
1971-07-25,-0.6481388112706424
1971-07-26,-0.6553357126090904
1971-07-27,-0.6618374621934016
1971-07-28,-0.6676468195181944
1971-07-29,-0.6727662502106155
1971-07-30,-0.6771979270768095
1971-07-31,-0.6809437310241083
1971-08-01,-0.6840052518593327
1971-08-02,-0.6832694169730987
1971-08-03,-0.6787359140598674
1971-08-04,-0.6704028189949506
1971-08-05,-0.6582665950178666
1971-08-06,-0.6423220912312577
1971-08-07,-0.6225625404147279
1971-08-08,-0.5989795561526763
1971-08-09,-0.5744707823269519
1971-08-10,-0.5490258168406107
1971-08-11,-0.5226338602550672
1971-08-12,-0.49528371120656084
1971-08-13,-0.46696376165203446
1971-08-14,-0.43766199194240996
1971-08-15,-0.40736596572116773
1971-08-16,-0.375196943518495
1971-08-17,-0.34114127204884037
1971-08-18,-0.30518449728856956
1971-08-19,-0.2673113583413389
1971-08-20,-0.22750578096101493
1971-08-21,-0.18575087072938698
1971-08-22,-0.1420289058857826
1971-08-23,-0.09665817144140171
1971-08-24,-0.049619410995190516
1971-08-25,-0.0008926601968403669
1971-08-26,0.04954276172655031
1971-08-27,0.10170826074787914
1971-08-28,0.15562597712523585
1971-08-29,0.21131879479874552
1971-08-30,0.27181096524860404
1971-08-31,0.3371281627670411
1971-09-01,0.40729810950064493
1971-09-02,0.47606026510982197
1971-09-03,0.5434438138619624
1971-09-04,0.6094773549114574
1971-09-05,0.674188914437847
1971-09-06,0.7331880440584695
1971-09-07,0.7864997843840998
1971-09-08,0.8341467621644504
1971-09-09,0.8761491998914956
1971-09-10,0.9125249243823671
1971-09-11,0.9432893743454748
1971-09-12,0.9684556069330548
1971-09-13,0.9896934606362862
1971-09-14,1.007011949297097
1971-09-15,1.020418423287206
1971-09-16,1.0299185726277906
1971-09-17,1.0355164294044685
1971-09-18,1.0372143694786051
1971-09-19,1.0350131134956888
1971-09-20,1.0296304086032273
1971-09-21,1.0210639702553468
1971-09-22,1.0093101626552183
1971-09-23,0.99436399721194
1971-09-24,0.9762191304232631
1971-09-25,0.95486786118326
1971-09-26,0.9303011275137962
1971-09-27,0.9018100118330686
1971-09-28,0.8693824218450912
1971-09-29,0.8330045945220963
1971-09-30,0.7926610902631822
1971-10-01,0.7483347863413882
1971-10-02,0.7059025124028391
1971-10-03,0.665346259197859
1971-10-04,0.6276602781229581
1971-10-05,0.5928285743661819
1971-10-06,0.5608363645376396
1971-10-07,0.5316700703950878
1971-10-08,0.5053173130810062
1971-10-09,0.4817669078687226
1971-10-10,0.46100885941535097
1971-10-11,0.4417532998284042
1971-10-12,0.4239920565979495
1971-10-13,0.4077175914368718
1971-10-14,0.39292299708144895
1971-10-15,0.3796019943597472
1971-10-16,0.3677489295265939
1971-10-17,0.3573587718639956
1971-10-18,0.3488147686782229
1971-10-19,0.34211329369445403
1971-10-20,0.33725150264993886
1971-10-21,0.3342273320868263
1971-10-22,0.33303949847638514
1971-10-23,0.33368749767424405
1971-10-24,0.3361716047064214
1971-10-25,0.34021489164626123
1971-10-26,0.34581907455932515
1971-10-27,0.3529865319919401
1971-10-28,0.36172030598070815
1971-10-29,0.37202410334361924
1971-10-30,0.38390229725331027
1971-10-31,0.3973599290931424
1971-11-01,0.41372578195056703
1971-11-02,0.430705550568505
1971-11-03,0.4483064415579651
1971-11-04,0.46653592514881975
1971-11-05,0.4854017383603465
1971-11-06,0.5049118882849994
1971-11-07,0.5250746554868067
1971-11-08,0.5448372567820273
1971-11-09,0.5642080798809569
1971-11-10,0.5831953462140594
1971-11-11,0.6018071144213348
1971-11-12,0.6200512837725944
1971-11-13,0.637935597520096
1971-11-14,0.6554676461849609
1971-11-15,0.6719761338823955
1971-11-16,0.6874680672007618
1971-11-17,0.7019500212789612
1971-11-18,0.7154281425970808
1971-11-19,0.7279081515851009
1971-11-20,0.73939534505078
1971-11-21,0.7498945984277449
1971-11-22,0.7605383113513873
1971-11-23,0.7713310012624606
1971-11-24,0.7822772488310354
1971-11-25,0.7933816999006452
1971-11-26,0.8046490674600895
1971-11-27,0.816084133643738
1971-11-28,0.8276917517611786
1971-11-29,0.8402679466953936
1971-11-30,0.853818056077708
1971-12-01,0.8683478308915197
1971-12-02,0.8845949438026242
1971-12-03,0.9025662904658083
1971-12-04,0.9222694983409994
1971-12-05,0.9437129299305353
1971-12-06,0.9651171536690882
1971-12-07,0.9864912540099199
1971-12-08,1.0078443026212192
1971-12-09,1.0291853622363267
1971-12-10,1.0505234905001744
1971-12-11,1.0718677438135586
1971-12-12,1.0932271811768912
1971-12-13,1.114972299454398
1971-12-14,1.1371123277829587
1971-12-15,1.1596566629085163
1971-12-16,1.1826148731742774
1971-12-17,1.205996702581738
1971-12-18,1.2298120749262695
1971-12-19,1.2540710980090066
1971-12-20,1.2781507800840792
1971-12-21,1.3020613411318558
1971-12-22,1.3258129293537828
1971-12-23,1.3494156254795215
1971-12-24,1.372879447045445
1971-12-25,1.3962143526463133
1971-12-26,1.419430246161936
1971-12-27,1.4452708906375324
1971-12-28,1.4737472534471072
1971-12-29,1.5048714206251828
1971-12-30,1.5386566019963956
1971-12-31,1.5751171367820551
1972-01-01,1.6142684996860432
1972-01-02,1.651995653006412
1972-01-03,1.6875124629398128
1972-01-04,1.7208340036512242
1972-01-05,1.751974417582014
1972-01-06,1.7809469214523197
1972-01-07,1.807763811870537
1972-01-08,1.832436470552285
1972-01-09,1.8549753691510755
1972-01-10,1.8726365327033028
1972-01-11,1.8854274570199254
1972-01-12,1.8933535708684404
1972-01-13,1.896418238276981
1972-01-14,1.8946227599620862
1972-01-15,1.8879663738807584
1972-01-16,1.8764462549070318
1972-01-17,1.8626501479616908
1972-01-18,1.8465721976542158
1972-01-19,1.828205580126386
1972-01-20,1.8075425001560728
1972-01-21,1.7845741878487664
1972-01-22,1.7592908949154276
1972-01-23,1.7316818905350837
1972-01-24,1.7014081001187173
1972-01-25,1.668456674761483
1972-01-26,1.6328136291076283
1972-01-27,1.594463835414781
1972-01-28,1.553391017133383
1972-01-29,1.5095777419985414
1972-01-30,1.463005414631367
1972-01-31,1.413671761154899
1972-02-01,1.3615558432125432
1972-02-02,1.3124181797859604
1972-02-03,1.2662379157013177
1972-02-04,1.2229954509742451
1972-02-05,1.182672432491143
1972-02-06,1.1452517462196934
1972-02-07,1.1099185261041138
1972-02-08,1.076657775899239
1972-02-09,1.045455378964615
1972-02-10,1.0162980922730669
1972-02-11,0.989173540790047
1972-02-12,0.9640702122213831
1972-02-13,0.9409774521271894
1972-02-14,0.9199474735871792
1972-02-15,0.9009713509865067
1972-02-16,0.8840410304148323
1972-02-17,0.8691493262480556
1972-02-18,0.8562899180985675
1972-02-19,0.845457348132729
1972-02-20,0.8366470187544416
1972-02-21,0.830022180685986
1972-02-22,0.8255800221911117
1972-02-23,0.8233186579138382
1972-02-24,0.8232371280782662
1972-02-25,0.8253353980812261
1972-02-26,0.8296143584775921
1972-02-27,0.8360758253582542
1972-02-28,0.8450427778938888
1972-02-29,0.8565190218689155
1972-03-01,0.8705094280697401
1972-03-02,0.8840792606165327
1972-03-03,0.8972342788636642
1972-03-04,0.9099800661086133
1972-03-05,0.9223220319616487
1972-03-06,0.9344612369073335
1972-03-07,0.9464028331082187
1972-03-08,0.9581518888570811
1972-03-09,0.9697133907280256
1972-03-10,0.9810922456929039
1972-03-11,0.9922932832039482
1972-03-12,1.0033212572435035
1972-03-13,1.0139687669645854
1972-03-14,1.0242403314193962
1972-03-15,1.0341403101001734
1972-03-16,1.0436729047894582
1972-03-17,1.0528421613434322
1972-03-18,1.0616519714090735
1972-03-19,1.0701060740758608
1972-03-20,1.078034074412069
1972-03-21,1.0854393372465008
1972-03-22,1.0923250055459333
1972-03-23,1.0986940017490694
1972-03-24,1.1045490290068873
1972-03-25,1.1098925723299213
1972-03-26,1.1147268996429593
1972-03-27,1.1188727445624098
1972-03-28,1.122331866681841
1972-03-29,1.1251057341335984
1972-03-30,1.1271955242119187
1972-03-31,1.1286021238725965
1972-04-01,1.1293261301094328
1972-04-02,1.1290944707625155
1972-04-03,1.1289059583010725
1972-04-04,1.128760512716006
1972-04-05,1.1286580722768067
1972-04-06,1.1285985935053562
1972-04-07,1.1285820511574725
1972-04-08,1.128608438212196
1972-04-09,1.1286777658688099
1972-04-10,1.1273905271985216
1972-04-11,1.1247461758671276
1972-04-12,1.1207435895500628
1972-04-13,1.1153810694560629
1972-04-14,1.108656339606154
1972-04-15,1.1005665458676768
1972-04-16,1.0911082547429243
1972-04-17,1.0809390795442861
1972-04-18,1.07005470423592
1972-04-19,1.058450509234328
1972-04-20,1.0461215694476946
1972-04-21,1.0330626521855644
1972-04-22,1.0192682149379644
1972-04-23,1.0047324030230342
1972-04-24,0.9897119116295406
1972-04-25,0.9742003657095626
1972-04-26,0.9581911818001506
1972-04-27,0.9416775652291516
1972-04-28,0.9246525072313905
1972-04-29,0.9071087819739866
1972-04-30,0.8890389434895412
1972-05-01,0.87042856334217
1972-05-02,0.8527068650892018
1972-05-03,0.8358663272273351
1972-05-04,0.8198998022383516
1972-05-05,0.8048005135555416
1972-05-06,0.7905620526875713
1972-05-07,0.7771783764985685
1972-05-08,0.7641369588538277
1972-05-09,0.7514322646706231
1972-05-10,0.7390589017795433
1972-05-11,0.7270116186359272
1972-05-12,0.715285302090988
1972-05-13,0.70387497522167
1972-05-14,0.6927757952183291
1972-05-15,0.6822430390243341
1972-05-16,0.6722722362915641
1972-05-17,0.6628591551780927
1972-05-18,0.6539998005520955
1972-05-19,0.6456904122962228
1972-05-20,0.6379274637117176
1972-05-21,0.6307076600216028
1972-05-22,0.6239776240999819
1972-05-23,0.6177344995621749
1972-05-24,0.6119756366800826
1972-05-25,0.6066985912575809
1972-05-26,0.601901123593147
1972-05-27,0.597581197529277
1972-05-28,0.5937369795882937
1972-05-29,0.5902264800445486
1972-05-30,0.5870482089599143
1972-05-31,0.5842008174017932
1972-06-01,0.5816830968705993
1972-06-02,0.5772638232523006
1972-06-03,0.5709411209037936
1972-06-04,0.5627123063222947
1972-06-05,0.5528837466413095
1972-06-06,0.5414512703901897
1972-06-07,0.5284100253585753
1972-06-08,0.5137544765370015
1972-06-09,0.49747840376771196
1972-06-10,0.479574899104678
1972-06-11,0.4600363638817047
1972-06-12,0.4389807142397413
1972-06-13,0.41639901366852583
1972-06-14,0.3922816779660834
1972-06-15,0.3666184711709659
1972-06-16,0.33939850121787146
1972-06-17,0.31061021531479666
1972-06-18,0.28024139503976103
1972-06-19,0.24844588159457753
1972-06-20,0.2152101802195492
1972-06-21,0.18052018490553143
1972-06-22,0.14436117240701116
1972-06-23,0.10671779599321823
1972-06-24,0.06757407893461259
1972-06-25,0.026913407721987664
1972-06-26,-0.012877857941652443
1972-06-27,-0.05181660640029098
1972-06-28,-0.08991936416966587
1972-06-29,-0.12720230295151044
1972-06-30,-0.16368124649720173
1972-07-01,-0.1993716773237308
1972-07-02,-0.22720530481589296
1972-07-03,-0.25249023180506724
1972-07-04,-0.27523718980575695
1972-07-05,-0.2954558331590563
1972-07-06,-0.3131547431301781
1972-07-07,-0.32834143155054374
1972-07-08,-0.34102234400598064
1972-07-09,-0.3512028625723783
1972-07-10,-0.35557095675731404
1972-07-11,-0.35412848048214274
1972-07-12,-0.34687482152618926
1972-07-13,-0.3338069012669082
1972-07-14,-0.31491917337324404
1972-07-15,-0.29020362145163947
1972-07-16,-0.25964975564368886
1972-07-17,-0.22607767267791107
1972-07-18,-0.18947312377694522
1972-07-19,-0.14982057311394947
1972-07-20,-0.10710319121883186
1972-07-21,-0.06130284783542994
1972-07-22,-0.012400104226607561
1972-07-23,0.03962579507600289
1972-07-24,0.0953854989089809
1972-07-25,0.1549026729950174
1972-07-26,0.2182025778150762
1972-07-27,0.2853120793295355
1972-07-28,0.356259660380727
1972-07-29,0.43107543278172206
1972-07-30,0.5097911500964899
1972-07-31,0.5939300563819707
1972-08-01,0.683527862158249
1972-08-02,0.7688421100463266
1972-08-03,0.8499090094087602
1972-08-04,0.9267629669340327
1972-08-05,0.9994366012395588
1972-08-06,1.0679607567157892
1972-08-07,1.132101793461974
1972-08-08,1.191886934434557
1972-08-09,1.247341553845918
1972-08-10,1.2984891879337823
1972-08-11,1.345351544950551
1972-08-12,1.3879485143767905
1972-08-13,1.426298175362795
1972-08-14,1.4610827949908032
1972-08-15,1.4923171366671009
1972-08-16,1.520014456976958
1972-08-17,1.5441865113110373
1972-08-18,1.564843558854654
1972-08-19,1.5819943669420131
1972-08-20,1.5956462147772768
1972-08-21,1.6056439700445098
1972-08-22,1.6119918760249239
1972-08-23,1.6146926269183137
1972-08-24,1.6137473689865374
1972-08-25,1.609155701040016
1972-08-26,1.60091567426746
1972-08-27,1.589023791408749
1972-08-28,1.5730151647471444
1972-08-29,1.5528829998470028
1972-08-30,1.5286187521465886
1972-08-31,1.5002121233315662
1972-09-01,1.46765105696415
1972-09-02,1.4371834753309638
1972-09-03,1.4087964472776342
1972-09-04,1.3826816598478464
1972-09-05,1.3588280293149126
1972-09-06,1.3372254316400278
1972-09-07,1.3178646981753903
1972-09-08,1.300737611772813
1972-09-09,1.2858369032961736
1972-09-10,1.273156248536223
1972-09-11,1.2625899113525092
1972-09-12,1.2541334071443544
1972-09-13,1.2477831467735496
1972-09-14,1.2435364350410423
1972-09-15,1.2413914695430304
1972-09-16,1.2413473399059787
1972-09-17,1.2434040274002376
1972-09-18,1.24747146094477
1972-09-19,1.2535513668535212
1972-09-20,1.2616463255807864
1972-09-21,1.271759772816414
1972-09-22,1.2838960009439946
1972-09-23,1.2980601608626472
1972-09-24,1.3142582641731835
1972-09-25,1.332460906384227
1972-09-26,1.3526758131229455
1972-09-27,1.374911564068646
1972-09-28,1.399177596594189
1972-09-29,1.4254842097714329
1972-09-30,1.4538425687423995
1972-10-01,1.4842647094580212
1972-10-02,1.513779049090107
1972-10-03,1.542398114214824
1972-10-04,1.5701340514328952
1972-10-05,1.596998632524902
1972-10-06,1.6230032594475012
1972-10-07,1.6481589691726841
1972-10-08,1.672476438372125
1972-10-09,1.6948554938803413
1972-10-10,1.715305633892004
1972-10-11,1.7338355379249233
1972-10-12,1.7504530705038392
1972-10-13,1.7651652844983121
1972-10-14,1.777978424116123
1972-10-15,1.7888979275534624
1972-10-16,1.798837026422183
1972-10-17,1.807799939108349
1972-10-18,1.8157904696817742
1972-10-19,1.8228120095105549
1972-10-20,1.8288675387004498
1972-10-21,1.8339596273597036
1972-10-22,1.8380904366898627
1972-10-23,1.83990105166617
1972-10-24,1.8393922407559784
1972-10-25,1.8365637880080343
1972-10-26,1.8314144929608258
1972-10-27,1.8239421701330776
1972-10-28,1.814143648096182
1972-10-29,1.8020147681281702
1972-10-30,1.7895272376582638
1972-10-31,1.7766757566864113
1972-11-01,1.763454870743455
1972-11-02,1.751406844797258
1972-11-03,1.7405265653837696
1972-11-04,1.7308094146578854
1972-11-05,1.7222512684335243
1972-11-06,1.7133106558454112
1972-11-07,1.7039837822884163
1972-11-08,1.6942666892192189
1972-11-09,1.6841552524762085
1972-11-10,1.6736451805290957
1972-11-11,1.6627320126574843
1972-11-12,1.6514111170576384
1972-11-13,1.6415746682973362
1972-11-14,1.6332184915576204
1972-11-15,1.6263390402816071
1972-11-16,1.620933394669244
1972-11-17,1.616999260438079
1972-11-18,1.6145349678495136
1972-11-19,1.6135394710001263
1972-11-20,1.6110718462775426
1972-11-21,1.6071310463641058
1972-11-22,1.6017153986921449
1972-11-23,1.5948226047341008
1972-11-24,1.586449739026974
1972-11-25,1.5765932479306928
1972-11-26,1.565248948119864
1972-11-27,1.5535973773657354
1972-11-28,1.541633590469115
1972-11-29,1.5293525097189749
1972-11-30,1.5167489227373547
1972-12-01,1.5038174802671038
1972-12-02,1.4905825701352637
1972-12-03,1.477038575136371
1972-12-04,1.464759375237403
1972-12-05,1.453739758858676
1972-12-06,1.4439750490172174
1972-12-07,1.4354611013417453
1972-12-08,1.4281943023136998
1972-12-09,1.422171567733581
1972-12-10,1.4173903414119442
1972-12-11,1.4131880169341566
1972-12-12,1.4095628107354052
1972-12-13,1.4065131841933756
1972-12-14,1.4040378429752225
1972-12-15,1.402135736488228
1972-12-16,1.4008060574339032
1972-12-17,1.4000482414653521
1972-12-18,1.3985933602770568
1972-12-19,1.396440796383407
1972-12-20,1.3935896361859315
1972-12-21,1.390038669585545
1972-12-22,1.385786389468955
1972-12-23,1.380830991069007
1972-12-24,1.3751703711986982
1972-12-25,1.368595736007798
1972-12-26,1.3611042950673313
1972-12-27,1.3526928688345157
1972-12-28,1.3433578873032905
1972-12-29,1.3330953884891206
1972-12-30,1.321901016747439
1972-12-31,1.3097700209250096
1973-01-01,1.297670620189175
1973-01-02,1.2864594258259254
1973-01-03,1.2761316795421105
1973-01-04,1.2666829980006105
1973-01-05,1.2581093709599465
1973-01-06,1.2504071595722404
1973-01-07,1.2435730948388017
1973-01-08,1.2384230514427175
1973-01-09,1.2349548435850957
1973-01-10,1.2331669992773897
1973-01-11,1.2330587597166525
1973-01-12,1.2346300789634825
1973-01-13,1.237881623922526
1973-01-14,1.242814774625527
1973-01-15,1.247856386491971
1973-01-16,1.2530085992998727
1973-01-17,1.2582735997688737
1973-01-18,1.2636536224883366
1973-01-19,1.2691509508657581
1973-01-20,1.2747679180959004
1973-01-21,1.2805069081510534
1973-01-22,1.2864027206297868
1973-01-23,1.292457857852837
1973-01-24,1.2986748897620886
1973-01-25,1.3050564550113188
1973-01-26,1.3116052620861032
1973-01-27,1.3183240904533602
1973-01-28,1.325215791741022
1973-01-29,1.3335977981925233
1973-01-30,1.3434736673274825
1973-01-31,1.354847590695785
1973-02-01,1.3677243956565794
1973-02-02,1.3790306384560829
1973-02-03,1.3887711177282267
1973-02-04,1.3969499675602717
1973-02-05,1.4028606805357202
1973-02-06,1.4065057652994273
1973-02-07,1.4078867689106367
1973-02-08,1.4070042774995863
1973-02-09,1.4038579165162774
1973-02-10,1.3984463505715061
1973-02-11,1.3907672828700925
1973-02-12,1.380443344620285
1973-02-13,1.367470154101183
1973-02-14,1.351842205187249
1973-02-15,1.33355286501138
1973-02-16,1.3125943711497636
1973-02-17,1.288957828327324
1973-02-18,1.2626332046423587
1973-02-19,1.2341260415933792
1973-02-20,1.203424240073521
1973-02-21,1.1705147695200129
1973-02-22,1.1353836623837026
1973-02-23,1.0980160082009012
1973-02-24,1.0583959472650333
1973-02-25,1.0165066638954081
1973-02-26,0.9725283785541621
1973-02-27,0.9264424258282147
1973-02-28,0.8782292457611425
1973-03-01,0.8278683755514762
1973-03-02,0.7790835513656971
1973-03-03,0.7318540677832001
1973-03-04,0.6861598795063153
1973-03-05,0.6418167363624093
1973-03-06,0.5988058180842148
1973-03-07,0.5571088698318623
1973-03-08,0.5167081944450984
1973-03-09,0.47758664493219816
1973-03-10,0.4397276171923797
1973-03-11,0.4031150429686356
1973-03-12,0.36748029420806644
1973-03-13,0.33280824668969594
1973-03-14,0.29908418478547616
1973-03-15,0.26629379521462915
1973-03-16,0.23442316096875704
1973-03-17,0.20345875540513791
1973-03-18,0.17338743650570154
1973-03-19,0.14440018365300689
1973-03-20,0.11648469397884598
1973-03-21,0.08962911949637586
1973-03-22,0.06382206207155416
1973-03-23,0.0390525685855071
1973-03-24,0.015310126285767112
1973-03-25,-0.007415341675582887
1973-03-26,-0.029787122856625436
1973-03-27,-0.05181471236463553
1973-03-28,-0.07350745922389101
1973-03-29,-0.09487457034361624
1973-03-30,-0.11592511442561015
1973-03-31,-0.13666802581321558
1973-04-01,-0.15711210828326344
1973-04-02,-0.17520034619444846
1973-04-03,-0.1909404166180772
1973-04-04,-0.20433900000824456
1973-04-05,-0.21540178303717333
1973-04-06,-0.22413346100877246
1973-04-07,-0.2305377398514328
1973-04-08,-0.23461733769091006
1973-04-09,-0.23826971391509283
1973-04-10,-0.2414964186778905
1973-04-11,-0.2442988214682867
1973-04-12,-0.24667811169158194
1973-04-13,-0.24863529917420574
1973-04-14,-0.2501712145923102
1973-04-15,-0.25128650982432815
1973-04-16,-0.2506297925465877
1973-04-17,-0.24820078403291343
1973-04-18,-0.24399845335527065
1973-04-19,-0.2380210169462147
1973-04-20,-0.23026593784190363
1973-04-21,-0.22072992460535157
1973-04-22,-0.20940892992946525
1973-04-23,-0.19718916873022324
1973-04-24,-0.18406545465511615
1973-04-25,-0.17003221769288823
1973-04-26,-0.15508350180949373
1973-04-27,-0.13921296242021716
1973-04-28,-0.1224138636968829
1973-04-29,-0.10467907570901237
1973-04-30,-0.08512681717297947
1973-05-01,-0.06374878965287639
1973-05-02,-0.04275598427874666
1973-05-03,-0.02213949121290565
1973-05-04,-0.001890560333415614
1973-05-05,0.017999402479670967
1973-05-06,0.037538838991857004
1973-05-07,0.055758912464234534
1973-05-08,0.0726673559222068
1973-05-09,0.08827134570471551
1973-05-10,0.10257750451004805
1973-05-11,0.11559190420666449
1973-05-12,0.1273200684102414
1973-05-13,0.13776697482802325
1973-05-14,0.14734565695894578
1973-05-15,0.15606018021977908
1973-05-16,0.16391424325805334
1973-05-17,0.1709111795218518
1973-05-18,0.17705395867460394
1973-05-19,0.18234518785547976
1973-05-20,0.18678711278592122
1973-05-21,0.1904754615905045
1973-05-22,0.19341179969074376
1973-05-23,0.19559737333721836
1973-05-24,0.1970331101385109
1973-05-25,0.19771961945490585
1973-05-26,0.19765719265701673
1973-05-27,0.19684580324945
1973-05-28,0.19496552042905288
1973-05-29,0.19201554615981103
1973-05-30,0.18799462840363593
1973-05-31,0.1829010605889708
1973-06-01,0.17673268088648147
1973-06-02,0.17037412223149906
1973-06-03,0.16382268590298507
1973-06-04,0.15797849656565066
1973-06-05,0.15283907380882827
1973-06-06,0.1484022363412736
1973-06-07,0.1446661010653747
1973-06-08,0.14162908227792126
1973-06-09,0.13928989099709504
1973-06-10,0.13764753441539584
1973-06-11,0.13566399263693013
1973-06-12,0.13333842380016625
1973-06-13,0.13066984087928796
1973-06-14,0.1276571112652775
1973-06-15,0.12429895628521019
1973-06-16,0.12059395065955522
1973-06-17,0.11654052189725411
1973-06-18,0.11276383492857846
1973-06-19,0.10926228683923092
1973-06-20,0.10603439149029081
1973-06-21,0.10307877888746206
1973-06-22,0.10039419459961553
1973-06-23,0.09797949922637907
1973-06-24,0.09583366791454946
1973-06-25,0.09350243258002476
1973-06-26,0.09098480379199454
1973-06-27,0.08827971300990634
1973-06-28,0.0853860121299522
1973-06-29,0.0823024729977865
1973-06-30,0.07902778688726846
1973-07-01,0.07556056394500812
1973-07-02,0.0717741768944061
1973-07-03,0.06766701870422331
1973-07-04,0.06323734620044527
1973-07-05,0.05848327932643828
1973-07-06,0.053402800345009355
1973-07-07,0.04799375298203133
1973-07-08,0.04225384151126978
1973-07-09,0.03495381104856543
1973-07-10,0.026090563290220616
1973-07-11,0.015660336466549157
1973-07-12,0.003658703745293347
1973-07-13,-0.009919428647227398
1973-07-14,-0.025079823588033116
1973-07-15,-0.04182891550338305
1973-07-16,-0.0590618118456947
1973-07-17,-0.07678582665930415
1973-07-18,-0.09500848243071547
1973-07-19,-0.1137375132813197
1973-07-20,-0.1329808682499372
1973-07-21,-0.15274671466657558
1973-07-22,-0.17304344161883561
1973-07-23,-0.19388563737878484
1973-07-24,-0.21528214786186456
1973-07-25,-0.2372420542476509
1973-07-26,-0.2597746768341215
1973-07-27,-0.2828895789934064
1973-07-28,-0.30659657123070794
1973-07-29,-0.330905715348108
1973-07-30,-0.3559731918946274
1973-07-31,-0.3818096400937142
1973-08-01,-0.40842602553837537
1973-08-02,-0.43298924952111273
1973-08-03,-0.45550973724879085
1973-08-04,-0.4759970469432223
1973-08-05,-0.4944598738978998
1973-08-06,-0.51077657487299
1973-08-07,-0.5249540750580827
1973-08-08,-0.5369983917159099
1973-08-09,-0.5469146367362132
1973-08-10,-0.5547070188053498
1973-08-11,-0.5603788451925562
1973-08-12,-0.5639325231536324
1973-08-13,-0.5660939092356095
1973-08-14,-0.5668639207813019
1973-08-15,-0.5662428846016224
1973-08-16,-0.5642305371142885
1973-08-17,-0.5608260242319519
1973-08-18,-0.5560279009997037
1973-08-19,-0.5498341309818018
1973-08-20,-0.5421078440448344
1973-08-21,-0.5328457609718845
1973-08-22,-0.5220439507182286
1973-08-23,-0.5096978287429089
1973-08-24,-0.49580215506294684
1973-08-25,-0.4803510320293717
1973-08-26,-0.4633379018241206
1973-08-27,-0.4451123754958932
1973-08-28,-0.42566671770496706
1973-08-29,-0.4049926752592843
1973-08-30,-0.383081473611604
1973-08-31,-0.3599238131353791
1973-09-01,-0.3355098651777775
1973-09-02,-0.3108690935484037
1973-09-03,-0.2849796156522687
1973-09-04,-0.2578304433893221
1973-09-05,-0.22941005401575598
1973-09-06,-0.1997063852534836
1973-09-07,-0.16870683017062557
1973-09-08,-0.13639823183083377
1973-09-09,-0.10276687770917903
1973-09-10,-0.06853806060292678
1973-09-11,-0.03369725300138404
1973-09-12,0.0017703323492247458
1973-09-13,0.03787974872181393
1973-09-14,0.074646321797398
1973-09-15,0.11208565616966876
1973-09-16,0.15021364196795073
1973-09-17,0.18943456865344072
1973-09-18,0.22976508250491728
1973-09-19,0.2712223007359088
1973-09-20,0.31382381875963916
1973-09-21,0.3575877176569333
1973-09-22,0.40253257185024993
1973-09-23,0.4486774569871012
1973-09-24,0.49617099711895546
1973-09-25,0.5450333496152585
1973-09-26,0.5952852528014445
1973-09-27,0.6469480347607667
1973-09-28,0.7000436223864328
1973-09-29,0.7545945506878944
1973-09-30,0.8106239723552296
1973-10-01,0.8674693896132502
1973-10-02,0.9210615371498068
1973-10-03,0.9714231607259926
1973-10-04,1.0185756349929604
1973-10-05,1.0625389725638246
1973-10-06,1.103331832507483
1973-10-07,1.14097152826796
1973-10-08,1.176540926171497
1973-10-09,1.2100551227026364
1973-10-10,1.2415283420703827
1973-10-11,1.2709739422452864
1973-10-12,1.2984044206288818
1973-10-13,1.323831419357875
1973-10-14,1.3472657302453386
1973-10-15,1.368426927944928
1973-10-16,1.3873239937639696
1973-10-17,1.4039649480592558
1973-10-18,1.4183568536410693
1973-10-19,1.4305058187708097
1973-10-20,1.4404169997534773
1973-10-21,1.4480946031261333
1973-10-22,1.4527739786509146
1973-10-23,1.4544571123642587
1973-10-24,1.4531447186274873
1973-10-25,1.448836240429997
1973-10-26,1.4415298491528534
1973-10-27,1.4312224437926797
1973-10-28,1.4179096496455212
1973-10-29,1.402702833084529
1973-10-30,1.3855955399810218
1973-10-31,1.3665805095996164
1973-11-01,1.3456496715166022
1973-11-02,1.3237630961575557
1973-11-03,1.3009114943479034
1973-11-04,1.277085167333271
1973-11-05,1.2534107683026259
1973-11-06,1.2298782492872053
1973-11-07,1.2064776225354443
1973-11-08,1.1831989562739396
1973-11-09,1.1600323704921727
1973-11-10,1.136968032749203
1973-11-11,1.1139961540005499
1973-11-12,1.088202670269592
1973-11-13,1.059576634198448
1973-11-14,1.028105896227762
1973-11-15,0.9937770994401458
1973-11-16,0.9565756738911906
1973-11-17,0.9164858304256424
1973-11-18,0.8734905539761145
1973-11-19,0.8278263737146663
1973-11-20,0.7794739086949748
1973-11-21,0.7284126369997787
1973-11-22,0.6746208870308965
1973-11-23,0.6180758283112937
1973-11-24,0.5587534617952935
1973-11-25,0.4966286096828212
1973-11-26,0.43361423454297987
1973-11-27,0.3696835916008674
1973-11-28,0.30480954719609277
1973-11-29,0.2389645672666153
1973-11-30,0.17212070566264404
1973-12-01,0.1042495922856389
1973-12-02,0.03894823068073716
1973-12-03,-0.024429362652741426
1973-12-04,-0.08591008664799682
1973-12-05,-0.14552003516250844
1973-12-06,-0.20328450805287812
1973-12-07,-0.259228021912683
1973-12-08,-0.31337432047788827
1973-12-09,-0.36574638470424725
1973-12-10,-0.41657954960564936
1973-12-11,-0.4658953899664172
1973-12-12,-0.5137148365828427
1973-12-13,-0.560058185146708
1973-12-14,-0.6049451048592517
1973-12-15,-0.6483946467792366
1973-12-16,-0.6904252519086673
1973-12-17,-0.7288864447429922
1973-12-18,-0.7637945491121714
1973-12-19,-0.7951643808323023
1973-12-20,-0.8230092539937999
1973-12-21,-0.847340986612208
1973-12-22,-0.8681699056440406
1973-12-23,-0.8855048513697852
1973-12-24,-0.9029645127740641
1973-12-25,-0.9205563001456096
1973-12-26,-0.9382876798505063
1973-12-27,-0.9561661775010907
1973-12-28,-0.9741993811499962
1973-12-29,-0.9923949445107013
1973-12-30,-1.0107605902059444
1973-12-31,-1.0295763925748247
1974-01-01,-1.0488503374840241
1974-01-02,-1.0687593717403088
1974-01-03,-1.0893119452035473
1974-01-04,-1.1105167808667036
1974-01-05,-1.1323828785580763
1974-01-06,-1.1549195187610384
1974-01-07,-1.1735247624284693
1974-01-08,-1.1882065060610125
1974-01-09,-1.1989709809341154
1974-01-10,-1.2058227557427266
1974-01-11,-1.2087647385403588
1974-01-12,-1.207798177973332
1974-01-13,-1.2029226638107318
1974-01-14,-1.198168143296459
1974-01-15,-1.193532598500785
1974-01-16,-1.1890140619900593
1974-01-17,-1.1846106159916856
1974-01-18,-1.1803203915801719
1974-01-19,-1.176141567883917
1974-01-20,-1.1720723713123893
1974-01-21,-1.168632091592554
1974-01-22,-1.1658192685892204
1974-01-23,-1.163632708474505
1974-01-24,-1.1620714832211454
1974-01-25,-1.161134930208622
1974-01-26,-1.160822651941928
1974-01-27,-1.1611345158828617
1974-01-28,-1.160229728809546
1974-01-29,-1.1581079067091808
1974-01-30,-1.154768149030832
1974-01-31,-1.150209038303213
1974-02-01,-1.1444286395330807
1974-02-02,-1.1382500387854035
1974-02-03,-1.131670613717489
1974-02-04,-1.1221097092837804
1974-02-05,-1.1095632676127785
1974-02-06,-1.0940259637011398
1974-02-07,-1.0754912031536206
1974-02-08,-1.053951119384262
1974-02-09,-1.0293965702776258
1974-02-10,-1.0018171343086681
1974-02-11,-0.9768200435655813
1974-02-12,-0.9543946886982984
1974-02-13,-0.9345315518616181
1974-02-14,-0.9172222026756098
1974-02-15,-0.9024592946475622
1974-02-16,-0.8902365620539601
1974-02-17,-0.8805488172811649
1974-02-18,-0.8716658778840157
1974-02-19,-0.8635839737352344
1974-02-20,-0.8562996746856404
1974-02-21,-0.8498098891083161
1974-02-22,-0.8441118625864469
1974-02-23,-0.8392031767442834
1974-02-24,-0.8350817482207257
1974-02-25,-0.8304835211846038
1974-02-26,-0.8254065440407975
1974-02-27,-0.8198486620014415
1974-02-28,-0.8138075161713829
1974-03-01,-0.8072805425470116
1974-03-02,-0.8008728159762895
1974-03-03,-0.794581616870164
1974-03-04,-0.788618058758373
1974-03-05,-0.7829796105673483
1974-03-06,-0.7776638792077779
1974-03-07,-0.772668608558922
1974-03-08,-0.7679916785110632
1974-03-09,-0.7636311040656819
1974-03-10,-0.7595850344929768
1974-03-11,-0.7555697278997203
1974-03-12,-0.7515834800958647
1974-03-13,-0.7476245992245916
1974-03-14,-0.7436914050442496
1974-03-15,-0.7397822282152192
1974-03-16,-0.7358954095914073
1974-03-17,-0.7320292995160655
1974-03-18,-0.7286709955851537
1974-03-19,-0.7258190724559226
1974-03-20,-0.7234723197054814
1974-03-21,-0.7216297413170654
1974-03-22,-0.7202905552573029
1974-03-23,-0.719454193144303
1974-03-24,-0.7191203000064199
1974-03-25,-0.7188323344940979
1974-03-26,-0.7185901743880372
1974-03-27,-0.7183937169098239
1974-03-28,-0.7182428786783086
1974-03-29,-0.7181375956742173
1974-03-30,-0.7180778232129801
1974-03-31,-0.7180635359257662
1974-04-01,-0.7197296063064529
1974-04-02,-0.7210224241904067
1974-04-03,-0.7219425382797806
1974-04-04,-0.7224903390925184
1974-04-05,-0.7226660591280992
1974-04-06,-0.7224697729662171
1974-04-07,-0.7219013972984332
1974-04-08,-0.7197101312282213
1974-04-09,-0.7158950447310004
1974-04-10,-0.7104545185948157
1974-04-11,-0.7033862437331047
1974-04-12,-0.6946872202046681
1974-04-13,-0.6843537559404248
1974-04-14,-0.6723814651764108
1974-04-15,-0.6588461368312027
1974-04-16,-0.6437420261948194
1974-04-17,-0.627062722729377
1974-04-18,-0.6088011473483066
1974-04-19,-0.5889495494118244
1974-04-20,-0.5674995034373785
1974-04-21,-0.5444419055236778
1974-04-22,-0.5202985701803429
1974-04-23,-0.49505925041107074
1974-04-24,-0.4687132340581286
1974-04-25,-0.4412493392558656
1974-04-26,-0.41265590968486565
1974-04-27,-0.3829208096247345
1974-04-28,-0.35203141880341443
1974-04-29,-0.3191881047733714
1974-04-30,-0.28437692806382914
1974-05-01,-0.24758311399705574
1974-05-02,-0.21302136279572365
1974-05-03,-0.18067700564412192
1974-05-04,-0.15053631484044527
1974-05-05,-0.1225864979704368
1974-05-06,-0.09656077393437162
1974-05-07,-0.07244809680615028
1974-05-08,-0.05023823260153287
1974-05-09,-0.029921754934596922
1974-05-10,-0.01149004101695772
1974-05-11,0.00506473200194324
1974-05-12,0.01974959035504037
1974-05-13,0.03227236169816955
1974-05-14,0.04263836098843332
1974-05-15,0.050851987798421816
1974-05-16,0.05691672818349436
1974-05-17,0.060835156161342496
1974-05-18,0.06260893480446345
1974-05-19,0.06223881694600725
1974-05-20,0.060138119044432836
1974-05-21,0.05630594951440937
1974-05-22,0.05074068189354225
1974-05-23,0.04343995415206542
1974-05-24,0.034400667690339615
1974-05-25,0.023618986023735022
1974-05-26,0.01109033315433694
1974-05-27,-0.005108673939845432
1974-05-28,-0.024984910496365365
1974-05-29,-0.04854681245498127
1974-05-30,-0.07580438003806678
1974-05-31,-0.10676918199493934
1974-06-01,-0.14145436051190705
1974-06-02,-0.17646493569460336
1974-06-03,-0.20881258579557466
1974-06-04,-0.23851103991423078
1974-06-05,-0.26557290276923434
1974-06-06,-0.2900096600482379
1974-06-07,-0.31183168328267874
1974-06-08,-0.33104823424969887
1974-06-09,-0.34766746890306066
1974-06-10,-0.3638184019652537
1974-06-11,-0.37950788827008763
1974-06-12,-0.3947425868025738
1974-06-13,-0.4095289635251538
1974-06-14,-0.4238732941220059
1974-06-15,-0.4377816666625914
1974-06-16,-0.4512599841855748
1974-06-17,-0.46360531696007884
1974-06-18,-0.4748229046341266
1974-06-19,-0.48491750821433977
1974-06-20,-0.49389341208662024
1974-06-21,-0.5017544258345441
1974-06-22,-0.5085038858562387
1974-06-23,-0.5141446567804266
1974-06-24,-0.5181292926456386
1974-06-25,-0.5204594846245478
1974-06-26,-0.5211362217051404
1974-06-27,-0.5201597911104641
1974-06-28,-0.5175297784205329
1974-06-29,-0.5132450673964375
1974-06-30,-0.5073038395065873
1974-07-01,-0.5010985953067384
1974-07-02,-0.49683455683427835
1974-07-03,-0.4945099143315313
1974-07-04,-0.4941236811658387
1974-07-05,-0.49567569341080997
1974-07-06,-0.499166609776748
1974-07-07,-0.5045979118902213
1974-07-08,-0.5116717795303519
1974-07-09,-0.5203912150120451
1974-07-10,-0.5307599190676923
1974-07-11,-0.5427822924178496
1974-07-12,-0.5564634376390055
1974-07-13,-0.5718091613292344
1974-07-14,-0.588825976572652
1974-07-15,-0.6072680320475559
1974-07-16,-0.6271431549937031
1974-07-17,-0.6484597808782104
1974-07-18,-0.6712269569757618
1974-07-19,-0.6954543462084846
1974-07-20,-0.7211522312471192
1974-07-21,-0.748331518875226
1974-07-22,-0.7762032859764347
1974-07-23,-0.8047793619807067
1974-07-24,-0.8340718752431765
1974-07-25,-0.8640932581917119
1974-07-26,-0.8948562526035243
1974-07-27,-0.9263739150130793
1974-07-28,-0.9586596222535952
1974-07-29,-0.991824820003516
1974-07-30,-1.0258835843485987
1974-07-31,-1.060850370625166
1974-08-01,-1.0967400195552908
1974-08-02,-1.1303315397940001
1974-08-03,-1.1616391883682882
1974-08-04,-1.1906762529765886
1974-08-05,-1.217597882830375
1974-08-06,-1.2424155040991338
1974-08-07,-1.2651396499618888
1974-08-08,-1.2857799650777288
1974-08-09,-1.3043452096792272
1974-08-10,-1.3208432632904885
1974-08-11,-1.335281128071404
1974-08-12,-1.3488975061844075
1974-08-13,-1.3616981767388974
1974-08-14,-1.3736885726389025
1974-08-15,-1.3848737828889337
1974-08-16,-1.3952585547538763
1974-08-17,-1.4048472957738398
1974-08-18,-1.413644075634822
1974-08-19,-1.420487497686393
1974-08-20,-1.4253804664369585
1974-08-21,-1.4283250585769176
1974-08-22,-1.4293225238600573
1974-08-23,-1.428373285633977
1974-08-24,-1.4254769410197685
1974-08-25,-1.4206322607410233
1974-08-26,-1.414003957060206
1974-08-27,-1.4055892167701796
1974-08-28,-1.3953844684583185
1974-08-29,-1.3833853809907208
1974-08-30,-1.3695868616739706
1974-08-31,-1.3539830540936817
1974-09-01,-1.3365673356288985
1974-09-02,-1.3198043378823452
1974-09-03,-1.3036869462456424
1974-09-04,-1.2882083201207462
1974-09-05,-1.2733618900166384
1974-09-06,-1.259141354761081
1974-09-07,-1.2455406788262509
1974-09-08,-1.2325540897671219
1974-09-09,-1.2198457340622437
1974-09-10,-1.2074102179881692
1974-09-11,-1.195242263620973
1974-09-12,-1.183336706596177
1974-09-13,-1.1716884939168746
1974-09-14,-1.1602926818091177
1974-09-15,-1.1491444336236667
1974-09-16,-1.1379480243384883
1974-09-17,-1.1266987019355654
1974-09-18,-1.1153916919393148
1974-09-19,-1.10402219539019
1974-09-20,-1.0925853868078894
1974-09-21,-1.08107641214331
1974-09-22,-1.0694903867183752
1974-09-23,-1.058576027202613
1974-09-24,-1.0483287012865259
1974-09-25,-1.0387440597652797
1974-09-26,-1.0298180346927999
1974-09-27,-1.0215468376552395
1974-09-28,-1.013926958163088
1974-09-29,-1.0069551621612378
1974-09-30,-1.00021695864638
1974-10-01,-0.9937094877673168
1974-10-02,-0.9906349678528443
1974-10-03,-0.9909920940047889
1974-10-04,-0.9947810177958436
1974-10-05,-1.0020033473338996
1974-10-06,-1.0126621479445643
1974-10-07,-1.025072985104175
1974-10-08,-1.0392411262623482
1974-10-09,-1.0551725847096265
1974-10-10,-1.0728741221296585
1974-10-11,-1.0923532514690164
1974-10-12,-1.113618240125866
1974-10-13,-1.136678113458845
1974-10-14,-1.1645317817204583
1974-10-15,-1.1971910666590966
1974-10-16,-1.2346698296392842
1974-10-17,-1.276983977524769
1974-10-18,-1.324151469429767
1974-10-19,-1.3761923243412295
1974-10-20,-1.4331286296153696
1974-10-21,-1.4928158484588425
1974-10-22,-1.5552793135235854
1974-10-23,-1.6205455357653773
1974-10-24,-1.6886422156957064
1974-10-25,-1.7595982551385179
1974-10-26,-1.833443769496823
1974-10-27,-1.9102101005343806
1974-10-28,-1.9914713788929608
1974-10-29,-2.0772620937600412
1974-10-30,-2.16761865672191
1974-10-31,-2.2625794172175926
1974-11-01,-2.362184678815259
1974-11-02,-2.460500863371359
1974-11-03,-2.557569698574525
1974-11-04,-2.65154992872887
1974-11-05,-2.742481441242548
1974-11-06,-2.830402829576625
1974-11-07,-2.915351409625053
1974-11-08,-2.9973632355524003
1974-11-09,-3.0764731150960913
1974-11-10,-3.1527146243396165
1974-11-11,-3.2273758142151046
1974-11-12,-3.300488372678082
1974-11-13,-3.3720833304086804
1974-11-14,-3.4421910739817783
1974-11-15,-3.5108413587637752
1974-11-16,-3.5780633215414657
1974-11-17,-3.6438854928883733
1974-11-18,-3.7055896303663776
1974-11-19,-3.7632019226548667
1974-11-20,-3.81674682175841
1974-11-21,-3.8662470533847584
1974-11-22,-3.9117236265901734
1974-11-23,-3.953195842696153
1974-11-24,-3.9906813034813715
1974-11-25,-4.029315336406224
1974-11-26,-4.069114338658051
1974-11-27,-4.110095201864422
1974-11-28,-4.152275319262346
1974-11-29,-4.195672593080364
1974-11-30,-4.240305442136676
1974-12-01,-4.286192809656514
1974-12-02,-4.326109468534819
1974-12-03,-4.360072360335389
1974-12-04,-4.388095899703996
1974-12-05,-4.410191980486301
1974-12-06,-4.426369980775881
1974-12-07,-4.436636766894511
1974-12-08,-4.440996696306389
1974-12-09,-4.442686893099457
1974-12-10,-4.441708074632775
1974-12-11,-4.438059825472888
1974-12-12,-4.431740597217508
1974-12-13,-4.422747707838338
1974-12-14,-4.411077340542756
1974-12-15,-4.396724542153878
1974-12-16,-4.378365974459601
1974-12-17,-4.355993845654334
1974-12-18,-4.32959866048326
1974-12-19,-4.299169216212334
1974-12-20,-4.264692597873573
1974-12-21,-4.226154172783642
1974-12-22,-4.183537584333406
1974-12-23,-4.13655013237439
1974-12-24,-4.0851718743328105
1974-12-25,-4.029381004074063
1974-12-26,-3.969153842647696
1974-12-27,-3.9044648282375105
1974-12-28,-3.8352865053125225
1974-12-29,-3.761589512974199
1974-12-30,-3.687703072017907
1974-12-31,-3.613595823309684
1975-01-01,-3.53923631399959
1975-01-02,-3.4725071360484843
1975-01-03,-3.4133799680322516
1975-01-04,-3.361829714997627
1975-01-05,-3.31783449781131
1975-01-06,-3.273247135424264
1975-01-07,-3.228048703916861
1975-01-08,-3.182220020017445
1975-01-09,-3.1357416329605012
1975-01-10,-3.0885938162312954
1975-01-11,-3.0407565591934813
1975-01-12,-2.9922095585961173
1975-01-13,-2.9463050793429604
1975-01-14,-2.903023638499174
1975-01-15,-2.8623468664087843
1975-01-16,-2.824257498898165
1975-01-17,-2.788739369948722
1975-01-18,-2.7557774048356554
1975-01-19,-2.725357613729894
1975-01-20,-2.6992942966960594
1975-01-21,-2.6775763918527047
1975-01-22,-2.660194681612969
1975-01-23,-2.6471417887724162
1975-01-24,-2.6384121733779797
1975-01-25,-2.634002130376674
1975-01-26,-2.6339097880430855
1975-01-27,-2.637059995413654
1975-01-28,-2.6434540895100795
1975-01-29,-2.6530947841354733
1975-01-30,-2.6659861710261596
1975-01-31,-2.682133721588301
1975-02-01,-2.701544289220096
1975-02-02,-2.7193280372434607
1975-02-03,-2.7363223897337203
1975-02-04,-2.7525345594916195
1975-02-05,-2.7679714273412546
1975-02-06,-2.782639545050454
1975-02-07,-2.796545138111505
1975-02-08,-2.809694108383395
1975-02-09,-2.822092036596701
1975-02-10,-2.8338153687214893
1975-02-11,-2.844869080414159
1975-02-12,-2.8552578631285295
1975-02-13,-2.86498612610701
1975-02-14,-2.874057998251981
1975-02-15,-2.8824773298781987
1975-02-16,-2.890247694346959
1975-02-17,-2.8960692718676455
1975-02-18,-2.899944533253943
1975-02-19,-2.9018751232574367
1975-02-20,-2.901861861265687
1975-02-21,-2.899904741649994
1975-02-22,-2.89600293376301
1975-02-23,-2.890154781586193
1975-02-24,-2.882886226137093
1975-02-25,-2.8741941824707435
1975-02-26,-2.8640749614804806
1975-02-27,-2.852524268332197
1975-02-28,-2.8395372006415163
1975-03-01,-2.8251082463931043
1975-03-02,-2.8091266304688483
1975-03-03,-2.791433466686224
1975-03-04,-2.7720212456526263
1975-03-05,-2.7508817283673404
1975-03-06,-2.728005942724714
1975-03-07,-2.703384179706188
1975-03-08,-2.6770059892595617
1975-03-09,-2.6488601758637462
1975-03-10,-2.620050092256972
1975-03-11,-2.5905635107658034
1975-03-12,-2.5603879165952765
1975-03-13,-2.5295105025173306
1975-03-14,-2.497918163435116
1975-03-15,-2.4655974908208886
1975-03-16,-2.4325347670251145
1975-03-17,-2.396928908739344
1975-03-18,-2.3587648040043945
1975-03-19,-2.3180262550814446
1975-03-20,-2.274695971577337
1975-03-21,-2.2287555631061293
1975-03-22,-2.180185531483785
1975-03-23,-2.1289652624526862
1975-03-24,-2.0756514391124528
1975-03-25,-2.020221433829292
1975-03-26,-1.9626517208122887
1975-03-27,-1.9029178661285142
1975-03-28,-1.8409945173326896
1975-03-29,-1.7768553927070152
1975-03-30,-1.7104732701065966
1975-03-31,-1.642814787277238
1975-04-01,-1.5738512283760948
1975-04-02,-1.5072267954140643
1975-04-03,-1.4429132114232552
1975-04-04,-1.3808831802141368
1975-04-05,-1.3211103747903987
1975-04-06,-1.2635694261751567
1975-04-07,-1.2081649045326606
1975-04-08,-1.15487329488785
1975-04-09,-1.1036719790349436
1975-04-10,-1.0545392259377433
1975-04-11,-1.0074541825064744
1975-04-12,-0.9623968647472468
1975-04-13,-0.9193481492803798
1975-04-14,-0.8769944463158428
1975-04-15,-0.8353177799513196
1975-04-16,-0.794300461634665
1975-04-17,-0.753925082656469
1975-04-18,-0.7141745067613938
1975-04-19,-0.6750318628751464
1975-04-20,-0.6364805379439992
1975-04-21,-0.5997874348380402
1975-04-22,-0.5649369801459511
1975-04-23,-0.5319143825195057
1975-04-24,-0.5007056263957752
1975-04-25,-0.47129746604859557
1975-04-26,-0.4436774199667721
1975-04-27,-0.41783376555663265
1975-04-28,-0.3932979744559295
1975-04-29,-0.3700596331009546
1975-04-30,-0.34810887859602324
1975-05-01,-0.3274363945274311
1975-05-02,-0.3078030496074871
1975-05-03,-0.28920051098532545
1975-05-04,-0.2716208833083865
1975-05-05,-0.2545944688931521
1975-05-06,-0.23811404133104633
1975-05-07,-0.22217260594308588
1975-05-08,-0.2067633968111749
1975-05-09,-0.19187987390649092
1975-05-10,-0.17751572031374366
1975-05-11,-0.16366483955012828
1975-05-12,-0.15007954189962397
1975-05-13,-0.13675406144410762
1975-05-14,-0.12368274253795153
1975-05-15,-0.11086003740763517
1975-05-16,-0.09828050379714032
1975-05-17,-0.0859388026581302
1975-05-18,-0.07382969588393257
1975-05-19,-0.06321095597776821
1975-05-20,-0.05407807609801707
1975-05-21,-0.04642718003681329
1975-05-22,-0.04025502057489144
1975-05-23,-0.035558978103390704
1975-05-24,-0.032337059512031974
1975-05-25,-0.030587897343194892
1975-05-26,-0.030195680686211673
1975-05-27,-0.031160243075158023
1975-05-28,-0.03348199389287576
1975-05-29,-0.03716191854472453
1975-05-30,-0.04220157887681089
1975-05-31,-0.04860311383887228
1975-06-01,-0.0563692403920976
1975-06-02,-0.06028479735662334
1975-06-03,-0.060351446586421775
1975-06-04,-0.05656921636898522
1975-06-05,-0.04893650143733191
1975-06-06,-0.03745006228869295
1975-06-07,-0.022105023809592096
1975-06-08,-0.002894873206732984
1975-06-09,0.016331741174999498
1975-06-10,0.035582979560516204
1975-06-11,0.05486701262573132
1975-06-12,0.07419202496538793
1975-06-13,0.09356621856679231
1975-06-14,0.11299781629092859
1975-06-15,0.13249506536243327
1975-06-16,0.15350906940115727
1975-06-17,0.1760487472419943
1975-06-18,0.2001236652514898
1975-06-19,0.22574404138803034
1975-06-20,0.2529207495385844
1975-06-21,0.2816653241338347
1975-06-22,0.3119899650436598
1975-06-23,0.34219394273144854
1975-06-24,0.3722900764718914
1975-06-25,0.4022911397681856
1975-06-26,0.4322098657734075
1975-06-27,0.4620589526947611
1975-06-28,0.491851069182994
1975-06-29,0.5215988597092692
1975-06-30,0.5513866360214856
1975-07-01,0.5812270407487345
1975-07-02,0.6087450621808733
1975-07-03,0.6339523796099255
1975-07-04,0.6568596916110814
1975-07-05,0.6774767205834243
1975-07-06,0.6958122168763431
1975-07-07,0.7145459467981339
1975-07-08,0.733685861382013
1975-07-09,0.7532400840554686
1975-07-10,0.7732169140880347
1975-07-11,0.7936248301136941
1975-07-12,0.8144724937294094
1975-07-13,0.8357687531713076
1975-07-14,0.8564677950697959
1975-07-15,0.8765784045824673
1975-07-16,0.8961091171224462
1975-07-17,0.9150682219810151
1975-07-18,0.9334637658457855
1975-07-19,0.9513035562159001
1975-07-20,0.9685951647157166
1975-07-21,0.9858157321182536
1975-07-22,1.002972567235156
1975-07-23,1.0200729518285965
1975-07-24,1.0371241437018253
1975-07-25,1.0541333797795513
1975-07-26,1.0711078791794615
1975-07-27,1.0880548462761854
1975-07-28,1.1045933925445595
1975-07-29,1.1207305373305056
1975-07-30,1.136473129615766
1975-07-31,1.1518278509247726
1975-08-01,1.1668012181604412
1975-08-02,1.1805787924216455
1975-08-03,1.1931664212332003
1975-08-04,1.2048077581690477
1975-08-05,1.2155077440849094
1975-08-06,1.2252709203051113
1975-08-07,1.234101430550031
1975-08-08,1.2420030226947891
1975-08-09,1.2489790503599325
1975-08-10,1.2550324743347923
1975-08-11,1.2592617322668749
1975-08-12,1.2616686191521813
1975-08-13,1.26225415652981
1975-08-14,1.2610185929155215
1975-08-15,1.2579614039072142
1975-08-16,1.2530812919623564
1975-08-17,1.2463761858472786
1975-08-18,1.2391014739443666
1975-08-19,1.231254068695711
1975-08-20,1.2228306394789508
1975-08-21,1.2138276111936774
1975-08-22,1.2042411627440794
1975-08-23,1.1940672254171791
1975-08-24,1.1833014811559766
1975-08-25,1.17084798339494
1975-08-26,1.1567014465782954
1975-08-27,1.1408558665848885
1975-08-28,1.1233045181798953
1975-08-29,1.104039952160475
1975-08-30,1.0830539921941535
1975-08-31,1.0603377313485978
1975-09-01,1.0364012273043302
1975-09-02,1.013453496467536
1975-09-03,0.9914847992844322
1975-09-04,0.9704858117260221
1975-09-05,0.9504476213307574
1975-09-06,0.931361723421882
1975-09-07,0.9132200174978475
1975-09-08,0.896367387926306
1975-09-09,0.8807966820570343
1975-09-10,0.8665012913182167
1975-09-11,0.8534751484116123
1975-09-12,0.8417127247374517
1975-09-13,0.8312090280479696
1975-09-14,0.8219596003285785
1975-09-15,0.8125000591752595
1975-09-16,0.8028263897374602
1975-09-17,0.7929344862835755
1975-09-18,0.782820150458379
1975-09-19,0.7724790895011422
1975-09-20,0.7619069144236867
1975-09-21,0.7510991381475955
1975-09-22,0.7416172947170631
1975-09-23,0.7334573598159292
1975-09-24,0.7266158701769367
1975-09-25,0.7210899221118403
1975-09-26,0.7168771702790129
1975-09-27,0.713975826688028
1975-09-28,0.7123846599407944
1975-09-29,0.7106974743701682
1975-09-30,0.7089135538951249
1975-10-01,0.7070321413780838
1975-10-02,0.7038272513146943
1975-10-03,0.6992975234746414
1975-10-04,0.6934410353354663
1975-10-05,0.6862553012666021
1975-10-06,0.6787162199662817
1975-10-07,0.6708205916720401
1975-10-08,0.6625650652945271
1975-10-09,0.6539461369952267
1975-10-10,0.6449601486993468
1975-10-11,0.6356032865432456
1975-10-12,0.6258715792557396
1975-10-13,0.6144762488333604
1975-10-14,0.6014124588313066
1975-10-15,0.5866746646715006
1975-10-16,0.5702566112893404
1975-10-17,0.552151330478904
1975-10-18,0.5323511379354793
1975-10-19,0.5108476299941659
1975-10-20,0.48973581607291944
1975-10-21,0.46900673582404384
1975-10-22,0.4486515913409673
1975-10-23,0.4286617434242041
1975-10-24,0.4090287079146768
1975-10-25,0.3897441520928405
1975-10-26,0.37079989114208173
1975-10-27,0.35064285651591576
1975-10-28,0.3292644930973146
1975-10-29,0.3066557274087403
1975-10-30,0.28280696376114883
1975-10-31,0.25770808018135527
1975-11-01,0.23134842411603138
1975-11-02,0.2072560546159318
1975-11-03,0.18598470903223446
1975-11-04,0.167525359308274
1975-11-05,0.151870170864209
1975-11-06,0.13901249927184273
1975-11-07,0.12894688743457228
1975-11-08,0.1216690632712697
1975-11-09,0.11717593790311037
1975-11-10,0.11409140887873642
1975-11-11,0.11241416705187357
1975-11-12,0.11214350056185501
1975-11-13,0.11327929453149069
1975-11-14,0.1158220310183109
1975-11-15,0.11977278921916262
1975-11-16,0.12513324592824637
1975-11-17,0.1338893930046942
1975-11-18,0.1460449467621579
1975-11-19,0.161605066302006
1975-11-20,0.1805763557029687
1975-11-21,0.2029668668240618
1975-11-22,0.2287861027219858
1975-11-23,0.2580450216844435
1975-11-24,0.2894699071914645
1975-11-25,0.3230740966995786
1975-11-26,0.3588718526129141
1975-11-27,0.3968783683364962
1975-11-28,0.4371097747246824
1975-11-29,0.479583146927475
1975-11-30,0.524316511637615
1975-12-01,0.5713465174306698
1975-12-02,0.617091262555432
1975-12-03,0.661570162151837
1975-12-04,0.7048020941053664
1975-12-05,0.7468054070592638
1975-12-06,0.7875979282021283
1975-12-07,0.8271969708341906
1975-12-08,0.8660465067569387
1975-12-09,0.904163024622224
1975-12-10,0.9415627019718856
1975-12-11,0.9782614121038801
1975-12-12,1.014274730809279
1975-12-13,1.0496179429829984
1975-12-14,1.0843060491110668
1975-12-15,1.118467044614255
1975-12-16,1.1521154282181811
1975-12-17,1.185265481083982
1975-12-18,1.2179312728695708
1975-12-19,1.2501266677011311
1975-12-20,1.281865330057375
1975-12-21,1.3131607305690671
1975-12-22,1.3453735672185123
1975-12-23,1.378517511887138
1975-12-24,1.412606631640396
1975-12-25,1.447655394698155
1975-12-26,1.483678676575351
1975-12-27,1.520691766395503
1975-12-28,1.5587103733797767
1975-12-29,1.59529474057775
1975-12-30,1.6304603952506778
1975-12-31,1.6642222625250318
1976-01-01,1.6965946717270737
1976-01-02,1.725660089594312
1976-01-03,1.7514308521700157
1976-01-04,1.7739178971686762
1976-01-05,1.7962708457938135
1976-01-06,1.8184991851597256
1976-01-07,1.8406123494936255
1976-01-08,1.862619724139749
1976-01-09,1.8845306495427139
1976-01-10,1.9063544252118219
1976-01-11,1.9281003136679893
1976-01-12,1.9465472427999366
1976-01-13,1.9617030419159158
1976-01-14,1.9735741434916099
1976-01-15,1.9821655859002285
1976-01-16,1.9874810155509084
1976-01-17,1.9895226884363373
1976-01-18,1.9882914710902486
1976-01-19,1.9848932091478417
1976-01-20,1.9793264603072531
1976-01-21,1.9715888619100521
1976-01-22,1.9616771299384737
1976-01-23,1.9495870576216046
1976-01-24,1.9353135136499307
1976-01-25,1.9188504399974902
1976-01-26,1.9003071843451054
1976-01-27,1.8796758765012958
1976-01-28,1.8569477600563853
1976-01-29,1.8321131886660766
1976-01-30,1.8051616219573186
1976-01-31,1.7760816210547223
1976-02-01,1.7448608437256383
1976-02-02,1.7137737655825829
1976-02-03,1.6828071925423738
1976-02-04,1.651947981667013
1976-02-05,1.621183035585517
1976-02-06,1.5904992969350857
1976-02-07,1.5598837428192531
1976-02-08,1.5293233792806638
1976-02-09,1.4986371952659434
1976-02-10,1.467812166840756
1976-02-11,1.4368352111419491
1976-02-12,1.4056931808248818
1976-02-13,1.3743728584833836
1976-02-14,1.3428609510399778
1976-02-15,1.3111440841039892
1976-02-16,1.2797223675144973
1976-02-17,1.2485824651599355
1976-02-18,1.21771116053729
1976-02-19,1.1870953511427078
1976-02-20,1.1567220429104876
1976-02-21,1.1265783446980948
1976-02-22,1.0966514628148576
1976-02-23,1.0668626738205331
1976-02-24,1.037199334656225
1976-02-25,1.007648855506878
1976-02-26,0.9781986944578691
1976-02-27,0.9488363521719223
1976-02-28,0.9195493665840996
1976-02-29,0.8903253076126085
1976-03-01,0.8609943032113982
1976-03-02,0.8325494711863266
1976-03-03,0.8049787388852737
1976-03-04,0.77827040464449
1976-03-05,0.7524131328221368
1976-03-06,0.727395948987175
1976-03-07,0.703208235261559
1976-03-08,0.6804139216166502
1976-03-09,0.6590033336125112
1976-03-10,0.6389673840947364
1976-03-11,0.6202975693376502
1976-03-12,0.6029859654351278
1976-03-13,0.5870252249375033
1976-03-14,0.5724085737331407
1976-03-15,0.5589487774430844
1976-03-16,0.5466401234149245
1976-03-17,0.5354773875679559
1976-03-18,0.5254558321759556
1976-03-19,0.5165712038563814
1976-03-20,0.5088197317651371
1976-03-21,0.5021981259961369
1976-03-22,0.4962500372491524
1976-03-23,0.49097294101617595
1976-03-24,0.4863645975741193
1976-03-25,0.482423051034223
1976-03-26,0.4791466285119311
1976-03-27,0.47653393941687994
1976-03-28,0.474583874862699
1976-03-29,0.4740233299187607
1976-03-30,0.4748520666766781
1976-03-31,0.47707043687171774
1976-04-01,0.4806793820320846
1976-04-02,0.484037058711324
1976-04-03,0.4871448919859644
1976-04-04,0.4900042008931489
1976-04-05,0.49167362013141364
1976-04-06,0.49215385824133584
1976-04-07,0.4914451190472037
1976-04-08,0.4895471017435236
1976-04-09,0.4864590007673517
1976-04-10,0.48217950545639393
1976-04-11,0.47670679949273026
1976-04-12,0.4697977776654506
1976-04-13,0.46144950762406906
1976-04-14,0.45165844616748946
1976-04-15,0.4404204377401877
1976-04-16,0.42773071266849716
1976-04-17,0.413583885136247
1976-04-18,0.39797395089889664
1976-04-19,0.38169158258717467
1976-04-20,0.3647298695830767
1976-04-21,0.34708161293881934
1976-04-22,0.3287393223214379
1976-04-23,0.309695212833714
1976-04-24,0.28994120171008303
1976-04-25,0.26946890488611963
1976-04-26,0.24880887027370824
1976-04-27,0.22795232927085998
1976-04-28,0.2068904298736774
1976-04-29,0.1856142329193561
1976-04-30,0.16411470829219582
1976-05-01,0.1423827310910073
1976-05-02,0.12237517035803688
1976-05-03,0.10372316161411962
1976-05-04,0.08641878851041906
1976-05-05,0.07045470666618958
1976-05-06,0.055824140551649415
1976-05-07,0.042520880612287426
1976-05-08,0.030539280633382848
1976-05-09,0.01987425534361964
1976-05-10,0.009472350218197645
1976-05-11,-0.000670849554749553
1976-05-12,-0.010559648986485065
1976-05-13,-0.020198245114815827
1976-05-14,-0.029590728785413967
1976-05-15,-0.038741086388067336
1976-05-16,-0.04765320154859626
1976-05-17,-0.05520930599289192
1976-05-18,-0.06141260670844012
1976-05-19,-0.06626573652117795
1976-05-20,-0.06977075521292708
1976-05-21,-0.07192915039561301
1976-05-22,-0.07274183814264248
1976-05-23,-0.0722091633777065
1976-05-24,-0.07049995780144305
1976-05-25,-0.06761349598702224
1976-05-26,-0.06354855285252714
1976-05-27,-0.058303403141000354
1976-05-28,-0.05187582068820487
1976-05-29,-0.044263077477787655
1976-05-30,-0.035461942483445474
1976-05-31,-0.026733371377366755
1976-06-01,-0.018073659549787152
1976-06-02,-0.01035871240326608
1976-06-03,-0.0035852555337592684
1976-06-04,0.00224958587227983
1976-06-05,0.007148288258038135
1976-06-06,0.011112930747403264
1976-06-07,0.016183588124752304
1976-06-08,0.0223624124956939
1976-06-09,0.02965202629783207
1976-06-10,0.038055523413789934
1976-06-11,0.04757647048432619
1976-06-12,0.058218908422100625
1976-06-13,0.06998735412673199
1976-06-14,0.08141512855664748
1976-06-15,0.0925070819266445
1976-06-16,0.1032679219212067
1976-06-17,0.1137022156925557
1976-06-18,0.12381439179905707
1976-06-19,0.13360874208480403
1976-06-20,0.14308942350117648
1976-06-21,0.1520761023516089
1976-06-22,0.16057259279283012
1976-06-23,0.16858250093414162
1976-06-24,0.17610922636793386
1976-06-25,0.18315596361255326
1976-06-26,0.18972570346813056
1976-06-27,0.195821234285946
1976-06-28,0.20230530076785352
1976-06-29,0.20918065490334958
1976-06-30,0.2164502147535641
1976-07-01,0.22411706568975398
1976-07-02,0.23187202424931933
1976-07-03,0.23971838181808425
1976-07-04,0.24765946857375032
1976-07-05,0.2543866731471234
1976-07-06,0.2599028507211937
1976-07-07,0.26421034249076325
1976-07-08,0.2673109766561041
1976-07-09,0.26920606919888884
1976-07-10,0.2698964244407246
1976-07-11,0.2693823353845254
1976-07-12,0.27019919303311535
1976-07-13,0.2723473440799894
1976-07-14,0.27582770025070324
1976-07-15,0.2806417386898316
1976-07-16,0.28679150258790265
1976-07-17,0.29427960204857584
1976-07-18,0.30310921519643097
1976-07-19,0.3112257296274657
1976-07-20,0.3186325901802737
1976-07-21,0.3253329404997418
1976-07-22,0.3313296243712869
1976-07-23,0.3366251869278237
1976-07-24,0.34122187572998064
1976-07-25,0.34512164172001514
1976-07-26,0.3485901517825898
1976-07-27,0.351628878034514
1976-07-28,0.3542391101822937
1976-07-29,0.35642195606951355
1976-07-30,0.3581783421470312
1976-07-31,0.35950901386618506
1976-08-01,0.36041453599518125
1976-08-02,0.3605804703421494
1976-08-03,0.36000688733350816
1976-08-04,0.3586935435272109
1976-08-05,0.35663988150942316
1976-08-06,0.3538450296579434
1976-08-07,0.350307801772266
1976-08-08,0.3460266965701302
1976-08-09,0.34162548383096014
1976-08-10,0.337102295577112
1976-08-11,0.3324552120616802
1976-08-12,0.3276822609537117
1976-08-13,0.3227814165011029
1976-08-14,0.3177505986708229
1976-08-15,0.3125876722660988
1976-08-16,0.30793099599724477
1976-08-17,0.30377859346191893
1976-08-18,0.3001287022833482
1976-08-19,0.29697977336233483
1976-08-20,0.29433047021978187
1976-08-21,0.2921796684294607
1976-08-22,0.2905264551407778
1976-08-23,0.2882915461578709
1976-08-24,0.2854739929330864
1976-08-25,0.282072599630925
1976-08-26,0.27808592262050064
1976-08-27,0.2735122698628298
1976-08-28,0.2683497001926909
1976-08-29,0.2625960224947483
1976-08-30,0.2577463532535059
1976-08-31,0.2537986341558898
1976-09-01,0.25075118969756616
1976-09-02,0.2478450088194314
1976-09-03,0.24507885807033652
1976-09-04,0.24245156343119528
1976-09-05,0.23996200981670263
1976-09-06,0.23466517273719897
1976-09-07,0.22655880409111917
1976-09-08,0.2156394633459779
1976-09-09,0.20190251607812734
1976-09-10,0.18534213200579924
1976-09-11,0.16595128251459695
1976-09-12,0.14372173767438723
1976-09-13,0.12123606316903085
1976-09-14,0.09848471555226124
1976-09-15,0.07545803861992867
1976-09-16,0.05214625931168121
1976-09-17,0.02853948356304903
1976-09-18,0.004627692106172199
1976-09-19,-0.01959926378261098
1976-09-20,-0.04414844224585124
1976-09-21,-0.06903026252916619
1976-09-22,-0.0942552850591431
1976-09-23,-0.11983421592543167
1976-09-24,-0.1457779114246583
1976-09-25,-0.17209738266809224
1976-09-26,-0.19880380025501976
1976-09-27,-0.2275075393880815
1976-09-28,-0.25822078260563125
1976-09-29,-0.29095656532656383
1976-09-30,-0.32572878138285255
1976-10-01,-0.3625521889164163
1976-10-02,-0.3961613117343289
1976-10-03,-0.42657041433453113
1976-10-04,-0.45300845568622994
1976-10-05,-0.47548665671263923
1976-10-06,-0.49401455768810576
1976-10-07,-0.5086000222872261
1976-10-08,-0.519249240922373
1976-10-09,-0.525966733371052
1976-10-10,-0.5287553506942002
1976-10-11,-0.5281181043956867
1976-10-12,-0.5240547240132751
1976-10-13,-0.5165634849532769
1976-10-14,-0.5056412077585926
1976-10-15,-0.4912832567592764
1976-10-16,-0.4734835381050496
1976-10-17,-0.45223449717892744
1976-10-18,-0.4268791142374288
1976-10-19,-0.3974066278628963
1976-10-20,-0.36380452924266393
1976-10-21,-0.32605855686002483
1976-10-22,-0.2841526904413102
1976-10-23,-0.2380691441565101
1976-10-24,-0.18778835907055075
1976-10-25,-0.13328827043593838
1976-10-26,-0.07454574714013834
1976-10-27,-0.011535857482103298
1976-10-28,0.05576814140932571
1976-10-29,0.12739481492571708
1976-10-30,0.20337456310287075
1976-10-31,0.283739633523304
1976-11-01,0.3672631799313282
1976-11-02,0.4468430079235417
1976-11-03,0.5225128930405517
1976-11-04,0.5943049513517435
1976-11-05,0.6622496530860927
1976-11-06,0.726375835564443
1976-11-07,0.7867107154387385
1976-11-08,0.8440780710783713
1976-11-09,0.8985022505310674
1976-11-10,0.9500063526917282
1976-11-11,0.9986122371061437
1976-11-12,1.0443405332486948
1976-11-13,1.087210649277984
1976-11-14,1.1272407802741133
1976-11-15,1.1659349367314442
1976-11-16,1.2033095413551484
1976-11-17,1.2393804568017308
1976-11-18,1.2741629924115119
1976-11-19,1.3076719107062704
1976-11-20,1.3399214336548033
1976-11-21,1.3709252487090617
1976-11-22,1.3981883580716223
1976-11-23,1.4217223328438646
1976-11-24,1.44153716139521
1976-11-25,1.4576412536024232
1976-11-26,1.4700414444189593
1976-11-27,1.4787429967758787
1976-11-28,1.4837496038155549
1976-11-29,1.4875933456154475
1976-11-30,1.4902758535494927
1976-12-01,1.4917982661368085
1976-12-02,1.492471797495857
1976-12-03,1.4922967334891022
1976-12-04,1.491272999815285
1976-12-05,1.4894001619778858
1976-12-06,1.4852407155931893
1976-12-07,1.4787928952948484
1976-12-08,1.4700539644770945
1976-12-09,1.4590202141332596
1976-12-10,1.4456869612815857
1976-12-11,1.4300485469776583
1976-12-12,1.412098333912618
1976-12-13,1.390755001996852
1976-12-14,1.3660094926210118
1976-12-15,1.3378513032120476
1976-12-16,1.306268482775671
1976-12-17,1.2712476268240733
1976-12-18,1.2327738716867476
1976-12-19,1.1908308882019987
1976-12-20,1.1452427177571953
1976-12-21,1.095990011666359
1976-12-22,1.0430518659288586
1976-12-23,0.9864058123572633
1976-12-24,0.9260278090413193
1976-12-25,0.8618922301439992
1976-12-26,0.7939718550252983
1976-12-27,0.7257606919090855
1976-12-28,0.6572297903820727
1976-12-29,0.5883500643265128
1976-12-30,0.519092279575367
1976-12-31,0.4494270415046424
1977-01-01,0.37932478255762736
1977-01-02,0.3149976840799962
1977-01-03,0.25592071820814255
1977-01-04,0.2020688112957657
1977-01-05,0.15341910733381747
1977-01-06,0.10995095824987589
1977-01-07,0.07164591514462104
1977-01-08,0.038487720461691466
1977-01-09,0.010462301087595272
1977-01-10,-0.016265054419255742
1977-01-11,-0.04170568977377065
1977-01-12,-0.0658704025767255
1977-01-13,-0.08876944889751803
1977-01-14,-0.11041254762708286
1977-01-15,-0.1308088846028168
1977-01-16,-0.14996711650726313
1977-01-17,-0.1632544880797373
1977-01-18,-0.1706766387915658
1977-01-19,-0.17223671877713642
1977-01-20,-0.16793539017089043
1977-01-21,-0.1577708273883459
1977-01-22,-0.14173871635127944
1977-01-23,-0.11983225265672803
1977-01-24,-0.09452392771929125
1977-01-25,-0.06580300009382911
1977-01-26,-0.033657279946789964
1977-01-27,0.001926876117440246
1977-01-28,0.040964570847112636
1977-01-29,0.0834723727530784
1977-01-30,0.12946832314084922
1977-01-31,0.1855899625785466
1977-02-01,0.25186111040279846
1977-02-02,0.3231049568196673
1977-02-03,0.3993517393841763
1977-02-04,0.4806338190144826
1977-02-05,0.5669856937266097
1977-02-06,0.6584440132762103
1977-02-07,0.7447171749699448
1977-02-08,0.8258417951558188
1977-02-09,0.9018523050203843
1977-02-10,0.9727809652021376
1977-02-11,1.0386578794836914
1977-02-12,1.0995110075685215
1977-02-13,1.1553661769477226
1977-02-14,1.2066500570755831
1977-02-15,1.2533844140305124
1977-02-16,1.2955890829668557
1977-02-17,1.333281976533402
1977-02-18,1.3664790924759287
1977-02-19,1.3951945204270204
1977-02-20,1.4194404478860383
1977-02-21,1.4410338211428606
1977-02-22,1.459983804930231
1977-02-23,1.476298442064564
1977-02-24,1.4899846568595074
1977-02-25,1.5010482580647813
1977-02-26,1.5094939413315474
1977-02-27,1.5153252912053532
1977-02-28,1.5201541811196002
1977-03-01,1.5239826605681293
1977-03-02,1.5270037528519484
1977-03-03,1.529218740193295
1977-03-04,1.5306285626846121
1977-03-05,1.5312338186875447
1977-03-06,1.5310347650868994
1977-03-07,1.5298014174171104
1977-03-08,1.5275332522165748
1977-03-09,1.5242293068229227
1977-03-10,1.5198881789644398
1977-03-11,1.5145080261649113
1977-03-12,1.5080865649616308
1977-03-13,1.5006210699362477
1977-03-14,1.4930102695443497
1977-03-15,1.4852509335842117
1977-03-16,1.4773397688121381
1977-03-17,1.4692734175447346
1977-03-18,1.461048456233827
1977-03-19,1.4526613940134294
1977-03-20,1.444108671218137
1977-03-21,1.4341609718359263
1977-03-22,1.4228140738304742
1977-03-23,1.4100631613128292
1977-03-24,1.3959028224974377
1977-03-25,1.3803270474052542
1977-03-26,1.3633292253129659
1977-03-27,1.344902141947248
1977-03-28,1.3253289715384764
1977-03-29,1.3046014067752552
1977-03-30,1.2827106503942196
1977-03-31,1.2596474114462728
1977-04-01,1.2354019013532875
1977-04-02,1.2113353577707555
1977-04-03,1.1874375662945926
1977-04-04,1.165136441288191
1977-04-05,1.1444225176324088
1977-04-06,1.1252870038534866
1977-04-07,1.1077217783917406
1977-04-08,1.0917193861545822
1977-04-09,1.077273035352403
1977-04-10,1.0643765946159793
1977-04-11,1.0511687382909984
1977-04-12,1.0376438606542653
1977-04-13,1.0237962214313243
1977-04-14,1.0096199433601518
1977-04-15,0.9951090096967093
1977-04-16,0.9802572616612968
1977-04-17,0.9650583958246213
1977-04-18,0.9508032081882974
1977-04-19,0.9374856485172213
1977-04-20,0.9251000645275314
1977-04-21,0.913641199487647
1977-04-22,0.9031041899871887
1977-04-23,0.8934845638728326
1977-04-24,0.8847782383502245
1977-04-25,0.8763501414502961
1977-04-26,0.868196696091565
1977-04-27,0.8603144417610882
1977-04-28,0.852700033045738
1977-04-29,0.8453502382123326
1977-04-30,0.8382619378360112
1977-05-01,0.8314321234762775
1977-05-02,0.8255905824933731
1977-05-03,0.8207348356006541
1977-05-04,0.8168628219055487
1977-05-05,0.8139728980348669
1977-05-06,0.8120638374373141
1977-05-07,0.8111348298629142
1977-05-08,0.8111854810191204
1977-05-09,0.8116772144589179
1977-05-10,0.8126102388854821
1977-05-11,0.8139849502962055
1977-05-12,0.8158019321507697
1977-05-13,0.8180619556187779
1977-05-14,0.8207659799070588
1977-05-15,0.8239151526667756
1977-05-16,0.8273727673218705
1977-05-17,0.8311402913648869
1977-05-18,0.8352193238211625
1977-05-19,0.839611595927492
1977-05-20,0.8443189718669059
1977-05-21,0.849343449559872
1977-05-22,0.8546871615122608
1977-05-23,0.8608985927271082
1977-05-24,0.8679803794811256
1977-05-25,0.8759355274502754
1977-05-26,0.8847674129854498
1977-05-27,0.8944797845454742
1977-05-28,0.9050767642880395
1977-05-29,0.9165628498192431
1977-05-30,0.9278610543284123
1977-05-31,0.9389761730378385
1977-06-01,0.9499129234639182
1977-06-02,0.9591818150341233
1977-06-03,0.9667867816828629
1977-06-04,0.9727310511358855
1977-06-05,0.9770171462802011
1977-06-06,0.9802244736020549
1977-06-07,0.982354394366191
1977-06-08,0.983407812560807
1977-06-09,0.9833851752812273
1977-06-10,0.9822864729196608
1977-06-11,0.9801112391611233
1977-06-12,0.9768585507855228
1977-06-13,0.9727932162798514
1977-06-14,0.9679135102210454
1977-06-15,0.9622173615477023
1977-06-16,0.9557023526810757
1977-06-17,0.948365718498997
1977-06-18,0.9402043451622939
1977-06-19,0.9312147687932036
1977-06-20,0.9216158150299127
1977-06-21,0.9114034098518959
1977-06-22,0.9005732188754976
1977-06-23,0.889120645514317
1977-06-24,0.8770408290283103
1977-06-25,0.864328642460778
1977-06-26,0.8509786904623656
1977-06-27,0.8360212541013246
1977-06-28,0.8194499850917649
1977-06-29,0.8012578501994678
1977-06-30,0.7814371282568172
1977-07-01,0.7599794068857556
1977-07-02,0.7381530066726693
1977-07-03,0.7159486639827237
1977-07-04,0.6945119001600604
1977-07-05,0.6738336169406438
1977-07-06,0.6539050379773494
1977-07-07,0.634717705115077
1977-07-08,0.6162634748009113
1977-07-09,0.5985345146278082
1977-07-10,0.5815233000103374
1977-07-11,0.5649471183213015
1977-07-12,0.548798934241426
1977-07-13,0.5330718941036335
1977-07-14,0.5177593229841879
1977-07-15,0.5028547218696996
1977-07-16,0.48835176489879284
1977-07-17,0.47424429667726253
1977-07-18,0.46024642042824426
1977-07-19,0.4463521951256062
1977-07-20,0.4325557237351031
1977-07-21,0.41885115071153656
1977-07-22,0.40523265951352494
1977-07-23,0.39169447013482706
1977-07-24,0.3782308366511724
1977-07-25,0.3648700109359153
1977-07-26,0.3516063223420733
1977-07-27,0.3384341414499301
1977-07-28,0.325347877677779
1977-07-29,0.31234197690914867
1977-07-30,0.29941091913550655
1977-07-31,0.28654921611343775
1977-08-01,0.27433633594872026
1977-08-02,0.26393964823305704
1977-08-03,0.25535474036897227
1977-08-04,0.248577968720742
1977-08-05,0.24360645706795003
1977-08-06,0.24043809538475255
1977-08-07,0.2390715389443339
1977-08-08,0.2380564554000515
1977-08-09,0.23739241392670346
1977-08-10,0.23707913268955444
1977-08-11,0.23711647872471892
1977-08-12,0.2375044678827279
1977-08-13,0.23824326483525615
1977-08-14,0.23933318314501298
1977-08-15,0.24198888046336933
1977-08-16,0.24621148393039177
1977-08-17,0.2520027857177709
1977-08-18,0.2593652437894608
1977-08-19,0.26830198294489704
1977-08-20,0.27881679614523347
1977-08-21,0.29091414612316513
1977-08-22,0.30416042247270514
1977-08-23,0.31856124722340573
1977-08-24,0.33412273242216883
1977-08-25,0.35085148272734185
1977-08-26,0.3687545982118894
1977-08-27,0.38783967737682956
1977-08-28,0.4081148203762168
1977-08-29,0.43010520930709506
1977-08-30,0.4538201774049472
1977-08-31,0.47926978985699675
1977-09-01,0.5064648480741102
1977-09-02,0.5324705781837911
1977-09-03,0.5572980176262485
1977-09-04,0.5809577037475692
1977-09-05,0.6023905594999368
1977-09-06,0.6216056814887105
1977-09-07,0.6386112250611609
1977-09-08,0.6534144077677897
1977-09-09,0.6660215124256281
1977-09-10,0.6764378897848102
1977-09-11,0.6846679607995569
1977-09-12,0.6915280020603036
1977-09-13,0.697020925129038
1977-09-14,0.7011490613308061
1977-09-15,0.7039141627431814
1977-09-16,0.7053174029398869
1977-09-17,0.7053593774888882
1977-09-18,0.704040104205166
1977-09-19,0.7020472177383161
1977-09-20,0.6993798722607024
1977-09-21,0.6960369356885073
1977-09-22,0.6920169892012483
1977-09-23,0.6873183266395979
1977-09-24,0.6819389537812491
1977-09-25,0.6758765874945217
1977-09-26,0.6668577262904423
1977-09-27,0.6548785423533379
1977-09-28,0.6399339514373171
1977-09-29,0.6220176107083971
1977-09-30,0.6011219160524566
1977-10-01,0.5772379988478713
1977-10-02,0.5528777205013375
1977-10-03,0.5302176632373741
1977-10-04,0.5092482095975925
1977-10-05,0.48996045965533064
1977-10-06,0.47234622723831565
1977-10-07,0.4563980364542608
1977-10-08,0.44210911851792206
1977-10-09,0.42947340887826724
1977-10-10,0.41739716374653896
1977-10-11,0.4058752576818042
1977-10-12,0.39490280051759774
1977-10-13,0.3844751352864209
1977-10-14,0.37458783624321573
1977-10-15,0.36523670698697513
1977-10-16,0.3564177786796922
1977-10-17,0.3492099188434037
1977-10-18,0.34361006829378193
1977-10-19,0.3396158503232566
1977-10-20,0.3372255696922844
1977-10-21,0.3364382119098499
1977-10-22,0.3372534428028915
1977-10-23,0.339671608374471
1977-10-24,0.3417484683334179
1977-10-25,0.34348490414768246
1977-10-26,0.3448816528012447
1977-10-27,0.3459393071069074
1977-10-28,0.34665831595789953
1977-10-29,0.347038984518397
1977-10-30,0.34708147435304193
1977-10-31,0.3487226211879811
1977-11-01,0.3519631215643223
1977-11-02,0.35579116328387683
1977-11-03,0.3602083710570997
1977-11-04,0.3652166196503014
1977-11-05,0.3708180346813425
1977-11-06,0.37701499352179596
1977-11-07,0.3815934772646075
1977-11-08,0.3845554291253819
1977-11-09,0.3859021062257777
1977-11-10,0.385634080127059
1977-11-11,0.3837512370726797
1977-11-12,0.3802527779400021
1977-11-13,0.37513721790113097
1977-11-14,0.3710146233742803
1977-11-15,0.36788324463389316
1977-11-16,0.36574175264958
1977-11-17,0.36458923852204667
1977-11-18,0.36442521309733694
1977-11-19,0.3652496067592234
1977-11-20,0.36706276939966115
1977-11-21,0.36843277278786
1977-11-22,0.3693601983853062
1977-11-23,0.36984543981311874
1977-11-24,0.36988870301911064
1977-11-25,0.3694900063651986
1977-11-26,0.368649180635196
1977-11-27,0.36736586896299384
1977-11-28,0.3665004398648978
1977-11-29,0.36605252603255345
1977-11-30,0.36602193736085264
1977-12-01,0.36640866086724755
1977-12-02,0.36497224162375524
1977-12-03,0.3617120699804467
1977-12-04,0.3566267622442114
1977-12-05,0.34899271476668625
1977-12-06,0.3388066874795387
1977-12-07,0.32606435719450677
1977-12-08,0.310760315768537
1977-12-09,0.29288806780844134
1977-12-10,0.2724400279141008
1977-12-11,0.24940751745904427
1977-12-12,0.22366775104098585
1977-12-13,0.19520980410092859
1977-12-14,0.16402159842047576
1977-12-15,0.13008989699555218
1977-12-16,0.09340029841831077
1977-12-17,0.05393723076483692
1977-12-18,0.011683944986060846
1977-12-19,-0.03387373342774691
1977-12-20,-0.08275514022103386
1977-12-21,-0.13498102180632393
1977-12-22,-0.19057354406947896
1977-12-23,-0.24955630177742127
1977-12-24,-0.31195432859230227
1977-12-25,-0.3777941076963768
1977-12-26,-0.44557200665358443
1977-12-27,-0.5153167919897684
1977-12-28,-0.5870580650233612
1977-12-29,-0.6608262744288789
1977-12-30,-0.7366527291600493
1977-12-31,-0.8145696117380653
1978-01-01,-0.894609991910599
1978-01-02,-0.9697256476375083
1978-01-03,-1.0399484597602617
1978-01-04,-1.105308232483042
1978-01-05,-1.1658327060223523
1978-01-06,-1.2215475683806074
1978-01-07,-1.2724764662487278
1978-01-08,-1.3186410150423462
1978-01-09,-1.3594315462005189
1978-01-10,-1.3948653721788802
1978-01-11,-1.4249575319220777
1978-01-12,-1.4497207972466506
1978-01-13,-1.4691656782616884
1978-01-14,-1.4833004278295674
1978-01-15,-1.4921310450686573
1978-01-16,-1.495122907533561
1978-01-17,-1.4922772850406973
1978-01-18,-1.4835929698413128
1978-01-19,-1.4690662761088846
1978-01-20,-1.4486910383747709
1978-01-21,-1.42245860891144
1978-01-22,-1.3903578540621735
1978-01-23,-1.3522482612718667
1978-01-24,-1.308113655937843
1978-01-25,-1.2579353063011602
1978-01-26,-1.201691915496412
1978-01-27,-1.1393596125128422
1978-01-28,-1.0709119420629285
1978-01-29,-0.996319853354138
1978-01-30,-0.9161218794596666
1978-01-31,-0.8302839824833257
1978-02-01,-0.7387697308136362
1978-02-02,-0.6495640591373348
1978-02-03,-0.5626291064805783
1978-02-04,-0.4779279756157935
1978-02-05,-0.3954247174016319
1978-02-06,-0.314291376469914
1978-02-07,-0.23449351793279982
1978-02-08,-0.15599727371241845
1978-02-09,-0.07876932816646365
1978-02-10,-0.0027769039482568036
1978-02-11,0.07201225190472815
1978-02-12,0.14562988165977409
1978-02-13,0.22014614767523
1978-02-14,0.29559267639754805
1978-02-15,0.372001489098436
1978-02-16,0.449405015465431
1978-02-17,0.5278361073658209
1978-02-18,0.6073280527897422
1978-02-19,0.687914589978385
1978-02-20,0.7645435527224451
1978-02-21,0.8372474641462897
1978-02-22,0.9060571814906844
1978-02-23,0.971001909209334
1978-02-24,1.0321092113639305
1978-02-25,1.089405023322989
1978-02-26,1.142913662769424
1978-02-27,1.1945558859202428
1978-02-28,1.244353610943016
1978-03-01,1.2923279731571582
1978-03-02,1.3395296405429393
1978-03-03,1.3859786465921848
1978-03-04,1.431694705349641
1978-03-05,1.4766972197800778
1978-03-06,1.5219375345359025
1978-03-07,1.5674348506650015
1978-03-08,1.6132084782926568
1978-03-09,1.6592778448172139
1978-03-10,1.705662503155524
1978-03-11,1.7523821400416606
1978-03-12,1.799456584382428
1978-03-13,1.8462158873561199
1978-03-14,1.8926798947047558
1978-03-15,1.9388683268399858
1978-03-16,1.9848007872128914
1978-03-17,2.03049677063415
1978-03-18,2.0759756715480906
1978-03-19,2.1212567922641465
1978-03-20,2.1663817151626503
1978-03-21,2.2113695923164856
1978-03-22,2.2562395176331154
1978-03-23,2.3010105349584844
1978-03-24,2.3457016461596716
1978-03-25,2.390331819189728
1978-03-26,2.434919996138119
1978-03-27,2.4799641719626297
1978-03-28,2.5254834644651947
1978-03-29,2.571497193098383
1978-03-30,2.618024887165025
1978-03-31,2.665086294106902
1978-04-01,2.7127013878860247
1978-04-02,2.755856399878416
1978-04-03,2.795238832746258
1978-04-04,2.830865401315333
1978-04-05,2.8627512263347517
1978-04-06,2.8909098408945564
1978-04-07,2.9153531961694785
1978-04-08,2.9360916664913
1978-04-09,2.9531340537519593
1978-04-10,2.964319662398881
1978-04-11,2.969653239866039
1978-04-12,2.969137049848479
1978-04-13,2.9627708732630826
1978-04-14,2.9505520081555825
1978-04-15,2.932475268553792
1978-04-16,2.908532982266556
1978-04-17,2.8807591663829246
1978-04-18,2.849142033045724
1978-04-19,2.8136681632039484
1978-04-20,2.7743225009173984
1978-04-21,2.7310883469665885
1978-04-22,2.683947351765207
1978-04-23,2.632879507572124
1978-04-24,2.577605338244466
1978-04-25,2.518101384131743
1978-04-26,2.4543423903638573
1978-04-27,2.386301296132342
1978-04-28,2.3139492232051246
1978-04-29,2.2372554636699244
1978-04-30,2.156187466901102
1978-05-01,2.0708855936629185
1978-05-02,1.989502774520249
1978-05-03,1.9120044687008648
1978-05-04,1.8383577841108614
1978-05-05,1.768531463374486
1978-05-06,1.7024958705677733
1978-05-07,1.6402229786403697
1978-05-08,1.5806423677268677
1978-05-09,1.5237287504222294
1978-05-10,1.4694579712558928
1978-05-11,1.4178069964396263
1978-05-12,1.3687539040914491
1978-05-13,1.3222778749314714
1978-05-14,1.2783591834457066
1978-05-15,1.2380284667368529
1978-05-16,1.2012686075052836
1978-05-17,1.1680640040068204
1978-05-18,1.138400563430984
1978-05-19,1.112265695919679
1978-05-20,1.0896483092237617
1978-05-21,1.0705388039952306
1978-05-22,1.053647077752502
1978-05-23,1.038965961251811
1978-05-24,1.0264892234838805
1978-05-25,1.0162115690293332
1978-05-26,1.0081286358111945
1978-05-27,1.0022369932435229
1978-05-28,0.9985341407753896
1978-05-29,0.9973631644523622
1978-05-30,0.9987235672846976
1978-05-31,1.00261592665918
1978-06-01,1.0090418945841833
1978-06-02,1.0130039555284982
1978-06-03,1.0145037910834742
1978-06-04,1.0135420378144064
1978-06-05,1.0114338110159844
1978-06-06,1.0081782159074377
1978-06-07,1.0037738707380437
1978-06-08,0.9982189062006821
1978-06-09,0.9915109646384564
1978-06-10,0.983647199044049
1978-06-11,0.9746242718513847
1978-06-12,0.9632658513624273
1978-06-13,0.9495671167978146
1978-06-14,0.9335222540941432
1978-06-15,0.915124453436345
1978-06-16,0.8943659063674421
1978-06-17,0.8712378024744548
1978-06-18,0.8457303256490558
1978-06-19,0.8182184266228886
1978-06-20,0.7886904287024217
1978-06-21,0.7571337995145908
1978-06-22,0.7235351456877656
1978-06-23,0.6878802071672903
1978-06-24,0.6501538511631827
1978-06-25,0.6103400657274233
1978-06-26,0.5690351173601872
1978-06-27,0.526221475275142
1978-06-28,0.48188096836104977
1978-06-29,0.4359947774695202
1978-06-30,0.3885434274277261
1978-07-01,0.339506778772682
1978-07-02,0.29391843435168724
1978-07-03,0.25128874615106156
1978-07-04,0.21159962113389819
1978-07-05,0.174834214307094
1978-07-06,0.1409769215719403
1978-07-07,0.11001337310137826
1978-07-08,0.0819304272411081
1978-07-09,0.05671616493196374
1978-07-10,0.03380020053522925
1978-07-11,0.013172807979542456
1978-07-12,-0.005174767483032583
1978-07-13,-0.021250312992726617
1978-07-14,-0.03506065138710823
1978-07-15,-0.046611644096856475
1978-07-16,-0.05590819363348942
1978-07-17,-0.06292034189002771
1978-07-18,-0.06765106498622653
1978-07-19,-0.07010237075163328
1978-07-20,-0.07027529957775835
1978-07-21,-0.06816992485964046
1978-07-22,-0.06378535302699856
1978-07-23,-0.05711972316497865
1978-07-24,-0.04816829392560007
1978-07-25,-0.0369272661128931
1978-07-26,-0.02339186877169347
1978-07-27,-0.007556357162736449
1978-07-28,0.010585989675544194
1978-07-29,0.03104287177954973
1978-07-30,0.053822971528592056
1978-07-31,0.07995528586779727
1978-08-01,0.10945090596268328
1978-08-02,0.13835244348256825
1978-08-03,0.1666721649160679
1978-08-04,0.19442208981544049
1978-08-05,0.22161399589796593
1978-08-06,0.2482594240446846
1978-08-07,0.2730401679572515
1978-08-08,0.29596674516307775
1978-08-09,0.31704888623784977
1978-08-10,0.33629553893541303
1978-08-11,0.3537148719854088
1978-08-12,0.369314278560273
1978-08-13,0.3831003794130722
1978-08-14,0.3950776168572073
1978-08-15,0.4052510743124327
1978-08-16,0.41362506963207946
1978-08-17,0.4202031569356536
1978-08-18,0.4249881281172879
1978-08-19,0.42798201403068636
1978-08-20,0.42918608535106634
1978-08-21,0.4286352257759686
1978-08-22,0.4263292015077032
1978-08-23,0.42226703381562614
1978-08-24,0.4164469986207423
1978-08-25,0.4088666257639678
1978-08-26,0.39952269795773443
1978-08-27,0.38841124942049926
1978-08-28,0.37505039100331333
1978-08-29,0.35943445204531405
1978-08-30,0.3415568047767049
1978-08-31,0.32140986150577394
1978-09-01,0.29898507139850095
1978-09-02,0.27729398966156793
1978-09-03,0.2563274100924676
1978-09-04,0.23805038427454345
1978-09-05,0.2224551550104849
1978-09-06,0.20953510332017386
1978-09-07,0.19928474563143464
1978-09-08,0.1916997314526781
1978-09-09,0.18677684152645097
1978-09-10,0.18451398646310746
1978-09-11,0.183151971486566
1978-09-12,0.1826902185258089
1978-09-13,0.18312853160207804
1978-09-14,0.18446709674569622
1978-09-15,0.1867064820750235
1978-09-16,0.18984763803757948
1978-09-17,0.19389189781343544
1978-09-18,0.19955900240277002
1978-09-19,0.20685135705734142
1978-09-20,0.2157720568230545
1978-09-21,0.22632488785357147
1978-09-22,0.23851432901724348
1978-09-23,0.2523455537980476
1978-09-24,0.2678244324913338
1978-09-25,0.28469653408123047
1978-09-26,0.3029690194823403
1978-09-27,0.3226496439649151
1978-09-28,0.34374676044637326
1978-09-29,0.3662693230364731
1978-09-30,0.3902268908376475
1978-10-01,0.4156296320021094
1978-10-02,0.4412461102282938
1978-10-03,0.467087197748805
1978-10-04,0.4931638621256863
1978-10-05,0.5194871709053092
1978-10-06,0.5460682963156998
1978-10-07,0.5729185200082929
1978-10-08,0.6000492378461302
1978-10-09,0.6251436489110909
1978-10-10,0.6482124038582627
1978-10-11,0.6692652936068919
1978-10-12,0.6883112534958774
1978-10-13,0.7053583670761369
1978-10-14,0.7204138695414558
1978-10-15,0.7334841507992743
1978-10-16,0.7467954325626831
1978-10-17,0.7603533644510535
1978-10-18,0.7741637007678384
1978-10-19,0.7882323029428356
1978-10-20,0.8025651420199142
1978-10-21,0.8171683011912659
1978-10-22,0.832047978379254
1978-10-23,0.8452349384110155
1978-10-24,0.8567347781408692
1978-10-25,0.8665523783698124
1978-10-26,0.8746919059170444
1978-10-27,0.881156815388464
1978-10-28,0.885949850642884
1978-10-29,0.8890730459565899
1978-10-30,0.8915572558718675
1978-10-31,0.8934035347455183
1978-11-01,0.8946126661814859
1978-11-02,0.8950885350843233
1978-11-03,0.8948313434239248
1978-11-04,0.8938409820421335
1978-11-05,0.8921170306064112
1978-11-06,0.8890183512335001
1978-11-07,0.884543628771387
1978-11-08,0.8786909640431821
1978-11-09,0.8714578730410635
1978-11-10,0.8628412858720066
1978-11-11,0.8528375454548495
1978-11-12,0.841442405968142
1978-11-13,0.8309594806909598
1978-11-14,0.8213843204245889
1978-11-15,0.8127128612470207
1978-11-16,0.8049414227881295
1978-11-17,0.7980667066676361
1978-11-18,0.7920857950951994
1978-11-19,0.7869961496320366
1978-11-20,0.7818738595756387
1978-11-21,0.7767167509062802
1978-11-22,0.7715226348264019
1978-11-23,0.7662893068316339
1978-11-24,0.7610145457751518
1978-11-25,0.7556961129249715
1978-11-26,0.7503317510137772
1978-11-27,0.7449796802887592
1978-11-28,0.7396376292059004
1978-11-29,0.7343033304737556
1978-11-30,0.7289745200911575
1978-12-01,0.7236489363863232
1978-12-02,0.7180335752269478
1978-12-03,0.7121260533223952
1978-12-04,0.7036072381762541
1978-12-05,0.6924735142040965
1978-12-06,0.6787201559930176
1978-12-07,0.6623413262960611
1978-12-08,0.6433300735547545
1978-12-09,0.6216783289487047
1978-12-10,0.5973769029710031
1978-12-11,0.5720054778535801
1978-12-12,0.5455532853701035
1978-12-13,0.5180090985912885
1978-12-14,0.48936122711992613
1978-12-15,0.45959751212920563
1978-12-16,0.42870532120222404
1978-12-17,0.3966715429704919
1978-12-18,0.36355207093635894
1978-12-19,0.3293328484211314
1978-12-20,0.29399935198628524
1978-12-21,0.2575365852693785
1978-12-22,0.21992907261924474
1978-12-23,0.1811608525277647
1978-12-24,0.1412154708554284
1978-12-25,0.10009572219373458
1978-12-26,0.05778415435943873
1978-12-27,0.014262809333359272
1978-12-28,-0.030486784361425268
1978-12-29,-0.07648361949930421
1978-12-30,-0.12374721821311174
1978-12-31,-0.17229764027977756
1979-01-01,-0.22241330952145139
1979-01-02,-0.2697381309944843
1979-01-03,-0.31429219046017637
1979-01-04,-0.3560943977036159
1979-01-05,-0.39516249455943414
1979-01-06,-0.431513062441855
1979-01-07,-0.4651615293822349
1979-01-08,-0.494684437488337
1979-01-09,-0.5200943169729895
1979-01-10,-0.5414019523834575
1979-01-11,-0.5586163871786584
1979-01-12,-0.5717449275674151
1979-01-13,-0.5807931456093842
1979-01-14,-0.5857648815799672
1979-01-15,-0.5906530998802976
1979-01-16,-0.5954598751845718
1979-01-17,-0.6001872476006734
1979-01-18,-0.6048372235360434
1979-01-19,-0.6094117765492452
1979-01-20,-0.61391284818759
1979-01-21,-0.6183423488111743
1979-01-22,-0.6200236550916063
1979-01-23,-0.6189574806146021
1979-01-24,-0.6151433728707725
1979-01-25,-0.6085797130635678
1979-01-26,-0.5992637154222225
1979-01-27,-0.5871914260194089
1979-01-28,-0.572357721093098
1979-01-29,-0.5546934119298619
1979-01-30,-0.534191001383671
1979-01-31,-0.510841787751878
1979-02-01,-0.48463586108201034
1979-02-02,-0.4578736844174671
1979-02-03,-0.43054389926442593
1979-02-04,-0.40263490622274295
1979-02-05,-0.37387783643274985
1979-02-06,-0.34426048472131493
1979-02-07,-0.31377028079153435
1979-02-08,-0.2823942838876046
1979-02-09,-0.25011917730246236
1979-02-10,-0.21693126272586283
1979-02-11,-0.18281645443049643
1979-02-12,-0.1478581832907282
1979-02-13,-0.1120416121985095
1979-02-14,-0.07535153976321307
1979-02-15,-0.03777239385980852
1979-02-16,0.0007117749803127182
1979-02-17,0.04011730033866495
1979-02-18,0.08046090684202167
1979-02-19,0.12111466912277813
1979-02-20,0.16209584158865759
1979-02-21,0.20342181760792555
1979-02-22,0.24511013689154104
1979-02-23,0.28717849293742104
1979-02-24,0.32964474053997433
1979-02-25,0.3725269033680947
1979-02-26,0.41596028803034085
1979-02-27,0.4599633286711982
1979-02-28,0.5045547012104763
1979-03-01,0.5497533312698044
1979-03-02,0.5892847370230694
1979-03-03,0.6231656965236292
1979-03-04,0.6514105896432713
1979-03-05,0.6746415510088261
1979-03-06,0.6928684403837384
1979-03-07,0.7060989936862392
1979-03-08,0.7143388262726523
1979-03-09,0.7175914353206809
1979-03-10,0.7158582013136934
1979-03-11,0.7091383886266315
1979-03-12,0.6968840777956937
1979-03-13,0.6790900678046985
1979-03-14,0.6557488064595514
1979-03-15,0.6268503871829164
1979-03-16,0.5923825448096333
1979-03-17,0.5523306503810941
1979-03-18,0.5066777049363712
1979-03-19,0.45527232626774516
1979-03-20,0.39809269672998543
1979-03-21,0.3351145479507153
1979-03-22,0.26631115053034876
1979-03-23,0.19165330269750483
1979-03-24,0.1111093179150968
1979-03-25,0.02464501143182061
1979-03-26,-0.06725693031609542
1979-03-27,-0.16463551266258752
1979-03-28,-0.26753206535597507
1979-03-29,-0.3759902601002771
1979-03-30,-0.4900561290904981
1979-03-31,-0.6097780845497764
1979-04-01,-0.7352069392766593
1979-04-02,-0.848274310700663
1979-04-03,-0.9490281872591999
1979-04-04,-1.0375113312544118
1979-04-05,-1.1137612970024926
1979-04-06,-1.1778104467726176
1979-04-07,-1.2296859645222478
1979-04-08,-1.269409867434638
1979-04-09,-1.3020799332294755
1979-04-10,-1.3277100278469327
1979-04-11,-1.3463110292987297
1979-04-12,-1.357890832285014
1979-04-13,-1.3624543515450596
1979-04-14,-1.3600035239431938
1979-04-15,-1.3505373092908513
1979-04-16,-1.3370710357194826
1979-04-17,-1.3195989878275691
1979-04-18,-1.2981137500692619
1979-04-19,-1.2726062036070531
1979-04-20,-1.2430655224415277
1979-04-21,-1.209479168816555
1979-04-22,-1.171832887897973
1979-04-23,-1.1279689029317141
1979-04-24,-1.0778685970164503
1979-04-25,-1.021510706410358
1979-04-26,-0.9588713115062854
1979-04-27,-0.8899238266797156
1979-04-28,-0.8146389890052023
1979-04-29,-0.7329848458365023
1979-04-30,-0.6438892377406027
1979-05-01,-0.5473143504572169
1979-05-02,-0.4553446202539049
1979-05-03,-0.3679410130257239
1979-05-04,-0.2850664326371375
1979-05-05,-0.20668570517754836
1979-05-06,-0.13276556403266504
1979-05-07,-0.06344951127120835
1979-05-08,0.0012918724611215016
1979-05-09,0.06148606492207165
1979-05-10,0.11715861393504334
1979-05-11,0.16833314823218304
1979-05-12,0.21503138748296968
1979-05-13,0.2572731515125506
1979-05-14,0.2956026661426232
1979-05-15,0.3300361993158367
1979-05-16,0.36058836542917194
1979-05-17,0.38727213153663276
1979-05-18,0.410098822852767
1979-05-19,0.42907812755935304
1979-05-20,0.44421810091729075
1979-05-21,0.45558509683778314
1979-05-22,0.4631839397398062
1979-05-23,0.4670178547500472
1979-05-24,0.4670884690717232
1979-05-25,0.46339581267520424
1979-05-26,0.45593831831073306
1979-05-27,0.4447128208432489
1979-05-28,0.42897750483139363
1979-05-29,0.40872569183895513
1979-05-30,0.3839487865227501
1979-05-31,0.354636272984558
1979-06-01,0.3207757103079263
1979-06-02,0.28682105605981706
1979-06-03,0.2527578990906677
1979-06-04,0.22045222735910708
1979-06-05,0.1898903295823271
1979-06-06,0.16105923457597832
1979-06-07,0.13394670574889567
1979-06-08,0.10854123590960263
1979-06-09,0.08483204238239073
1979-06-10,0.06280906243089879
1979-06-11,0.04051178879108125
1979-06-12,0.01793075797840643
1979-06-13,-0.004943613924839552
1979-06-14,-0.02812103533719157
1979-06-15,-0.05161134329848527
1979-06-16,-0.0754245076449272
1979-06-17,-0.09957063524052612
1979-06-18,-0.1221742495777316
1979-06-19,-0.1432449441592334
1979-06-20,-0.1627916618807178
1979-06-21,-0.18082269882644098
1979-06-22,-0.19734570779028227
1979-06-23,-0.21236770152376783
1979-06-24,-0.22589505571244675
1979-06-25,-0.23965044895370208
1979-06-26,-0.25363971935820445
1979-06-27,-0.26786880429956406
1979-06-28,-0.2823437429342901
1979-06-29,-0.297070678764951
1979-06-30,-0.3120558622476197
1979-07-01,-0.32730565344471385
1979-07-02,-0.34235068586745354
1979-07-03,-0.3571973449795467
1979-07-04,-0.3718519320504278
1979-07-05,-0.3863206668296638
1979-07-06,-0.40060969018676135
1979-07-07,-0.41472506671749576
1979-07-08,-0.42867278731786695
1979-07-09,-0.442425188160451
1979-07-10,-0.45598810608587487
1979-07-11,-0.4693672975137826
1979-07-12,-0.48256844088599515
1979-07-13,-0.4955971390765733
1979-07-14,-0.508458921769809
1979-07-15,-0.5211592478071522
1979-07-16,-0.5324789582409752
1979-07-17,-0.5424228574211878
1979-07-18,-0.5509951657712191
1979-07-19,-0.5581995215792643
1979-07-20,-0.5640389825424598
1979-07-21,-0.5685160270646403
1979-07-22,-0.5716325553082326
1979-07-23,-0.5750082670099044
1979-07-24,-0.5786445949006698
1979-07-25,-0.5825430823231498
1979-07-26,-0.586705383886604
1979-07-27,-0.5911332661691844
1979-07-28,-0.5958286084677127
1979-07-29,-0.6007934035952984
1979-07-30,-0.6044433502063967
1979-07-31,-0.606779997423732
1979-08-01,-0.6078043369750448
1979-08-02,-0.6074584309523728
1979-08-03,-0.6057421325451087
1979-08-04,-0.6026547133160587
1979-08-05,-0.5981948628922784
1979-08-06,-0.5947057993394607
1979-08-07,-0.5921860418174139
1979-08-08,-0.5906345208821013
1979-08-09,-0.5900505780317434
1979-08-10,-0.5904339654273343
1979-08-11,-0.5917848457874532
1979-08-12,-0.5941037924573259
1979-08-13,-0.5961881187747051
1979-08-14,-0.5980387093764387
1979-08-15,-0.5996563496964683
1979-08-16,-0.6010417262991874
1979-08-17,-0.6021954271708343
1979-08-18,-0.6031179419690472
1979-08-19,-0.603809662230687
1979-08-20,-0.6041788587776538
1979-08-21,-0.6042256883055988
1979-08-22,-0.603950170690069
1979-08-23,-0.6033521889949434
1979-08-24,-0.6024314894228018
1979-08-25,-0.6011876812072081
1979-08-26,-0.5996202364468592
1979-08-27,-0.5979067970765268
1979-08-28,-0.5960466358724601
1979-08-29,-0.5940389633387291
1979-08-30,-0.5918829273721451
1979-08-31,-0.5895776129006081
1979-09-01,-0.587122041494728
1979-09-02,-0.5841881199145328
1979-09-03,-0.581230472645781
1979-09-04,-0.5782478443937837
1979-09-05,-0.5752389692613382
1979-09-06,-0.5722025702114519
1979-09-07,-0.5691373585253376
1979-09-08,-0.5660420332554515
1979-09-09,-0.5629152806733402
1979-09-10,-0.5589882745680479
1979-09-11,-0.5542593482263192
1979-09-12,-0.5487264945811914
1979-09-13,-0.5423873653601474
1979-09-14,-0.5352392700884553
1979-09-15,-0.5272791749472663
1979-09-16,-0.5185037014859925
1979-09-17,-0.5089869290624689
1979-09-18,-0.4987248185358536
1979-09-19,-0.48771301442637804
1979-09-20,-0.4759468430667796
1979-09-21,-0.4634213106186875
1979-09-22,-0.45013110095312187
1979-09-23,-0.43607057339420324
1979-09-24,-0.42130962442897635
1979-09-25,-0.40584198916539815
1979-09-26,-0.3896611027772292
1979-09-27,-0.3727600977177675
1979-09-28,-0.35513180080510165
1979-09-29,-0.3367687301776437
1979-09-30,-0.31766309211865296
1979-10-01,-0.2968760854403661
1979-10-02,-0.27644386223957024
1979-10-03,-0.2563577506027689
1979-10-04,-0.23660922551430996
1979-10-05,-0.21718990523816953
1979-10-06,-0.1980915477605471
1979-10-07,-0.1793060472917623
1979-10-08,-0.16266071809718552
1979-10-09,-0.14814849550972337
1979-10-10,-0.13576322020262588
1979-10-11,-0.12549963557532445
1979-10-12,-0.11735338552240787
1979-10-13,-0.11132101258478877
1979-10-14,-0.1073999564822774
1979-10-15,-0.10414349326616562
1979-10-16,-0.10155024081728614
1979-10-17,-0.09961909849863587
1979-10-18,-0.09834924668823974
1979-10-19,-0.09774014643128373
1979-10-20,-0.09779153921137013
1979-10-21,-0.0985034468407971
1979-10-22,-0.10082242666434554
1979-10-23,-0.10474946291130027
1979-10-24,-0.11028622230770932
1979-10-25,-0.11743505478378197
1979-10-26,-0.12619899447125305
1979-10-27,-0.13658176099114056
1979-10-28,-0.14858776103243918
1979-10-29,-0.16201178953787007
1979-10-30,-0.17685954397915885
1979-10-31,-0.19313732609062306
1979-11-01,-0.21085204454377657
1979-11-02,-0.22829032065027643
1979-11-03,-0.2454595556224351
1979-11-04,-0.2623670364852142
1979-11-05,-0.2780304206831411
1979-11-06,-0.2924563561228824
1979-11-07,-0.3056509655089038
1979-11-08,-0.31761984894208983
1979-11-09,-0.3283680862965569
1979-11-10,-0.3379002393756715
1979-11-11,-0.3462203538481852
1979-11-12,-0.3534544598648272
1979-11-13,-0.35960562774941796
1979-11-14,-0.3646764682015017
1979-11-15,-0.36866913340438806
1979-11-16,-0.3715853179385896
1979-11-17,-0.37342625950104075
1979-11-18,-0.37419273943040565
1979-11-19,-0.37533100538789826
1979-11-20,-0.37684154048021845
1979-11-21,-0.37872498581379527
1979-11-22,-0.38098214076688763
1979-11-23,-0.38361396332885916
1979-11-24,-0.3866215705067712
1979-11-25,-0.3900062387994669
1979-11-26,-0.3929669192279813
1979-11-27,-0.3955048683743473
1979-11-28,-0.3976211634035526
1979-11-29,-0.3993167025207142
1979-11-30,-0.40059220535229706
1979-12-01,-0.4014482132515405
1979-12-02,-0.4016170890820231
1979-12-03,-0.40123382598724394
1979-12-04,-0.40029826130138
1979-12-05,-0.39880999794889294
1979-12-06,-0.3967684042760011
1979-12-07,-0.3941726137825907
1979-12-08,-0.3910215247544534
1979-12-09,-0.3873137997956921
1979-12-10,-0.38318322981906083
1979-12-11,-0.3786280617140354
1979-12-12,-0.373646362160713
1979-12-13,-0.36823601680926665
1979-12-14,-0.3623947293825653
1979-12-15,-0.35612002070158
1979-12-16,-0.3494092276331625
1979-12-17,-0.33933224481974994
1979-12-18,-0.32588479535410575
1979-12-19,-0.3090611718241012
1979-12-20,-0.2888542338903558
1979-12-21,-0.2652554052557108
1979-12-22,-0.23825467002524714
1979-12-23,-0.20784056845530613
1979-12-24,-0.1786187597487257
1979-12-25,-0.1505768414863064
1979-12-26,-0.12370291202195444
1979-12-27,-0.09798556543134429
1979-12-28,-0.07341388667097848
1979-12-29,-0.04997744694558692
1979-12-30,-0.02766629928190248
1979-12-31,-0.00609069268113005
1980-01-01,0.014758530048889301
1980-01-02,0.03246467072387638
1980-01-03,0.04703524424413277
1980-01-04,0.05847643470190925
1980-01-05,0.0667930980060793
1980-01-06,0.07198876394310043
1980-01-07,0.07608931766783272
1980-01-08,0.079096499551201
1980-01-09,0.08101158591154337
1980-01-10,0.08183538955631081
1980-01-11,0.08156826012704126
1980-01-12,0.08021008424775601
1980-01-13,0.07776028547684022
1980-01-14,0.07559995529716329
1980-01-15,0.07372817681406058
1980-01-16,0.07214415560095744
1980-01-17,0.07084721936219607
1980-01-18,0.0698368176476975
1980-01-19,0.0691125216193379
1980-01-20,0.06867402386893934
1980-01-21,0.06513724603204468
1980-01-22,0.05850068701740396
1980-01-23,0.04876153011412304
1980-01-24,0.03591564179618434
1980-01-25,0.019957569968082234
1980-01-26,0.0008805416508270159
1980-01-27,-0.021323539892667706
1980-01-28,-0.045530785942778776
1980-01-29,-0.07175147062100884
1980-01-30,-0.09999672259931468
1980-01-31,-0.13027852982337565
1980-02-01,-0.1626097446005587
1980-02-02,-0.19503868245584555
1980-02-03,-0.22757910698907063
1980-02-04,-0.2589528246199544
1980-02-05,-0.2891731510881831
1980-02-06,-0.31825291260725264
1980-02-07,-0.3462044513082132
1980-02-08,-0.3730396304779585
1980-02-09,-0.39876983959428247
1980-02-10,-0.42340599915983945
1980-02-11,-0.4483720342485842
1980-02-12,-0.47367854102983786
1980-02-13,-0.4993362601770725
1980-02-14,-0.5253560814265037
1980-02-15,-0.5517490481989503
1980-02-16,-0.5785263622869203
1980-02-17,-0.6056993886089125
1980-02-18,-0.6322606364997331
1980-02-19,-0.6582213791743324
1980-02-20,-0.6835926349792008
1980-02-21,-0.7083851720688097
1980-02-22,-0.7326095129758707
1980-02-23,-0.7562759390773439
1980-02-24,-0.7793944949580942
1980-02-25,-0.8034419362557593
1980-02-26,-0.8284284692669667
1980-02-27,-0.8543646988608344
1980-02-28,-0.8812616329799278
1980-02-29,-0.9091306873122853
1980-03-01,-0.9379836901365057
1980-03-02,-0.9689629043521114
1980-03-03,-1.0008475401951147
1980-03-04,-1.0336511302508433
1980-03-05,-1.0673875971302895
1980-03-06,-1.1020712593791926
1980-03-07,-1.1377168375551645
1980-03-08,-1.174339460475438
1980-03-09,-1.2119546716378926
1980-03-10,-1.250369469816602
1980-03-11,-1.2896001591505482
1980-03-12,-1.3296633900620067
1980-03-13,-1.3705761663233738
1980-03-14,-1.412355852273965
1980-03-15,-1.4550201801898486
1980-03-16,-1.4985872578098367
1980-03-17,-1.5435973279814745
1980-03-18,-1.5900694940314632
1980-03-19,-1.6380234798341946
1980-03-20,-1.6874796381830288
1980-03-21,-1.7384589594284952
1980-03-22,-1.7909830803870863
1980-03-23,-1.8450742935244322
1980-03-24,-1.899103109493941
1980-03-25,-1.9530924593890036
1980-03-26,-2.007065257552686
1980-03-27,-2.061044411303113
1980-03-28,-2.115052830655866
1980-03-29,-2.1691134380475363
1980-03-30,-2.2232491780645374
1980-03-31,-2.279812246375507
1980-04-01,-2.3388266496698145
1980-04-02,-2.3977731222096863
1980-04-03,-2.4566766822570005
1980-04-04,-2.5155623298605705
1980-04-05,-2.5744550574667473
1980-04-06,-2.6333798605268024
1980-04-07,-2.688259567070345
1980-04-08,-2.7391174693286304
1980-04-09,-2.7859751525850927
1980-04-10,-2.8288525043366457
1980-04-11,-2.8677677227344014
1980-04-12,-2.902737324307389
1980-04-13,-2.9337761509725597
1980-04-14,-2.9643075537125356
1980-04-15,-2.99434449076886
1980-04-16,-3.023899710520271
1980-04-17,-3.052985756893418
1980-04-18,-3.081614974686787
1980-04-19,-3.109799514810133
1980-04-20,-3.137551339441604
1980-04-21,-3.1643967060863343
1980-04-22,-3.1903470085459222
1980-04-23,-3.2154132607357853
1980-04-24,-3.239606101359726
1980-04-25,-3.2629357984252474
1980-04-26,-3.2854122536015353
1980-04-27,-3.307045006421955
1980-04-28,-3.328117821246835
1980-04-29,-3.3486396418717415
1980-04-30,-3.368619178237414
1980-05-01,-3.388064910126465
1980-05-02,-3.4056194034816034
1980-05-03,-3.421290108840461
1980-05-04,-3.4350836772169755
1980-05-05,-3.44609206853519
1980-05-06,-3.454319955013898
1980-05-07,-3.459770828760596
1980-05-08,-3.4624470032536143
1980-05-09,-3.4623496143240113
1980-05-10,-3.4594786206376464
1980-05-11,-3.45383280367764
1980-05-12,-3.4448241611451818
1980-05-13,-3.432448869561644
1980-05-14,-3.4167016765637834
1980-05-15,-3.3975758986745186
1980-05-16,-3.375063418466305
1980-05-17,-3.3491546811159085
1980-05-18,-3.319838690349116
1980-05-19,-3.289594596965804
1980-05-20,-3.258409564665242
1980-05-21,-3.2262703577902117
1980-05-22,-3.193163335709484
1980-05-23,-3.1590744470284173
1980-05-24,-3.123989223625215
1980-05-25,-3.087892774510319
1980-05-26,-3.0496148943141246
1980-05-27,-3.009139337008844
1980-05-28,-2.9664489238211136
1980-05-29,-2.9215255359409227
1980-05-30,-2.874350106831564
1980-05-31,-2.824902614137349
1980-06-01,-2.7731620711856584
1980-06-02,-2.7230359682208554
1980-06-03,-2.674503030552244
1980-06-04,-2.6275426596657496
1980-06-05,-2.5821349244814265
1980-06-06,-2.538260552894241
1980-06-07,-2.49590092359454
1980-06-08,-2.455038058164732
1980-06-09,-2.4152409911165376
1980-06-10,-2.3764928316437297
1980-06-11,-2.338777134120994
1980-06-12,-2.3020778911240205
1980-06-13,-2.266379526635578
1980-06-14,-2.231666889434687
1980-06-15,-2.197925246666088
1980-06-16,-2.1639906092076817
1980-06-17,-2.129848574405498
1980-06-18,-2.095484651581284
1980-06-19,-2.0608842558823195
1980-06-20,-2.026032702091265
1980-06-21,-1.9909151983934108
1980-06-22,-1.9555168400986849
1980-06-23,-1.9188265628097059
1980-06-24,-1.8808287943144983
1980-06-25,-1.841507407471233
1980-06-26,-1.8008457133634899
1980-06-27,-1.758826454217093
1980-06-28,-1.7154317960755059
1980-06-29,-1.670643321230684
1980-06-30,-1.6278502492829234
1980-07-01,-1.5870344178514335
1980-07-02,-1.5476006460841654
1980-07-03,-1.5095321973659084
1980-07-04,-1.4728129145564934
1980-07-05,-1.4374272131333237
1980-07-06,-1.4033600745769388
1980-07-07,-1.370532347439792
1980-07-08,-1.3389300988665487
1980-07-09,-1.3085399161236444
1980-07-10,-1.2793489009066068
1980-07-11,-1.251344663865714
1980-07-12,-1.2245153193476639
1980-07-13,-1.1988494803510252
1980-07-14,-1.1707093892765734
1980-07-15,-1.1400831028113763
1980-07-16,-1.1069576224430187
1980-07-17,-1.0713188889427296
1980-07-18,-1.0331517763983167
1980-07-19,-0.9924400857943738
1980-07-20,-0.9491665381370427
1980-07-21,-0.9052067286824779
1980-07-22,-0.8605419998591974
1980-07-23,-0.8151533949114487
1980-07-24,-0.7690216498535186
1980-07-25,-0.7221271852936466
1980-07-26,-0.6744500981240733
1980-07-27,-0.6259701530736963
1980-07-28,-0.5757240496525267
1980-07-29,-0.5236904622388676
1980-07-30,-0.46984730656100154
1980-07-31,-0.4141717303241084
1980-08-01,-0.3566401035112168
1980-08-02,-0.2992200565624178
1980-08-03,-0.24188721906656152
1980-08-04,-0.18670937860438908
1980-08-05,-0.13366311640963568
1980-08-06,-0.08272591840771715
1980-08-07,-0.033876165660229995
1980-08-08,0.012906874810631797
1980-08-09,0.05764305882163767
1980-08-10,0.10035137345579304
1980-08-11,0.1423237419733694
1980-08-12,0.18357797842942336
1980-08-13,0.22413159208696554
1980-08-14,0.26400179484830044
1980-08-15,0.3032055085601619
1980-08-16,0.3417593721957402
1980-08-17,0.37967974891665096
1980-08-18,0.41677512677789896
1980-08-19,0.4530612499256191
1980-08-20,0.48855351903931504
1980-08-21,0.5232669978682675
1980-08-22,0.5572164196249423
1980-08-23,0.5904161932381106
1980-08-24,0.6228804094683338
1980-08-25,0.654771139051322
1980-08-26,0.6861019171587279
1980-08-27,0.7168860413056997
1980-08-28,0.7471365769946572
1980-08-29,0.7768663632605965
1980-08-30,0.806088018120276
1980-08-31,0.834813943927599
1980-09-01,0.8639366534779904
1980-09-02,0.8935048288059987
1980-09-03,0.92353101933692
1980-09-04,0.9540279688884166
1980-09-05,0.9850086210792919
1980-09-06,1.0164861248230652
1980-09-07,1.0484738399086766
1980-09-08,1.0797403785784925
1980-09-09,1.1102990110829412
1980-09-10,1.1401627072205145
1980-09-11,1.1693441418424526
1980-09-12,1.19785570023225
1980-09-13,1.2257094833622557
1980-09-14,1.2529173130296134
1980-09-15,1.279125183514494
1980-09-16,1.3043442180502112
1980-09-17,1.3285851201849699
1980-09-18,1.3518581783247021
1980-09-19,1.3741732700997078
1980-09-20,1.3955398665569523
1980-09-21,1.4159670361798
1980-09-22,1.4365925270803424
1980-09-23,1.4574250931994095
1980-09-24,1.4784735763653964
1980-09-25,1.4997469100469454
1980-09-26,1.5212541231445178
1980-09-27,1.543004343822468
1980-09-28,1.5650068033832554
1980-09-29,1.587331505234784
1980-09-30,1.6099879245027608
1980-10-01,1.6329856771015228
1980-10-02,1.6550157369990206
1980-10-03,1.6760874542680215
1980-10-04,1.696209772238265
1980-10-05,1.7153912312922175
1980-10-06,1.7330137725568115
1980-10-07,1.7490848754508037
1980-10-08,1.7636113609262123
1980-10-09,1.7765993943632905
1980-10-10,1.7880544881872573
1980-10-11,1.7979815042079004
1980-10-12,1.8063846556830407
1980-10-13,1.8129372936218084
1980-10-14,1.8176421991170306
1980-10-15,1.8205013690406608
1980-10-16,1.8215160168912985
1980-10-17,1.820686573309228
1980-10-18,1.8180126862591897
1980-10-19,1.8134932208809689
1980-10-20,1.8077839598742047
1980-10-21,1.8008824800949688
1980-10-22,1.792785852393797
1980-10-23,1.7834906403724893
1980-10-24,1.772992898925621
1980-10-25,1.7612881725661493
1980-10-26,1.7483714935343986
1980-10-27,1.7345851446683938
1980-10-28,1.7199232747191724
1980-10-29,1.704379660846144
1980-10-30,1.6879477059759695
1980-10-31,1.6706204360026102
1980-11-01,1.652390496827353
1980-11-02,1.6340871718316268
1980-11-03,1.6150953869922269
1980-11-04,1.5954070817513935
1980-11-05,1.5750138999318148
1980-11-06,1.5539071861900697
1980-11-07,1.5320779823430983
1980-11-08,1.5095170235661384
1980-11-09,1.486214734460517
1980-11-10,1.463592599416786
1980-11-11,1.4416410170716347
1980-11-12,1.4203506706600029
1980-11-13,1.3997125240608297
1980-11-14,1.3797178179619114
1980-11-15,1.360358066142244
1980-11-16,1.341625051870274
1980-11-17,1.3212778445524431
1980-11-18,1.2993078083579852
1980-11-19,1.275705618689595
1980-11-20,1.2504612582258523
1980-11-21,1.223564012669636
1980-11-22,1.1950024662007264
1980-11-23,1.1647644966306627
1980-11-24,1.1347471271157117
1980-11-25,1.104937617582056
1980-11-26,1.0753233161765172
1980-11-27,1.045891653896813
1980-11-28,1.016630139256978
1980-11-29,0.9875263529856863
1980-11-30,0.9585679427552203
1980-12-01,0.9292785926336724
1980-12-02,0.9004536975615042
1980-12-03,0.8720810235789477
1980-12-04,0.844148528659444
1980-12-05,0.8166443575987258
1980-12-06,0.7895568369831911
1980-12-07,0.7628744702354335
1980-12-08,0.7362492411782674
1980-12-09,0.7096698494416379
1980-12-10,0.6831250141099218
1980-12-11,0.6566034689340419
1980-12-12,0.6300939575498086
1980-12-13,0.6035852287004544
1980-12-14,0.5770660314613384
1980-12-15,0.5505922467024317
1980-12-16,0.5241526383301824
1980-12-17,0.4977359847562971
1980-12-18,0.4713310741350353
1980-12-19,0.44492669960464043
1980-12-20,0.4185116545308856
1980-12-21,0.3920747277507156
1980-12-22,0.36503398116760716
1980-12-23,0.3373779380561475
1980-12-24,0.3090948605446837
1980-12-25,0.28017274463349523
1980-12-26,0.25059931510001543
1980-12-27,0.22036202028894053
1980-12-28,0.1894480267850132
1980-12-29,0.15890270466859835
1980-12-30,0.1287130897904445
1980-12-31,0.09886636897177292
1981-01-01,0.06934987456606578
1981-01-02,0.04099051480384169
1981-01-03,0.01377625330940857
1981-01-04,-0.012304460286433894
1981-01-05,-0.03736231887374031
1981-01-06,-0.061407957593872464
1981-01-07,-0.0844515819784018
1981-01-08,-0.10650297228057537
1981-01-09,-0.12757148762628462
1981-01-10,-0.14766606998629744
1981-01-11,-0.16679524797143835
1981-01-12,-0.18529226960373438
1981-01-13,-0.20316498545186662
1981-01-14,-0.2204209811145361
1981-01-15,-0.23706758043997112
1981-01-16,-0.2531118486343385
1981-01-17,-0.26856059526038245
1981-01-18,-0.2834203771275631
1981-01-19,-0.2989415947267796
1981-01-20,-0.3151308356258682
1981-01-21,-0.3319949709173807
1981-01-22,-0.3495411581348369
1981-01-23,-0.3677768442905484
1981-01-24,-0.3867097690363067
1981-01-25,-0.4063479679482708
1981-01-26,-0.4245484402868343
1981-01-27,-0.44131891075822116
1981-01-28,-0.4566664971424094
1981-01-29,-0.47059771331408634
1981-01-30,-0.4831184720072874
1981-01-31,-0.4942340873248995
1981-02-01,-0.5039492769940903
1981-02-02,-0.5126419746325476
1981-02-03,-0.5203158696244968
1981-02-04,-0.5269742189504878
1981-02-05,-0.5326198485697327
1981-02-06,-0.5372551546195099
1981-02-07,-0.5408821044321406
1981-02-08,-0.54350223736997
1981-02-09,-0.5450261667986012
1981-02-10,-0.5454545395093322
1981-02-11,-0.5447875373135629
1981-02-12,-0.543024877119958
1981-02-13,-0.5401658108142975
1981-02-14,-0.5362091249419596
1981-02-15,-0.531153140192901
1981-02-16,-0.5244396538580147
1981-02-17,-0.516065816576651
1981-02-18,-0.5060280742963796
1981-02-19,-0.49432216676456403
1981-02-20,-0.48094312572021203
1981-02-21,-0.46588527278532904
1981-02-22,-0.44914221705488216
1981-02-23,-0.4315456243898094
1981-02-24,-0.41308802638454756
1981-02-25,-0.39376158920272536
1981-02-26,-0.3735581102523008
1981-02-27,-0.3524690147041878
1981-02-28,-0.3304853518528998
1981-03-01,-0.3075977913176594
1981-03-02,-0.2872127218538017
1981-03-03,-0.26932149156097923
1981-03-04,-0.2539165069825269
1981-03-05,-0.2409912298826214
1981-03-06,-0.23054017447130126
1981-03-07,-0.22255890507616882
1981-03-08,-0.21704403425978747
1981-03-09,-0.21291941693159877
1981-03-10,-0.21018330250752176
1981-03-11,-0.20883452971658906
1981-03-12,-0.20887252610807638
1981-03-13,-0.21029730780854128
1981-03-14,-0.21310947952866705
1981-03-15,-0.21731023481991685
1981-03-16,-0.22318014773923167
1981-03-17,-0.23072170961496902
1981-03-18,-0.23993812126240838
1981-03-19,-0.250833294342252
1981-03-20,-0.2634118530208252
1981-03-21,-0.27767913593268106
1981-03-22,-0.29364119844644093
1981-03-23,-0.31050220277814383
1981-03-24,-0.3282693051324569
1981-03-25,-0.3469500462832443
1981-03-26,-0.36655235477404813
1981-03-27,-0.3870845502831474
1981-03-28,-0.4085553471546254
1981-03-29,-0.43097385809693944
1981-03-30,-0.45462888638510296
1981-03-31,-0.47953047176648245
1981-04-01,-0.5056891830564355
1981-04-02,-0.530149026747855
1981-04-03,-0.5529203841705915
1981-04-04,-0.5740129200214246
1981-04-05,-0.5934355864659857
1981-04-06,-0.6123950544725651
1981-04-07,-0.6308993708829029
1981-04-08,-0.648956389361754
1981-04-09,-0.666573773730168
1981-04-10,-0.6837590012181934
1981-04-11,-0.7005193656383895
1981-04-12,-0.7168619804814903
1981-04-13,-0.7320528557988032
1981-04-14,-0.7460984389531721
1981-04-15,-0.7590046912186557
1981-04-16,-0.7707770903106306
1981-04-17,-0.7814206327106624
1981-04-18,-0.7909398357871302
1981-04-19,-0.7993387397125014
1981-04-20,-0.8044372006001036
1981-04-21,-0.8062373823560058
1981-04-22,-0.8047400490194566
1981-04-23,-0.7999445650871609
1981-04-24,-0.7918488952435573
1981-04-25,-0.7804496034969826
1981-04-26,-0.7657418517213563
1981-04-27,-0.7507221850208153
1981-04-28,-0.7353842286974575
1981-04-29,-0.7197214729638189
1981-04-30,-0.7037272701799685
1981-05-01,-0.6873948320320926
1981-05-02,-0.6722628902203287
1981-05-03,-0.6583250223945909
1981-05-04,-0.6440815835309064
1981-05-05,-0.6295265283806254
1981-05-06,-0.6146536794378562
1981-05-07,-0.5994567243175878
1981-05-08,-0.5839292130765654
1981-05-09,-0.5680645554757842
1981-05-10,-0.5518560181834369
1981-05-11,-0.536141509269816
1981-05-12,-0.5209143591297294
1981-05-13,-0.50616810500445
1981-05-14,-0.4918964882387685
1981-05-15,-0.4780934516246742
1981-05-16,-0.4647531368305343
1981-05-17,-0.4518698819146809
1981-05-18,-0.43898084980465646
1981-05-19,-0.42608057009372097
1981-05-20,-0.4131635676013896
1981-05-21,-0.40022436004963774
1981-05-22,-0.387257455736094
1981-05-23,-0.3742573512032337
1981-05-24,-0.36121852890258216
1981-05-25,-0.3480783058813534
1981-05-26,-0.3348311051215085
1981-05-27,-0.321471304201154
1981-05-28,-0.30799323290825387
1981-05-29,-0.2943911708340597
1981-05-30,-0.2806593449452347
1981-05-31,-0.26679192713364386
1981-06-01,-0.2523584770052835
1981-06-02,-0.23765634346976455
1981-06-03,-0.22267928659768796
1981-06-04,-0.20742094977575964
1981-06-05,-0.19187485700889487
1981-06-06,-0.17603441017165425
1981-06-07,-0.15989288620784536
1981-06-08,-0.144058528845744
1981-06-09,-0.12852461761367345
1981-06-10,-0.11328455955632277
1981-06-11,-0.09833188643654245
1981-06-12,-0.08366025199007324
1981-06-13,-0.06926342923204315
1981-06-14,-0.05513530781408951
1981-06-15,-0.04066765067735334
1981-06-16,-0.02585431740970426
1981-06-17,-0.010689020885976064
1981-06-18,0.004834675400437138
1981-06-19,0.020723360069384106
1981-06-20,0.036983776650321765
1981-06-21,0.05362282644442637
1981-06-22,0.07062618214590707
1981-06-23,0.0880010603766821
1981-06-24,0.10575483544152275
1981-06-25,0.12389504245787941
1981-06-26,0.14242938055396284
1981-06-27,0.16136571613643416
1981-06-28,0.18071208622909107
1981-06-29,0.200821875487462
1981-06-30,0.22170361897653568
1981-07-01,0.24336617939673474
1981-07-02,0.26419420537537797
1981-07-03,0.2841965368139198
1981-07-04,0.30338166316973636
1981-07-05,0.32175772705925004
1981-07-06,0.33707857182803225
1981-07-07,0.3493507000010028
1981-07-08,0.35857932015643973
1981-07-09,0.3647683491366215
1981-07-10,0.36792041371022693
1981-07-11,0.36803685168719724
1981-07-12,0.3651177124865338
1981-07-13,0.3608589848079832
1981-07-14,0.3552588611478945
1981-07-15,0.348314964682783
1981-07-16,0.34002434826055067
1981-07-17,0.3303834931496459
1981-07-18,0.31938830754563136
1981-07-19,0.30703412483452713
1981-07-20,0.2920758253684748
1981-07-21,0.2745070604952623
1981-07-22,0.25432037362009213
1981-07-23,0.23150719704082823
1981-07-24,0.20605784831166257
1981-07-25,0.17796152613365948
1981-07-26,0.14720630577043053
1981-07-27,0.11793583975802466
1981-07-28,0.09013770502594363
1981-07-29,0.06380010339552654
1981-07-30,0.03891185657252738
1981-07-31,0.01546240140278475
1981-08-01,-0.0065582146110274575
1981-08-02,-0.025129749743733942
1981-08-03,-0.04463180421131918
1981-08-04,-0.06507265514191009
1981-08-05,-0.08646097811081334
1981-08-06,-0.108805850822633
1981-08-07,-0.13211675696406044
1981-08-08,-0.15640359022897313
1981-08-09,-0.18167665851754947
1981-08-10,-0.2069920230661805
1981-08-11,-0.23236042830778184
1981-08-12,-0.25779264118698
1981-08-13,-0.28329945572985527
1981-08-14,-0.30889169762517976
1981-08-15,-0.33458022881909155
1981-08-16,-0.36037595212516016
1981-08-17,-0.38640836530590894
1981-08-18,-0.41268851712646676
1981-08-19,-0.43922756149803643
1981-08-20,-0.4660367622118762
1981-08-21,-0.49312749771991493
1981-08-22,-0.520511265964035
1981-08-23,-0.5481996892560662
1981-08-24,-0.5750922149832213
1981-08-25,-0.6012002569625146
1981-08-26,-0.6265348960577056
1981-08-27,-0.6511068848822793
1981-08-28,-0.6749266523631035
1981-08-29,-0.6980043081667119
1981-08-30,-0.7203496469900824
1981-08-31,-0.7417422116658872
1981-09-01,-0.76219108169901
1981-09-02,-0.7818347203840593
1981-09-03,-0.8006814649408158
1981-09-04,-0.8187393143685502
1981-09-05,-0.8360159328409864
1981-09-06,-0.852518652959155
1981-09-07,-0.870117657524734
1981-09-08,-0.8888204159669537
1981-09-09,-0.9086348661740099
1981-09-10,-0.9295694178620886
1981-09-11,-0.9516329561446475
1981-09-12,-0.974834845303465
1981-09-13,-0.9991849327630609
1981-09-14,-1.0229050335449503
1981-09-15,-1.0460052150147892
1981-09-16,-1.0684952814299737
1981-09-17,-1.0903847781008007
1981-09-18,-1.1116829954417162
1981-09-19,-1.1323989729143886
1981-09-20,-1.152541502864265
1981-09-21,-1.1723401904540247
1981-09-22,-1.191803438709831
1981-09-23,-1.2109395082895469
1981-09-24,-1.2297565209887504
1981-09-25,-1.2482624631878165
1981-09-26,-1.266465189241524
1981-09-27,-1.2843724248126245
1981-09-28,-1.3028110304480292
1981-09-29,-1.3217888319233033
1981-09-30,-1.3413138838613399
1981-10-01,-1.3613944731509289
1981-10-02,-1.3812191012880262
1981-10-03,-1.4007961823085693
1981-10-04,-1.420134025183709
1981-10-05,-1.4390753239581344
1981-10-06,-1.457628117762138
1981-10-07,-1.475800280835415
1981-10-08,-1.4935995258690737
1981-10-09,-1.511033407279084
1981-10-10,-1.5281093244125463
1981-10-11,-1.5448345246881479
1981-10-12,-1.56150144051986
1981-10-13,-1.57811714573665
1981-10-14,-1.594688692432502
1981-10-15,-1.6112231139594924
1981-10-16,-1.6277274279129048
1981-10-17,-1.6442086391096664
1981-10-18,-1.660673742561353
1981-10-19,-1.6771472136114722
1981-10-20,-1.6936360439865012
1981-10-21,-1.710147231931773
1981-10-22,-1.726687785181698
1981-10-23,-1.743264723934006
1981-10-24,-1.759885083829289
1981-10-25,-1.7765559189370848
1981-10-26,-1.7917015643502343
1981-10-27,-1.8053284482349523
1981-10-28,-1.8174423541595324
1981-10-29,-1.8280484235490295
1981-10-30,-1.8371511578673987
1981-10-31,-1.8447544205280255
1981-11-01,-1.850861438533446
1981-11-02,-1.8569594419869095
1981-11-03,-1.8630510190237326
1981-11-04,-1.8691387550517093
1981-11-05,-1.8752252338484205
1981-11-06,-1.8813130386578478
1981-11-07,-1.8874047532867644
1981-11-08,-1.8935029632013614
1981-11-09,-1.8994778999163167
1981-11-10,-1.9053320993345435
1981-11-11,-1.9110680461152216
1981-11-12,-1.9166881747283462
1981-11-13,-1.9221948704879712
1981-11-14,-1.9275904705645956
1981-11-15,-1.9328772649771102
1981-11-16,-1.940618944391851
1981-11-17,-1.9508187945586615
1981-11-18,-1.9634811445325577
1981-11-19,-1.9786113685110784
1981-11-20,-1.9962158881152203
1981-11-21,-2.0163021751149253
1981-11-22,-2.0388787546002733
1981-11-23,-2.0575850501945627
1981-11-24,-2.0724290012872384
1981-11-25,-2.083416907998389
1981-11-26,-2.090553433852662
1981-11-27,-2.0938416077585744
1981-11-28,-2.093282825294052
1981-11-29,-2.088876849298745
1981-11-30,-2.084269616440045
1981-12-01,-2.07945917130055
1981-12-02,-2.0751833799212704
1981-12-03,-2.07144042755632
1981-12-04,-2.0682287256091576
1981-12-05,-2.065546910958345
1981-12-06,-2.0633938453790095
1981-12-07,-2.0623546444936585
1981-12-08,-2.062428867241127
1981-12-09,-2.063616545123285
1981-12-10,-2.0659181822184087
1981-12-11,-2.0693347553951242
1981-12-12,-2.073867714727011
1981-12-13,-2.079518984108048
1981-12-14,-2.086531885659466
1981-12-15,-2.0949093958207348
1981-12-16,-2.1046550702031412
1981-12-17,-2.115773045098874
1981-12-18,-2.128268039236561
1981-12-19,-2.1421453557840096
1981-12-20,-2.1574108845989928
1981-12-21,-2.1727705549177854
1981-12-22,-2.188230885743779
1981-12-23,-2.2037984388030396
1981-12-24,-2.219479821329256
1981-12-25,-2.235281688868006
1981-12-26,-2.251210748101526
1981-12-27,-2.2672737596951817
1981-12-28,-2.2870377108967737
1981-12-29,-2.3105109899895306
1981-12-30,-2.3377035595822084
1981-12-31,-2.3686269608374553
1982-01-01,-2.4032943183701554
1982-01-02,-2.4359284990878045
1982-01-03,-2.466543353700109
1982-01-04,-2.4901669159684507
1982-01-05,-2.5068092122852823
1982-01-06,-2.516477306030472
1982-01-07,-2.519175300569171
1982-01-08,-2.5149043409933745
1982-01-09,-2.50366261460793
1982-01-10,-2.4854453501611804
1982-01-11,-2.4650213850951785
1982-01-12,-2.4423820510013723
1982-01-13,-2.4175177392167724
1982-01-14,-2.3904178967458063
1982-01-15,-2.3610710217813855
1982-01-16,-2.3294646588232633
1982-01-17,-2.295585393391636
1982-01-18,-2.2534646793168522
1982-01-19,-2.203084639582531
1982-01-20,-2.144423891721271
1982-01-21,-2.0774575387394316
1982-01-22,-2.0021571585502675
1982-01-23,-1.9184907919109273
1982-01-24,-1.826422928858206
1982-01-25,-1.728318460479163
1982-01-26,-1.6241357489424666
1982-01-27,-1.513830576668198
1982-01-28,-1.3973561275608808
1982-01-29,-1.2746629671396323
1982-01-30,-1.1456990215570144
1982-01-31,-1.010409555497675
1982-02-01,-0.8707195606510771
1982-02-02,-0.7393688010283561
1982-02-03,-0.6163015282944457
1982-02-04,-0.5014655098198915
1982-02-05,-0.39481200651209836
1982-02-06,-0.29629575212932324
1982-02-07,-0.20587493406861834
1982-02-08,-0.12447587463624687
1982-02-09,-0.05206402616722028
1982-02-10,0.01139134462087732
1982-02-11,0.0659171696718186
1982-02-12,0.11153659102127444
1982-02-13,0.1482689706188387
1982-02-14,0.1761298985456914
1982-02-15,0.1990307957487174
1982-02-16,0.21698138190440974
1982-02-17,0.22998927566144922
1982-02-18,0.23805999787424104
1982-02-19,0.24119697394608863
1982-02-20,0.239401535283021
1982-02-21,0.23267291985886818
1982-02-22,0.21862089358432324
1982-02-23,0.1972394924507177
1982-02-24,0.1685196416912349
1982-02-25,0.1324491519293718
1982-02-26,0.08901271400547639
1982-02-27,0.03819189247918864
1982-02-28,-0.020034882194996273
1982-03-01,-0.08373960377558087
1982-03-02,-0.14458756720438581
1982-03-03,-0.20260459778050344
1982-03-04,-0.2578153192888998
1982-03-05,-0.31024316445132505
1982-03-06,-0.35991038487170834
1982-03-07,-0.40683806048025895
1982-03-08,-0.45310952102381363
1982-03-09,-0.4987444051926532
1982-03-10,-0.543762081499153
1982-03-11,-0.5881816564982351
1982-03-12,-0.6320219828966332
1982-03-13,-0.6753016675544257
1982-03-14,-0.7180390793822213
1982-03-15,-0.7587047594512961
1982-03-16,-0.7973159672275623
1982-03-17,-0.83388909021083
1982-03-18,-0.8684396508900465
1982-03-19,-0.9009823133314045
1982-03-20,-0.931530889402112
1982-03-21,-0.9600983446324759
1982-03-22,-0.9867449723905252
1982-03-23,-1.0114820821284245
1982-03-24,-1.03432017285422
1982-03-25,-1.0552689375878666
1982-03-26,-1.0743372674751699
1982-03-27,-1.0915332555613997
1982-03-28,-1.1068642002261642
1982-03-29,-1.120924147353871
1982-03-30,-1.1337190643149844
1982-03-31,-1.1452543815715743
1982-04-01,-1.1555349949821294
1982-04-02,-1.1646866462145407
1982-04-03,-1.1727132194436751
1982-04-04,-1.1796181213349766
1982-04-05,-1.1852681085616383
1982-04-06,-1.1896655791104094
1982-04-07,-1.1928123993706605
1982-04-08,-1.1947099049265235
1982-04-09,-1.1953589011237442
1982-04-10,-1.1947596634114912
1982-04-11,-1.192911937459261
1982-04-12,-1.1895770215088912
1982-04-13,-1.1847535001440386
1982-04-14,-1.1784393261493997
1982-04-15,-1.170631819641824
1982-04-16,-1.161327666932909
1982-04-17,-1.1505229191225932
1982-04-18,-1.1382129904231517
1982-04-19,-1.1253297384543184
1982-04-20,-1.1118676952625803
1982-04-21,-1.0978211472418906
1982-04-22,-1.0831841327086784
1982-04-23,-1.067950439371573
1982-04-24,-1.0521136016947614
1982-04-25,-1.035666898153863
1982-04-26,-1.018737593601284
1982-04-27,-1.0013185028441454
1982-04-28,-0.9834022328128464
1982-04-29,-0.9649811794232716
1982-04-30,-0.9460475243494388
1982-05-01,-0.9265932317052213
1982-05-02,-0.9093810557864747
1982-05-03,-0.8934905650635759
1982-05-04,-0.8789150152405367
1982-05-05,-0.8656482201130472
1982-05-06,-0.8536845489429057
1982-05-07,-0.8430189240682019
1982-05-08,-0.8336468187482385
1982-05-09,-0.8255642552422766
1982-05-10,-0.8190725446275956
1982-05-11,-0.8141689316703504
1982-05-12,-0.8108513351624919
1982-05-13,-0.8091183470384538
1982-05-14,-0.8089692317775363
1982-05-15,-0.8104039260917347
1982-05-16,-0.8134230388988777
1982-05-17,-0.8180291190927703
1982-05-18,-0.8242241216015966
1982-05-19,-0.8320106757293407
1982-05-20,-0.8413920862717251
1982-05-21,-0.8523723349188427
1982-05-22,-0.86495608194508
1982-05-23,-0.8791486681870457
1982-05-24,-0.8949204901076689
1982-05-25,-0.9122782416371225
1982-05-26,-0.9312292898112047
1982-05-27,-0.951781677898081
1982-05-28,-0.9739441288120372
1982-05-29,-0.9977260488156859
1982-05-30,-1.0231375315122064
1982-05-31,-1.0492460723172448
1982-06-01,-1.076062752306275
1982-06-02,-1.100799328941188
1982-06-03,-1.1234663010037695
1982-06-04,-1.1440732888872107
1982-06-05,-1.162629038679227
1982-06-06,-1.1791414258741044
1982-06-07,-1.19451924516928
1982-06-08,-1.2087690232709962
1982-06-09,-1.2218968081184234
1982-06-10,-1.2339081714505484
1982-06-11,-1.2448082111709504
1982-06-12,-1.2546015535114712
1982-06-13,-1.2632923549956951
1982-06-14,-1.2720766783178936
1982-06-15,-1.2809582517503757
1982-06-16,-1.2899408448406728
1982-06-17,-1.299028270011421
1982-06-18,-1.3082243841784458
1982-06-19,-1.3175330903877223
1982-06-20,-1.3269583394719253
1982-06-21,-1.3358971520569947
1982-06-22,-1.3443533219840984
1982-06-23,-1.3523304382495676
1982-06-24,-1.3598318865281533
1982-06-25,-1.3668608506099862
1982-06-26,-1.373420313751851
1982-06-27,-1.3795130599433505
1982-06-28,-1.3839220240072803
1982-06-29,-1.3866490772111277
1982-06-30,-1.3876953769800668
1982-07-01,-1.387061367388195
1982-07-02,-1.3855714405811428
1982-07-03,-1.3832249641991194
1982-07-04,-1.380020942342657
1982-07-05,-1.3780388512207633
1982-07-06,-1.3772778495875988
1982-07-07,-1.3777376144562683
1982-07-08,-1.3794183409617375
1982-07-09,-1.3823207424436523
1982-07-10,-1.3864460507490979
1982-07-11,-1.3917960167554217
1982-07-12,-1.3973567746317719
1982-07-13,-1.4031306844938738
1982-07-14,-1.4091201969241416
1982-07-15,-1.415327854011763
1982-07-16,-1.4217562904316217
1982-07-17,-1.4284082345625142
1982-07-18,-1.4352865096451384
1982-07-19,-1.4435939252461565
1982-07-20,-1.4533340072270848
1982-07-21,-1.4645108895065655
1982-07-22,-1.4771293158148981
1982-07-23,-1.49119464170739
1982-07-24,-1.5067128368373799
1982-07-25,-1.5236904874898967
1982-07-26,-1.537610349971618
1982-07-27,-1.5484783321978077
1982-07-28,-1.5562990467943572
1982-07-29,-1.56107581305549
1982-07-30,-1.562810658352551
1982-07-31,-1.5615043189944666
1982-08-01,-1.5571562405402544
1982-08-02,-1.5529296455555308
1982-08-03,-1.548822740174512
1982-08-04,-1.5448337813304813
1982-08-05,-1.5409610760159917
1982-08-06,-1.537202980564314
1982-08-07,-1.5335578999518256
1982-08-08,-1.530024287121045
1982-08-09,-1.5252249680299168
1982-08-10,-1.5191579057351479
1982-08-11,-1.5118205252335741
1982-08-12,-1.5032097123692678
1982-08-13,-1.4933218125118168
1982-08-14,-1.4821526290052145
1982-08-15,-1.4696974213867007
1982-08-16,-1.457735401002745
1982-08-17,-1.4462614908920703
1982-08-18,-1.4352708212588166
1982-08-19,-1.424758727405687
1982-08-20,-1.414720747754142
1982-08-21,-1.405152621950799
1982-08-22,-1.3960502890592403
1982-08-23,-1.3861324470922156
1982-08-24,-1.375394886685586
1982-08-25,-1.3638330505675322
1982-08-26,-1.35144203162434
1982-08-27,-1.3382165708177074
1982-08-28,-1.3241510549526851
1982-08-29,-1.3092395142953064
1982-08-30,-1.294128724965511
1982-08-31,-1.2788122735908216
1982-09-01,-1.2632836595109773
1982-09-02,-1.24915977302157
1982-09-03,-1.236434619614774
1982-09-04,-1.2251027984378042
1982-09-05,-1.2151595000006687
1982-09-06,-1.2072284319778719
1982-09-07,-1.201306228238614
1982-09-08,-1.1973903752610897
1982-09-09,-1.1954792110656922
1982-09-10,-1.1955719245096292
1982-09-11,-1.1976685549426556
1982-09-12,-1.2017699922237728
1982-09-13,-1.2056518581578737
1982-09-14,-1.209315800299669
1982-09-15,-1.2127633737119141
1982-09-16,-1.2159960416254136
1982-09-17,-1.2190151760600525
1982-09-18,-1.2218220584071104
1982-09-19,-1.2244178799731171
1982-09-20,-1.228956990199621
1982-09-21,-1.235441315591185
1982-09-22,-1.2438736082471926
1982-09-23,-1.2542574470299035
1982-09-24,-1.266597239083406
1982-09-25,-1.280898221704111
1982-09-26,-1.2971664645635856
1982-09-27,-1.3139227938790858
1982-09-28,-1.3311743214287528
1982-09-29,-1.348928369164443
1982-09-30,-1.3671924723193356
1982-10-01,-1.3859743826060604
1982-10-02,-1.4013325716429046
1982-10-03,-1.413273557804569
1982-10-04,-1.424893057514525
1982-10-05,-1.4361960023602633
1982-10-06,-1.4471871895759862
1982-10-07,-1.457871284078664
1982-10-08,-1.4682528204479368
1982-10-09,-1.4783362048506938
1982-10-10,-1.4881257169111557
1982-10-11,-1.495441919768695
1982-10-12,-1.5002879185909515
1982-10-13,-1.5026657701331878
1982-10-14,-1.5025764836112234
1982-10-15,-1.5000200211297698
1982-10-16,-1.4949952976663463
1982-10-17,-1.4875001806107724
1982-10-18,-1.479257538814036
1982-10-19,-1.4702638739061393
1982-10-20,-1.4605153687653067
1982-10-21,-1.4500078858979104
1982-10-22,-1.4387369656824203
1982-10-23,-1.4266978244766366
1982-10-24,-1.4138853525874004
1982-10-25,-1.3981718038248676
1982-10-26,-1.3795505089913567
1982-10-27,-1.3580135647737328
1982-10-28,-1.333551830389058
1982-10-29,-1.3061549237050265
1982-10-30,-1.2758112168335476
1982-10-31,-1.2425078311955962
1982-11-01,-1.2090252893849205
1982-11-02,-1.1782950902152722
1982-11-03,-1.1503041910712546
1982-11-04,-1.1250407119604804
1982-11-05,-1.102493930471428
1982-11-06,-1.0826542772225978
1982-11-07,-1.0655133318010424
1982-11-08,-1.048451888933667
1982-11-09,-1.031462707345001
1982-11-10,-1.0145385764289512
1982-11-11,-0.9976723131884513
1982-11-12,-0.9808567591868305
1982-11-13,-0.964084777509605
1982-11-14,-0.9473492497354047
1982-11-15,-0.9320818744038492
1982-11-16,-0.918276171683699
1982-11-17,-0.9059262821117634
1982-11-18,-0.8950269641060077
1982-11-19,-0.8855735917409029
1982-11-20,-0.8775621527840752
1982-11-21,-0.8709892469934198
1982-11-22,-0.8632651489896904
1982-11-23,-0.8543865804850048
1982-11-24,-0.8443497732071938
1982-11-25,-0.8331504673004578
1982-11-26,-0.8207839095173852
1982-11-27,-0.8072448512015629
1982-11-28,-0.7925275460599227
1982-11-29,-0.7806896848009118
1982-11-30,-0.7717262431592892
1982-12-01,-0.7656334168407409
1982-12-02,-0.7588689823438814
1982-12-03,-0.75143006868447
1982-12-04,-0.7433135186135317
1982-12-05,-0.7345158872773462
1982-12-06,-0.7236702932205037
1982-12-07,-0.7107721333191761
1982-12-08,-0.6958159332925752
1982-12-09,-0.6787953453795401
1982-12-10,-0.6597031456443987
1982-12-11,-0.6385312309109603
1982-12-12,-0.6152706153233387
1982-12-13,-0.5895998108918257
1982-12-14,-0.561507922326505
1982-12-15,-0.5309830267727172
1982-12-16,-0.49801216875072196
1982-12-17,-0.4625813546570888
1982-12-18,-0.4246755468254849
1982-12-19,-0.38427865714433795
1982-12-20,-0.3418178835984554
1982-12-21,-0.29727520484226166
1982-12-22,-0.2506317159209076
1982-12-23,-0.20186762024656657
1982-12-24,-0.15096222119629749
1982-12-25,-0.09789391332791626
1982-12-26,-0.04264017321013923
1982-12-27,0.01812814828780482
1982-12-28,0.08443684266310973
1982-12-29,0.15631405287682482
1982-12-30,0.23379028529838505
1982-12-31,0.3168984226532281
1983-01-01,0.405673737978991
1983-01-02,0.49117030275450435
1983-01-03,0.5703821890799035
1983-01-04,0.6433430163327446
1983-01-05,0.7100837507948835
1983-01-06,0.7706327187952885
1983-01-07,0.8250156187323984
1983-01-08,0.8732555319811228
1983-01-09,0.9153729326891187
1983-01-10,0.9510720591034156
1983-01-11,0.9803680627683714
1983-01-12,1.0032733775932619
1983-01-13,1.0197977251295212
1983-01-14,1.0299481186967978
1983-01-15,1.0337288663595685
1983-01-16,1.031141572755585
1983-01-17,1.0235659074031733
1983-01-18,1.01099865501274
1983-01-19,0.9934344817483858
1983-01-20,0.9708659329641003
1983-01-21,0.9432834300398334
1983-01-22,0.9106752663161082
1983-01-23,0.8730276021254391
1983-01-24,0.8313921152797177
1983-01-25,0.785751134704349
1983-01-26,0.7360852892994997
1983-01-27,0.6823734997185494
1983-01-28,0.6245929694215226
1983-01-29,0.5627191749997038
1983-01-30,0.4967258557673296
1983-01-31,0.42537418233118374
1983-02-01,0.3486338713719346
1983-02-02,0.2768748627630011
1983-02-03,0.21006670030247498
1983-02-04,0.14818102904336783
1983-02-05,0.09119158325910859
1983-02-06,0.039074175295754965
1983-02-07,-0.008831004880779814
1983-02-08,-0.05254428934960631
1983-02-09,-0.09208423105123587
1983-02-10,-0.12746761166188258
1983-02-11,-0.15870944871599957
1983-02-12,-0.18582300198007118
1983-02-13,-0.20881977908036886
1983-02-14,-0.22701288717801305
1983-02-15,-0.24041004785367037
1983-02-16,-0.24901694717573097
1983-02-17,-0.25283723811360836
1983-02-18,-0.25187254208814336
1983-02-19,-0.2461224496597768
1983-02-20,-0.23558452035476984
1983-02-21,-0.2205649126517948
1983-02-22,-0.20105725187798995
1983-02-23,-0.17705325852578113
1983-02-24,-0.14854274473886553
1983-02-25,-0.11551360998824611
1983-02-26,-0.07795183593648625
1983-02-27,-0.03584148048799718
1983-02-28,0.011774260609434872
1983-03-01,0.06491559659020474
1983-03-02,0.11694239948538976
1983-03-03,0.16787675068719965
1983-03-04,0.21774026792578927
1983-03-05,0.2665541144443295
1983-03-06,0.3143390079811832
1983-03-07,0.3596138834584601
1983-03-08,0.40239795659242616
1983-03-09,0.442709385944565
1983-03-10,0.48056528062849757
1983-03-11,0.5159817075714882
1983-03-12,0.5489736983336269
1983-03-13,0.5795552554875727
1983-03-14,0.6084270379409895
1983-03-15,0.6356012995537466
1983-03-16,0.6610895737181586
1983-03-17,0.6849026782540268
1983-03-18,0.7070507199999754
1983-03-19,0.7275430991030291
1983-03-20,0.7463885130082568
1983-03-21,0.7643358682553378
1983-03-22,0.7813927821216805
1983-03-23,0.797566493960542
1983-03-24,0.8128638682735768
1983-03-25,0.8272913976242944
1983-03-26,0.8408552053936534
1983-03-27,0.8535610483789698
1983-03-28,0.8653909531946122
1983-03-29,0.8763499407289217
1983-03-30,0.8864426622325704
1983-03-31,0.8956734012926628
1983-04-01,0.9040460756507909
1983-04-02,0.9123847518166208
1983-04-03,0.9206929689193837
1983-04-04,0.92876364237487
1983-04-05,0.9366001975656917
1983-04-06,0.9442059605091913
1983-04-07,0.9515841592690835
1983-04-08,0.9587379253255202
1983-04-09,0.9656702949041629
1983-04-10,0.9723842102648297
1983-04-11,0.9795335761188646
1983-04-12,0.9871214268243804
1983-04-13,0.995150982842719
1983-04-14,1.0036256521052893
1983-04-15,1.0125490314599743
1983-04-16,1.021924908197716
1983-04-17,1.0317572616599318
1983-04-18,1.0399759188181237
1983-04-19,1.0465843678626487
1983-04-20,1.0515854135738727
1983-04-21,1.0549811785125844
1983-04-22,1.056773103920861
1983-04-23,1.056961950333764
1983-04-24,1.0555477979021286
1983-04-25,1.053824764675193
1983-04-26,1.0517921193573483
1983-04-27,1.0494489992463722
1983-04-28,1.0467944098672775
1983-04-29,1.0438272245502325
1983-04-30,1.0405461839523777
1983-05-01,1.0369498955233296
1983-05-02,1.034609996797323
1983-05-03,1.033525494666601
1983-05-04,1.0336959288430898
1983-05-05,1.0351213716630407
1983-05-06,1.0378024281177316
1983-05-07,1.0417402361102401
1983-05-08,1.046936466938395
1983-05-09,1.0518472423265313
1983-05-10,1.0564746465226014
1983-05-11,1.060820643505195
1983-05-12,1.064887077817097
1983-05-13,1.068675675348155
1983-05-14,1.0721880440677882
1983-05-15,1.0754256747074455
1983-05-16,1.0795478040396147
1983-05-17,1.0845561815924132
1983-05-18,1.090452933038435
1983-05-19,1.0972405610969365
1983-05-20,1.1049219465960478
1983-05-21,1.113500349695466
1983-05-22,1.1229794112701397
1983-05-23,1.133274720843781
1983-05-24,1.1443906479866104
1983-05-25,1.1563319105581416
1983-05-26,1.1691035767095515
1983-05-27,1.1827110670347216
1983-05-28,1.1971601568708656
1983-05-29,1.2124569787497164
1983-05-30,1.2291161190750155
1983-05-31,1.2471446483756237
1983-06-01,1.2665502183811164
1983-06-02,1.2857035974903857
1983-06-03,1.3046129148455798
1983-06-04,1.3232861960033286
1983-06-05,1.3417313663409791
1983-06-06,1.3589703600657792
1983-06-07,1.3750104938099375
1983-06-08,1.38985857538144
1983-06-09,1.4035209066534473
1983-06-10,1.4160032862389529
1983-06-11,1.4273110119518528
1983-06-12,1.4374488830554606
1983-06-13,1.4468217275847535
1983-06-14,1.4554335235942086
1983-06-15,1.4632879261315075
1983-06-16,1.4703882687888248
1983-06-17,1.476737565117682
1983-06-18,1.48233850990797
1983-06-19,1.4871934803316804
1983-06-20,1.4920310322642076
1983-06-21,1.4968532188757564
1983-06-22,1.5016620868151296
1983-06-23,1.5064596770783742
1983-06-24,1.5112480258750285
1983-06-25,1.5160291654923346
1983-06-26,1.5208051251577914
1983-06-27,1.5243103246739365
1983-06-28,1.5265462517294413
1983-06-29,1.5275138553040535
1983-06-30,1.5272135460713647
1983-07-01,1.5256451965731122
1983-07-02,1.5216705411343876
1983-07-03,1.515287892818444
1983-07-04,1.506924014502071
1983-07-05,1.4965753563596562
1983-07-06,1.4842375261785976
1983-07-07,1.4699052874951484
1983-07-08,1.453572557371938
1983-07-09,1.4352324038162312
1983-07-10,1.4148770428378286
1983-07-11,1.3921962093122895
1983-07-12,1.3671802769632944
1983-07-13,1.3398186284439575
1983-07-14,1.310099650830578
1983-07-15,1.2780107306938415
1983-07-16,1.2435382487453874
1983-07-17,1.2066675740574642
1983-07-18,1.1680219021065534
1983-07-19,1.1275848307654426
1983-07-20,1.0853391975951125
1983-07-21,1.041267072560595
1983-07-22,0.9953497504210487
1983-07-23,0.9475677427908156
1983-07-24,0.8979007698680953
1983-07-25,0.8472476141019336
1983-07-26,0.7955867771080959
1983-07-27,0.7428963328188629
1983-07-28,0.6891539181770929
1983-07-29,0.6343367236448184
1983-07-30,0.5784214835223436
1983-07-31,0.5213844660737381
1983-08-01,0.4622684802237814
1983-08-02,0.4085523969849596
1983-08-03,0.36021341799496864
1983-08-04,0.31723102706033357
1983-08-05,0.2795869814488564
1983-08-06,0.24726530414697445
1983-08-07,0.2202522770787413
1983-08-08,0.20043555430423543
1983-08-09,0.18780672514274
1983-08-10,0.18236042962373322
1983-08-11,0.18409435621199144
1983-08-12,0.19300924082652093
1983-08-13,0.20910886715289712
1983-08-14,0.232400068249151
1983-08-15,0.2604889441352621
1983-08-16,0.29338741638723786
1983-08-17,0.33110944788629515
1983-08-18,0.37367104874503143
1983-08-19,0.4210902831024927
1983-08-20,0.4733872767910163
1983-08-21,0.5305842258781048
1983-08-22,0.5924171094910835
1983-08-23,0.6589121709522116
1983-08-24,0.7300976323210888
1983-08-25,0.8060037063727582
1983-08-26,0.8866626094207148
1983-08-27,0.9721085749902615
1983-08-28,1.06237786834802
1983-08-29,1.1577410039799547
1983-08-30,1.2582384562316526
1983-08-31,1.3639128785727823
1983-09-01,1.4748091217002206
1983-09-02,1.5787245954141196
1983-09-03,1.6757034038724123
1983-09-04,1.7657867071500297
1983-09-05,1.8493852605539447
1983-09-06,1.926534545265837
1983-09-07,1.9972673052468894
1983-09-08,2.0616135611350863
1983-09-09,2.119600622986675
1983-09-10,2.1712531018671934
1983-09-11,2.216592920296983
1983-09-12,2.2561234606135216
1983-09-13,2.2898615005028575
1983-09-14,2.3178213591783505
1983-09-15,2.340014903458087
1983-09-16,2.3564515528014325
1983-09-17,2.367138283306868
1983-09-18,2.3720796306728165
1983-09-19,2.371695363472246
1983-09-20,2.365985318613168
1983-09-21,2.354947072618971
1983-09-22,2.3385759405998354
1983-09-23,2.3168649742643646
1983-09-24,2.2898049589705627
1983-09-25,2.2573844098149234
1983-09-26,2.2189360921799506
1983-09-27,2.1744436877002182
1983-09-28,2.123888312758457
1983-09-29,2.0672485104709026
1983-09-30,2.004500241580493
1983-10-01,1.935616874254042
1983-10-02,1.8694427322228915
1983-10-03,1.805716177031817
1983-10-04,1.7444101616400434
1983-10-05,1.6854986663405092
1983-10-06,1.6289566877164956
1983-10-07,1.5747602280295907
1983-10-08,1.5228862850344882
1983-10-09,1.4733128422162962
1983-10-10,1.4257432228932985
1983-10-11,1.38015723740626
1983-10-12,1.3365355379965496
1983-10-13,1.2948596105944972
1983-10-14,1.2551117669615905
1983-10-15,1.2172751371831723
1983-10-16,1.181333662508454
1983-10-17,1.1477789651835013
1983-10-18,1.1165968038098262
1983-10-19,1.0877739439486986
1983-10-20,1.0612981525041418
1983-10-21,1.0371581925309197
1983-10-22,1.0153438184653147
1983-10-23,0.9958457717766709
1983-10-24,0.9790976215007214
1983-10-25,0.965092259330701
1983-10-26,0.9538237410632773
1983-10-27,0.9452872840756938
1983-10-28,0.9394792652959127
1983-10-29,0.9363972196648964
1983-10-30,0.9360398390903811
1983-10-31,0.9375484612223012
1983-11-01,0.9409237263551805
1983-11-02,0.9442091744887438
1983-11-03,0.9474062000440353
1983-11-04,0.9505161599134885
1983-11-05,0.9535403740368235
1983-11-06,0.9564801259612591
1983-11-07,0.9595117897411916
1983-11-08,0.9626366520856484
1983-11-09,0.9658560392593087
1983-11-10,0.9691713176453997
1983-11-11,0.9725838943256224
1983-11-12,0.9760952176773507
1983-11-13,0.9797067779883546
1983-11-14,0.9835088203744047
1983-11-15,0.9875029585112305
1983-11-16,0.9916908876044921
1983-11-17,0.9960743851092646
1983-11-18,1.0006553114844319
1983-11-19,1.005435610982309
1983-11-20,1.0104173124738287
1983-11-21,1.0162432678166038
1983-11-22,1.0229159496823683
1983-11-23,1.0304381901133999
1983-11-24,1.0388131817245048
1983-11-25,1.0480444790580385
1983-11-26,1.0581360000925368
1983-11-27,1.0690920279055973
1983-11-28,1.0789262755110673
1983-11-29,1.0876429167936825
1983-11-30,1.0952456512999116
1983-12-01,1.1017377058081292
1983-12-02,1.107414207289452
1983-12-03,1.1122775649838985
1983-12-04,1.1163298430142425
1983-12-05,1.1211852134282103
1983-12-06,1.126845736958587
1983-12-07,1.1333138160639749
1983-12-08,1.1405921959484546
1983-12-09,1.1486839657267112
1983-12-10,1.157592559735129
1983-12-11,1.1673217589894043
1983-12-12,1.1774752088984366
1983-12-13,1.1880572188238867
1983-12-14,1.1990722800183118
1983-12-15,1.2105250675313577
1983-12-16,1.2224204421939588
1983-12-17,1.2347634526813906
1983-12-18,1.247559337656043
1983-12-19,1.2617771635643775
1983-12-20,1.2774229647843072
1983-12-21,1.2945033817598708
1983-12-22,1.3130256638195943
1983-12-23,1.3329976722532748
1983-12-24,1.3544278836484958
1983-12-25,1.377325393488289
1983-12-26,1.400820286615653
1983-12-27,1.424922534812846
1983-12-28,1.4496423676378258
1983-12-29,1.4749902767659127
1983-12-30,1.5009770204427035
1983-12-31,1.5276136280501214
1984-01-01,1.5549114047875436
1984-01-02,1.5797615889725993
1984-01-03,1.6021747276047762
1984-01-04,1.6221603333444192
1984-01-05,1.639726888550126
1984-01-06,1.6548818488788601
1984-01-07,1.667631646450304
1984-01-08,1.6779816925768025
1984-01-09,1.686429642480294
1984-01-10,1.6929790816683403
1984-01-11,1.6976327898761427
1984-01-12,1.7003927422463294
1984-01-13,1.7012601101672495
1984-01-14,1.7002352617701386
1984-01-15,1.6973177620853634
1984-01-16,1.6919040435394392
1984-01-17,1.6839918084235728
1984-01-18,1.6735776986000903
1984-01-19,1.6606572940771658
1984-01-20,1.645225111132873
1984-01-21,1.6272745999877665
1984-01-22,1.6067981420250006
1984-01-23,1.5859912752029375
1984-01-24,1.5648451686005642
1984-01-25,1.5433508473155686
1984-01-26,1.5214991886551816
1984-01-27,1.4992809182642932
1984-01-28,1.4766866061891983
1984-01-29,1.4537066628753044
1984-01-30,1.427924823404373
1984-01-31,1.3993301453606188
1984-02-01,1.3679104924937664
1984-02-02,1.336272629958847
1984-02-03,1.3044031299068977
1984-02-04,1.2722884661765745
1984-02-05,1.239915008553334
1984-02-06,1.2080420491071833
1984-02-07,1.1766560602085314
1984-02-08,1.1457437209094787
1984-02-09,1.1152919112900956
1984-02-10,1.0852877068900222
1984-02-11,1.055718373223024
1984-02-12,1.0265713603721784
1984-02-13,0.997806787615574
1984-02-14,0.9694124465956444
1984-02-15,0.9413762860898334
1984-02-16,0.9136864068957737
1984-02-17,0.8863310567809874
1984-02-18,0.8592986254949633
1984-02-19,0.832577639841495
1984-02-20,0.8067255967529683
1984-02-21,0.7817315240175405
1984-02-22,0.7575848135660576
1984-02-23,0.7342752169697411
1984-02-24,0.7117928410905151
1984-02-25,0.6901281438821275
1984-02-26,0.6692719303402818
1984-02-27,0.648980351947773
1984-02-28,0.6292447964840515
1984-02-29,0.6100568877177057
1984-03-01,0.591408481851393
1984-03-02,0.574014467594439
1984-03-03,0.5578674625202954
1984-03-04,0.5429606134622829
1984-03-05,0.5290517758607898
1984-03-06,0.5161350464797695
1984-03-07,0.5042049431571123
1984-03-08,0.49325640247788755
1984-03-09,0.4832847776253124
1984-03-10,0.47428583640853356
1984-03-11,0.4662557594663869
1984-03-12,0.459366575397187
1984-03-13,0.45361536027005656
1984-03-14,0.4489996731347577
1984-03-15,0.4455175549856956
1984-03-16,0.4431675279304709
1984-03-17,0.44194859456262714
1984-03-18,0.4418602375383287
1984-03-19,0.44263135266730913
1984-03-20,0.4442622672288678
1984-03-21,0.4467536734212968
1984-03-22,0.4501066286556654
1984-03-23,0.45432255600461047
1984-03-24,0.459403244806322
1984-03-25,0.4653508514239797
1984-03-26,0.47207779411869344
1984-03-27,0.47958692796230584
1984-03-28,0.48788144000688094
1984-03-29,0.49696485063736373
1984-03-30,0.5068410150657134
1984-03-31,0.517514124967146
1984-04-01,0.5289887102591795
1984-04-02,0.5413926413034411
1984-04-03,0.5547311826184307
1984-04-04,0.5690099953931101
1984-04-05,0.5842351398896448
1984-04-06,0.6004130780155199
1984-04-07,0.6175506760661259
1984-04-08,0.6356552076389748
1984-04-09,0.651866980742177
1984-04-10,0.6661928760314794
1984-04-11,0.6786389737519676
1984-04-12,0.6892105563186648
1984-04-13,0.6979121105585135
1984-04-14,0.7047473296146878
1984-04-15,0.7097191145140509
1984-04-16,0.7142241472454087
1984-04-17,0.7182643398500381
1984-04-18,0.7218414070801931
1984-04-19,0.7249568671268836
1984-04-20,0.7276120422642336
1984-04-21,0.7298080594106838
1984-04-22,0.7315458506072825
1984-04-23,0.7330182586354493
1984-04-24,0.7342259084195956
1984-04-25,0.73516931251454
1984-04-26,0.7358488713230495
1984-04-27,0.7362648732657795
1984-04-28,0.7364174949036856
1984-04-29,0.7363068010129615
1984-04-30,0.7349851173123928
1984-05-01,0.7324518828484987
1984-05-02,0.7299162121737247
1984-05-03,0.7273770290901194
1984-05-04,0.7248332559089832
1984-05-05,0.7222838129934718
1984-05-06,0.7197276183003726
1984-05-07,0.7177448310010847
1984-05-08,0.716334609554295
1984-05-09,0.7154963554290319
1984-05-10,0.715229712850636
1984-05-11,0.7155345686497587
1984-05-12,0.7164110522143334
1984-05-13,0.7178595355444879
1984-05-14,0.7191078015645628
1984-05-15,0.7201563800678576
1984-05-16,0.7210057160956185
1984-05-17,0.7216561701259239
1984-05-18,0.7221080182266806
1984-05-19,0.7223614521727924
1984-05-20,0.7224165795275548
1984-05-21,0.7228979631973047
1984-05-22,0.7238058074925324
1984-05-23,0.7251404977235942
1984-05-24,0.7269026003642465
1984-05-25,0.7290928632920706
1984-05-26,0.7317122161058897
1984-05-27,0.7347617705203127
1984-05-28,0.7382909316771256
1984-05-29,0.742301197434881
1984-05-30,0.7467942698441785
1984-05-31,0.7517720558700547
1984-06-01,0.7572366682013443
1984-06-02,0.7616536638807943
1984-06-03,0.7650249175846974
1984-06-04,0.7679495786501888
1984-06-05,0.7704288883718411
1984-06-06,0.7724638990266984
1984-06-07,0.7740554743208876
1984-06-08,0.7752042897561955
1984-06-09,0.7759108329167665
1984-06-10,0.7761754036760464
1984-06-11,0.7750080240157315
1984-06-12,0.7724081984725856
1984-06-13,0.7683748236198303
1984-06-14,0.7629061875988258
1984-06-15,0.7559999693925171
1984-06-16,0.7476532378403407
1984-06-17,0.7378624503941711
1984-06-18,0.7270182939288505
1984-06-19,0.7151161659306982
1984-06-20,0.7021510148581659
1984-06-21,0.6881173379978451
1984-06-22,0.6730091791289873
1984-06-23,0.6568201259955441
1984-06-24,0.6395433075846557
1984-06-25,0.6210216791223322
1984-06-26,0.6012473795961782
1984-06-27,0.5802120163308959
1984-06-28,0.5579066614262361
1984-06-29,0.5343218479677893
1984-06-30,0.509447566009005
1984-07-01,0.48327325832273726
1984-07-02,0.45810800814285746
1984-07-03,0.4339411347484998
1984-07-04,0.41076238115326125
1984-07-05,0.3885619097518964
1984-07-06,0.36733029814500806
1984-07-07,0.34705853513996
1984-07-08,0.32773801692631666
1984-07-09,0.30880328014371716
1984-07-10,0.29024628844693184
1984-07-11,0.27205916581458156
1984-07-12,0.2542341932063707
1984-07-13,0.23676380528694563
1984-07-14,0.21964058721498925
1984-07-15,0.20285727149618932
1984-07-16,0.1865239353769586
1984-07-17,0.1706336466073632
1984-07-18,0.1551796609771285
1984-07-19,0.14015541945323873
1984-07-20,0.1255545453961297
1984-07-21,0.11137084185329393
1984-07-22,0.09759828892914929
1984-07-23,0.08444542780870051
1984-07-24,0.07190667611000395
1984-07-25,0.05997671209352018
1984-07-26,0.048650472403443445
1984-07-27,0.037923149918695165
1984-07-28,0.027790191712669055
1984-07-29,0.018247297120862593
1984-07-30,0.010245239242881565
1984-07-31,0.0037806218181707374
1984-08-01,-0.001149298888131478
1984-08-02,-0.0052041772899106414
1984-08-03,-0.008385734372416034
1984-08-04,-0.01069532046289949
1984-08-05,-0.012133915803725803
1984-08-06,-0.013820718770745977
1984-08-07,-0.015756445282598498
1984-08-08,-0.017941916906897358
1984-08-09,-0.020378061208924565
1984-08-10,-0.023065912145310487
1984-08-11,-0.02600661050286929
1984-08-12,-0.029201404382775555
1984-08-13,-0.03160472686424026
1984-08-14,-0.03321759797354537
1984-08-15,-0.034040702250919486
1984-08-16,-0.03407438904107273
1984-08-17,-0.033318672641466915
1984-08-18,-0.03177323230838358
1984-08-19,-0.029437412120792983
1984-08-20,-0.02751947114565892
1984-08-21,-0.02601859536396524
1984-08-22,-0.024934147768920237
1984-08-23,-0.024265668095596146
1984-08-24,-0.024012872625581924
1984-08-25,-0.02417565406656648
1984-08-26,-0.02475408150680125
1984-08-27,-0.025938470807563285
1984-08-28,-0.02772932465137816
1984-08-29,-0.030127403118510518
1984-08-30,-0.03313372400956004
1984-08-31,-0.03674956327743954
1984-09-01,-0.04097645556891941
1984-09-02,-0.04578962811858336
1984-09-03,-0.04997151186259518
1984-09-04,-0.05352388169024236
1984-09-05,-0.056448245310380195
1984-09-06,-0.058745843891338585
1984-09-07,-0.06041765258770291
1984-09-08,-0.06146438095419246
1984-09-09,-0.06188647324681202
1984-09-10,-0.06285428760124975
1984-09-11,-0.06436823478055773
1984-09-12,-0.06642895733933449
1984-09-13,-0.06903732989644046
1984-09-14,-0.0721944595062063
1984-09-15,-0.07590168612829308
1984-09-16,-0.08016058319640211
1984-09-17,-0.08448341167309831
1984-09-18,-0.08887200626791088
1984-09-19,-0.09332822960304801
1984-09-20,-0.09785397300393743
1984-09-21,-0.10245115730194897
1984-09-22,-0.10712173364964034
1984-09-23,-0.11186768434887215
1984-09-24,-0.11646391022711239
1984-09-25,-0.12091236203014298
1984-09-26,-0.12521492778497167
1984-09-27,-0.12937343360115447
1984-09-28,-0.13338964444583945
1984-09-29,-0.13726526489286023
1984-09-30,-0.14100193984619674
1984-10-01,-0.1448702304550855
1984-10-02,-0.14798424316541028
1984-10-03,-0.15034529963701107
1984-10-04,-0.1519544019574865
1984-10-05,-0.15281223306750308
1984-10-06,-0.152919157050651
1984-10-07,-0.1522752192879701
1984-10-08,-0.15060416637473484
1984-10-09,-0.14790528907699801
1984-10-10,-0.14417744192809973
1984-10-11,-0.13941904274250466
1984-10-12,-0.13362807194428541
1984-10-13,-0.12680207170996735
1984-10-14,-0.11893814492537069
1984-10-15,-0.10901294927342318
1984-10-16,-0.09702227226891062
1984-10-17,-0.08296102478801477
1984-10-18,-0.0668232389083707
1984-10-19,-0.048602065376140736
1984-10-20,-0.02828977069903059
1984-10-21,-0.005877733864014828
1984-10-22,0.0167275154029784
1984-10-23,0.03953557129854135
1984-10-24,0.06255611409514425
1984-10-25,0.08579891424966829
1984-10-26,0.10927383655021658
1984-10-27,0.1329908443029614
1984-10-28,0.15696000356080392
1984-10-29,0.18174332276022634
1984-10-30,0.20735132052165173
1984-10-31,0.23379486547837683
1984-11-01,0.26108518088947386
1984-11-02,0.2868550486444156
1984-11-03,0.31111540607791044
1984-11-04,0.33387654985317455
1984-11-05,0.35388319670244084
1984-11-06,0.37114383791464656
1984-11-07,0.38566579930969963
1984-11-08,0.39745524434772767
1984-11-09,0.4065171767449948
1984-11-10,0.41285544259759577
1984-11-11,0.41647273201382906
1984-11-12,0.4182543903580628
1984-11-13,0.41820117380777644
1984-11-14,0.4163130597766212
1984-11-15,0.4125892469048336
1984-11-16,0.4070281547191201
1984-11-17,0.3996274229618664
1984-11-18,0.39038391058938987
1984-11-19,0.3818358274820713
1984-11-20,0.37397954563347496
1984-11-21,0.3668117306538027
1984-11-22,0.36032934035470066
1984-11-23,0.3545296234580838
1984-11-24,0.3494101184284287
1984-11-25,0.3449686524280402
1984-11-26,0.3378676028127461
1984-11-27,0.32810395573097517
1984-11-28,0.3156735672625053
1984-11-29,0.3005711616596872
1984-11-30,0.28279032910829305
1984-12-01,0.2623235230070414
1984-12-02,0.24164862118670513
1984-12-03,0.22116784513339008
1984-12-04,0.2008725023266334
1984-12-05,0.1807539789481799
1984-12-06,0.16080373622607613
1984-12-07,0.1410133068106158
1984-12-08,0.12137429118059823
1984-12-09,0.10187835407837564
1984-12-10,0.08344191242133209
1984-12-11,0.06605714135234542
1984-12-12,0.04971666236789285
1984-12-13,0.03441354018644144
1984-12-14,0.020141279804952006
1984-12-15,0.0068938237422483395
1984-12-16,-0.00533445053191961
1984-12-17,-0.017012295933011623
1984-12-18,-0.028144668811795337
1984-12-19,-0.038736294007739536
1984-12-20,-0.04879166685434683
1984-12-21,-0.05831505508707796
1984-12-22,-0.06731050065467925
1984-12-23,-0.07578182143467965
1984-12-24,-0.08342706001321398
1984-12-25,-0.09024946120837957
1984-12-26,-0.09625192060684001
1984-12-27,-0.10143698579277916
1984-12-28,-0.10580685742915585
1984-12-29,-0.10936339019171681
1984-12-30,-0.1121080935561643
1984-12-31,-0.11450177006037426
1985-01-01,-0.11654543563665012
1985-01-02,-0.11890440277416922
1985-01-03,-0.12157967267376789
1985-01-04,-0.12457238078257397
1985-01-05,-0.12788379727591714
1985-01-06,-0.13151532759642098
1985-01-07,-0.13420226752539127
1985-01-08,-0.13594575746298934
1985-01-09,-0.13674653738713005
1985-01-10,-0.1366049471675459
1985-01-11,-0.1355209267100354
1985-01-12,-0.13349401593095794
1985-01-13,-0.13052335456196348
1985-01-14,-0.12868856946806162
1985-01-15,-0.12798888192353747
1985-01-16,-0.12842399496462933
1985-01-17,-0.12999409326349046
1985-01-18,-0.1326998432065681
1985-01-19,-0.1365423931774336
1985-01-20,-0.14152337404418322
1985-01-21,-0.14598831568495757
1985-01-22,-0.14993911312543712
1985-01-23,-0.1533774431764766
1985-01-24,-0.15630476514578223
1985-01-25,-0.15872232145727655
1985-01-26,-0.1606311381784119
1985-01-27,-0.16203202545565765
1985-01-28,-0.16250508291958402
1985-01-29,-0.16205051134684492
1985-01-30,-0.16066811780663123
1985-01-31,-0.15835731557878607
1985-02-01,-0.15511712390478763
1985-02-02,-0.15057491288269742
1985-02-03,-0.14472875469190202
1985-02-04,-0.1376884699407125
1985-02-05,-0.12945107056758737
1985-02-06,-0.12001306042753561
1985-02-07,-0.1093704338082708
1985-02-08,-0.09751867373009332
1985-02-09,-0.08445275002877825
1985-02-10,-0.07016711722065627
1985-02-11,-0.05581650435950572
1985-02-12,-0.04139482070952513
1985-02-13,-0.026895945370807695
1985-02-14,-0.012313724681488114
1985-02-15,0.0023580303940153036
1985-02-16,0.017125546891772397
1985-02-17,0.03199509249124058
1985-02-18,0.047475405388524655
1985-02-19,0.06357305579054828
1985-02-20,0.08029487591671394
1985-02-21,0.09764796289865574
1985-02-22,0.1156396817924289
1985-02-23,0.13427766870441135
1985-02-24,0.15356983403224592
1985-02-25,0.17280796690869168
1985-02-26,0.19200023244737813
1985-02-27,0.21115477629476362
1985-02-28,0.23027972808733826
1985-03-01,0.24938320490203203
1985-03-02,0.26604270755499243
1985-03-03,0.2802653067288604
1985-03-04,0.2932841856779353
1985-03-05,0.30510486991899294
1985-03-06,0.31573237642694624
1985-03-07,0.32517121576416574
1985-03-08,0.3334253939948685
1985-03-09,0.34049841438538525
1985-03-10,0.3463932788910285
1985-03-11,0.35067219836353575
1985-03-12,0.3533369888764277
1985-03-13,0.3543887814291353
1985-03-14,0.3538280224270225
1985-03-15,0.351654473870851
1985-03-16,0.3478672132557678
1985-03-17,0.3424646331797728
1985-03-18,0.3348011333612865
1985-03-19,0.3248734612317139
1985-03-20,0.3126774032547657
1985-03-21,0.29820778313813484
1985-03-22,0.28145845963655647
1985-03-23,0.2624223239453205
1985-03-24,0.24109129668312818
1985-03-25,0.21861378565549944
1985-03-26,0.1949802508809387
1985-03-27,0.17018066173442967
1985-03-28,0.14420449269020277
1985-03-29,0.11704071885445641
1985-03-30,0.0886778112861338
1985-03-31,0.05910373210377079
1985-04-01,0.028573516722078973
1985-04-02,0.0007384772665007255
1985-04-03,-0.024413200104852595
1985-04-04,-0.04689219035222936
1985-04-05,-0.06670803408494053
1985-04-06,-0.08386914161061748
1985-04-07,-0.09838279650474296
1985-04-08,-0.11083980686789313
1985-04-09,-0.12124545974667228
1985-04-10,-0.12960417154358128
1985-04-11,-0.1359194898914416
1985-04-12,-0.14019409515909398
1985-04-13,-0.1424298015890097
1985-04-14,-0.14262755806729732
1985-04-15,-0.14196975460129563
1985-04-16,-0.14045611200382535
1985-04-17,-0.1380859878495598
1985-04-18,-0.13485837620236363
1985-04-19,-0.13077190718835027
1985-04-20,-0.1258248464144759
1985-04-21,-0.12001509423242135
1985-04-22,-0.11267208334118417
1985-04-23,-0.1037926971951672
1985-04-24,-0.0933731671751753
1985-04-25,-0.08140907098892408
1985-04-26,-0.06789533079411691
1985-04-27,-0.05282621104328858
1985-04-28,-0.03619531604950574
1985-04-29,-0.017577105150481165
1985-04-30,0.0030363236580256137
1985-05-01,0.025653719197409774
1985-05-02,0.04657329279681577
1985-05-03,0.06580392321264975
1985-05-04,0.08335377237432132
1985-05-05,0.0992302888483575
1985-05-06,0.11345699392530237
1985-05-07,0.1260399257515951
1985-05-08,0.13698442481785464
1985-05-09,0.14629513622550894
1985-05-10,0.15397601165828437
1985-05-11,0.1600303110593931
1985-05-12,0.1644606040151288
1985-05-13,0.16695666852273214
1985-05-14,0.16751956397037032
1985-05-15,0.16614952926403934
1985-05-16,0.16284598292896058
1985-05-17,0.15760752286278973
1985-05-18,0.15043192574053166
1985-05-19,0.14131614607090912
1985-05-20,0.13061155816461545
1985-05-21,0.11831361874413132
1985-05-22,0.10441710827628153
1985-05-23,0.08891612875694294
1985-05-24,0.0718041012077941
1985-05-25,0.05307376288404217
1985-05-26,0.03271716419194476
1985-05-27,0.010349366342632005
1985-05-28,-0.01403912408055194
1985-05-29,-0.04045865812346172
1985-05-30,-0.0689204488543759
1985-05-31,-0.09943657612308601
1985-06-01,-0.1320199916878674
1985-06-02,-0.1634011239975207
1985-06-03,-0.1930251668021296
1985-06-04,-0.22090469323845438
1985-06-05,-0.24705153602969895
1985-06-06,-0.27147679250759593
1985-06-07,-0.2941908293223733
1985-06-08,-0.3152032868426037
1985-06-09,-0.334523083246802
1985-06-10,-0.3532141864627446
1985-06-11,-0.3712845294318763
1985-06-12,-0.38874178163047185
1985-06-13,-0.4055933523247408
1985-06-14,-0.4218463937154946
1985-06-15,-0.43750780397370526
1985-06-16,-0.45258423016825344
1985-06-17,-0.46669699906789763
1985-06-18,-0.4798521004618983
1985-06-19,-0.4920551176830236
1985-06-20,-0.5033112299772471
1985-06-21,-0.5136252147019398
1985-06-22,-0.5230014493534936
1985-06-23,-0.5314439134252325
1985-06-24,-0.5386015332751748
1985-06-25,-0.5444773467646232
1985-06-26,-0.5490738477262753
1985-06-27,-0.5523929870226645
1985-06-28,-0.5544361733741531
1985-06-29,-0.5552042739568244
1985-06-30,-0.554697614770534
1985-07-01,-0.5528653781222519
1985-07-02,-0.5497024013909464
1985-07-03,-0.5452073421353016
1985-07-04,-0.5393782925470165
1985-07-05,-0.5322127786410871
1985-07-06,-0.5237077592057895
1985-07-07,-0.5138596245119175
1985-07-08,-0.5032909746789677
1985-07-09,-0.4919973241247189
1985-07-10,-0.47997387955968424
1985-07-11,-0.4672155379527263
1985-07-12,-0.45371688436521185
1985-07-13,-0.439472189652785
1985-07-14,-0.4244754080337842
1985-07-15,-0.40903846738957206
1985-07-16,-0.3931548159214235
1985-07-17,-0.37681771223608984
1985-07-18,-0.360020222484594
1985-07-19,-0.34275521741934256
1985-07-20,-0.32501536936830644
1985-07-21,-0.3067931491249852
1985-07-22,-0.28771851502569723
1985-07-23,-0.2677833713495189
1985-07-24,-0.24697925715513222
1985-07-25,-0.22529734268980312
1985-07-26,-0.20272842564182889
1985-07-27,-0.17926292723486068
1985-07-28,-0.15489088816244692
1985-07-29,-0.12716840505943727
1985-07-30,-0.09608371185549142
1985-07-31,-0.061623615479651214
1985-08-01,-0.023773490260891428
1985-08-02,0.014347634769308948
1985-08-03,0.05275593910817822
1985-08-04,0.09146772413856141
1985-08-05,0.12829357460880697
1985-08-06,0.16324912027131944
1985-08-07,0.19634919707739162
1985-08-08,0.2276078534739283
1985-08-09,0.25703835636593686
1985-08-10,0.28465319674731077
1985-08-11,0.31046409500230066
1985-08-12,0.3345882629431405
1985-08-13,0.35703593943104
1985-08-14,0.37781665178501783
1985-08-15,0.3969392198255196
1985-08-16,0.4144117596177547
1985-08-17,0.4302416869163454
1985-08-18,0.44443572031274586
1985-08-19,0.45741927519955156
1985-08-20,0.4691978621011794
1985-08-21,0.47977648012544727
1985-08-22,0.489159619085309
1985-08-23,0.497351261404439
1985-08-24,0.5043548838074641
1985-08-25,0.5101734587955675
1985-08-26,0.5147293151117411
1985-08-27,0.5180243863679808
1985-08-28,0.5200600710696087
1985-08-29,0.5208372332088332
1985-08-30,0.5203562026314462
1985-08-31,0.518616775176818
1985-09-01,0.5156182125912463
1985-09-02,0.512431448195996
1985-09-03,0.5090551294537096
1985-09-04,0.5054878233757311
1985-09-05,0.5017280159139109
1985-09-06,0.4977741113180094
1985-09-07,0.4936244314584226
1985-09-08,0.48927721511394484
1985-09-09,0.4831458071962536
1985-09-10,0.4752276053923971
1985-09-11,0.4655192490322996
1985-09-12,0.45401661766241463
1985-09-13,0.4407148292969084
1985-09-14,0.42560823834563055
1985-09-15,0.4086904332179935
1985-09-16,0.39042370829060913
1985-09-17,0.37080031073810565
1985-09-18,0.3498119119315125
1985-09-19,0.32744960390339567
1985-09-20,0.30370389556710753
1985-09-21,0.2785647086885479
1985-09-22,0.25202137360872545
1985-09-23,0.2242624438543689
1985-09-24,0.19527613788632694
1985-09-25,0.1650501532382716
1985-09-26,0.13357166129524306
1985-09-27,0.10082730184888578
1985-09-28,0.0668031774270636
1985-09-29,0.031484847395447324
1985-09-30,-0.00480595041671758
1985-10-01,-0.042084618672971474
1985-10-02,-0.07703174092725495
1985-10-03,-0.10966214955576908
1985-10-04,-0.1399896936672576
1985-10-05,-0.1680272449808921
1985-10-06,-0.19378670328933129
1985-10-07,-0.21779557453350562
1985-10-08,-0.2400640486400097
1985-10-09,-0.2606015768701797
1985-10-10,-0.2794168758314298
1985-10-11,-0.2965179311767848
1985-10-12,-0.3119120009941771
1985-10-13,-0.3256056188869503
1985-10-14,-0.337392384944334
1985-10-15,-0.3472773017455702
1985-10-16,-0.3552645646805868
1985-10-17,-0.361357563730619
1985-10-18,-0.36555888490699706
1985-10-19,-0.3678703113487094
1985-10-20,-0.3682928240792089
1985-10-21,-0.36600387854834304
1985-10-22,-0.36100250327408356
1985-10-23,-0.3532865755557669
1985-10-24,-0.34285282057317146
1985-10-25,-0.32969680999660567
1985-10-26,-0.3138129601074233
1985-10-27,-0.29519452942816127
1985-10-28,-0.2755363727389355
1985-10-29,-0.25483014665818504
1985-10-30,-0.23306706297918106
1985-10-31,-0.21023788494010787
1985-11-01,-0.1863329233037639
1985-11-02,-0.16379794231703892
1985-11-03,-0.14262337760684282
1985-11-04,-0.12193788694242289
1985-11-05,-0.10173269091764636
1985-11-06,-0.08199921397466114
1985-11-07,-0.0627290807642284
1985-11-08,-0.04391411259102823
1985-11-09,-0.025546323942430227
1985-11-10,-0.007617919099255188
1985-11-11,0.009937487362098651
1985-11-12,0.027127346366806082
1985-11-13,0.04395895369315045
1985-11-14,0.060439453069021876
1985-11-15,0.07657583920388333
1985-11-16,0.09237496075748797
1985-11-17,0.10784352324661123
1985-11-18,0.12231443564414823
1985-11-19,0.13579383974383785
1985-11-20,0.14828745652010328
1985-11-21,0.15980058855616658
1985-11-22,0.17033812229459028
1985-11-23,0.17990453011119684
1985-11-24,0.18850387221325032
1985-11-25,0.19731867723006333
1985-11-26,0.20635268637108928
1985-11-27,0.21560973388113985
1985-11-28,0.22509374866772788
1985-11-29,0.23480875596858802
1985-11-30,0.2447588790600815
1985-12-01,0.25494834100721103
1985-12-02,0.2653160884613259
1985-12-03,0.27586652173697795
1985-12-04,0.28660411868485514
1985-12-05,0.2975334365922863
1985-12-06,0.3086591141174602
1985-12-07,0.3199858732581812
1985-12-08,0.3315185213559948
1985-12-09,0.34222609423905276
1985-12-10,0.35211313645176834
1985-12-11,0.3611838442861438
1985-12-12,0.3694420675627746
1985-12-13,0.37689131126480363
1985-12-14,0.3835347370255178
1985-12-15,0.3893751644702195
1985-12-16,0.39462929957139686
1985-12-17,0.3992993723068967
1985-12-18,0.4033873647648347
1985-12-19,0.4068950119848403
1985-12-20,0.4098238026944478
1985-12-21,0.4121749799409475
1985-12-22,0.4139495416189637
1985-12-23,0.41659943428080515
1985-12-24,0.42012578260290667
1985-12-25,0.42453008324998753
1985-12-26,0.4298142055102721
1985-12-27,0.43598039208885886
1985-12-28,0.443031260059577
1985-12-29,0.45096980197573394
1985-12-30,0.45763303128021604
1985-12-31,0.4630237760034128
1986-01-01,0.4671443241034902
1986-01-02,0.46887428597319963
1986-01-03,0.46821439584882774
1986-01-04,0.46516437365756874
1986-01-05,0.45972292489865585
1986-01-06,0.4547327493224625
1986-01-07,0.45019172898173937
1986-01-08,0.4460979365612259
1986-01-09,0.4424496345596529
1986-01-10,0.43924527455230644
1986-01-11,0.4364834965338399
1986-01-12,0.4341631283410561
1986-01-13,0.42921117215358084
1986-01-14,0.4216255262453672
1986-01-15,0.41140297109084123
1986-01-16,0.39853916799845945
1986-01-17,0.38302865726926727
1986-01-18,0.36486485587967443
1986-01-19,0.3440400546874661
1986-01-20,0.32108647419777636
1986-01-21,0.2959943723740931
1986-01-22,0.26875309954142435
1986-01-23,0.23935109386632564
1986-01-24,0.20777587644978884
1986-01-25,0.17401404603090492
1986-01-26,0.13805127329905512
1986-01-27,0.10165051811639744
1986-01-28,0.06479633115091132
1986-01-29,0.027473070623519946
1986-01-30,-0.010335104330645384
1986-01-31,-0.04864424038548015
1986-02-01,-0.08747059683448971
1986-02-02,-0.12410125351047141
1986-02-03,-0.15937985454444287
1986-02-04,-0.1933213729999531
1986-02-05,-0.22594021445142753
1986-02-06,-0.2572502230982287
1986-02-07,-0.28726468764045987
1986-02-08,-0.3159963469190002
1986-02-09,-0.34345739532216546
1986-02-10,-0.3701362083929478
1986-02-11,-0.3960441092437107
1986-02-12,-0.42119209379363765
1986-02-13,-0.4455908354356571
1986-02-14,-0.4692506895664804
1986-02-15,-0.49218169798167477
1986-02-16,-0.5143935931376356
1986-02-17,-0.5340932882978016
1986-02-18,-0.5512891444736328
1986-02-19,-0.5659884599887518
1986-02-20,-0.578197473576524
1986-02-21,-0.5879213670279205
1986-02-22,-0.5951642673907931
1986-02-23,-0.5999292487214885
1986-02-24,-0.6043354000826893
1986-02-25,-0.6083845915481066
1986-02-26,-0.6120785416893207
1986-02-27,-0.6154188183051837
1986-02-28,-0.6184068390872307
1986-03-01,-0.6210438722213801
1986-03-02,-0.6232006684263034
1986-03-03,-0.624622200260408
1986-03-04,-0.6253090710550583
1986-03-05,-0.6252615723342874
1986-03-06,-0.6244796839385269
1986-03-07,-0.6229630740160513
1986-03-08,-0.6207110988821312
1986-03-09,-0.6177228027458396
1986-03-10,-0.6128614869597795
1986-03-11,-0.6061250882678109
1986-03-12,-0.5975107475847444
1986-03-13,-0.5870148087828795
1986-03-14,-0.5746328171402577
1986-03-15,-0.5603595174499743
1986-03-16,-0.5441888517897462
1986-03-17,-0.5265862592863039
1986-03-18,-0.5075442689876122
1986-03-19,-0.48705479902753984
1986-03-20,-0.46510915319572677
1986-03-21,-0.44169801724670843
1986-03-22,-0.41681145494673233
1986-03-23,-0.39043890385658847
1986-03-24,-0.3623598332247622
1986-03-25,-0.33256232563682525
1986-03-26,-0.3010337343335051
1986-03-27,-0.26776067784310614
1986-03-28,-0.232729034302099
1986-03-29,-0.19592393546147086
1986-03-30,-0.1573297603762939
1986-03-31,-0.11798817069516238
1986-04-01,-0.07788246892709882
1986-04-02,-0.040722858660840744
1986-04-03,-0.006493568488518009
1986-04-04,0.024819929301342913
1986-04-05,0.053230924889719144
1986-04-06,0.07875147656775522
1986-04-07,0.10240170629468265
1986-04-08,0.12419165178124586
1986-04-09,0.1441305611900408
1986-04-10,0.16222689706065052
1986-04-11,0.17848833990134505
1986-04-12,0.19292179144886923
1986-04-13,0.20553337759770096
1986-04-14,0.21579754316454913
1986-04-15,0.223718644501389
1986-04-16,0.22930004350892652
1986-04-17,0.23254410906346534
1986-04-18,0.23345221802231553
1986-04-19,0.23202475580816223
1986-04-20,0.22826111657264936
1986-04-21,0.22274556615677882
1986-04-22,0.215475763631929
1986-04-23,0.20644862352384635
1986-04-24,0.19566031450309745
1986-04-25,0.1831062577589635
1986-04-26,0.1687811250560859
1986-04-27,0.15267883647303837
1986-04-28,0.13446887759751142
1986-04-29,0.11414351969697334
1986-04-30,0.09169413621406147
1986-05-01,0.0671111991052677
1986-05-02,0.04310525314909053
1986-05-03,0.019666109660496034
1986-05-04,-0.0032161794813231337
1986-05-05,-0.025476402904210493
1986-05-06,-0.047124008367718906
1986-05-07,-0.06816818362200872
1986-05-08,-0.08861786030734325
1986-05-09,-0.10848171774488607
1986-05-10,-0.1277681866204078
1986-05-11,-0.14648545256246692
1986-05-12,-0.16529305273696093
1986-05-13,-0.1841989695293691
1986-05-14,-0.20321122705304343
1986-05-15,-0.22233789455482975
1986-05-16,-0.2415870898398453
1986-05-17,-0.26096698271686425
1986-05-18,-0.28048579846577676
1986-05-19,-0.299585121364463
1986-05-20,-0.31827305761235064
1986-05-21,-0.3365575388067495
1986-05-22,-0.35444632530920644
1986-05-23,-0.3719470095391845
1986-05-24,-0.3890670191964638
1986-05-25,-0.4058136204136302
1986-05-26,-0.4228908005007263
1986-05-27,-0.4403058074124665
1986-05-28,-0.4580660324851727
1986-05-29,-0.47617901357382986
1986-05-30,-0.4946524382513284
1986-05-31,-0.513494147071249
1986-06-01,-0.5327121368955783
1986-06-02,-0.5494502270089886
1986-06-03,-0.5637155214484776
1986-06-04,-0.5755140747387127
1986-06-05,-0.5848508944617135
1986-06-06,-0.591729943382186
1986-06-07,-0.5961541411294133
1986-06-08,-0.5981253654364145
1986-06-09,-0.5980095771576546
1986-06-10,-0.5958067271498797
1986-06-11,-0.5915158804720152
1986-06-12,-0.5851352159883554
1986-06-13,-0.5766620255956308
1986-06-14,-0.5660927130736261
1986-06-15,-0.5534227925588591
1986-06-16,-0.538460682985693
1986-06-17,-0.5212000340848167
1986-06-18,-0.5016335200330593
1986-06-19,-0.47975283634413846
1986-06-20,-0.45554869634404305
1986-06-21,-0.42901082722955053
1986-06-22,-0.4001279657082096
1986-06-23,-0.3685929108192864
1986-06-24,-0.3343922783477881
1986-06-25,-0.29751155274523994
1986-06-26,-0.2579350809689472
1986-06-27,-0.21564606583847712
1986-06-28,-0.17062655890654374
1986-06-29,-0.1228574528412658
1986-06-30,-0.072461014029169
1986-07-01,-0.01941585304269955
1986-07-02,0.030506864731673966
1986-07-03,0.07732832766321429
1986-07-04,0.12106840787608264
1986-07-05,0.16174566968353044
1986-07-06,0.19937737746703021
1986-07-07,0.23355189680836996
1986-07-08,0.2642837321730014
1986-07-09,0.29158592687076135
1986-07-10,0.3154700685917587
1986-07-11,0.3359462943244604
1986-07-12,0.353023294658067
1986-07-13,0.3667083174710013
1986-07-14,0.3771439771719994
1986-07-15,0.3843347028991594
1986-07-16,0.3882835465646923
1986-07-17,0.38899218415022463
1986-07-18,0.3864609164181252
1986-07-19,0.38068866903915405
1986-07-20,0.3716729921364942
1986-07-21,0.36008098533214794
1986-07-22,0.34590772870725683
1986-07-23,0.3291472068001543
1986-07-24,0.3097923060532654
1986-07-25,0.28783481179394443
1986-07-26,0.2632654047479775
1986-07-27,0.23607365708426292
1986-07-28,0.20833894110817586
1986-07-29,0.1800494855574593
1986-07-30,0.15119328372540358
1986-07-31,0.12175808836491919
1986-08-01,0.09173140649051925
1986-08-02,0.06637757739202205
1986-08-03,0.04568584031125722
1986-08-04,0.027223990027146316
1986-08-05,0.010984190898551405
1986-08-06,-0.003040449625174302
1986-08-07,-0.014855883929547065
1986-08-08,-0.024467126761283375
1986-08-09,-0.03187825735667654
1986-08-10,-0.03709242117291933
1986-08-11,-0.040527481026643664
1986-08-12,-0.04218489483760729
1986-08-13,-0.04206536605100375
1986-08-14,-0.040168843936019716
1986-08-15,-0.03649452356430427
1986-08-16,-0.03104084546833849
1986-08-17,-0.023805494979560804
1986-08-18,-0.014835475596038372
1986-08-19,-0.004126980231709487
1986-08-20,0.008324536049361925
1986-08-21,0.02252435796196328
1986-08-22,0.03847851224268972
1986-08-23,0.056193770207833144
1986-08-24,0.0756776506272861
1986-08-25,0.09758279185102828
1986-08-26,0.12191849093342122
1986-08-27,0.14869507651443958
1986-08-28,0.17792391320338685
1986-08-29,0.20961740640230292
1986-08-30,0.2437890075711061
1986-08-31,0.2804532199367064
1986-09-01,0.3194276714460912
1986-09-02,0.3558398832073786
1986-09-03,0.3897053094150294
1986-09-04,0.4210383233481381
1986-09-05,0.44985222347079
1986-09-06,0.47615923907623925
1986-09-07,0.49997053547730763
1986-09-08,0.5210852917540656
1986-09-09,0.5395124695030141
1986-09-10,0.5552598896494553
1986-09-11,0.5683342357668782
1986-09-12,0.5787410569136227
1986-09-13,0.5864847699880296
1986-09-14,0.5915686616030761
1986-09-15,0.5944951757112027
1986-09-16,0.5952655543934563
1986-09-17,0.5938801246165716
1986-09-18,0.5903382983717415
1986-09-19,0.5846385724250545
1986-09-20,0.5767785276794846
1986-09-21,0.5667548281481726
1986-09-22,0.5538750089223683
1986-09-23,0.5381336035054953
1986-09-24,0.5195239308768569
1986-09-25,0.4980380926560539
1986-09-26,0.4736669697507285
1986-09-27,0.4464002184862071
1986-09-28,0.4162262662154031
1986-09-29,0.38364664933247783
1986-09-30,0.34864754028589307
1986-10-01,0.31121408463503597
1986-10-02,0.2754957999163869
1986-10-03,0.2414775264543545
1986-10-04,0.2091448260978937
1986-10-05,0.17848397609261568
1986-10-06,0.14918588397289406
1986-10-07,0.12123811494306391
1986-10-08,0.09462880731616852
1986-10-09,0.06934666747958051
1986-10-10,0.04538096510172934
1986-10-11,0.022721528577897443
1986-10-12,0.001358740713152784
1986-10-13,-0.018646372442842396
1986-10-14,-0.03730230152809033
1986-10-15,-0.05461696455531195
1986-10-16,-0.07059771027253703
1986-10-17,-0.08525132128208496
1986-10-18,-0.09858401691925939
1986-10-19,-0.11060145589197973
1986-10-20,-0.12191490420464551
1986-10-21,-0.13252916354937516
1986-10-22,-0.14244873886613363
1986-10-23,-0.15167784025473358
1986-10-24,-0.1602203847617002
1986-10-25,-0.16807999804275764
1986-10-26,-0.17526001590164186
1986-10-27,-0.18137441008779714
1986-10-28,-0.18642577569314966
1986-10-29,-0.19041625663542883
1986-10-30,-0.19334754656809583
1986-10-31,-0.1952208895991694
1986-11-01,-0.19603708081925492
1986-11-02,-0.19575893913501413
1986-11-03,-0.19480434589117315
1986-11-04,-0.1931728959360286
1986-11-05,-0.190863896844055
1986-11-06,-0.18787636862202345
1986-11-07,-0.18420904329306947
1986-11-08,-0.1798603643585338
1986-11-09,-0.17482848613734825
1986-11-10,-0.16756941011911558
1986-11-11,-0.15808005538216244
1986-11-12,-0.1463563944223544
1986-11-13,-0.13239345144372913
1986-11-14,-0.11618530024665202
1986-11-15,-0.09772506171259843
1986-11-16,-0.07700490088449514
1986-11-17,-0.05480145267104446
1986-11-18,-0.03110529340942031
1986-11-19,-0.005906365895309032
1986-11-20,0.02080602488560354
1986-11-21,0.04904321629684673
1986-11-22,0.07881719286300672
1986-11-23,0.11014059135623946
1986-11-24,0.14286967879377915
1986-11-25,0.1770183461659643
1986-11-26,0.21260108696606586
1986-11-27,0.249633003341665
1986-11-28,0.2881298125043571
1986-11-29,0.3281078534005049
1986-11-30,0.3695840936458689
1986-12-01,0.412602550701446
1986-12-02,0.4518438172370502
1986-12-03,0.48732454816416815
1986-12-04,0.5190598023350048
1986-12-05,0.547063048933811
1986-12-06,0.5713461731935223
1986-12-07,0.5919194814401285
1986-12-08,0.6094904909044028
1986-12-09,0.6240666591337993
1986-12-10,0.6356541725950947
1986-12-11,0.6442579493000677
1986-12-12,0.6498816408928201
1986-12-13,0.6525276341996185
1986-12-14,0.6521970522419194
1986-12-15,0.6472110753788394
1986-12-16,0.637567587445161
1986-12-17,0.6232624955190156
1986-12-18,0.604289728184751
1986-12-19,0.5806412329560818
1986-12-20,0.5523069728584246
1986-12-21,0.5192749221689719
1986-12-22,0.48239149928436303
1986-12-23,0.44164105001711407
1986-12-24,0.39700627892328233
1986-12-25,0.3484682419618766
1986-12-26,0.2960063384545624
1986-12-27,0.23959830234225232
1986-12-28,0.1792201927348699
1986-12-29,0.11401634290033179
1986-12-30,0.043959078799458026
1986-12-31,-0.030981333509481877
1987-01-01,-0.11083670049054972
1987-01-02,-0.18627989200744777
1987-01-03,-0.2573429279154946
1987-01-04,-0.32405596902950407
1987-01-05,-0.38437406089634396
1987-01-06,-0.43832280392522116
1987-01-07,-0.4859250952246972
1987-01-08,-0.5272011383207584
1987-01-09,-0.5621684517316624
1987-01-10,-0.5908418764032104
1987-01-11,-0.6132335820075882
1987-01-12,-0.6308060182749355
1987-01-13,-0.6435666433582754
1987-01-14,-0.6515208731654014
1987-01-15,-0.6546720836575172
1987-01-16,-0.653021612282072
1987-01-17,-0.6465687585404036
1987-01-18,-0.6353107836904337
1987-01-19,-0.6186931369451368
1987-01-20,-0.5967087653864982
1987-01-21,-0.569348338332949
1987-01-22,-0.5366002433792068
1987-01-23,-0.4984505814676985
1987-01-24,-0.45488316098947534
1987-01-25,-0.40587949091211584
1987-01-26,-0.35050566778192016
1987-01-27,-0.28873818965299364
1987-01-28,-0.22055084096269484
1987-01-29,-0.14591468140513658
1987-01-30,-0.06479803364824271
1987-01-31,0.02283353011085465
1987-02-01,0.11701720275777361
1987-02-02,0.20667830354573058
1987-02-03,0.29185488674333826
1987-02-04,0.3725831032850365
1987-02-05,0.4488972161143979
1987-02-06,0.520829614726119
1987-02-07,0.5884108289128822
1987-02-08,0.6516695417229125
1987-02-09,0.7094000475303822
1987-02-10,0.7616268485124431
1987-02-11,0.8083721109451705
1987-02-12,0.8496556746114513
1987-02-13,0.88549506122145
1987-02-14,0.9159054818492325
1987-02-15,0.9408998433887028
1987-02-16,0.9619838896836287
1987-02-17,0.979166569296475
1987-02-18,0.9924551749584235
1987-02-19,1.0018553466645763
1987-02-20,1.0073710740677038
1987-02-21,1.0090046981715446
1987-02-22,1.006756912324384
1987-02-23,1.0008112434973375
1987-02-24,0.9911651682094682
1987-02-25,0.9778145924407737
1987-02-26,0.9607538498945885
1987-02-27,0.9399756995926747
1987-02-28,0.9154713228019821
1987-03-01,0.8872303192917705
1987-03-02,0.859535071986498
1987-03-03,0.8323738263753351
1987-03-04,0.8057350545902622
1987-03-05,0.7796074505133742
1987-03-06,0.7539799249782992
1987-03-07,0.7288416010636967
1987-03-08,0.7041818094768374
1987-03-09,0.6803698191947114
1987-03-10,0.6573955238516098
1987-03-11,0.6352491726191529
1987-03-12,0.6139213660678087
1987-03-13,0.5934030521775564
1987-03-14,0.5736855224959974
1987-03-15,0.5547604084422832
1987-03-16,0.5366939343966494
1987-03-17,0.5194784325248823
1987-03-18,0.5031065961652664
1987-03-19,0.48757147672746515
1987-03-20,0.47286648074337667
1987-03-21,0.45898536706871207
1987-03-22,0.4459222442341076
1987-03-23,0.4332497148820394
1987-03-24,0.42096240049460265
1987-03-25,0.40905508604813473
1987-03-26,0.39752271779983717
1987-03-27,0.3863604011428494
1987-03-28,0.37556339852886256
1987-03-29,0.3651271274573935
1987-03-30,0.35562318628359146
1987-03-31,0.3470475413124969
1987-04-01,0.33939655283977427
1987-04-02,0.33212326255709995
1987-04-03,0.3252245835099342
1987-04-04,0.31869758773750895
1987-04-05,0.31253950503013267
1987-04-06,0.3069301958746134
1987-04-07,0.3018672795489272
1987-04-08,0.2973486072329491
1987-04-09,0.2933722610964429
1987-04-10,0.2899365534850898
1987-04-11,0.2870400262042083
1987-04-12,0.284681449899862
1987-04-13,0.2830040844288185
1987-04-14,0.2820072178779336
1987-04-15,0.2816904271537232
1987-04-16,0.2820535778027934
1987-04-17,0.28309682395477476
1987-04-18,0.2848206083877388
1987-04-19,0.2872256627161234
1987-04-20,0.2888639990053362
1987-04-21,0.289736312603624
1987-04-22,0.28984297374128376
1987-04-23,0.28918402768779755
1987-04-24,0.2877591947710455
1987-04-25,0.28556787025860675
1987-04-26,0.2826091241010966
1987-04-27,0.27990755575431747
1987-04-28,0.2774620186094651
1987-04-29,0.27527147472336716
1987-04-30,0.27333499437795483
1987-05-01,0.2716517556856696
1987-05-02,0.27014792036476837
1987-05-03,0.2688228501523617
1987-05-04,0.26689981665289025
1987-05-05,0.26437800368595155
1987-05-06,0.2612563409351297
1987-05-07,0.2575335034937284
1987-05-08,0.2532079113024493
1987-05-09,0.2482777284787781
1987-05-10,0.2427408625377928
1987-05-11,0.2384485516165172
1987-05-12,0.2353989739577864
1987-05-13,0.2335908352495034
1987-05-14,0.23302336807530266
1987-05-15,0.23369633158884084
1987-05-16,0.23561001141157562
1987-05-17,0.23876521975399037
1987-05-18,0.2420974621043569
1987-05-19,0.24560815274427983
1987-05-20,0.24929878169299202
1987-05-21,0.2531709153397541
1987-05-22,0.2572261971086663
1987-05-23,0.2614663481561764
1987-05-24,0.26589316810157876
1987-05-25,0.2696454883635512
1987-05-26,0.2727249015145907
1987-05-27,0.2751327145296754
1987-05-28,0.2768699493409746
1987-05-29,0.27793734327158115
1987-05-30,0.2783353493484489
1987-05-31,0.27806413649466727
1987-06-01,0.2779734280100782
1987-06-02,0.27856924600771715
1987-06-03,0.27985184336668045
1987-06-04,0.28182176445129087
1987-06-05,0.2844798453421391
1987-06-06,0.28782721419093554
1987-06-07,0.2918652916993244
1987-06-08,0.2959610642264586
1987-06-09,0.300116270114011
1987-06-10,0.3043326729285626
1987-06-11,0.30861206221010207
1987-06-12,0.31295625423154805
1987-06-13,0.31736709276961794
1987-06-14,0.32184644988736993
1987-06-15,0.32707222542834086
1987-06-16,0.3330466373339166
1987-06-17,0.3397722212842692
1987-06-18,0.3472518317745583
1987-06-19,0.35548864332644614
1987-06-20,0.36448615183543887
1987-06-21,0.3742481760546258
1987-06-22,0.3849728318993274
1987-06-23,0.39666467116436555
1987-06-24,0.40932865613983105
1987-06-25,0.4229701617171954
1987-06-26,0.4375949776705407
1987-06-27,0.4532093111138753
1987-06-28,0.46981978913557787
1987-06-29,0.4871340313543088
1987-06-30,0.5051593863394969
1987-07-01,0.5239035044734646
1987-07-02,0.5414494120730968
1987-07-03,0.5578045560320302
1987-07-04,0.5729758778559553
1987-07-05,0.5869698166087568
1987-07-06,0.5993917185677545
1987-07-07,0.6102468558787248
1987-07-08,0.6195398357158761
1987-07-09,0.6272746022372417
1987-07-10,0.6334544382586724
1987-07-11,0.63808196664714
1987-07-12,0.6411591514339443
1987-07-13,0.6427711142794786
1987-07-14,0.6429185393384832
1987-07-15,0.6416014891816018
1987-07-16,0.6388194048219382
1987-07-17,0.6345711054778089
1987-07-18,0.6288547880715919
1987-07-19,0.6216680264644587
1987-07-20,0.6139544945569293
1987-07-21,0.6057109185456199
1987-07-22,0.5969337996640298
1987-07-23,0.5876194126975828
1987-07-24,0.5777638044025595
1987-07-25,0.5673627918282476
1987-07-26,0.5564119605416001
1987-07-27,0.5453709224529888
1987-07-28,0.5342349914875664
1987-07-29,0.5229994412957287
1987-07-30,0.5116595032471418
1987-07-31,0.5002103644068232
1987-08-01,0.4886471654924196
1987-08-02,0.47906709742131026
1987-08-03,0.46942890968698003
1987-08-04,0.4597285116170888
1987-08-05,0.4499617861357747
1987-08-06,0.4401245880162709
1987-08-07,0.43021274212157445
1987-08-08,0.4202220416324203
1987-08-09,0.4101482462618088
1987-08-10,0.4005500592882127
1987-08-11,0.39142340701655043
1987-08-12,0.38276441588209853
1987-08-13,0.3745694108064602
1987-08-14,0.366834913637776
1987-08-15,0.35955764167451476
1987-08-16,0.3527345062722184
1987-08-17,0.3463939958018459
1987-08-18,0.34053341920243024
1987-08-19,0.3351502891081666
1987-08-20,0.3302423207927154
1987-08-21,0.325807431199512
1987-08-22,0.3218437380576677
1987-08-23,0.31834955908309065
1987-08-24,0.3160901520164964
1987-08-25,0.31506455791267146
1987-08-26,0.31527234148548666
1987-08-27,0.3167135909231509
1987-08-28,0.3193889179256406
1987-08-29,0.3232994579643195
1987-08-30,0.32844687076385914
1987-08-31,0.3341170180000057
1987-09-01,0.3403123062158879
1987-09-02,0.34712839532387196
1987-09-03,0.3545681782316239
1987-09-04,0.36263481255704816
1987-09-05,0.3713317219684549
1987-09-06,0.38066259763764476
1987-09-07,0.39003763365065325
1987-09-08,0.39946080899207415
1987-09-09,0.4089361230779581
1987-09-10,0.418467597453259
1987-09-11,0.4280592774986708
1987-09-12,0.4377152341475825
1987-09-13,0.44743956561387743
1987-09-14,0.4586403199550172
1987-09-15,0.4713222510331627
1987-09-16,0.48549074135653136
1987-09-17,0.5011518043638593
1987-09-18,0.5183120869766454
1987-09-19,0.5369788724202601
1987-09-20,0.557160083315117
1987-09-21,0.5787107560647131
1987-09-22,0.601640037278697
1987-09-23,0.6259576586803998
1987-09-24,0.6516739412372052
1987-09-25,0.6787997995410104
1987-09-26,0.7073467464406331
1987-09-27,0.737326897928135
1987-09-28,0.7676879984952997
1987-09-29,0.7984429341034438
1987-09-30,0.8296047578666885
1987-10-01,0.8611866955920051
1987-10-02,0.889907673138602
1987-10-03,0.9157798803612178
1987-10-04,0.9388142980298255
1987-10-05,0.9600721643289837
1987-10-06,0.9795625015944339
1987-10-07,0.9972935819812481
1987-10-08,1.0132729309747246
1987-10-09,1.0275073305843807
1987-10-10,1.040002822222395
1987-10-11,1.0507647092677257
1987-10-12,1.059173738744376
1987-10-13,1.0652334796411678
1987-10-14,1.0689465038538926
1987-10-15,1.0703143872768857
1987-10-16,1.0693377104718698
1987-10-17,1.066016058914362
1987-10-18,1.0603480228177375
1987-10-19,1.0526389648923333
1987-10-20,1.0428856132336275
1987-10-21,1.0310838282910166
1987-10-22,1.0172286011108926
1987-10-23,1.0013140512107253
1987-10-24,0.9833334240832486
1987-10-25,0.96327908832969
1987-10-26,0.9405779777009238
1987-10-27,0.9152204573145527
1987-10-28,0.8871957648457378
1987-10-29,0.856492005959415
1987-10-30,0.8230961492620612
1987-10-31,0.7869940207708667
1987-11-01,0.7481702978979639
1987-11-02,0.7115050577136857
1987-11-03,0.6769827386323894
1987-11-04,0.6445886885742783
1987-11-05,0.614309158746715
1987-11-06,0.5861312978089132
1987-11-07,0.5600431464175273
1987-11-08,0.5360336321508279
1987-11-09,0.5141739889060016
1987-11-10,0.49445493893909354
1987-11-11,0.47686811302401066
1987-11-12,0.46140604690042714
1987-11-13,0.44806217810577664
1987-11-14,0.4368308431899902
1987-11-15,0.42770727531179553
1987-11-16,0.4206915773999982
1987-11-17,0.4157807718282865
1987-11-18,0.41297277433589763
1987-11-19,0.41226639314300845
1987-11-20,0.4136613284449164
1987-11-21,0.41715817228479507
1987-11-22,0.42275840880497184
1987-11-23,0.4295197926110701
1987-11-24,0.43744519339254595
1987-11-25,0.4465379748748897
1987-11-26,0.4568019962472693
1987-11-27,0.4682416138004609
1987-11-28,0.4808616827757607
1987-11-29,0.49466755942566265
1987-11-30,0.5107598655742336
1987-12-01,0.5291454311726498
1987-12-02,0.5459369971738003
1987-12-03,0.5611416903111003
1987-12-04,0.574765963812
1987-12-05,0.5868156001368848
1987-12-06,0.597295713433288
1987-12-07,0.6055476317713486
1987-12-08,0.6115748574582462
1987-12-09,0.6153799485895568
1987-12-10,0.6169645201349687
1987-12-11,0.6163292446237139
1987-12-12,0.6134738524300041
1987-12-13,0.6083971316585965
1987-12-14,0.601456481656577
1987-12-15,0.5926489566497221
1987-12-16,0.5819708185183852
1987-12-17,0.5694175352109501
1987-12-18,0.5549837788203227
1987-12-19,0.5386634233226426
1987-12-20,0.5204495419772553
1987-12-21,0.49973229028021565
1987-12-22,0.4765028753452654
1987-12-23,0.450751438065302
1987-12-24,0.4224670489279412
1987-12-25,0.39163770337677795
1987-12-26,0.3582503167163705
1987-12-27,0.32229071855879143
1987-12-28,0.2839818344459257
1987-12-29,0.24330740519119815
1987-12-30,0.20025016761533806
1987-12-31,0.15479184721948228
1988-01-01,0.10691315042905036
1988-01-02,0.06187322495293568
1988-01-03,0.019652954793149102
1988-01-04,-0.019295385097008455
1988-01-05,-0.05498832530410325
1988-01-06,-0.08744101474692234
1988-01-07,-0.11666722710602973
1988-01-08,-0.14267936666963787
1988-01-09,-0.16548847359827845
1988-01-10,-0.18510422861050402
1988-01-11,-0.20035041292135364
1988-01-12,-0.2112334973681022
1988-01-13,-0.2177581009863762
1988-01-14,-0.2199269929705811
1988-01-15,-0.21774109384921164
1988-01-16,-0.21119947587554616
1988-01-17,-0.2002993626338889
1988-01-18,-0.1878222211547423
1988-01-19,-0.17376275584738562
1988-01-20,-0.15811499954584973
1988-01-21,-0.1408723109763134
1988-01-22,-0.12202737193838992
1988-01-23,-0.10157218419911321
1988-01-24,-0.07949806609829901
1988-01-25,-0.054298346843077994
1988-01-26,-0.025962331083102697
1988-01-27,0.0055220076495784975
1988-01-28,0.040168032044835766
1988-01-29,0.07799044668589505
1988-01-30,0.11900530429030759
1988-01-31,0.1632300125230997
1988-02-01,0.20930596527959944
1988-02-02,0.25251857429428687
1988-02-03,0.29288618000929867
1988-02-04,0.33042591538081767
1988-02-05,0.3651537131507005
1988-02-06,0.39708431260870686
1988-02-07,0.42623126584819804
1988-02-08,0.45338046563346224
1988-02-09,0.4785434347199886
1988-02-10,0.5017308528604936
1988-02-11,0.5229525613376582
1988-02-12,0.5422175671409987
1988-02-13,0.5595340467896432
1988-02-14,0.5749093498026383
1988-02-15,0.5894060082665217
1988-02-16,0.6030301749022647
1988-02-17,0.615787632124897
1988-02-18,0.627683794497699
1988-02-19,0.6387237110302678
1988-02-20,0.6489120673214358
1988-02-21,0.6582531875479488
1988-02-22,0.6656789057449457
1988-02-23,0.6711923735609389
1988-02-24,0.6747959310406455
1988-02-25,0.676491107618158
1988-02-26,0.6762786227660708
1988-02-27,0.674158386300842
1988-02-28,0.6701294983445175
1988-02-29,0.6639958002866324
1988-03-01,0.6557546888422446
1988-03-02,0.6472211122226216
1988-03-03,0.6383914485782199
1988-03-04,0.6292619503932371
1988-03-05,0.6198287428950775
1988-03-06,0.6100878224098081
1988-03-07,0.6004254913470544
1988-03-08,0.5908376487874827
1988-03-09,0.5813202254264228
1988-03-10,0.5718691818467595
1988-03-11,0.56248050680451
1988-03-12,0.5531502155263573
1988-03-13,0.5438743480184202
1988-03-14,0.5349126332578291
1988-03-15,0.526261267683199
1988-03-16,0.5179165794525988
1988-03-17,0.5098750268851366
1988-03-18,0.5021331969577872
1988-03-19,0.49468780385682515
1988-03-20,0.4875356875832485
1988-03-21,0.4803971632291116
1988-03-22,0.47326920103768727
1988-03-23,0.4661487757350775
1988-03-24,0.459032865246216
1988-03-25,0.4519184494122292
1988-03-26,0.44480250870861
1988-03-27,0.43768202296366077
1988-03-28,0.43091078189800475
1988-03-29,0.4244859116385342
1988-03-30,0.4184046853200145
1988-03-31,0.41266452192773817
1988-04-01,0.40726298520208215
1988-04-02,0.40167747321719954
1988-04-03,0.3959056153511423
1988-04-04,0.3899001000618821
1988-04-05,0.38365837846824324
1988-04-06,0.3771778014375692
1988-04-07,0.3704556184613683
1988-04-08,0.36348897648793377
1988-04-09,0.3562749187114417
1988-04-10,0.34881038331701364
1988-04-11,0.34095360076497816
1988-04-12,0.3327012364530268
1988-04-13,0.3240497878846984
1988-04-14,0.3149955831828377
1988-04-15,0.3055347795311646
1988-04-16,0.2956633615432932
1988-04-17,0.28537713955850785
1988-04-18,0.2745275606457913
1988-04-19,0.26311001999004924
1988-04-20,0.2511196717199375
1988-04-21,0.23855142685116043
1988-04-22,0.22539995112658748
1988-04-23,0.21165966275226922
1988-04-24,0.1973247300283937
1988-04-25,0.1825126787016967
1988-04-26,0.16721722219109741
1988-04-27,0.15143186874704698
1988-04-28,0.1351499186962776
1988-04-29,0.11836446159830485
1988-04-30,0.10106837331247498
1988-05-01,0.08325431297431299
1988-05-02,0.06670528587694968
1988-05-03,0.05141426822615447
1988-05-04,0.037374770156334114
1988-05-05,0.024580832976082656
1988-05-06,0.013027026639172656
1988-05-07,0.0027084474399172442
1988-05-08,-0.006379284068077806
1988-05-09,-0.013840152649675586
1988-05-10,-0.01967732487203369
1988-05-11,-0.023893278167591986
1988-05-12,-0.026489801885552833
1988-05-13,-0.02746799805132244
1988-05-14,-0.02682828183423644
1988-05-15,-0.02457038172376741
1988-05-16,-0.020685962028739402
1988-05-17,-0.015173374110565713
1988-05-18,-0.008030278297978283
1988-05-19,0.0007463571059840302
1988-05-20,0.011160257110698096
1988-05-21,0.023215841618937694
1988-05-22,0.03691822730278366
1988-05-23,0.051786672302674766
1988-05-24,0.0678274871344855
1988-05-25,0.0850474798952727
1988-05-26,0.10345395915279033
1988-05-27,0.12305473704741751
1988-05-28,0.14385813260781258
1988-05-29,0.16587297528170425
1988-05-30,0.18925594178167726
1988-05-31,0.21401695638571117
1988-06-01,0.24016652824763693
1988-06-02,0.26442078281930204
1988-06-03,0.2867900141737255
1988-06-04,0.3072837163359763
1988-06-05,0.3259105873126604
1988-06-06,0.34259823528761657
1988-06-07,0.3573537428890188
1988-06-08,0.3701833726994679
1988-06-09,0.3810925699139785
1988-06-10,0.3900859646510467
1988-06-11,0.397167373917781
1988-06-12,0.4023398032299291
1988-06-13,0.4061069226716735
1988-06-14,0.4084703310966293
1988-06-15,0.4094310315906188
1988-06-16,0.40898943189740566
1988-06-17,0.40714534459174956
1988-06-18,0.40389798699985946
1988-06-19,0.39924598086720786
1988-06-20,0.39273313230847834
1988-06-21,0.3843566771183875
1988-06-22,0.3741130601334028
1988-06-23,0.3619979337228473
1988-06-24,0.34800615594366385
1988-06-25,0.332131788358054
1988-06-26,0.31436809351306594
1988-06-27,0.2947805133931575
1988-06-28,0.2733607345711144
1988-06-29,0.25009966599173256
1988-06-30,0.22498743511336203
1988-07-01,0.1980133837177685
1988-07-02,0.1718942248131618
1988-07-03,0.1466188728174983
1988-07-04,0.12215526623668077
1988-07-05,0.09849302214380007
1988-07-06,0.07562209772893375
1988-07-07,0.05353278603674161
1988-07-08,0.032215711846607153
1988-07-09,0.011661827693574656
1988-07-10,-0.008137589971606352
1988-07-11,-0.02656867363203813
1988-07-12,-0.04363924587078383
1988-07-13,-0.05935655183803251
1988-07-14,-0.07372726232611082
1988-07-15,-0.08675747660072347
1988-07-16,-0.09845272498962376
1988-07-17,-0.10881797122981418
1988-07-18,-0.11661779686568574
1988-07-19,-0.12185551232569924
1988-07-20,-0.12453334061882149
1988-07-21,-0.12465241827802237
1988-07-22,-0.12221279584264613
1988-07-23,-0.11721343787986119
1988-07-24,-0.10965222254519841
1988-07-25,-0.10231131706190155
1988-07-26,-0.0951876057779579
1988-07-27,-0.08827806522365408
1988-07-28,-0.08157976282834421
1988-07-29,-0.07508985567579873
1988-07-30,-0.06880558929760394
1988-07-31,-0.06272429650410133
1988-08-01,-0.056499002202508364
1988-08-02,-0.05099290756118466
1988-08-03,-0.04620367566476072
1988-08-04,-0.04212927385118537
1988-08-05,-0.0387679728490167
1988-08-06,-0.036118346043478605
1988-08-07,-0.03417926887097221
1988-08-08,-0.03246218477293196
1988-08-09,-0.030966364978698972
1988-08-10,-0.02969117462736094
1988-08-11,-0.028636072498302294
1988-08-12,-0.027800610781497488
1988-08-13,-0.027184434887450003
1988-08-14,-0.02678728329669623
1988-08-15,-0.026247344423941943
1988-08-16,-0.025564389106498817
1988-08-17,-0.02473812748215375
1988-08-18,-0.023768208866144707
1988-08-19,-0.02265422160232177
1988-08-20,-0.02139569288843072
1988-08-21,-0.01999208857544469
1988-08-22,-0.018665856476568647
1988-08-23,-0.017416433707875358
1988-08-24,-0.0162432899851141
1988-08-25,-0.01514592739864563
1988-08-26,-0.014123880202117675
1988-08-27,-0.013176714614791345
1988-08-28,-0.012304028637434418
1988-08-29,-0.011871636334693098
1988-08-30,-0.011879354189159207
1988-08-31,-0.0123271854764707
1988-09-01,-0.013215320266701951
1988-09-02,-0.013800750921639555
1988-09-03,-0.014083725911748331
1988-09-04,-0.014064365338233721
1988-09-05,-0.013386789711323122
1988-09-06,-0.012050711452069988
1988-09-07,-0.010055563497606276
1988-09-08,-0.007400499060467695
1988-09-09,-0.0040843912691973135
1988-09-10,-0.00010583269007502505
1988-09-11,0.004536865270230436
1988-09-12,0.009939674625791907
1988-09-13,0.01610488845528755
1988-09-14,0.023035123419689184
1988-09-15,0.030733320872834334
1988-09-16,0.0392027481098057
1988-09-17,0.04844699975364758
1988-09-18,0.05846999928100792
1988-09-19,0.0690106881343386
1988-09-20,0.08007354002856679
1988-09-21,0.09166325029682913
1988-09-22,0.10378473788328098
1988-09-23,0.11644314743081152
1988-09-24,0.12964385146455026
1988-09-25,0.1433924526720926
1988-09-26,0.15751715756330198
1988-09-27,0.17202396099335276
1988-09-28,0.18691901998897778
1988-09-29,0.20220865636165405
1988-09-30,0.2178993593907279
1988-10-01,0.23399778857761672
1988-10-02,0.2490207181406126
1988-10-03,0.26338701858103913
1988-10-04,0.27710278729287346
1988-10-05,0.2901738455692091
1988-10-06,0.3026057410729493
1988-10-07,0.3144037501913646
1988-10-08,0.325572880275515
1988-10-09,0.3361178717654873
1988-10-10,0.346097259647023
1988-10-11,0.35551527940578626
1988-10-12,0.364375928269678
1988-10-13,0.37268296690535296
1988-10-14,0.3804399210143342
1988-10-15,0.38765008282940366
1988-10-16,0.3943165125119026
1988-10-17,0.4000826232369032
1988-10-18,0.4049508622766835
1988-10-19,0.4089232958257746
1988-10-20,0.4120016098779014
1988-10-21,0.4141871109415588
1988-10-22,0.4154807265945233
1988-10-23,0.4158830058775397
1988-10-24,0.41607248889639475
1988-10-25,0.4160492560721145
1988-10-26,0.41581329754414453
1988-10-27,0.41536451316616607
1988-10-28,0.4147027124635906
1988-10-29,0.4138276145527184
1988-10-30,0.41273884802152505
1988-10-31,0.41066703679083233
1988-11-01,0.4076113015354883
1988-11-02,0.40459531584754915
1988-11-03,0.4016177996721362
1988-11-04,0.39867748928173163
1988-11-05,0.3957731367398233
1988-11-06,0.39290350937125096
1988-11-07,0.3904208740361254
1988-11-08,0.3883241770459342
1988-11-09,0.3866125285134267
1988-11-10,0.38528520197492533
1988-11-11,0.38434163408199695
1988-11-12,0.38378142436235496
1988-11-13,0.38360433504988944
1988-11-14,0.3843120122103051
1988-11-15,0.3859047561983436
1988-11-16,0.38838324301181215
1988-11-17,0.3917485245784938
1988-11-18,0.3960020292026092
1988-11-19,0.4011455621710229
1988-11-20,0.407181306519449
1988-11-21,0.41389915281960177
1988-11-22,0.42130195228260126
1988-11-23,0.4293928468297127
1988-11-24,0.4381752704258519
1988-11-25,0.44765295053703985
1988-11-26,0.4578299097124267
1988-11-27,0.4687104672915557
1988-11-28,0.48003900646941833
1988-11-29,0.4918203353430497
1988-11-30,0.5040594541840236
1988-12-01,0.5167615575606856
1988-12-02,0.5287787239741585
1988-12-03,0.5401160537909852
1988-12-04,0.5507783588391535
1988-12-05,0.5602285816472614
1988-12-06,0.5684707331109371
1988-12-07,0.5755083113920703
1988-12-08,0.5813443034035131
1988-12-09,0.5859811860767963
1988-12-10,0.5894209274133966
1988-12-11,0.5916649873200033
1988-12-12,0.5936617843268746
1988-12-13,0.5954121659213713
1988-12-14,0.5969168750063887
1988-12-15,0.5981765502156621
1988-12-16,0.5991917261848179
1988-12-17,0.5999628337782852
1988-12-18,0.6004902002721653
1988-12-19,0.6000975334303738
1988-12-20,0.5987846665959173
1988-12-21,0.5965510425573998
1988-12-22,0.5933957133125278
1988-12-23,0.5893173396657576
1988-12-24,0.5843141906599082
1988-12-25,0.5783841428415031
1988-12-26,0.5726552984399977
1988-12-27,0.5671252259998136
1988-12-28,0.5617915784288423
1988-12-29,0.5566520920022848
1988-12-30,0.5517045854018742
1988-12-31,0.5469469587900723
1989-01-01,0.54237719291885
1989-01-02,0.5367967621119982
1989-01-03,0.5302032979041398
1989-01-04,0.5225940018748242
1989-01-05,0.5139656444608128
1989-01-06,0.5043145635853763
1989-01-07,0.49363666310402377
1989-01-08,0.48192741106600345
1989-01-09,0.46866401096307764
1989-01-10,0.45384083349797255
1989-01-11,0.43745158736741424
1989-01-12,0.41948931659195193
1989-01-13,0.399946397563678
1989-01-14,0.3788145358105902
1989-01-15,0.3560847624762239
1989-01-16,0.33239745072927385
1989-01-17,0.30774254712051835
1989-01-18,0.2821095875321148
1989-01-19,0.2554876927363832
1989-01-20,0.22786556377840766
1989-01-21,0.19923147718049528
1989-01-22,0.16957327996645793
1989-01-23,0.1394939822585941
1989-01-24,0.10898081769931295
1989-01-25,0.07802083578778252
1989-01-26,0.046600896383434065
1989-01-27,0.014707664128979447
1989-01-28,-0.017672397209427315
1989-01-29,-0.050553030487283324
1989-01-30,-0.08487370052890558
1989-01-31,-0.1206489738295215
1989-02-01,-0.15789403425200926
1989-02-02,-0.19386719109941677
1989-02-03,-0.22858371222102833
1989-02-04,-0.2620583321205301
1989-02-05,-0.29430525820967746
1989-02-06,-0.3234965721933539
1989-02-07,-0.3496446635480851
1989-02-08,-0.3727606301355232
1989-02-09,-0.39285428291263824
1989-02-10,-0.40993415009571915
1989-02-11,-0.42400748077994643
1989-02-12,-0.4350802480160797
1989-02-13,-0.44545986783638164
1989-02-14,-0.4551507455943139
1989-02-15,-0.46415699432509516
1989-02-16,-0.47248243649136956
1989-02-17,-0.4801306056055492
1989-02-18,-0.4871047477295195
1989-02-19,-0.49340782285234364
1989-02-20,-0.4985177983162755
1989-02-21,-0.5024368429144399
1989-02-22,-0.5051666199810421
1989-02-23,-0.5067082880973266
1989-02-24,-0.5070625015833062
1989-02-25,-0.5062294107754708
1989-02-26,-0.5042086620905927
1989-02-27,-0.49963189587693774
1989-02-28,-0.49249716964786105
1989-03-01,-0.48280145525864826
1989-03-02,-0.4721869459632995
1989-03-03,-0.4606491367157648
1989-03-04,-0.448183130599896
1989-03-05,-0.4347836367510809
1989-03-06,-0.42154965547086576
1989-03-07,-0.4084755699480134
1989-03-08,-0.3955558312347865
1989-03-09,-0.38278495589184425
1989-03-10,-0.3701575236609426
1989-03-11,-0.35766817516444993
1989-03-12,-0.34531160963070157
1989-03-13,-0.3333471694929823
1989-03-14,-0.3217697767630142
1989-03-15,-0.3105745177244933
1989-03-16,-0.2997566408475934
1989-03-17,-0.2893115547723059
1989-03-18,-0.279234826359759
1989-03-19,-0.26952217881068996
1989-03-20,-0.259894172547055
1989-03-21,-0.25034672121776824
1989-03-22,-0.24087577266114255
1989-03-23,-0.231477307185057
1989-03-24,-0.22214733586090568
1989-03-25,-0.2128818988306031
1989-03-26,-0.20367706362592752
1989-03-27,-0.19433874691930278
1989-03-28,-0.18486298531066775
1989-03-29,-0.17524575706512968
1989-03-30,-0.1654829804060458
1989-03-31,-0.15557051178262182
1989-04-01,-0.14550414411129212
1989-04-02,-0.13628843376177222
1989-04-03,-0.1285027111646275
1989-04-04,-0.12214367187705673
1989-04-05,-0.1172086169740295
1989-04-06,-0.11369545190279945
1989-04-07,-0.11160268559392712
1989-04-08,-0.11092942982843498
1989-04-09,-0.11167539886082678
1989-04-10,-0.11376011521554183
1989-04-11,-0.11718446369496874
1989-04-12,-0.12194989767270796
1989-04-13,-0.12805843971041708
1989-04-14,-0.1355126824162337
1989-04-15,-0.14431578954513902
1989-04-16,-0.15447149734172913
1989-04-17,-0.1658170708048568
1989-04-18,-0.17835732526130627
1989-04-19,-0.1920975830884225
1989-04-20,-0.2070436759730525
1989-04-21,-0.22320194738664967
1989-04-22,-0.24057925527759166
1989-04-23,-0.259182974981854
1989-04-24,-0.2785818068190728
1989-04-25,-0.2987839841072759
1989-04-26,-0.3197980811230926
1989-04-27,-0.34163301674087865
1989-04-28,-0.36429805821809363
1989-04-29,-0.38780282512854297
1989-04-30,-0.41215729344514884
1989-05-01,-0.43729047582211156
1989-05-02,-0.460923702216454
1989-05-03,-0.483067003122309
1989-05-04,-0.5037297766745782
1989-05-05,-0.5229207926377204
1989-05-06,-0.540648196127845
1989-05-07,-0.5569195110696895
1989-05-08,-0.5716072595571463
1989-05-09,-0.5847176754142636
1989-05-10,-0.596256323008222
1989-05-11,-0.6062280996109839
1989-05-12,-0.6146372374778084
1989-05-13,-0.6214873056435211
1989-05-14,-0.6267812114372947
1989-05-15,-0.6315636476435113
1989-05-16,-0.6358366440399723
1989-05-17,-0.639602014186306
1989-05-18,-0.6428613561936861
1989-05-19,-0.6456160534031058
1989-05-20,-0.6478672749725014
1989-05-21,-0.6496159763729695
1989-05-22,-0.6501907047289094
1989-05-23,-0.6495917039684797
1989-05-24,-0.6478187198617452
1989-05-25,-0.6448709999127756
1989-05-26,-0.6407472930402692
1989-05-27,-0.635445849046563
1989-05-28,-0.6289644178748102
1989-05-29,-0.6214737155260552
1989-05-30,-0.612970562770992
1989-05-31,-0.6034513506726773
1989-06-01,-0.5929120390548142
1989-06-02,-0.5838619359172412
1989-06-03,-0.5762972001844783
1989-06-04,-0.5702146212057186
1989-06-05,-0.5652871369888097
1989-06-06,-0.5615126561941813
1989-06-07,-0.558889576843888
1989-06-08,-0.5574167856416918
1989-06-09,-0.5570936575005537
1989-06-10,-0.5579200552773317
1989-06-11,-0.559896329714574
1989-06-12,-0.5631085023000572
1989-06-13,-0.5675579363549683
1989-06-14,-0.573246520323206
1989-06-15,-0.5801766685728792
1989-06-16,-0.5883513224210215
1989-06-17,-0.5977739513819553
1989-06-18,-0.608448554639835
1989-06-19,-0.6205654080244754
1989-06-20,-0.6341296542119019
1989-06-21,-0.649147050185504
1989-06-22,-0.6656239696794342
1989-06-23,-0.6835674058837699
1989-06-24,-0.7029849744125858
1989-06-25,-0.7238849165361998
1989-06-26,-0.7458342475941877
1989-06-27,-0.7688422833961099
1989-06-28,-0.7929187890905869
1989-06-29,-0.8180739833098556
1989-06-30,-0.8443185425067974
1989-07-01,-0.8716636054862732
1989-07-02,-0.895281689278498
1989-07-03,-0.9160552338671325
1989-07-04,-0.933993056030454
1989-07-05,-0.9491027689998077
1989-07-06,-0.9613907856908385
1989-07-07,-0.970862321425283
1989-07-08,-0.977521396144474
1989-07-09,-0.9813708361154976
1989-07-10,-0.9816926591653652
1989-07-11,-0.9784870018833074
1989-07-12,-0.9717525037133836
1989-07-13,-0.9614863063770311
1989-07-14,-0.9476840526599437
1989-07-15,-0.930339884562768
1989-07-16,-0.9094464408148326
1989-07-17,-0.8861125282458435
1989-07-18,-0.8603282433974575
1989-07-19,-0.8320826428160142
1989-07-20,-0.8013637384078789
1989-07-21,-0.7681584923514148
1989-07-22,-0.732452811563427
1989-07-23,-0.694231541717727
1989-07-24,-0.6524613097743641
1989-07-25,-0.6071243874697713
1989-07-26,-0.5582015327535588
1989-07-27,-0.5056719816217345
1989-07-28,-0.4495134393039769
1989-07-29,-0.3897020708012124
1989-07-30,-0.32621249076948355
1989-07-31,-0.25914717185979214
1989-08-01,-0.18847764998193695
1989-08-02,-0.12127534794365102
1989-08-03,-0.05751174351588906
1989-08-04,0.0028402260666867685
1989-08-05,0.059806175591778477
1989-08-06,0.11341028274096598
1989-08-07,0.16381011832704684
1989-08-08,0.21102707321924474
1989-08-09,0.2550811873977601
1989-08-10,0.29599115845920565
1989-08-11,0.33377434955230545
1989-08-12,0.3684467967472196
1989-08-13,0.4000232158416286
1989-08-14,0.4277679877386449
1989-08-15,0.4516928879684945
1989-08-16,0.4718080708185085
1989-08-17,0.48812207364284177
1989-08-18,0.5006418204859263
1989-08-19,0.5093726250211954
1989-08-20,0.5143181928063335
1989-08-21,0.5163376545875967
1989-08-22,0.5154318674718061
1989-08-23,0.5116004470217211
1989-08-24,0.5048417670928738
1989-08-25,0.4951529591433971
1989-08-26,0.4825299110165472
1989-08-27,0.46696726519540943
1989-08-28,0.44808596216726293
1989-08-29,0.42587798826541307
1989-08-30,0.4003339179062254
1989-08-31,0.3714429095886891
1989-09-01,0.33919270129302764
1989-09-02,0.3070357348184296
1989-09-03,0.27495836199607665
1989-09-04,0.2433766320719814
1989-09-05,0.21227714102117434
1989-09-06,0.1816466894921443
1989-09-07,0.15147227720472584
1989-09-08,0.12174109743247552
1989-09-09,0.09244053156719789
1989-09-10,0.06355814376331292
1989-09-11,0.03465515023765392
1989-09-12,0.005719283883642234
1989-09-13,-0.02326173635729828
1989-09-14,-0.05230021070810942
1989-09-15,-0.08140846377660144
1989-09-16,-0.11059884978630463
1989-09-17,-0.13988375781989054
1989-09-18,-0.16920954808051997
1989-09-19,-0.19858866711959633
1989-09-20,-0.22803358412250396
1989-09-21,-0.25755679620082267
1989-09-22,-0.28717083369639335
1989-09-23,-0.316888265499489
1989-09-24,-0.3467217043833455
1989-09-25,-0.37611295995375843
1989-09-26,-0.40507450654714006
1989-09-27,-0.4336186361213609
1989-09-28,-0.4617574634727439
1989-09-29,-0.4895029313778668
1989-09-30,-0.5168668156623573
1989-10-01,-0.5438607301988279
1989-10-02,-0.566149199396079
1989-10-03,-0.5837416830018312
1989-10-04,-0.5966456476776668
1989-10-05,-0.6048665701680561
1989-10-06,-0.6084079396248159
1989-10-07,-0.6072712590879864
1989-10-08,-0.6014560461237577
1989-10-09,-0.5964666247227821
1989-10-10,-0.5923008772578995
1989-10-11,-0.5889570356884368
1989-10-12,-0.5864336808098096
1989-10-13,-0.5847297416511787
1989-10-14,-0.583844495020905
1989-10-15,-0.5837775651996099
1989-10-16,-0.5816717951393647
1989-10-17,-0.5775262911020955
1989-10-18,-0.5713392936389132
1989-10-19,-0.5631081768433622
1989-10-20,-0.5528294472369245
1989-10-21,-0.5404987422863052
1989-10-22,-0.5261108285518717
1989-10-23,-0.5094173639555755
1989-10-24,-0.49041126340053226
1989-10-25,-0.46908446025305783
1989-10-26,-0.44542790291899925
1989-10-27,-0.41943155100202745
1989-10-28,-0.39108437104225735
1989-10-29,-0.36037433183338985
1989-10-30,-0.32853716478848927
1989-10-31,-0.2955593574690966
1989-11-01,-0.261426913322337
1989-11-02,-0.22956777807576068
1989-11-03,-0.19996842996708974
1989-11-04,-0.17261630634057074
1989-11-05,-0.14749979831508958
1989-11-06,-0.12351469708609525
1989-11-07,-0.10065082281554377
1989-11-08,-0.07889847154034113
1989-11-09,-0.0582484110537545
1989-11-10,-0.03869187698704751
1989-11-11,-0.0202205690896769
1989-11-12,-0.00282664770647284
1989-11-13,0.0133771959096608
1989-11-14,0.028397839049010498
1989-11-15,0.04224165682390174
1989-11-16,0.05491452487444615
1989-11-17,0.06642182186230006
1989-11-18,0.07676843175349474
1989-11-19,0.08595874589130564
1989-11-20,0.09427828083030537
1989-11-21,0.10173056757574034
1989-11-22,0.10831876905243643
1989-11-23,0.11404568144721777
1989-11-24,0.11891373539567412
1989-11-25,0.12292499701377912
1989-11-26,0.12608116877479925
1989-11-27,0.1282099008807292
1989-11-28,0.1293120968152724
1989-11-29,0.12938822437616693
1989-11-30,0.1284383158737305
1989-12-01,0.1264619681445735
1989-12-02,0.1238611479953127
1989-12-03,0.12063475157703586
1989-12-04,0.11641542308787754
1989-12-05,0.11120137174612442
1989-12-06,0.10499038458641502
1989-12-07,0.0977798255205054
1989-12-08,0.08956663421845171
1989-12-09,0.08034732480973455
1989-12-10,0.07011798440377406
1989-12-11,0.059911160368413555
1989-12-12,0.049722520688764635
1989-12-13,0.03954774106780494
1989-12-14,0.029382503091045176
1989-12-15,0.019222492393693058
1989-12-16,0.009063396829536108
1989-12-17,-0.0010990953592346642
1989-12-18,-0.010846784317659085
1989-12-19,-0.02018380719295848
1989-12-20,-0.029114126836061544
1989-12-21,-0.03764153348353166
1989-12-22,-0.04576964636623087
1989-12-23,-0.05350191524540726
1989-12-24,-0.06084162187685398
1989-12-25,-0.07000914532542059
1989-12-26,-0.08100837650251408
1989-12-27,-0.09384398373915057
1989-12-28,-0.10852141476730424
1989-12-29,-0.12504689903205135
1989-12-30,-0.14342745033549414
1989-12-31,-0.16367086981358134
1990-01-01,-0.1849113673323871
1990-01-02,-0.20432159168812486
1990-01-03,-0.22190978103407344
1990-01-04,-0.237683400209231
1990-01-05,-0.2516491439065671
1990-01-06,-0.26381293951440676
1990-01-07,-0.2741799496321532
1990-01-08,-0.2819887909849291
1990-01-09,-0.28724277782767627
1990-01-10,-0.2899441400753171
1990-01-11,-0.2900940242491825
1990-01-12,-0.2876924939636219
1990-01-13,-0.2827385299530033
1990-01-14,-0.2752300296391127
1990-01-15,-0.2655080153948181
1990-01-16,-0.25356836096984753
1990-01-17,-0.23940599889555944
1990-01-18,-0.22301491833418988
1990-01-19,-0.20438816252771277
1990-01-20,-0.18351782584522908
1990-01-21,-0.16039505042763197
1990-01-22,-0.1366311519453587
1990-01-23,-0.11221604444398535
1990-01-24,-0.08713936558074702
1990-01-25,-0.061390472226516876
1990-01-26,-0.03495843594861222
1990-01-27,-0.007832038372513495
1990-01-28,0.020000233579476973
1990-01-29,0.0509618273555839
1990-01-30,0.08506588378048871
1990-01-31,0.12232687741353276
1990-02-01,0.1627606226920585
1990-02-02,0.20246559223094956
1990-02-03,0.24145863774809456
1990-02-04,0.27975630880417357
1990-02-05,0.31633281339281294
1990-02-06,0.35120367543819236
1990-02-07,0.3843836949498964
1990-02-08,0.4158869543043844
1990-02-09,0.4457268242218808
1990-02-10,0.4739159694412211
1990-02-11,0.5004663540950639
1990-02-12,0.5245860539449716
1990-02-13,0.5462853059557912
1990-02-14,0.5655733197976858
1990-02-15,0.5824582817549331
1990-02-16,0.5969473582003777
1990-02-17,0.6090466986370047
1990-02-18,0.6187614383079348
1990-02-19,0.6270423592864984
1990-02-20,0.6338929761892742
1990-02-21,0.6393161965783314
1990-02-22,0.6433143221952686
1990-02-23,0.6458890499381256
1990-02-24,0.647041472581587
1990-02-25,0.646772079240781
1990-02-26,0.6450370837743313
1990-02-27,0.6418357498095754
1990-02-28,0.6371667186254899
1990-03-01,0.6310280085760178
1990-03-02,0.6238730839453
1990-03-03,0.6156989080159487
1990-03-04,0.6065020114764812
1990-03-05,0.59613523811062
1990-03-06,0.5845941880172392
1990-03-07,0.5718739629046999
1990-03-08,0.5579691640119009
1990-03-09,0.5428738898169175
1990-03-10,0.5265817335322586
1990-03-11,0.5090857803856751
1990-03-12,0.4904539908338779
1990-03-13,0.47067845710952877
1990-03-14,0.4497507860135069
1990-03-15,0.42766209535263905
1990-03-16,0.4044030101698891
1990-03-17,0.3799636587654068
1990-03-18,0.35433366850674736
1990-03-19,0.3266588475062566
1990-03-20,0.2969274499225059
1990-03-21,0.26512685705485584
1990-03-22,0.23124357198778323
1990-03-23,0.19526321386247564
1990-03-24,0.15717051177325803
1990-03-25,0.11694929828626272
1990-03-26,0.07603951944102666
1990-03-27,0.03442381217040724
1990-03-28,-0.00791548620527538
1990-03-29,-0.05099634547469312
1990-03-30,-0.09483705016230848
1990-03-31,-0.1394562072887543
1990-04-01,-0.18487275426808875
1990-04-02,-0.22698999727584845
1990-04-03,-0.2658258118552123
1990-04-04,-0.3013966808343725
1990-04-05,-0.333717701322231
1990-04-06,-0.36280259111596735
1990-04-07,-0.38866369452319116
1990-04-08,-0.41131198760115617
1990-04-09,-0.43216898065846193
1990-04-10,-0.4512435258908687
1990-04-11,-0.46854371898158265
1990-04-12,-0.48407690253725455
1990-04-13,-0.4978496692043522
1990-04-14,-0.5098678644672352
1990-04-15,-0.5201365891291134
1990-04-16,-0.5280850723182234
1990-04-17,-0.5337166875567689
1990-04-18,-0.5370338250339971
1990-04-19,-0.538037892620651
1990-04-20,-0.5367293164665028
1990-04-21,-0.5331075411812208
1990-04-22,-0.5271710295986503
1990-04-23,-0.5189092145866725
1990-04-24,-0.5083185896377284
1990-04-25,-0.4953946598428437
1990-04-26,-0.48013193998388415
1990-04-27,-0.46252395220550213
1990-04-28,-0.44256322326578124
1990-04-29,-0.4202412813644192
1990-04-30,-0.3960774115152518
1990-05-01,-0.37006135800665124
1990-05-02,-0.34544481069326693
1990-05-03,-0.32221732173656537
1990-05-04,-0.3003690328468738
1990-05-05,-0.27989067109929155
1990-05-06,-0.2607735449980433
1990-05-07,-0.24254729739729125
1990-05-08,-0.22520419265118774
1990-05-09,-0.20873686994037213
1990-05-10,-0.19313834014786668
1990-05-11,-0.17840198289273168
1990-05-12,-0.16452154372022115
1990-05-13,-0.15149113144724585
1990-05-14,-0.13943097507011043
1990-05-15,-0.12833595597632574
1990-05-16,-0.11820136518024321
1990-05-17,-0.10902290132445086
1990-05-18,-0.10079666885417699
1990-05-19,-0.09351917636392537
1990-05-20,-0.08718733511564097
1990-05-21,-0.08142988718547095
1990-05-22,-0.07624438897783015
1990-05-23,-0.07162863964597499
1990-05-24,-0.06758068015791321
1990-05-25,-0.06409879246494415
1990-05-26,-0.06118149877247936
1990-05-27,-0.058827560912831645
1990-05-28,-0.05689022778644842
1990-05-29,-0.0553686771438307
1990-05-30,-0.05426226320329247
1990-05-31,-0.053570516376874905
1990-06-01,-0.05329314307104282
1990-06-02,-0.053189916710700454
1990-06-03,-0.053260793484165625
1990-06-04,-0.05431877270607313
1990-06-05,-0.05636430340755397
1990-06-06,-0.059398253759688865
1990-06-07,-0.06342191144198034
1990-06-08,-0.06843698418887399
1990-06-09,-0.07444560051456098
1990-06-10,-0.08145031061636918
1990-06-11,-0.08905816180601187
1990-06-12,-0.0972723830335041
1990-06-13,-0.1060964606064897
1990-06-14,-0.11553413966991181
1990-06-15,-0.12558942579554022
1990-06-16,-0.13626658668202934
1990-06-17,-0.14757015396623002
1990-06-18,-0.1593766823825715
1990-06-19,-0.17169118289790333
1990-06-20,-0.1845188820743168
1990-06-21,-0.19786522428742004
1990-06-22,-0.21173587403705865
1990-06-23,-0.22613671835146196
1990-06-24,-0.24107386928583524
1990-06-25,-0.25660784147051907
1990-06-26,-0.2727452278866942
1990-06-27,-0.28949287761865666
1990-06-28,-0.3068578987607297
1990-06-29,-0.3248476614341051
1990-06-30,-0.34346980091489543
1990-07-01,-0.36273222087472273
1990-07-02,-0.3812079647055562
1990-07-03,-0.3989048739452802
1990-07-04,-0.41583045957615855
1990-07-05,-0.4319919052126729
1990-07-06,-0.447396070150415
1990-07-07,-0.4620494922773335
1990-07-08,-0.4759583908485658
1990-07-09,-0.488821820858426
1990-07-10,-0.5006452418475239
1990-07-11,-0.5114336719523119
1990-07-12,-0.5211916900348998
1990-07-13,-0.5299234376264307
1990-07-14,-0.5376326206848437
1990-07-15,-0.5443225111677695
1990-07-16,-0.5500870935995843
1990-07-17,-0.5549288146039232
1990-07-18,-0.5588497291204424
1990-07-19,-0.5618515012769842
1990-07-20,-0.5639354050958725
1990-07-21,-0.5651023250346366
1990-07-22,-0.5653527563613963
1990-07-23,-0.5648665492800514
1990-07-24,-0.5636434974329432
1990-07-25,-0.5616830817282567
1990-07-26,-0.5589844701197071
1990-07-27,-0.5555465172533992
1990-07-28,-0.5513677639817126
1990-07-29,-0.5464464367440055
1990-07-30,-0.5407322561615533
1990-07-31,-0.5342227970024456
1990-08-01,-0.5269152964999396
1990-08-02,-0.5207045135481754
1990-08-03,-0.5155878121455796
1990-08-04,-0.5115630206443823
1990-08-05,-0.5086284308289186
1990-08-06,-0.5062318949494379
1990-08-07,-0.5043723958600509
1990-08-08,-0.5030491443458449
1990-08-09,-0.5022615787879225
1990-08-10,-0.5020093649250377
1990-08-11,-0.5022923957117266
1990-08-12,-0.5031107912728762
1990-08-13,-0.5044521227918981
1990-08-14,-0.5063169595612669
1990-08-15,-0.5087060930613312
1990-08-16,-0.5116205372962375
1990-08-17,-0.5150615292242964
1990-08-18,-0.5190305292829773
1990-08-19,-0.523529222008752
1990-08-20,-0.5290526290001405
1990-08-21,-0.5356030945202791
1990-08-22,-0.5431833987399692
1990-08-23,-0.5517967589176475
1990-08-24,-0.5614468307648649
1990-08-25,-0.5721377099978575
1990-08-26,-0.5838739340758626
1990-08-27,-0.5968058173232521
1990-08-28,-0.6109388483337906
1990-08-29,-0.6262790254964528
1990-08-30,-0.6428328595412782
1990-08-31,-0.6606073763026786
1990-09-01,-0.6796101197013662
1990-09-02,-0.6986741176444344
1990-09-03,-0.717824102669989
1990-09-04,-0.7370682024796494
1990-09-05,-0.7564145847195516
1990-09-06,-0.7758714604468867
1990-09-07,-0.7954470876148676
1990-09-08,-0.8151497745775957
1990-09-09,-0.8349878836163221
1990-09-10,-0.8546676722473171
1990-09-11,-0.8741974930332437
1990-09-12,-0.8935856348869038
1990-09-13,-0.9128403265892459
1990-09-14,-0.9319697402818523
1990-09-15,-0.9509819949353882
1990-09-16,-0.9698851597954807
1990-09-17,-0.9891995843886763
1990-09-18,-1.0089334662085931
1990-09-19,-1.0290951807763098
1990-09-20,-1.0496932851951306
1990-09-21,-1.0707365217824216
1990-09-22,-1.0922338217800538
1990-09-23,-1.1141943091450313
1990-09-24,-1.135691137813565
1990-09-25,-1.1567334315426163
1990-09-26,-1.1773301211738845
1990-09-27,-1.1974899484242671
1990-09-28,-1.2172214695960473
1990-09-29,-1.236533059208388
1990-09-30,-1.2554329135516769
1990-10-01,-1.274612983189974
1990-10-02,-1.293884811257287
1990-10-03,-1.3132565771682718
1990-10-04,-1.3327365027535452
1990-10-05,-1.3523328557492174
1990-10-06,-1.372053953305917
1990-10-07,-1.3919081655187813
1990-10-08,-1.4110965525389805
1990-10-09,-1.4296272583668383
1990-10-10,-1.4475081478673966
1990-10-11,-1.464746810108446
1990-10-12,-1.4813505615815048
1990-10-13,-1.497326449307109
1990-10-14,-1.5126812538257333
1990-10-15,-1.5276421201407708
1990-10-16,-1.5422153979938658
1990-10-17,-1.5564072726250504
1990-10-18,-1.5702237673979083
1990-10-19,-1.5836707463560296
1990-10-20,-1.5967539167118487
1990-10-21,-1.6094788312689188
1990-10-22,-1.6222122095674008
1990-10-23,-1.634959455950916
1990-10-24,-1.6477259806490259
1990-10-25,-1.6605172020734582
1990-10-26,-1.6733385491178105
1990-10-27,-1.6861954634616976
1990-10-28,-1.6990934018803276
1990-10-29,-1.7127282397099926
1990-10-30,-1.727105763894826
1990-10-31,-1.7422320765924248
1990-11-01,-1.7581135977637476
1990-11-02,-1.7734986360420115
1990-11-03,-1.7883937211973637
1990-11-04,-1.802805175052384
1990-11-05,-1.8154811749444608
1990-11-06,-1.8264271008644775
1990-11-07,-1.835647598519452
1990-11-08,-1.8431465813042835
1990-11-09,-1.8489272319626897
1990-11-10,-1.8529920039380363
1990-11-11,-1.8553426224146365
1990-11-12,-1.8568305915966596
1990-11-13,-1.857456543013034
1990-11-14,-1.8572207423321843
1990-11-15,-1.8561230894747849
1990-11-16,-1.8541631185712864
1990-11-17,-1.8513399977641871
1990-11-18,-1.8476525288549757
1990-11-19,-1.8423657441307841
1990-11-20,-1.8354773997565021
1990-11-21,-1.8269845721576385
1990-11-22,-1.816883656779488
1990-11-23,-1.8051703665572738
1990-11-24,-1.791839730096617
1990-11-25,-1.7768860895635608
1990-11-26,-1.7614633625479745
1990-11-27,-1.745565003283729
1990-11-28,-1.7291842641352435
1990-11-29,-1.7123141927336296
1990-11-30,-1.6949476290259429
1990-12-01,-1.6770772022362914
1990-12-02,-1.6602125487904895
1990-12-03,-1.6439348134279759
1990-12-04,-1.628237087497078
1990-12-05,-1.6131127085156947
1990-12-06,-1.5985552573435822
1990-12-07,-1.5845585554579218
1990-12-08,-1.5711166623310089
1990-12-09,-1.5582238729089544
1990-12-10,-1.5458667628071094
1990-12-11,-1.5340400873788773
1990-12-12,-1.5227388271065454
1990-12-13,-1.5119581854708843
1990-12-14,-1.5016935869153927
1990-12-15,-1.4919406749043245
1990-12-16,-1.482695310073673
1990-12-17,-1.47262246119196
1990-12-18,-1.4617178531064865
1990-12-19,-1.4499768576464904
1990-12-20,-1.4373944916588417
1990-12-21,-1.4239654148930765
1990-12-22,-1.4096839277348696
1990-12-23,-1.394543968786985
1990-12-24,-1.380646040442306
1990-12-25,-1.3679842440949297
1990-12-26,-1.3565532057822896
1990-12-27,-1.3463480739043197
1990-12-28,-1.337364517164323
1990-12-29,-1.329598722730667
1990-12-30,-1.3230473946185293
1990-12-31,-1.3185937316764353
1991-01-01,-1.3162358436656478
1991-01-02,-1.3159797140335392
1991-01-03,-1.3178252340727015
1991-01-04,-1.3217731870650118
1991-01-05,-1.3278252486140745
1991-01-06,-1.3359839873563866
1991-01-07,-1.3435136874573335
1991-01-08,-1.3504175446977806
1991-01-09,-1.356698489236242
1991-01-10,-1.3623591868525096
1991-01-11,-1.3674020400790723
1991-01-12,-1.3718291892208068
1991-01-13,-1.375642513263373
1991-01-14,-1.3794621917481398
1991-01-15,-1.3832898458360097
1991-01-16,-1.3871271000729182
1991-01-17,-1.3909755830793278
1991-01-18,-1.3948369282414537
1991-01-19,-1.3987127744045114
1991-01-20,-1.4026047665682793
1991-01-21,-1.4060971549969221
1991-01-22,-1.4091914219417856
1991-01-23,-1.4118888806821452
1991-01-24,-1.4141906760825922
1991-01-25,-1.4160977850789402
1991-01-26,-1.4176110170928597
1991-01-27,-1.418731014375417
1991-01-28,-1.4192572137048018
1991-01-29,-1.4191898384123183
1991-01-30,-1.4185288599023165
1991-01-31,-1.4172739976400548
1991-02-01,-1.4154247190326337
1991-02-02,-1.4125988068181294
1991-02-03,-1.4087950616132923
1991-02-04,-1.4050826601303075
1991-02-05,-1.4014600267391426
1991-02-06,-1.397925623909442
1991-02-07,-1.3944779515579644
1991-02-08,-1.3911155464119127
1991-02-09,-1.3878369813878866
1991-02-10,-1.3846408649861943
1991-02-11,-1.3816638467579971
1991-02-12,-1.3789046631871178
1991-02-13,-1.3763621432115034
1991-02-14,-1.374035207726199
1991-02-15,-1.3719228691253509
1991-02-16,-1.3700242308830433
1991-02-17,-1.3683384871727913
1991-02-18,-1.36545281328513
1991-02-19,-1.361365984472557
1991-02-20,-1.3560762661893218
1991-02-21,-1.3495814133552424
1991-02-22,-1.341878669402842
1991-02-23,-1.332964765107398
1991-02-24,-1.322835917199404
1991-02-25,-1.3130979617818133
1991-02-26,-1.303746765838547
1991-02-27,-1.294778360503295
1991-02-28,-1.286188939375035
1991-03-01,-1.2779748569025087
1991-03-02,-1.269452980734881
1991-03-03,-1.2606196939885554
1991-03-04,-1.250470392292759
1991-03-05,-1.2390007680464294
1991-03-06,-1.226205953272729
1991-03-07,-1.2120805175529585
1991-03-08,-1.1966184657217633
1991-03-09,-1.1798132353226434
1991-03-10,-1.1616576938226926
1991-03-11,-1.1426661875512911
1991-03-12,-1.1228306560689094
1991-03-13,-1.102142680711975
1991-03-14,-1.0805934810197932
1991-03-15,-1.0581739110079158
1991-03-16,-1.0348744552863691
1991-03-17,-1.0106852250211027
1991-03-18,-0.9850292496708111
1991-03-19,-0.9578956402393872
1991-03-20,-0.9292728805882531
1991-03-21,-0.8991488225486417
1991-03-22,-0.8675106807656304
1991-03-23,-0.8343450272717371
1991-03-24,-0.7996377857877763
1991-03-25,-0.7642947253270012
1991-03-26,-0.7283008454677735
1991-03-27,-0.6916408695654781
1991-03-28,-0.6542992382687569
1991-03-29,-0.6162601029157564
1991-03-30,-0.5775073188075853
1991-03-31,-0.5380244383561259
1991-04-01,-0.4994674877006089
1991-04-02,-0.4635245641665102
1991-04-03,-0.43018041273627095
1991-04-04,-0.399420881372006
1991-04-05,-0.37123291500904804
1991-04-06,-0.34560455001507295
1991-04-07,-0.32252490911245396
1991-04-08,-0.29872629833835973
1991-04-09,-0.2741986170056582
1991-04-10,-0.24893145499261654
1991-04-11,-0.22291408832460302
1991-04-12,-0.19613547462258085
1991-04-13,-0.1685842484164639
1991-04-14,-0.14024871632134572
1991-04-15,-0.112163903573544
1991-04-16,-0.0843178903215418
1991-04-17,-0.05669885806591479
1991-04-18,-0.029295084643282565
1991-04-19,-0.0020949392511495635
1991-04-20,0.02491312248848021
1991-04-21,0.05174056342880773
1991-04-22,0.07764375848014349
1991-04-23,0.10263370156441975
1991-04-24,0.12672099899806977
1991-04-25,0.14991587399359763
1991-04-26,0.17222817099854765
1991-04-27,0.1936673598737198
1991-04-28,0.21424253991239844
1991-04-29,0.23418934061447733
1991-04-30,0.2535162278687888
1991-05-01,0.2722314044583968
1991-05-02,0.2897583862147888
1991-05-03,0.30610461199903
1991-05-04,0.3212770195317299
1991-05-05,0.33528204833757264
1991-05-06,0.3483987216273361
1991-05-07,0.36063260642400213
1991-05-08,0.3719888950744652
1991-05-09,0.38247240745328537
1991-05-10,0.392087593008357
1991-05-11,0.40083853264935704
1991-05-12,0.4087289404797793
1991-05-13,0.41608288652142794
1991-05-14,0.4229034919610334
1991-05-15,0.4291936516230985
1991-05-16,0.4349560351985291
1991-05-17,0.44019308837771376
1991-05-18,0.4449070338885319
1991-05-19,0.44909987243973154
1991-05-20,0.4524588564195287
1991-05-21,0.45498541145930105
1991-05-22,0.4566806098881112
1991-05-23,0.45754517118782784
1991-05-24,0.4575794622984911
1991-05-25,0.4567834977740508
1991-05-26,0.45515693978854277
1991-05-27,0.4524178669755934
1991-05-28,0.4485651168086257
1991-05-29,0.4435970540903419
1991-05-30,0.4375115702587065
1991-05-31,0.430306082492024
1991-06-01,0.42197753261272863
1991-06-02,0.41327072142714244
1991-06-03,0.40507769861830006
1991-06-04,0.3973949868756623
1991-06-05,0.3902193254766444
1991-06-06,0.3835476689026887
1991-06-07,0.3773771855466754
1991-06-08,0.3717052565111223
1991-06-09,0.3665294744966637
1991-06-10,0.3608933853354269
1991-06-11,0.35479459693932724
1991-06-12,0.3482305208399007
1991-06-13,0.3411983710896975
1991-06-14,0.3336951630798609
1991-06-15,0.32571771227338947
1991-06-16,0.31726263285354467
1991-06-17,0.3085805836283128
1991-06-18,0.29966787973290404
1991-06-19,0.29052073840729065
1991-06-20,0.2811352773907153
1991-06-21,0.27150751327396905
1991-06-22,0.2616333598087388
1991-06-23,0.2515086261733084
1991-06-24,0.2411600272753873
1991-06-25,0.230583170927519
1991-06-26,0.2197735680644456
1991-06-27,0.20872663083784346
1991-06-28,0.19743767066913315
1991-06-29,0.18590189625953682
1991-06-30,0.17411441155653937
1991-07-01,0.16246683309671928
1991-07-02,0.15095317680164327
1991-07-03,0.13956855600624146
1991-07-04,0.1283081388111283
1991-07-05,0.11716714603183175
1991-07-06,0.1061408491703956
1991-07-07,0.09522456840849419
1991-07-08,0.08413516489114545
1991-07-09,0.07286793201608271
1991-07-10,0.061418087706099994
1991-07-11,0.04978077237942641
1991-07-12,0.03795104688720613
1991-07-13,0.025923890417208106
1991-07-14,0.013694198362875748
1991-07-15,0.0007876231846369874
1991-07-16,-0.012801312969936696
1991-07-17,-0.027078377563234585
1991-07-18,-0.042049630115452874
1991-07-19,-0.05772142477639647
1991-07-20,-0.07410041302232903
1991-07-21,-0.09119354647901506
1991-07-22,-0.10780042533613657
1991-07-23,-0.12392809794156442
1991-07-24,-0.1395834092568263
1991-07-25,-0.15477300376226838
1991-07-26,-0.16950332827712816
1991-07-27,-0.1837806346957157
1991-07-28,-0.1976109826408632
1991-07-29,-0.21099430704464545
1991-07-30,-0.223936288103015
1991-07-31,-0.23644241869548405
1991-08-01,-0.24851800671643123
1991-08-02,-0.2588205043516806
1991-08-03,-0.26735428422223434
1991-08-04,-0.2741229682638997
1991-08-05,-0.2798493899224792
1991-08-06,-0.2845359796252827
1991-08-07,-0.2881847264706133
1991-08-08,-0.29079717907198693
1991-08-09,-0.29237444621540076
1991-08-10,-0.2929171973299274
1991-08-11,-0.29242566277183635
1991-08-12,-0.29103754032851553
1991-08-13,-0.28875224084832773
1991-08-14,-0.28556879439671373
1991-08-15,-0.2814858498445291
1991-08-16,-0.27650167429459394
1991-08-17,-0.2706141523462102
1991-08-18,-0.26382078519733637
1991-08-19,-0.2563006966441933
1991-08-20,-0.24805069498528204
1991-08-21,-0.23906727872690647
1991-08-22,-0.22934663509705808
1991-08-23,-0.21888463842718572
1991-08-24,-0.20767684840116568
1991-08-25,-0.19571850817072767
1991-08-26,-0.1826382364917636
1991-08-27,-0.1684304817909867
1991-08-28,-0.15308921396494077
1991-08-29,-0.13660792182068277
1991-08-30,-0.11897961031228059
1991-08-31,-0.10019679757195195
1991-09-01,-0.0802515117345842
1991-09-02,-0.06163717205986244
1991-09-03,-0.04434587818658431
1991-09-04,-0.028370291285135546
1991-09-05,-0.013703630942719175
1991-09-06,-0.0003396722855892875
1991-09-07,0.011727256662930757
1991-09-08,0.02250227738976765
1991-09-09,0.031768733129346055
1991-09-10,0.03953055678225159
1991-09-11,0.04579104264801473
1991-09-12,0.05055284782328792
1991-09-13,0.053817993329580344
1991-09-14,0.05558786497102619
1991-09-15,0.05586321392255278
1991-09-16,0.054957741215428235
1991-09-17,0.05287106254585397
1991-09-18,0.049602292278589005
1991-09-19,0.045150043071065904
1991-09-20,0.0395124252845695
1991-09-21,0.03268704618223081
1991-09-22,0.02467100891349297
1991-09-23,0.01623302692435899
1991-09-24,0.00736951893788329
1991-09-25,-0.001923276926067169
1991-09-26,-0.011649304747443051
1991-09-27,-0.021812692479972196
1991-09-28,-0.0324177537031599
1991-09-29,-0.04346898945307315
1991-09-30,-0.05637670032170988
1991-10-01,-0.07114636464351212
1991-10-02,-0.08630089914644523
1991-10-03,-0.1018467357694615
1991-10-04,-0.11779047252928684
1991-10-05,-0.1341388763207732
1991-10-06,-0.15089888578892702
1991-10-07,-0.16746522178824907
1991-10-08,-0.183844915459273
1991-10-09,-0.20004491872716196
1991-10-10,-0.21607210725226905
1991-10-11,-0.23193328334832755
1991-10-12,-0.24763517886951217
1991-10-13,-0.2631844580675961
1991-10-14,-0.2789189689173558
1991-10-15,-0.29484538951327266
1991-10-16,-0.3109704794008135
1991-10-17,-0.3273010824453403
1991-10-18,-0.34384412973680595
1991-10-19,-0.36060664253147184
1991-10-20,-0.3775957352318927
1991-10-21,-0.3943815025269807
1991-10-22,-0.4109710686890445
1991-10-23,-0.42737147471804243
1991-10-24,-0.44358968132994686
1991-10-25,-0.45963257191103596
1991-10-26,-0.4755069554393628
1991-10-27,-0.49121956937464517
1991-10-28,-0.5058705179266341
1991-10-29,-0.5194660193006239
1991-10-30,-0.5320118437454369
1991-10-31,-0.5435133160024507
1991-11-01,-0.5539753175655451
1991-11-02,-0.5634185931604783
1991-11-03,-0.5718471507343186
1991-11-04,-0.5800674460191024
1991-11-05,-0.5880829679004458
1991-11-06,-0.5958971183533415
1991-11-07,-0.603513213886038
1991-11-08,-0.6109344869476423
1991-11-09,-0.6181640873000473
1991-11-10,-0.6252050833547644
1991-11-11,-0.6329738253605495
1991-11-12,-0.6414736105532439
1991-11-13,-0.6507080464405185
1991-11-14,-0.6606810523329845
1991-11-15,-0.6713968610076406
1991-11-16,-0.6828600205043631
1991-11-17,-0.6950753960561992
1991-11-18,-0.7072047032120019
1991-11-19,-0.7192530899334684
1991-11-20,-0.7312256698377707
1991-11-21,-0.7431275243678939
1991-11-22,-0.7549637049493203
1991-11-23,-0.7667392351339721
1991-11-24,-0.7784591127323235
1991-11-25,-0.7903606087568298
1991-11-26,-0.8024487744808143
1991-11-27,-0.8147287404045886
1991-11-28,-0.8272057184329554
1991-11-29,-0.8398850040872634
1991-11-30,-0.8527719787529497
1991-12-01,-0.8658721119635273
1991-12-02,-0.8764040675765032
1991-12-03,-0.8843723156002135
1991-12-04,-0.8897802379455204
1991-12-05,-0.8926301298611743
1991-12-06,-0.8929232009079714
1991-12-07,-0.8906595754721199
1991-12-08,-0.8858382928180322
1991-12-09,-0.8798363087207339
1991-12-10,-0.8726510757977701
1991-12-11,-0.8642795444682045
1991-12-12,-0.8547181616583059
1991-12-13,-0.8439628692935409
1991-12-14,-0.8320091025762318
1991-12-15,-0.8188517880481501
1991-12-16,-0.8062582347280816
1991-12-17,-0.7942230976173968
1991-12-18,-0.7827412687223688
1991-12-19,-0.7718078748862207
1991-12-20,-0.7614182757208439
1991-12-21,-0.751568061637309
1991-12-22,-0.7422530519743338
1991-12-23,-0.731493636874275
1991-12-24,-0.7192852497896698
1991-12-25,-0.7056227091954493
1991-12-26,-0.6905002163897781
1991-12-27,-0.6739113530329497
1991-12-28,-0.6558490784232931
1991-12-29,-0.6363057265089338
1991-12-30,-0.61589238093579
1991-12-31,-0.5946003778024724
1992-01-01,-0.5724206802847684
1992-01-02,-0.5509632412798507
1992-01-03,-0.5302189537486529
1992-01-04,-0.5101790133302764
1992-01-05,-0.49083491460521433
1992-01-06,-0.47139599845348173
1992-01-07,-0.45185401454433005
1992-01-08,-0.43220066880264346
1992-01-09,-0.41242761988873955
1992-01-10,-0.39252647565810905
1992-01-11,-0.37248878959959414
1992-01-12,-0.3523060572504908
1992-01-13,-0.33217344011384814
1992-01-14,-0.31208239343599187
1992-01-15,-0.2920243901067231
1992-01-16,-0.2719909170402129
1992-01-17,-0.25197347156184974
1992-01-18,-0.2319635577995055
1992-01-19,-0.21195268307768833
1992-01-20,-0.1921418105657532
1992-01-21,-0.172522532065971
1992-01-22,-0.1530865206975936
1992-01-23,-0.13382552736273062
1992-01-24,-0.11473137724523919
1992-01-25,-0.09579596634114101
1992-01-26,-0.07701125801909292
1992-01-27,-0.05831094523925928
1992-01-28,-0.03968709115144042
1992-01-29,-0.021131791356294727
1992-01-30,-0.0026371705505258136
1992-01-31,0.015804620815580095
1992-02-01,0.03420140986968684
1992-02-02,0.051993756518570716
1992-02-03,0.06947618817771697
1992-02-04,0.08665612480008747
1992-02-05,0.10354085795267418
1992-02-06,0.12013755391121078
1992-02-07,0.13645325670170796
1992-02-08,0.1524948910901023
1992-02-09,0.16826926552128943
1992-02-10,0.18361823312150372
1992-02-11,0.19854830835165233
1992-02-12,0.21306582788492137
1992-02-13,0.22717695329620846
1992-02-14,0.24088767367723912
1992-02-15,0.2542038081784772
1992-02-16,0.2671310084789088
1992-02-17,0.2791831167392691
1992-02-18,0.2903652481562381
1992-02-19,0.3006821486879724
1992-02-20,0.3101381970684003
1992-02-21,0.31873740666565953
1992-02-22,0.3264834271854637
1992-02-23,0.3333795462201241
1992-02-24,0.34024601284072237
1992-02-25,0.347085741336319
1992-02-26,0.3539016346476891
1992-02-27,0.3606965855993978
1992-02-28,0.36747347812758313
1992-02-29,0.3742351885039655
1992-03-01,0.38098458655660494
1992-03-02,0.38684145176629436
1992-03-03,0.39180826992363826
1992-03-04,0.3958871490624509
1992-03-05,0.3990798203544561
1992-03-06,0.40138763884403605
1992-03-07,0.40281158402334427
1992-03-08,0.4033522602480254
1992-03-09,0.40476788885385584
1992-03-10,0.4070590706667318
1992-03-11,0.41022677811781205
1992-03-12,0.41427235565624093
1992-03-13,0.41919752031976376
1992-03-14,0.42500436246347784
1992-03-15,0.43169534664702813
1992-03-16,0.43870206741246665
1992-03-17,0.4460274985759942
1992-03-18,0.45367474922196
1992-03-19,0.46164706502242997
1992-03-20,0.46994782961472575
1992-03-21,0.4785805660375198
1992-03-22,0.48754893822609524
1992-03-23,0.4958155113074705
1992-03-24,0.5033837938086411
1992-03-25,0.5102569978857446
1992-03-26,0.5164380406873764
1992-03-27,0.521929545592694
1992-03-28,0.5267338433248417
1992-03-29,0.530852972940164
1992-03-30,0.5348180892354435
1992-03-31,0.538630875098792
1992-04-01,0.542292948765722
1992-04-02,0.5446726353268883
1992-04-03,0.545770944776935
1992-04-04,0.5455883432640858
1992-04-05,0.5441247532879868
1992-04-06,0.5417809042097261
1992-04-07,0.5385558012449252
1992-04-08,0.5344480755844412
1992-04-09,0.5294559838134121
1992-04-10,0.5235774071713104
1992-04-11,0.5168098506526919
1992-04-12,0.5091504419482571
1992-04-13,0.5010482496866384
1992-04-14,0.49249983510790607
1992-04-15,0.4835015700649401
1992-04-16,0.47404963548356027
1992-04-17,0.46414001974162156
1992-04-18,0.4537685169663878
1992-04-19,0.4429307252494614
1992-04-20,0.43112280397697333
1992-04-21,0.4183397415909136
1992-04-22,0.4045761126605719
1992-04-23,0.3898260755798582
1992-04-24,0.37408337008798875
1992-04-25,0.3573413146124843
1992-04-26,0.3395928034333548
1992-04-27,0.32113638856698035
1992-04-28,0.3019642366791416
1992-04-29,0.28206821066008403
1992-04-30,0.2614398661709385
1992-05-01,0.24007044805974576
1992-05-02,0.22006419804348396
1992-05-03,0.20141262500164095
1992-05-04,0.18314134872368748
1992-05-05,0.16524261445255203
1992-05-06,0.14770882554670575
1992-05-07,0.1305325402559698
1992-05-08,0.11370646856306268
1992-05-09,0.09722346908954665
1992-05-10,0.08107654606485898
1992-05-11,0.06573340461789506
1992-05-12,0.05118753276050336
1992-05-13,0.03743275688439668
1992-05-14,0.024463239140928406
1992-05-15,0.012273474963372832
1992-05-16,0.000858290730658462
1992-05-17,-0.009787158428437748
1992-05-18,-0.019541983538966523
1992-05-19,-0.028410324776898865
1992-05-20,-0.036395946073712826
1992-05-21,-0.04350223671389386
1992-05-22,-0.04973221277342704
1992-05-23,-0.055088518399889486
1992-05-24,-0.059573426934688756
1992-05-25,-0.0633295627304526
1992-05-26,-0.06635851997907971
1992-05-27,-0.06866158424088278
1992-05-28,-0.07023973299020991
1992-05-29,-0.07109363603030794
1992-05-30,-0.07122365577760231
1992-05-31,-0.07062984741551537
1992-06-01,-0.06894914418977036
1992-06-02,-0.0663622342483865
1992-06-03,-0.06286801964626909
1992-06-04,-0.058465017357001055
1992-06-05,-0.05315135864341154
1992-06-06,-0.046924788264440395
1992-06-07,-0.03978266351796082
1992-06-08,-0.03175644102301378
1992-06-09,-0.022842714263015387
1992-06-10,-0.01303770004381033
1992-06-11,-0.0023372368879956418
1992-06-12,0.009263216731307367
1992-06-13,0.021768584317983702
1992-06-14,0.03518417344257445
1992-06-15,0.049302127877856275
1992-06-16,0.06412843961395216
1992-06-17,0.07966940128439412
1992-06-18,0.09593160883686405
1992-06-19,0.11292196433266825
1992-06-20,0.13064767887613393
1992-06-21,0.14911627567516977
1992-06-22,0.16844052178603736
1992-06-23,0.18862861887083737
1992-06-24,0.20968913523023142
1992-06-25,0.23163100944003054
1992-06-26,0.2544635541449344
1992-06-27,0.2781964600110361
1992-06-28,0.3028397998387686
1992-06-29,0.3277838792594388
1992-06-30,0.3530392851238687
1992-07-01,0.3786167364171056
1992-07-02,0.4008487062034932
1992-07-03,0.41974463025108044
1992-07-04,0.43531252843206447
1992-07-05,0.4475590081266123
1992-07-06,0.4571243233549539
1992-07-07,0.4640125338606332
1992-07-08,0.46822656316132427
1992-07-09,0.46976819978964096
1992-07-10,0.46863809805223183
1992-07-11,0.464835778307483
1992-07-12,0.4583596267619474
1992-07-13,0.44842556271090855
1992-07-14,0.435029369905196
1992-07-15,0.41816536268720655
1992-07-16,0.397826383577778
1992-07-17,0.3740038002383873
1992-07-18,0.3466875018073849
1992-07-19,0.3158658946087077
1992-07-20,0.29008002218921874
1992-07-21,0.2693189404214558
1992-07-22,0.2535738378166534
1992-07-23,0.24283803178494162
1992-07-24,0.23710696579909862
1992-07-25,0.23637820746065313
1992-07-26,0.24065144746751876
1992-07-27,0.23581221196525604
1992-07-28,0.22185844706911417
1992-07-29,0.19878423047485105
1992-07-30,0.16657976894517024
1992-07-31,0.12523139415324147
1992-08-01,0.07472155688154153
1992-08-02,0.020935139225458976
1992-08-03,-0.030677631252654214
1992-08-04,-0.08013866021996419
1992-08-05,-0.12746894009420418
1992-08-06,-0.17268855895334823
1992-08-07,-0.2158167090614599
1992-08-08,-0.2568716950143404
1992-08-09,-0.2958709415084253
1992-08-10,-0.33233213363480996
1992-08-11,-0.3662707463763676
1992-08-12,-0.3977011840742706
1992-08-13,-0.42663678654152815
1992-08-14,-0.4530898347247173
1992-08-15,-0.47707155591630146
1992-08-16,-0.4985921285197572
1992-08-17,-0.5175918367351674
1992-08-18,-0.5340787444831566
1992-08-19,-0.5480598491930514
1992-08-20,-0.5595410847727496
1992-08-21,-0.5685273241272111
1992-08-22,-0.5750223812266333
1992-08-23,-0.5790290127251871
1992-08-24,-0.579961010796533
1992-08-25,-0.5778187710024545
1992-08-26,-0.5726013841262704
1992-08-27,-0.5643066357869395
1992-08-28,-0.5529310054992282
1992-08-29,-0.5384696651795329
1992-08-30,-0.5209164770967284
1992-08-31,-0.5003313589171412
1992-09-01,-0.47670557383506873
1992-09-02,-0.45305653196596574
1992-09-03,-0.42937419610324223
1992-09-04,-0.4056485149095581
1992-09-05,-0.3818694186508011
1992-09-06,-0.3580268149222557
1992-09-07,-0.33444864443681316
1992-09-08,-0.3111249000673565
1992-09-09,-0.2880456826711639
1992-09-10,-0.26520119688848154
1992-09-11,-0.242581746985143
1992-09-12,-0.22017773273747387
1992-09-13,-0.19797964535773116
1992-09-14,-0.1754575399028534
1992-09-15,-0.15260185746442695
1992-09-16,-0.12940289755616297
1992-09-17,-0.1058508139967842
1992-09-18,-0.08193561073107514
1992-09-19,-0.05764713758732276
1992-09-20,-0.032975085969345896
1992-09-21,-0.009203218626185117
1992-09-22,0.013678553778753932
1992-09-23,0.035679942804952014
1992-09-24,0.056810286356589745
1992-09-25,0.07707855264577129
1992-09-26,0.09649334399884424
1992-09-27,0.11506290050742846
1992-09-28,0.1331096917587129
1992-09-29,0.15064137723307242
1992-09-30,0.16766539778794037
1992-10-01,0.18418897881588198
1992-10-02,0.199731506545701
1992-10-03,0.21429957758975166
1992-10-04,0.22789937497817503
1992-10-05,0.2399406055428744
1992-10-06,0.2504283798637816
1992-10-07,0.25936714919765824
1992-10-08,0.26676070736731394
1992-10-09,0.27261219237179296
1992-10-10,0.2769240877182148
1992-10-11,0.2796982234758324
1992-10-12,0.2825115137671281
1992-10-13,0.2853651526183125
1992-10-14,0.28826035118046933
1992-10-15,0.2911983382435955
1992-10-16,0.29418036075812887
1992-10-17,0.29720768436418266
1992-10-18,0.3002815939287136
1992-10-19,0.30209209031029777
1992-10-20,0.3026399419259524
1992-10-21,0.3019253812967189
1992-10-22,0.2999481051463508
1992-10-23,0.2967072742725953
1992-10-24,0.292201513191017
1992-10-25,0.28642890955121
1992-10-26,0.2800939235549835
1992-10-27,0.2731938664860869
1992-10-28,0.2657258097988872
1992-10-29,0.2576865838754267
1992-10-30,0.2490727766801621
1992-10-31,0.2398807323118172
1992-11-01,0.23010654945173312
1992-11-02,0.2223758301278505
1992-11-03,0.21668529324204386
1992-11-04,0.21303252359734037
1992-11-05,0.2114159708728537
1992-11-06,0.2118349489657917
1992-11-07,0.21428963570025814
1992-11-08,0.21878107290272544
1992-11-09,0.22505043118065576
1992-11-10,0.23310037139636103
1992-11-11,0.24293431013278063
1992-11-12,0.25455642114355925
1992-11-13,0.26797163712448535
1992-11-14,0.28318565180704275
1992-11-15,0.30020492237496343
1992-11-16,0.3180017938024581
1992-11-17,0.33658381949808175
1992-11-18,0.35595888610822835
1992-11-19,0.3761352168644071
1992-11-20,0.3971213750733751
1992-11-21,0.41892626775160424
1992-11-22,0.4415591494056279
1992-11-23,0.46520804350567035
1992-11-24,0.48988298719560497
1992-11-25,0.5155944530987535
1992-11-26,0.5423533537627124
1992-11-27,0.5701710462908934
1992-11-28,0.5990593371627433
1992-11-29,0.6290304872446901
1992-11-30,0.6612446414653212
1992-12-01,0.6957154722652722
1992-12-02,0.7277982855890068
1992-12-03,0.7575066981330113
1992-12-04,0.7848533188425375
1992-12-05,0.809849754263132
1992-12-06,0.832506613466728
1992-12-07,0.8528614111245898
1992-12-08,0.8709227862890022
1992-12-09,0.8866984046300938
1992-12-10,0.9001949616893268
1992-12-11,0.9114181857212413
1992-12-12,0.9203728401246614
1992-12-13,0.9270627254643912
1992-12-14,0.9299513707868555
1992-12-15,0.9290400021007031
1992-12-16,0.9243282325997441
1992-12-17,0.91581406249878
1992-12-18,0.9034938781848484
1992-12-19,0.8873624506835207
1992-12-20,0.867412933439604
1992-12-21,0.8437760299551555
1992-12-22,0.8164417081753993
1992-12-23,0.7853983667747415
1992-12-24,0.7506328302328962
1992-12-25,0.7121303432428866
1992-12-26,0.6698745644485471
1992-12-27,0.6238475595088704
1992-12-28,0.5762105589411415
1992-12-29,0.5269433444879495
1992-12-30,0.47602500599097525
1992-12-31,0.4234339325162295
1993-01-01,0.36914780318187
1993-01-02,0.3184774713023938
1993-01-03,0.2714014312036227
1993-01-04,0.22720965438224072
1993-01-05,0.1858833848143886
1993-01-06,0.14740508266451846
1993-01-07,0.11175841684107668
1993-01-08,0.07892825806520676
1993-01-09,0.048900672449530114
1993-01-10,0.021662915584277576
1993-01-11,-0.0034894396117823856
1993-01-12,-0.026567068386582404
1993-01-13,-0.047579765425628806
1993-01-14,-0.06653644900909361
1993-01-15,-0.08344516479694275
1993-01-16,-0.09831308924370141
1993-01-17,-0.11114653264430929
1993-01-18,-0.12237485051341745
1993-01-19,-0.13200280841179335
1993-01-20,-0.14003449266999501
1993-01-21,-0.14647331212270676
1993-01-22,-0.15132199955552705
1993-01-23,-0.15458261286482783
1993-01-24,-0.1562565359311726
1993-01-25,-0.15590085220804628
1993-01-26,-0.153515410734956
1993-01-27,-0.14909919907473845
1993-01-28,-0.14265034288385658
1993-01-29,-0.13416610511688531
1993-01-30,-0.12364288486484482
1993-01-31,-0.1110762158268912
1993-02-01,-0.09736864202789591
1993-02-02,-0.08638381039371625
1993-02-03,-0.07811705870483932
1993-02-04,-0.07256487835846463
1993-02-05,-0.06972491287937126
1993-02-06,-0.06959595691977472
1993-02-07,-0.07217795574774906
1993-02-08,-0.07644585107538651
1993-02-09,-0.08240145429730278
1993-02-10,-0.09004729311082442
1993-02-11,-0.09938661258880269
1993-02-12,-0.1104233765568983
1993-02-13,-0.12316226927592176
1993-02-14,-0.13760869742994328
1993-02-15,-0.15249766055887717
1993-02-16,-0.16783547788697223
1993-02-17,-0.18362865914269927
1993-02-18,-0.19988390732163241
1993-02-19,-0.2166081215313571
1993-02-20,-0.23380839991961283
1993-02-21,-0.2514920426869127
1993-02-22,-0.2705157568992334
1993-02-23,-0.29088761666590734
1993-02-24,-0.312616268280778
1993-02-25,-0.33571093389188766
1993-02-26,-0.36018141541557425
1993-02-27,-0.3860380986966334
1993-02-28,-0.41329195791631324
1993-03-01,-0.44283010889535374
1993-03-02,-0.47028574302002435
1993-03-03,-0.49567051310371596
1993-03-04,-0.5189951930366773
1993-03-05,-0.5402696823587045
1993-03-06,-0.5595030104607394
1993-03-07,-0.5767033404171523
1993-03-08,-0.5919005150110153
1993-03-09,-0.6051009842787328
1993-03-10,-0.6163103508082597
1993-03-11,-0.6255333721169714
1993-03-12,-0.6327739626708653
1993-03-13,-0.6380351955459509
1993-03-14,-0.6413193037325364
1993-03-15,-0.6426392252515181
1993-03-16,-0.6419955203084655
1993-03-17,-0.6393879156999425
1993-03-18,-0.634815304697554
1993-03-19,-0.6282757465782233
1993-03-20,-0.6197664658005052
1993-03-21,-0.6092838508265803
1993-03-22,-0.5951780009220335
1993-03-23,-0.5774429292341879
1993-03-24,-0.5560711085837431
1993-03-25,-0.5310534682700653
1993-03-26,-0.5023793902213689
1993-03-27,-0.4700367044881585
1993-03-28,-0.43401168407801793
1993-03-29,-0.39555559103800414
1993-03-30,-0.35465210370262895
1993-03-31,-0.31128386167501454
1993-04-01,-0.2654324584587323
1993-04-02,-0.22183219525901066
1993-04-03,-0.18046456710420855
1993-04-04,-0.14131201660522608
1993-04-05,-0.10483184709451765
1993-04-06,-0.07100857553476414
1993-04-07,-0.03982784653828919
1993-04-08,-0.011276426274297702
1993-04-09,0.014657803147872683
1993-04-10,0.03798584882186695
1993-04-11,0.05871761171598078
1993-04-12,0.0773221071545458
1993-04-13,0.09380723132063995
1993-04-14,0.1081799808865953
1993-04-15,0.1204464559835483
1993-04-16,0.13061186279047948
1993-04-17,0.1386805157438366
1993-04-18,0.1446558393686827
1993-04-19,0.14858858047554013
1993-04-20,0.15048040821173275
1993-04-21,0.1503321255132078
1993-04-22,0.14814366944531898
1993-04-23,0.14391411117611674
1993-04-24,0.13764165558212965
1993-04-25,0.1293236404864725
1993-04-26,0.11867449038145411
1993-04-27,0.10568968551865515
1993-04-28,0.09036371484313882
1993-04-29,0.07269007365443064
1993-04-30,0.05266126084577144
1993-05-01,0.030268775720472513
1993-05-02,0.008711742100875275
1993-05-03,-0.011904870738688345
1993-05-04,-0.031589812970990894
1993-05-05,-0.05035143934600472
1993-05-06,-0.06819771273685316
1993-05-07,-0.08513620751944034
1993-05-08,-0.10117411278719346
1993-05-09,-0.11631823540228214
1993-05-10,-0.13013419171124985
1993-05-11,-0.14262784552915014
1993-05-12,-0.15380449945492686
1993-05-13,-0.16366889712196103
1993-05-14,-0.17222522521138006
1993-05-15,-0.17947711522898258
1993-05-16,-0.18542764504653542
1993-05-17,-0.19048886050071923
1993-05-18,-0.19466290968976976
1993-05-19,-0.19795156417780593
1993-05-20,-0.20035621974672388
1993-05-21,-0.20187789698859918
1993-05-22,-0.20251724173884963
1993-05-23,-0.20227452535034351
1993-05-24,-0.2006955543914339
1993-05-25,-0.19777965870990905
1993-05-26,-0.19352560073143024
1993-05-27,-0.18793157493427654
1993-05-28,-0.18099520708303865
1993-05-29,-0.17271355322093862
1993-05-30,-0.16308309842034502
1993-05-31,-0.15267917415547966
1993-06-01,-0.14149736475750613
1993-06-02,-0.1308660983520086
1993-06-03,-0.1207808627808279
1993-06-04,-0.11123737763406413
1993-06-05,-0.10223159243337075
1993-06-06,-0.09375968491283668
1993-06-07,-0.0855437441527117
1993-06-08,-0.07758028311554209
1993-06-09,-0.06986592192217478
1993-06-10,-0.06239738641725763
1993-06-11,-0.0551715067796113
1993-06-12,-0.048185216176882845
1993-06-13,-0.04143554946391051
1993-06-14,-0.034822856601145424
1993-06-15,-0.028344331007046128
1993-06-16,-0.021997223043798697
1993-06-17,-0.015778838850305954
1993-06-18,-0.009686539198849736
1993-06-19,-0.0037177383749411597
1993-06-20,0.002130096920117397
1993-06-21,0.007546229485616174
1993-06-22,0.01253295805491536
1993-06-23,0.01709239911227406
1993-06-24,0.02122648779113584
1993-06-25,0.02493697869544445
1993-06-26,0.028225446644339153
1993-06-27,0.031093287340544354
1993-06-28,0.0334926401401625
1993-06-29,0.035424523384649714
1993-06-30,0.03688975701044736
1993-07-01,0.03788896289698236
1993-07-02,0.038018541187553254
1993-07-03,0.0372785468782177
1993-07-04,0.035668665898080196
1993-07-05,0.032540010021118566
1993-07-06,0.027891251372590124
1993-07-07,0.021720416910576242
1993-07-08,0.014024887588577211
1993-07-09,0.004801397243927634
1993-07-10,-0.0059539687884395155
1993-07-11,-0.01824577533746813
1993-07-12,-0.030236582747524762
1993-07-13,-0.041931480197774776
1993-07-14,-0.05333543127627413
1993-07-15,-0.06445327608663269
1993-07-16,-0.0752897333022672
1993-07-17,-0.08584940216911661
1993-07-18,-0.09613676445766996
1993-07-19,-0.10344302601533789
1993-07-20,-0.10777128779044058
1993-07-21,-0.10912338679852612
1993-07-22,-0.10749989690204319
1993-07-23,-0.1029001290539014
1993-07-24,-0.09532213100502393
1993-07-25,-0.08476268647576718
1993-07-26,-0.07747531714842248
1993-07-27,-0.07345693009297394
1993-07-28,-0.07270581981195368
1993-07-29,-0.0752216675165876
1993-07-30,-0.08100554099149448
1993-07-31,-0.09005989504787926
1993-08-01,-0.1023885725654113
1993-08-02,-0.11383033984145903
1993-08-03,-0.1243900530297111
1993-08-04,-0.13407219391946737
1993-08-05,-0.14288087183781548
1993-08-06,-0.15081982539372485
1993-08-07,-0.1578924240648002
1993-08-08,-0.16410166962736653
1993-08-09,-0.1693291142806292
1993-08-10,-0.17357697667438432
1993-08-11,-0.176847059700802
1993-08-12,-0.17914075125961554
1993-08-13,-0.18045902484717863
1993-08-14,-0.18080243996964013
1993-08-15,-0.1801711423804116
1993-08-16,-0.17811494093943353
1993-08-17,-0.17463296294671388
1993-08-18,-0.16972373056933862
1993-08-19,-0.16338516021424537
1993-08-20,-0.1556145616438976
1993-08-21,-0.14640863683448477
1993-08-22,-0.135763478576164
1993-08-23,-0.12402860336349524
1993-08-24,-0.11119903064092491
1993-08-25,-0.09726931523766791
1993-08-26,-0.08223354505664986
1993-08-27,-0.06608533856527497
1993-08-28,-0.04881784208695403
1993-08-29,-0.030423726892243846
1993-08-30,-0.010795144132385859
1993-08-31,0.010076237022313722
1993-09-01,0.0321992748742603
1993-09-02,0.05338907530060008
1993-09-03,0.07365463174832584
1993-09-04,0.09300454539366548
1993-09-05,0.11144702879262144
1993-09-06,0.12909243877666918
1993-09-07,0.14594826447058387
1993-09-08,0.16202165988109765
1993-09-09,0.1773194469332269
1993-09-10,0.19184811836565693
1993-09-11,0.20561384048641243
1993-09-12,0.2186224557899819
1993-09-13,0.23152880400660758
1993-09-14,0.24433836289239017
1993-09-15,0.2570565691237741
1993-09-16,0.26968882060500055
1993-09-17,0.28224047875910363
1993-09-18,0.2947168708034244
1993-09-19,0.30712329201060606
1993-09-20,0.31875774772201826
1993-09-21,0.32962517587282936
1993-09-22,0.3397301888537675
1993-09-23,0.34907707546872824
1993-09-24,0.3576698027550418
1993-09-25,0.3655120176671781
1993-09-26,0.3726070486245983
1993-09-27,0.3786400849439235
1993-09-28,0.3836136871868985
1993-09-29,0.38752996626666225
1993-09-30,0.39039058434366947
1993-10-01,0.3921967555311505
1993-10-02,0.39322160169023
1993-10-03,0.3934655577895923
1993-10-04,0.39438103598300805
1993-10-05,0.39596842482083827
1993-10-06,0.39822839802803933
1993-10-07,0.40116191479010804
1993-10-08,0.4047702201601817
1993-10-09,0.4090548455874684
1993-10-10,0.4140176095672293
1993-10-11,0.418866091598072
1993-10-12,0.4236023494891906
1993-10-13,0.42822839341922914
1993-10-14,0.43274618678944843
1993-10-15,0.4371576470570392
1993-10-16,0.44146464654893613
1993-10-17,0.4456690132564772
1993-10-18,0.4493687998659816
1993-10-19,0.45256557665343566
1993-10-20,0.4552607004056896
1993-10-21,0.4574553149963112
1993-10-22,0.459150351871071
1993-10-23,0.4603465304432706
1993-10-24,0.4610443583990783
1993-10-25,0.4611933650914888
1993-10-26,0.460793613762428
1993-10-27,0.45984493474808064
1993-10-28,0.4583469254068806
1993-10-29,0.4562989499486205
1993-10-30,0.45370013916460794
1993-10-31,0.45054939005875194
1993-11-01,0.44720279860604073
1993-11-02,0.44513314728094366
1993-11-03,0.444339557675023
1993-11-04,0.44482169297028573
1993-11-05,0.4465797577962297
1993-11-06,0.4496144983166934
1993-11-07,0.4539272025465453
1993-11-08,0.45902236674811786
1993-11-09,0.4649021534282894
1993-11-10,0.4715690581060725
1993-11-11,0.47902591037177117
1993-11-12,0.48727587508792436
1993-11-13,0.496322453732549
1993-11-14,0.5061694858852479
1993-11-15,0.5170017677604576
1993-11-16,0.5288238968320049
1993-11-17,0.5416408906880223
1993-11-18,0.5554581891605301
1993-11-19,0.5702816566342268
1993-11-20,0.586117584535473
1993-11-21,0.6029726940025195
1993-11-22,0.6211362195157081
1993-11-23,0.6406158701001652
1993-11-24,0.661419913375285
1993-11-25,0.6835571790637021
1993-11-26,0.70703706273883
1993-11-27,0.7318695298125648
1993-11-28,0.7580651197648369
1993-11-29,0.7856103990361366
1993-11-30,0.814517058487352
1993-12-01,0.8447973667809658
1993-12-02,0.872441680633183
1993-12-03,0.897461732937484
1993-12-04,0.9198681427893598
1993-12-05,0.9396704199933037
1993-12-06,0.9567551840057783
1993-12-07,0.9711296860002934
1993-12-08,0.9828000268517573
1993-12-09,0.9917711597258315
1993-12-10,0.9980468921811692
1993-12-11,1.0016298877854317
1993-12-12,1.0025216672457709
1993-12-13,1.0007199581122062
1993-12-14,0.9962239956972339
1993-12-15,0.9890318718092315
1993-12-16,0.9791405339425758
1993-12-17,0.9665457839820888
1993-12-18,0.9512422764212585
1993-12-19,0.9332235160934822
1993-12-20,0.910726692463977
1993-12-21,0.8837422573545278
1993-12-22,0.8522587579396284
1993-12-23,0.8162628318856351
1993-12-24,0.7757392016794795
1993-12-25,0.7306706681445347
1993-12-26,0.681038103140883
1993-12-27,0.6309420934603626
1993-12-28,0.5803613771845719
1993-12-29,0.5292744866742913
1993-12-30,0.47765973945811474
1993-12-31,0.4254952290299022
1994-01-01,0.3727588155511474
1994-01-02,0.3242727329236761
1994-01-03,0.2777973160401861
1994-01-04,0.23331283964655514
1994-01-05,0.19080042349037818
1994-01-06,0.1502420243077478
1994-01-07,0.11162042816527018
1994-01-08,0.07491924315406906
1994-01-09,0.04012289243267664
1994-01-10,0.007648598547810304
1994-01-11,-0.02251742135052437
1994-01-12,-0.050387970426844286
1994-01-13,-0.075974877594152
1994-01-14,-0.09928900253440287
1994-01-15,-0.12034024030760793
1994-01-16,-0.13913752555152803
1994-01-17,-0.1564218762788372
1994-01-18,-0.17220062837231598
1994-01-19,-0.1864804787034644
1994-01-20,-0.19926748797481109
1994-01-21,-0.21056708329221635
1994-01-22,-0.2203840604682643
1994-01-23,-0.22872258605771617
1994-01-24,-0.23289946306345455
1994-01-25,-0.23291646424979007
1994-01-26,-0.22877359683242415
1994-01-27,-0.2204691024815108
1994-01-28,-0.20799945657538083
1994-01-29,-0.19135936670461
1994-01-30,-0.17054177042579613
1994-01-31,-0.15003251957390001
1994-02-01,-0.12982290954308792
1994-02-02,-0.11027264585338309
1994-02-03,-0.0913734309155369
1994-02-04,-0.07311724346062115
1994-02-05,-0.05549633513561392
1994-02-06,-0.038503227214817165
1994-02-07,-0.0204300528649341
1994-02-08,-0.0012691414079858965
1994-02-09,0.018987639495080116
1994-02-10,0.04034888729594527
1994-02-11,0.06282366820787874
1994-02-12,0.08642152105365125
1994-02-13,0.11115246131403377
1994-02-14,0.1372673280588188
1994-02-15,0.16477720504835677
1994-02-16,0.19369376811797906
1994-02-17,0.22402929013349626
1994-02-18,0.2557966462000894
1994-02-19,0.2890093191268053
1994-02-20,0.3236814051489765
1994-02-21,0.35880110013683997
1994-02-22,0.3943833097105016
1994-02-23,0.4304431357920777
1994-02-24,0.46699588301530304
1994-02-25,0.504057065221176
1994-02-26,0.5416424120423948
1994-02-27,0.5797678755793828
1994-02-28,0.6205538259880634
1994-03-01,0.6640175737798938
1994-03-02,0.7059927644578247
1994-03-03,0.7464972132747038
1994-03-04,0.7855481112661276
1994-03-05,0.8231620325467189
1994-03-06,0.8593549413445709
1994-03-07,0.8929139137523104
1994-03-08,0.9238531929828713
1994-03-09,0.9521859103901196
1994-03-10,0.9779240910421089
1994-03-11,1.0010786588248002
1994-03-12,1.0216594410784143
1994-03-13,1.0396751727683848
1994-03-14,1.055048457616824
1994-03-15,1.067785820405449
1994-03-16,1.0778926671689912
1994-03-17,1.0853732874896462
1994-03-18,1.0902308563176721
1994-03-19,1.092467435318912
1994-03-20,1.0920839737498147
1994-03-21,1.0890242131429664
1994-03-22,1.0832868548643892
1994-03-23,1.0748694638450156
1994-03-24,1.063768467547189
1994-03-25,1.0499791544483963
1994-03-26,1.033495672041585
1994-03-27,1.0143110243512248
1994-03-28,0.9937625299587315
1994-03-29,0.9718414676023948
1994-03-30,0.9485385334705527
1994-03-31,0.9238438372528349
1994-04-01,0.8977468979424849
1994-04-02,0.873092362404268
1994-04-03,0.8498697666765597
1994-04-04,0.8274797620893479
1994-04-05,0.8059128458009176
1994-04-06,0.785159864307482
1994-04-07,0.7652120095582217
1994-04-08,0.7460608152169419
1994-04-09,0.7276981530687613
1994-04-10,0.7101162295703071
1994-04-11,0.6932100662359677
1994-04-12,0.6769724876945389
1994-04-13,0.6613966023378426
1994-04-14,0.6464757993957676
1994-04-15,0.6322037461305036
1994-04-16,0.6185743851487793
1994-04-17,0.6055819318309632
1994-04-18,0.5919358843356444
1994-04-19,0.5776304509610445
1994-04-20,0.5626595601465931
1994-04-21,0.5470168578960153
1994-04-22,0.5306957050805466
1994-04-23,0.5136891746211325
1994-04-24,0.49599004854841294
1994-04-25,0.4791972150569268
1994-04-26,0.4633035468753065
1994-04-27,0.44830229835897584
1994-04-28,0.434187102627141
1994-04-29,0.42095196886053726
1994-04-30,0.4085912797587852
1994-05-01,0.397099789156277
1994-05-02,0.3874866590625701
1994-05-03,0.37974780944037323
1994-05-04,0.3738799557408722
1994-05-05,0.3698806075096903
1994-05-06,0.36774806732988186
1994-05-07,0.36748143010150813
1994-05-08,0.3690805826574919
1994-05-09,0.3708401027786906
1994-05-10,0.3727607372466042
1994-05-11,0.37484330122343
1994-05-12,0.37708867859803713
1994-05-13,0.3794978223611094
1994-05-14,0.382071755009617
1994-05-15,0.3848115689807876
1994-05-16,0.3880740915517873
1994-05-17,0.3918607074135152
1994-05-18,0.3961730236943233
1994-05-19,0.40101287064211877
1994-05-20,0.40638230240116474
1994-05-21,0.41228359788390667
1994-05-22,0.41871926173819596
1994-05-23,0.42541940336079487
1994-05-24,0.4323868664485441
1994-05-25,0.43962460815576776
1994-05-26,0.4471357003493584
1994-05-27,0.4549233309125497
1994-05-28,0.4629908050979282
1994-05-29,0.4713415469302604
1994-05-30,0.4802497123339972
1994-05-31,0.48971908214292437
1994-06-01,0.4997536753791051
1994-06-02,0.5086594028082845
1994-06-03,0.5164400442295145
1994-06-04,0.5230989019290267
1994-06-05,0.528638802081799
1994-06-06,0.5328801074225789
1994-06-07,0.5358246180605697
1994-06-08,0.537473583714967
1994-06-09,0.5378277042453687
1994-06-10,0.5368871299488119
1994-06-11,0.5346514616235623
1994-06-12,0.5311197503996836
1994-06-13,0.5265085032265346
1994-06-14,0.5208157629829445
1994-06-15,0.5140391135367838
1994-06-16,0.5061756787195016
1994-06-17,0.49722212110541275
1994-06-18,0.4871746405952154
1994-06-19,0.47602897280314105
1994-06-20,0.4640894193757747
1994-06-21,0.45135091288734064
1994-06-22,0.4378080468176937
1994-06-23,0.4234550732576664
1994-06-24,0.4082859004695214
1994-06-25,0.39229409030147555
1994-06-26,0.37547285545519815
1994-06-27,0.3572586951600517
1994-06-28,0.33764387890032377
1994-06-29,0.31662008168914546
1994-06-30,0.29417838053517154
1994-07-01,0.27030925065545464
1994-07-02,0.24780721033706032
1994-07-03,0.2266627091876883
1994-07-04,0.20748329148005806
1994-07-05,0.19026081702063125
1994-07-06,0.1749879761883627
1994-07-07,0.16165828683232636
1994-07-08,0.1502660915205387
1994-07-09,0.1408065551388124
1994-07-10,0.13327566283862052
1994-07-11,0.12817507627967145
1994-07-12,0.12550263065371187
1994-07-13,0.12525719171230174
1994-07-14,0.12743865528541265
1994-07-15,0.1320479472372159
1994-07-16,0.13908702385904095
1994-07-17,0.14855887269967072
1994-07-18,0.15903192029188992
1994-07-19,0.1705106116420923
1994-07-20,0.18299981857540734
1994-07-21,0.1965048418034169
1994-07-22,0.21103141317390134
1994-07-23,0.2265856981035697
1994-07-24,0.24317429819480688
1994-07-25,0.26084742979549475
1994-07-26,0.27961259379611175
1994-07-27,0.29947775457123216
1994-07-28,0.3204513433597938
1994-07-29,0.3425422618435126
1994-07-30,0.365759885924965
1994-07-31,0.3901140697069402
1994-08-01,0.4164867806811121
1994-08-02,0.44159369207153704
1994-08-03,0.46544545983873337
1994-08-04,0.48805220723090476
1994-08-05,0.5094235290804832
1994-08-06,0.5295684958763996
1994-08-07,0.5484956576138128
1994-08-08,0.5658231886886711
1994-08-09,0.581558443310505
1994-08-10,0.5957080998894699
1994-08-11,0.6082781638708202
1994-08-12,0.6192739702837605
1994-08-13,0.6287001860057571
1994-08-14,0.6365608117432693
1994-08-15,0.6428163150349989
1994-08-16,0.6474693508628775
1994-08-17,0.6505218940841593
1994-08-18,0.6519752402695947
1994-08-19,0.6518300062533033
1994-08-20,0.650086130394571
1994-08-21,0.6467428725516886
1994-08-22,0.6424318532385351
1994-08-23,0.6371512427576661
1994-08-24,0.6308987998944645
1994-08-25,0.6236718709659163
1994-08-26,0.6154673886943248
1994-08-27,0.6062818709054866
1994-08-28,0.5961114190507761
1994-08-29,0.584406318634265
1994-08-30,0.5711616017375191
1994-08-31,0.5563716469928551
1994-09-01,0.540030177197498
1994-09-02,0.524606096964167
1994-09-03,0.5100928599523965
1994-09-04,0.49648430640489094
1994-09-05,0.4834877142964936
1994-09-06,0.471097567569485
1994-09-07,0.4593086075557522
1994-09-08,0.4481158307448866
1994-09-09,0.43751448666057774
1994-09-10,0.4275000758443993
1994-09-11,0.4180683479461345
1994-09-12,0.4093360734095454
1994-09-13,0.4012995460530452
1994-09-14,0.3939553549864257
1994-09-15,0.3873003831631959
1994-09-16,0.3813318060576346
1994-09-17,0.37604709046599555
1994-09-18,0.3714439934313565
1994-09-19,0.3676942321622124
1994-09-20,0.36479621517216276
1994-09-21,0.36274871247500373
1994-09-22,0.3615508550626936
1994-09-23,0.36120213453652505
1994-09-24,0.36170240289134936
1994-09-25,0.36305187245275883
1994-09-26,0.3655254165110986
1994-09-27,0.36912408489633053
1994-09-28,0.37384940496750063
1994-09-29,0.37970338226098654
1994-09-30,0.3866885013416932
1994-10-01,0.39480772685756127
1994-10-02,0.4030791019870137
1994-10-03,0.41179206418917536
1994-10-04,0.4209503114490267
1994-10-05,0.43055773074094333
1994-10-06,0.4406183996784186
1994-10-07,0.4511365882446984
1994-10-08,0.46211676060506157
1994-10-09,0.47356357700151663
1994-10-10,0.48472591449930613
1994-10-11,0.4956085106555842
1994-10-12,0.5062159842987356
1994-10-13,0.5165528374887147
1994-10-14,0.5266234574278247
1994-10-15,0.5364321183227493
1994-10-16,0.5459829831986258
1994-10-17,0.5553266679413886
1994-10-18,0.5644671382294189
1994-10-19,0.5734082734921293
1994-10-20,0.5821538685564849
1994-10-21,0.5907076352576164
1994-10-22,0.5990732040142095
1994-10-23,0.6072541253693398
1994-10-24,0.6155290968135314
1994-10-25,0.6239016304382412
1994-10-26,0.6323752797425979
1994-10-27,0.6409536411415898
1994-10-28,0.6496403554924679
1994-10-29,0.6584391096400106
1994-10-30,0.6673536379813066
1994-10-31,0.6762128807062793
1994-11-01,0.6850205978847843
1994-11-02,0.6934527568414626
1994-11-03,0.7015129363818281
1994-11-04,0.7092045574346294
1994-11-05,0.716530884503771
1994-11-06,0.7234950270538452
1994-11-07,0.7302849855070894
1994-11-08,0.7369036416807083
1994-11-09,0.7433538046872118
1994-11-10,0.7496382121266683
1994-11-11,0.7557595312486058
1994-11-12,0.7617203600840556
1994-11-13,0.7675232285482168
1994-11-14,0.7729934025361895
1994-11-15,0.7781332037177783
1994-11-16,0.7829448135448397
1994-11-17,0.7874302741771418
1994-11-18,0.7915914893491052
1994-11-19,0.7954302251777922
1994-11-20,0.7989481109124876
1994-11-21,0.8024204167712907
1994-11-22,0.8058486164820355
1994-11-23,0.8092341650528752
1994-11-24,0.8125784993898209
1994-11-25,0.815883038906599
1994-11-26,0.8191491861270837
1994-11-27,0.82237832728056
1994-11-28,0.8252119072891214
1994-11-29,0.8276511287904089
1994-11-30,0.8296970270470889
1994-12-01,0.8313504703862404
1994-12-02,0.8321470504575905
1994-12-03,0.8320871053483556
1994-12-04,0.8311706096164292
1994-12-05,0.8298480364669352
1994-12-06,0.8281188245688899
1994-12-07,0.8259822400043126
1994-12-08,0.823437375956733
1994-12-09,0.8204831523263174
1994-12-10,0.817118315271449
1994-12-11,0.8133414366765683
1994-12-12,0.808970619738647
1994-12-13,0.8040040093807305
1994-12-14,0.798439497657199
1994-12-15,0.7922747228591069
1994-12-16,0.7855070685118174
1994-12-17,0.7781336622645102
1994-12-18,0.7701513746710882
1994-12-19,0.760774295444631
1994-12-20,0.7499984447333576
1994-12-21,0.7378192490141469
1994-12-22,0.7242315391514286
1994-12-23,0.70922954820328
1994-12-24,0.692806908973802
1994-12-25,0.6749566513107316
1994-12-26,0.6565994283850539
1994-12-27,0.6377274489619297
1994-12-28,0.6183327033318204
1994-12-29,0.5984069599109803
1994-12-30,0.5779417617477796
1994-12-31,0.5569284229333763
1995-01-01,0.5353580249152137
1995-01-02,0.5144652022117326
1995-01-03,0.4942410874202329
1995-01-04,0.4746770969532953
1995-01-05,0.455764927395706
1995-01-06,0.4374965519802935
1995-01-07,0.4198642171811801
1995-01-08,0.4028604394230047
1995-01-09,0.3860285620224982
1995-01-10,0.3693614411371445
1995-01-11,0.35285200285094664
1995-01-12,0.3364932401720915
1995-01-13,0.32027821005901846
1995-01-14,0.3042000304736301
1995-01-15,0.28825187746039405
1995-01-16,0.27100695675669045
1995-01-17,0.25245794921476294
1995-01-18,0.23259698220189481
1995-01-19,0.21141562625907895
1995-01-20,0.18890489152335888
1995-01-21,0.1650552239123202
1995-01-22,0.13985650106911457
1995-01-23,0.11421373811763547
1995-01-24,0.08811605166942627
1995-01-25,0.061552365255856556
1995-01-26,0.03451140462700908
1995-01-27,0.006981692966625319
1995-01-28,-0.021048453978924964
1995-01-29,-0.04959093285971311
1995-01-30,-0.07863550692545929
1995-01-31,-0.10819450337283515
1995-02-01,-0.13828046773140545
1995-02-02,-0.16703146085025566
1995-02-03,-0.19445968532343638
1995-02-04,-0.22057678233104128
1995-02-05,-0.24539383657999622
1995-02-06,-0.26784346348809795
1995-02-07,-0.2879351912021693
1995-02-08,-0.3056775471214573
1995-02-09,-0.32107806151685986
1995-02-10,-0.3341432707269499
1995-02-11,-0.34487871993215025
1995-02-12,-0.35328896550823724
1995-02-13,-0.3606834154554807
1995-02-14,-0.3670652081514163
1995-02-15,-0.3724370521781532
1995-02-16,-0.37680122747195954
1995-02-17,-0.3801595862909211
1995-02-18,-0.38251355400108233
1995-02-19,-0.38386412968140593
1995-02-20,-0.3843099977151395
1995-02-21,-0.38385134733910675
1995-02-22,-0.38248798389135885
1995-02-23,-0.3802193287285556
1995-02-24,-0.3770444189803751
1995-02-25,-0.37296190714085
1995-02-26,-0.3679700604964534
1995-02-27,-0.36161372740485886
1995-02-28,-0.35389021008960864
1995-03-01,-0.34479623050927843
1995-03-02,-0.33641712907802973
1995-03-03,-0.3287493495092033
1995-03-04,-0.321789637417778
1995-03-05,-0.31553503893913404
1995-03-06,-0.30974610795200297
1995-03-07,-0.30442038749865363
1995-03-08,-0.29955561721874124
1995-03-09,-0.29514973238995773
1995-03-10,-0.29120086305171505
1995-03-11,-0.28770733321149033
1995-03-12,-0.2846676601334955
1995-03-13,-0.28261790792391156
1995-03-14,-0.28155720661995115
1995-03-15,-0.2814851060351679
1995-03-16,-0.2824015755683869
1995-03-17,-0.2843070041907171
1995-03-18,-0.28720220061063934
1995-03-19,-0.2910883936172416
1995-03-20,-0.29629485632657493
1995-03-21,-0.30282379848320773
1995-03-22,-0.3106779911229225
1995-03-23,-0.31986076774880834
1995-03-24,-0.3303760257460776
1995-03-25,-0.34222822803620706
1995-03-26,-0.3554224049711068
1995-03-27,-0.3693467325259666
1995-03-28,-0.384007120511132
1995-03-29,-0.3994097911382136
1995-03-30,-0.4155612816609394
1995-03-31,-0.4324684471497184
1995-04-01,-0.45013846340109276
1995-04-02,-0.4667661847209409
1995-04-03,-0.48195590279717965
1995-04-04,-0.49571406450149325
1995-04-05,-0.5080465091195527
1995-04-06,-0.5189584708293464
1995-04-07,-0.5284545809226872
1995-04-08,-0.5365388697708402
1995-04-09,-0.5432147685351084
1995-04-10,-0.5486598655472865
1995-04-11,-0.5528764718339232
1995-04-12,-0.5558663770213654
1995-04-13,-0.5576308500953175
1995-04-14,-0.5581706399394282
1995-04-15,-0.5574859756531347
1995-04-16,-0.5555765666488977
1995-04-17,-0.5530713008902581
1995-04-18,-0.5499691150838225
1995-04-19,-0.5462686925893653
1995-04-20,-0.5419684628610161
1995-04-21,-0.537066600780683
1995-04-22,-0.5315610258834302
1995-04-23,-0.5254494014744798
1995-04-24,-0.5177250553949092
1995-04-25,-0.508384709251547
1995-04-26,-0.4974243987829916
1995-04-27,-0.48483947217708623
1995-04-28,-0.4706245880965809
1995-04-29,-0.45477371341214334
1995-04-30,-0.4372801206417591
1995-05-01,-0.4188825798466672
1995-05-02,-0.40061126091199073
1995-05-03,-0.38245840906255374
1995-05-04,-0.3644163198033824
1995-05-05,-0.3464773356497375
1995-05-06,-0.3286338428770983
1995-05-07,-0.3108782682897202
1995-05-08,-0.29305298554345416
1995-05-09,-0.2751504291713168
1995-05-10,-0.25716300090959004
1995-05-11,-0.23908306647294056
1995-05-12,-0.22090295231425044
1995-05-13,-0.202614942367784
1995-05-14,-0.18421127477430957
1995-05-15,-0.165255827576617
1995-05-16,-0.14574055563949184
1995-05-17,-0.12565717622500405
1995-05-18,-0.10499716547712057
1995-05-19,-0.08375175480398145
1995-05-20,-0.06191192715630389
1995-05-21,-0.03946841320033634
1995-05-22,-0.017021801307619766
1995-05-23,0.0054374353890255245
1995-05-24,0.027918829115041177
1995-05-25,0.050431921499831
1995-05-26,0.07298626762645083
1995-05-27,0.09559144008700932
1995-05-28,0.118257033045501
1995-05-29,0.14059553273636488
1995-05-30,0.16261642014143368
1995-05-31,0.18432904144045542
1995-06-01,0.20574261197783156
1995-06-02,0.22434804306731443
1995-06-03,0.24015323128909405
1995-06-04,0.2531648847347819
1995-06-05,0.26416231316556216
1995-06-06,0.27315018414732306
1995-06-07,0.2801323123427623
1995-06-08,0.2851116611304186
1995-06-09,0.288090343862399
1995-06-10,0.2890696247613353
1995-06-11,0.2880499194569491
1995-06-12,0.2853099347612394
1995-06-13,0.28084850776060505
1995-06-14,0.27466374492106105
1995-06-15,0.26675302128457823
1995-06-16,0.2571129793549903
1995-06-17,0.24573952767299312
1995-06-18,0.2326278390796344
1995-06-19,0.21635680207466984
1995-06-20,0.19691951084936699
1995-06-21,0.17430771576263412
1995-06-22,0.1485118198396799
1995-06-23,0.11952087469883221
1995-06-24,0.08732257590478981
1995-06-25,0.05190325774633081
1995-06-26,0.013974855283602743
1995-06-27,-0.026478729184656834
1995-06-28,-0.06947466510602505
1995-06-29,-0.11503120096150937
1995-06-30,-0.1631676720106281
1995-07-01,-0.21390450849774906
1995-07-02,-0.26105219975825794
1995-07-03,-0.30375336293973404
1995-07-04,-0.3420261214147376
1995-07-05,-0.37588671903727816
1995-07-06,-0.4053495270370865
1995-07-07,-0.4304270501190997
1995-07-08,-0.451129931770751
1995-07-09,-0.4674669587793148
1995-07-10,-0.4794389607193329
1995-07-11,-0.4870510187884889
1995-07-12,-0.49030636372229597
1995-07-13,-0.48920637716529625
1995-07-14,-0.48375059225746286
1995-07-15,-0.47393669343605416
1995-07-16,-0.45976051545283414
1995-07-17,-0.4419174288288595
1995-07-18,-0.4203998605407645
1995-07-19,-0.3951986780292085
1995-07-20,-0.36630318532280315
1995-07-21,-0.33370111849849315
1995-07-22,-0.29737864047645945
1995-07-23,-0.2573203351473397
1995-07-24,-0.21530544034278634
1995-07-25,-0.17131612395859158
1995-07-26,-0.12533371589984268
1995-07-27,-0.0773387001568942
1995-07-28,-0.027310706522320552
1995-07-29,0.024771498054679444
1995-07-30,0.0789300184800856
1995-07-31,0.13696803580093359
1995-08-01,0.19891018270945604
1995-08-02,0.25772022590300503
1995-08-03,0.31342312573965236
1995-08-04,0.3660425238331441
1995-08-05,0.41560075308695427
1995-08-06,0.4621188471728915
1995-08-07,0.5057446511990874
1995-08-08,0.5464966809773075
1995-08-09,0.5843922326223001
1995-08-10,0.6194473898926716
1995-08-11,0.6516770310172112
1995-08-12,0.6810948350095591
1995-08-13,0.7077132874738987
1995-08-14,0.7318870384296268
1995-08-15,0.753626347782145
1995-08-16,0.7729404422028882
1995-08-17,0.7898375190453426
1995-08-18,0.8043247498241929
1995-08-19,0.8164082832590804
1995-08-20,0.8260932478842646
1995-08-21,0.8328527705570192
1995-08-22,0.8366897201768915
1995-08-23,0.8376057252350582
1995-08-24,0.8356011745054934
1995-08-25,0.8306752172099754
1995-08-26,0.8228257626569957
1995-08-27,0.8120494793544195
1995-08-28,0.7982842431640582
1995-08-29,0.7815242117976622
1995-08-30,0.7617622719058534
1995-08-31,0.7389900360590516
1995-09-01,0.7131978391876532
1995-09-02,0.6873278765746572
1995-09-03,0.6613691684027554
1995-09-04,0.6362011670577845
1995-09-05,0.6118131906512199
1995-09-06,0.5881948883553679
1995-09-07,0.5653362360102323
1995-09-08,0.5432275318690264
1995-09-09,0.5218593924805248
1995-09-10,0.5012227487065071
1995-09-11,0.48080744965705124
1995-09-12,0.46060483060166657
1995-09-13,0.440606317076227
1995-09-14,0.4208034212437681
1995-09-15,0.40118773829205023
1995-09-16,0.3817509428663601
1995-09-17,0.3624847855360348
1995-09-18,0.34209114346338726
1995-09-19,0.3205613611096545
1995-09-20,0.2978863007315601
1995-09-21,0.27405633850304334
1995-09-22,0.24906136043068094
1995-09-23,0.22289075806107275
1995-09-24,0.19553342397836543
1995-09-25,0.16807353428113808
1995-09-26,0.14049943434983475
1995-09-27,0.11279942109140567
1995-09-28,0.08496173797223827
1995-09-29,0.056974570028411387
1995-09-30,0.028826038851147373
1995-10-01,0.0005041975453373149
1995-10-02,-0.02563140783283946
1995-10-03,-0.04959186984569397
1995-10-04,-0.07138735787381084
1995-10-05,-0.09102712243216976
1995-10-06,-0.1085194990962815
1995-10-07,-0.1238719120400007
1995-10-08,-0.1370908771865189
1995-10-09,-0.14926860967480823
1995-10-10,-0.16041027801940966
1995-10-11,-0.17052061100500537
1995-10-12,-0.17960389969342505
1995-10-13,-0.18766399924487284
1995-10-14,-0.1947043305541479
1995-10-15,-0.2007278817025521
1995-10-16,-0.20565611184796434
1995-10-17,-0.20949111264654396
1995-10-18,-0.21223451176234193
1995-10-19,-0.2138874735581193
1995-10-20,-0.21445069958952975
1995-10-21,-0.21392442890287655
1995-10-22,-0.21230843813656936
1995-10-23,-0.2089639639377842
1995-10-24,-0.20388958683343394
1995-10-25,-0.19708315313917105
1995-10-26,-0.18854177404531283
1995-10-27,-0.17826182439076407
1995-10-28,-0.16623894112441276
1995-10-29,-0.15246802145334987
1995-10-30,-0.13728612996237172
1995-10-31,-0.12068682310158013
1995-11-01,-0.10266305573683648
1995-11-02,-0.08503109904996736
1995-11-03,-0.06778346962609125
1995-11-04,-0.050912847167807695
1995-11-05,-0.03441207138829164
1995-11-06,-0.018852290309743114
1995-11-07,-0.004226899997083117
1995-11-08,0.00947030690746814
1995-11-09,0.022245143818938884
1995-11-10,0.034103032676955775
1995-11-11,0.045049006246941
1995-11-12,0.055087710256136374
1995-11-13,0.06508893667114565
1995-11-14,0.07505693024641757
1995-11-15,0.08499592163160632
1995-11-16,0.09491012916715816
1995-11-17,0.10480376067467365
1995-11-18,0.11468101524280594
1995-11-19,0.12454608500945194
1995-11-20,0.1340094919147598
1995-11-21,0.1430752524499974
1995-11-22,0.1517472143360107
1995-11-23,0.16002905815628682
1995-11-24,0.16792429891908003
1995-11-25,0.17543628754926302
1995-11-26,0.182568212310538
1995-11-27,0.18905436877803614
1995-11-28,0.1948975098282927
1995-11-29,0.20010011542705775
1995-11-30,0.20466439368185155
1995-12-01,0.20859228177913755
1995-12-02,0.21093230698857746
1995-12-03,0.21168546247161021
1995-12-04,0.20988541046285492
1995-12-05,0.20553138697813053
1995-12-06,0.19862154406801663
1995-12-07,0.18915294903354057
1995-12-08,0.1771215831814713
1995-12-09,0.16252234011869204
1995-12-10,0.14534902358492757
1995-12-11,0.12801974398002333
1995-12-12,0.11052714635233207
1995-12-13,0.09286380643421716
1995-12-14,0.07502222749101956
1995-12-15,0.05699483713926859
1995-12-16,0.038773984132785155
1995-12-17,0.020351935115313587
1995-12-18,0.0005476522663488553
1995-12-19,-0.020647269815030442
1995-12-20,-0.04324182674956783
1995-12-21,-0.06724560819577957
1995-12-22,-0.09266880192003078
1995-12-23,-0.11952219812046164
1995-12-24,-0.14781719400659965
1995-12-25,-0.17831864934090422
1995-12-26,-0.2110395096545381
1995-12-27,-0.24599366244605628
1995-12-28,-0.283195943075584
1995-12-29,-0.32266214106129176
1995-12-30,-0.36440900678083554
1995-12-31,-0.40845425858060946
1996-01-01,-0.4540877365316278
1996-01-02,-0.4958134947705644
1996-01-03,-0.533649242685305
1996-01-04,-0.5676110386523545
1996-01-05,-0.5977132968523876
1996-01-06,-0.6239687933879656
1996-01-07,-0.6463886717060119
1996-01-08,-0.6663696922415965
1996-01-09,-0.6839203354072503
1996-01-10,-0.6990480501064941
1996-01-11,-0.7117592568953278
1996-01-12,-0.7220593507072655
1996-01-13,-0.7299527031430706
1996-01-14,-0.7354426643261658
1996-01-15,-0.7335374257926186
1996-01-16,-0.7242361789146264
1996-01-17,-0.7075349760254301
1996-01-18,-0.6834267287438339
1996-01-19,-0.6519012049657276
1996-01-20,-0.6129450245213447
1996-01-21,-0.5665416534964048
1996-01-22,-0.5175727973567079
1996-01-23,-0.4660176725741817
1996-01-24,-0.4118543979478422
1996-01-25,-0.35505998531689875
1996-01-26,-0.29561032980404245
1996-01-27,-0.23348019958476945
1996-01-28,-0.16864322517840838
1996-01-29,-0.10036663775889684
1996-01-30,-0.028621459145343406
1996-01-31,0.04662276099438725
1996-02-01,0.12539795806750687
1996-02-02,0.19914806065289048
1996-02-03,0.2679043700193069
1996-02-04,0.33169606795286466
1996-02-05,0.3917735818660312
1996-02-06,0.4481624100611008
1996-02-07,0.500886485275861
1996-02-08,0.549968184841205
1996-02-09,0.5954283401785939
1996-02-10,0.6372862456414004
1996-02-11,0.6755596667038829
1996-02-12,0.7095323052713096
1996-02-13,0.7392185801262091
1996-02-14,0.7646310908180796
1996-02-15,0.7857806230109322
1996-02-16,0.8026761530609796
1996-02-17,0.8153248518264116
1996-02-18,0.823732087710874
1996-02-19,0.827263443036403
1996-02-20,0.8259204165928071
1996-02-21,0.8197024383682459
1996-02-22,0.8086068693073047
1996-02-23,0.7926290001909155
1996-02-24,0.7717620496376565
1996-02-25,0.7459971612255727
1996-02-26,0.7162432403995205
1996-02-27,0.6824876588994689
1996-02-28,0.6447160900669873
1996-02-29,0.6029125027646738
1996-03-01,0.5570591545721684
1996-03-02,0.5135799845377185
1996-03-03,0.4724565390844549
1996-03-04,0.43318704075445025
1996-03-05,0.39575482265398404
1996-03-06,0.3601439976740441
1996-03-07,0.3263394517474667
1996-03-08,0.29432683743417243
1996-03-09,0.26409256783177704
1996-03-10,0.23562381080899253
1996-03-11,0.21024991681303462
1996-03-12,0.18796011656972156
1996-03-13,0.16874494976640542
1996-03-14,0.1525962610367957
1996-03-15,0.13950719649962995
1996-03-16,0.12947220084972655
1996-03-17,0.12248701500018372
1996-03-18,0.11943766426080132
1996-03-19,0.12032285441579227
1996-03-20,0.12514296116056556
1996-03-21,0.1339000302611803
1996-03-22,0.14659777842261645
1996-03-23,0.16324159486623158
1996-03-24,0.18383854361707253
1996-03-25,0.2050312177477298
1996-03-26,0.22682861192486345
1996-03-27,0.2492399774724679
1996-03-28,0.27227482629834965
1996-03-29,0.2959429349312036
1996-03-30,0.3202543486699999
1996-03-31,0.345219385847446
1996-04-01,0.37124164258166015
1996-04-02,0.39594547281052134
1996-04-03,0.4193413614174741
1996-04-04,0.4414392381649419
1996-04-05,0.46224848190875123
1996-04-06,0.4817779245787365
1996-04-07,0.5000358549272184
1996-04-08,0.5175663110868234
1996-04-09,0.5343767333932351
1996-04-10,0.5504742565829258
1996-04-11,0.5658657128213057
1996-04-12,0.580557634602454
1996-04-13,0.5945562575216622
1996-04-14,0.6078675229219662
1996-04-15,0.6215458626936393
1996-04-16,0.6355970822440575
1996-04-17,0.6500271452394975
1996-04-18,0.6648421761362561
1996-04-19,0.6800484627800134
1996-04-20,0.695652459074541
1996-04-21,0.7116607877208897
1996-04-22,0.7264590836600203
1996-04-23,0.7400536276349056
1996-04-24,0.7524501894880247
1996-04-25,0.7636540306102201
1996-04-26,0.7736699061737553
1996-04-27,0.7825020671505204
1996-04-28,0.7901542621162441
1996-04-29,0.7975222202257864
1996-04-30,0.8046090686129276
1996-05-01,0.8114178151019051
1996-05-02,0.817265128647631
1996-05-03,0.8221534909867597
1996-05-04,0.8260849768546213
1996-05-05,0.829061254865787
1996-05-06,0.8319490865883383
1996-05-07,0.8347496976856134
1996-05-08,0.837464276802476
1996-05-09,0.840093976069806
1996-05-10,0.8426399115934884
1996-05-11,0.8451031639281166
1996-05-12,0.8474847785356041
1996-05-13,0.8488430745147442
1996-05-14,0.8491786283581249
1996-05-15,0.8484915824826467
1996-05-16,0.8467816452899684
1996-05-17,0.8440480910427449
1996-05-18,0.8402897595566077
1996-05-19,0.8355050557077555
1996-05-20,0.8299089643698947
1996-05-21,0.8234991104309521
1996-05-22,0.8162727733989705
1996-05-23,0.8082268862474686
1996-05-24,0.799358034113722
1996-05-25,0.7896624528494164
1996-05-26,0.779136027423055
1996-05-27,0.7677180082413204
1996-05-28,0.7554035492297706
1996-05-29,0.7421874238439294
1996-05-30,0.7280640228510189
1996-05-31,0.7130273519492698
1996-06-01,0.6970710292237992
1996-06-02,0.6810629211696793
1996-06-03,0.6656208754745253
1996-06-04,0.6507383381729093
1996-06-05,0.6364089927678537
1996-06-06,0.6226267575499631
1996-06-07,0.6093857830162038
1996-06-08,0.5966804493872383
1996-06-09,0.5845053642222588
1996-06-10,0.5719435335278987
1996-06-11,0.5589896257693526
1996-06-12,0.5456381430051378
1996-06-13,0.5318834185536386
1996-06-14,0.5177196145880341
1996-06-15,0.503140719658588
1996-06-16,0.4881405461412489
1996-06-17,0.47305660878361283
1996-06-18,0.45788250560980726
1996-06-19,0.4426117963754782
1996-06-20,0.42723799983439953
1996-06-21,0.4117545909876808
1996-06-22,0.3961549983144048
1996-06-23,0.3804326009825204
1996-06-24,0.36443000529384884
1996-06-25,0.3481404193724318
1996-06-26,0.3315569295369426
1996-06-27,0.3146724973663584
1996-06-28,0.2974799567126891
1996-06-29,0.27997201065949723
1996-06-30,0.26214122842491516
1996-07-01,0.2443736479423051
1996-07-02,0.22780250939882815
1996-07-03,0.2124207796156385
1996-07-04,0.19822193022679202
1996-07-05,0.18519993490845518
1996-07-06,0.17334926682119184
1996-07-07,0.16266489626424374
1996-07-08,0.1531394372759375
1996-07-09,0.14476884702864992
1996-07-10,0.13754957284806715
1996-07-11,0.13147855070534684
1996-07-12,0.12655320391667252
1996-07-13,0.12277144204964863
1996-07-14,0.12013166003607231
1996-07-15,0.11772173543162259
1996-07-16,0.11554064540792208
1996-07-17,0.11358746425934259
1996-07-18,0.11186136301011405
1996-07-19,0.11036160906248765
1996-07-20,0.10908756588580432
1996-07-21,0.10803869274633626
1996-07-22,0.10765419114993646
1996-07-23,0.10793389790513269
1996-07-24,0.10887793172601512
1996-07-25,0.11048669328262098
1996-07-26,0.11276086537098862
1996-07-27,0.11570141320295199
1996-07-28,0.11930958481579904
1996-07-29,0.12376699855764073
1996-07-30,0.12907554625914117
1996-07-31,0.1352374809921274
1996-08-01,0.142255418025846
1996-08-02,0.1489910056104
1996-08-03,0.15544710248672544
1996-08-04,0.16162644877336382
1996-08-05,0.16780960104282544
1996-08-06,0.17399918356957572
1996-08-07,0.18019782335723145
1996-08-08,0.18640815125352314
1996-08-09,0.19263280306688788
1996-08-10,0.19887442068516814
1996-08-11,0.20513565319689114
1996-08-12,0.21142969935040956
1996-08-13,0.21775923048614745
1996-08-14,0.22412693300518513
1996-08-15,0.23053550950943105
1996-08-16,0.23698767994866915
1996-08-17,0.24348618277496917
1996-08-18,0.25003377610494976
1996-08-19,0.25646110481143136
1996-08-20,0.26277089680307114
1996-08-21,0.268965830103195
1996-08-22,0.27504853398641343
1996-08-23,0.2810215900945468
1996-08-24,0.2868875335323347
1996-08-25,0.29264885394339407
1996-08-26,0.297902139585995
1996-08-27,0.30264962007745394
1996-08-28,0.3068933103595491
1996-08-29,0.31063501155370876
1996-08-30,0.31387631172544905
1996-08-31,0.31661858655838643
1996-09-01,0.31886299993810996
1996-09-02,0.3208001553899986
1996-09-03,0.3224308750881421
1996-09-04,0.3237558511481275
1996-09-05,0.3247756459207898
1996-09-06,0.32549069223088656
1996-09-07,0.3259012935607989
1996-09-08,0.32600762417933626
1996-09-09,0.3258600130065964
1996-09-10,0.32545839739294463
1996-09-11,0.32480260688331947
1996-09-12,0.3238923631448878
1996-09-13,0.3227272798489137
1996-09-14,0.32130686250679164
1996-09-15,0.31963050826017386
1996-09-16,0.3181133025549999
1996-09-17,0.3167546014536766
1996-09-18,0.31555382829167256
1996-09-19,0.31451047343276817
1996-09-20,0.313624094052754
1996-09-21,0.3128943139514864
1996-09-22,0.3123208233932185
1996-09-23,0.3110955280557377
1996-09-24,0.3092179078950395
1996-09-25,0.30668716600520474
1996-09-26,0.30350222828017354
1996-09-27,0.2996617429578706
1996-09-28,0.2951640800464848
1996-09-29,0.2900073306326628
1996-09-30,0.2837697005406238
1996-10-01,0.27644854237423994
1996-10-02,0.2695095505170507
1996-10-03,0.2629497798985885
1996-10-04,0.2567664463987503
1996-10-05,0.25095692566615235
1996-10-06,0.245518752004294
1996-10-07,0.24097950668379586
1996-10-08,0.23733726314275766
1996-10-09,0.23459047552781775
1996-10-10,0.23273797803805682
1996-10-11,0.23177898443020487
1996-10-12,0.23171308768494098
1996-10-13,0.23254025983414497
1996-10-14,0.23435183797319722
1996-10-15,0.23714859097823812
1996-10-16,0.24093170585666723
1996-10-17,0.2457027882509372
1996-10-18,0.2514638631200259
1996-10-19,0.2582173755988762
1996-10-20,0.26596619203616895
1996-10-21,0.2754524508367009
1996-10-22,0.2866801781906184
1996-10-23,0.2996541394080604
1996-10-24,0.3143798409416666
1996-10-25,0.33086353272364566
1996-10-26,0.349112210818392
1996-10-27,0.3691336203917795
1996-10-28,0.3893706670234709
1996-10-29,0.40983193978946103
1996-10-30,0.4305261229325613
1996-10-31,0.45146199954819555
1996-11-01,0.4726484553121519
1996-11-02,0.4915372539036906
1996-11-03,0.5081364121707987
1996-11-04,0.5229481154108758
1996-11-05,0.5359786500572667
1996-11-06,0.5472335465736979
1996-11-07,0.5567175818015363
1996-11-08,0.5644347809871921
1996-11-09,0.5703884194905279
1996-11-10,0.5745810241749977
1996-11-11,0.5780158174855587
1996-11-12,0.5806942572288422
1996-11-13,0.5826174801973316
1996-11-14,0.5837863026518448
1996-11-15,0.5842012206679738
1996-11-16,0.5838624103466303
1996-11-17,0.5827697278887889
1996-11-18,0.5804813703290435
1996-11-19,0.5769963664349146
1996-11-20,0.5723132370892249
1996-11-21,0.566429994662328
1996-11-22,0.5593441421685114
1996-11-23,0.5510526722062178
1996-11-24,0.5415520656816332
1996-11-25,0.529921865948194
1996-11-26,0.5161571368770683
1996-11-27,0.5002520363952413
1996-11-28,0.4821998140060006
1996-11-29,0.4619928079238698
1996-11-30,0.4396224418227659
1996-12-01,0.4150792211960067
1996-12-02,0.39230616358400455
1996-12-03,0.3712936035683797
1996-12-04,0.3520326229271158
1996-12-05,0.3345150468494575
1996-12-06,0.3187334404663296
1996-12-07,0.30468110569480467
1996-12-08,0.29235207839528
1996-12-09,0.2805682479378088
1996-12-10,0.2693246129890863
1996-12-11,0.25861640148741827
1996-12-12,0.248439068617347
1996-12-13,0.2387882948807244
1996-12-14,0.22965998426341652
1996-12-15,0.22105026249685927
1996-12-16,0.2129910405940061
1996-12-17,0.20547889803255237
1996-12-18,0.19851064648346384
1996-12-19,0.19208332845777515
1996-12-20,0.18619421605136224
1996-12-21,0.18084080978715608
1996-12-22,0.1760208375543061
1996-12-23,0.1721377360190194
1996-12-24,0.1691898571021671
1996-12-25,0.16717594965497734
1996-12-26,0.16609515892801827
1996-12-27,0.16594702620842255
1996-12-28,0.16673148862519865
1996-12-29,0.1684488791225471
1996-12-30,0.17033191435954045
1996-12-31,0.17238139354038298
1997-01-01,0.1745981865119825
1997-01-02,0.17780751330552413
1997-01-03,0.1820107360343748
1997-01-04,0.1872096386445864
1997-01-05,0.1934064276720444
1997-01-06,0.20000306733960363
1997-01-07,0.20700235741545386
1997-01-08,0.21440726856203735
1997-01-09,0.22222094359686748
1997-01-10,0.2304466988264139
1997-01-11,0.23908802545362073
1997-01-12,0.24814859105965467
1997-01-13,0.25962559370161337
1997-01-14,0.27352390448789865
1997-01-15,0.28984942218673104
1997-01-16,0.30860907572972396
1997-01-17,0.3298108271526846
1997-01-18,0.35346367497488845
1997-01-19,0.3795776580182614
1997-01-20,0.4070191272267182
1997-01-21,0.43579972940172773
1997-01-22,0.4659316797041164
1997-01-23,0.4974277668384682
1997-01-24,0.530301358480949
1997-01-25,0.5645664069528624
1997-01-26,0.6002374551423406
1997-01-27,0.6372607907682778
1997-01-28,0.6756521274003984
1997-01-29,0.7154277592200563
1997-01-30,0.7566045679358647
1997-01-31,0.7992000299486901
1997-02-01,0.8432322237690444
1997-02-02,0.8844170703255813
1997-02-03,0.9222913626476067
1997-02-04,0.9568711754707733
1997-02-05,0.9881711852765672
1997-02-06,1.0162046765213495
1997-02-07,1.040983547274591
1997-02-08,1.06251831426869
1997-02-09,1.0808181173625209
1997-02-10,1.0966166587689465
1997-02-11,1.109920643758514
1997-02-12,1.1207357188536733
1997-02-13,1.1290664742252903
1997-02-14,1.1349164456408258
1997-02-15,1.1382881159649978
1997-02-16,1.139182916213564
1997-02-17,1.1381026759521495
1997-02-18,1.1350469367015175
1997-02-19,1.1300144015344473
1997-02-20,1.1230029345252877
1997-02-21,1.1140095598434216
1997-02-22,1.1030304604902523
1997-02-23,1.0900609766791807
1997-02-24,1.0746381665910019
1997-02-25,1.0567554844243292
1997-02-26,1.0364053403505227
1997-02-27,1.0135790972923877
1997-02-28,0.9882670672583964
1997-03-01,0.96045850723088
1997-03-02,0.9332705053477212
1997-03-03,0.9065335045670868
1997-03-04,0.8802361570803883
1997-03-05,0.8543673016781794
1997-03-06,0.8289159590130787
1997-03-07,0.803871326939877
1997-03-08,0.7792227759308544
1997-03-09,0.7549598445643605
1997-03-10,0.7313229376671059
1997-03-11,0.7083020231828663
1997-03-12,0.6858873304970077
1997-03-13,0.664069346289608
1997-03-14,0.6428388104977827
1997-03-15,0.6221867123854969
1997-03-16,0.602104286719198
1997-03-17,0.5822950228877046
1997-03-18,0.5627505133760493
1997-03-19,0.5434624630371916
1997-03-20,0.5244226855713632
1997-03-21,0.505623100051611
1997-03-22,0.4870557274940628
1997-03-23,0.46871268747145933
1997-03-24,0.45120737947802114
1997-03-25,0.4345323738515352
1997-03-26,0.41868059332953594
1997-03-27,0.4036453100455498
1997-03-28,0.3894201426736315
1997-03-29,0.3759990537199796
1997-03-30,0.3633763469604832
1997-03-31,0.3510907090204559
1997-04-01,0.33913692558775843
1997-04-02,0.3277849744599345
1997-04-03,0.31703003760336956
1997-04-04,0.3068675503712721
1997-04-05,0.29729319956633027
1997-04-06,0.2883029216100899
1997-04-07,0.28011442713693346
1997-04-08,0.2727242407582532
1997-04-09,0.2661292259060719
1997-04-10,0.26032658350180937
1997-04-11,0.25531385076828833
1997-04-12,0.25108890018447394
1997-04-13,0.2476499385825045
1997-04-14,0.24412959814607663
1997-04-15,0.24052638476035784
1997-04-16,0.23683876913729754
1997-04-17,0.23306518616656105
1997-04-18,0.22920403425126037
1997-04-19,0.22525367462819884
1997-04-20,0.22121243067234186
1997-04-21,0.2186601233118217
1997-04-22,0.21759566928768828
1997-04-23,0.21801861682075335
1997-04-24,0.21992914541984376
1997-04-25,0.22332806595798996
1997-04-26,0.22821682101657895
1997-04-27,0.2345974854976203
1997-04-28,0.24176966738113412
1997-04-29,0.24973641070889055
1997-04-30,0.25850109675312344
1997-05-01,0.2680674454516217
1997-05-02,0.2780327334355378
1997-05-03,0.2884011902062094
1997-05-04,0.2991772163792391
1997-05-05,0.30905339197852366
1997-05-06,0.3180339086840202
1997-05-07,0.32612257803709954
1997-05-08,0.33332283305825305
1997-05-09,0.33963772970414685
1997-05-10,0.3450699481646414
1997-05-11,0.3496217940003271
1997-05-12,0.3545522627783301
1997-05-13,0.3598634471049379
1997-05-14,0.36555760117102315
1997-05-15,0.3716371417087745
1997-05-16,0.3781046490174146
1997-05-17,0.38496286805833924
1997-05-18,0.3922147096201436
1997-05-19,0.3994162028829381
1997-05-20,0.40657040432892766
1997-05-21,0.41368035036856377
1997-05-22,0.42074905862926854
1997-05-23,0.4277795292361857
1997-05-24,0.43477474608550415
1997-05-25,0.4417376781108936
1997-05-26,0.4491730518334241
1997-05-27,0.45708402299963863
1997-05-28,0.46547394921076124
1997-05-29,0.47434639134774126
1997-05-30,0.48370511508257397
1997-05-31,0.49355409247654064
1997-06-01,0.5038975036660442
1997-06-02,0.5143970351353779
1997-06-03,0.5250571431313128
1997-06-04,0.5358823520530533
1997-06-05,0.5468772563724997
1997-06-06,0.5580465225842486
1997-06-07,0.5693948911861619
1997-06-08,0.5809271786913466
1997-06-09,0.5925748917488671
1997-06-10,0.6043429739206194
1997-06-11,0.6162364198559678
1997-06-12,0.6282602774115895
1997-06-13,0.6404196497939051
1997-06-14,0.652719697724997
1997-06-15,0.6651656416329421
1997-06-16,0.6766361759075671
1997-06-17,0.6871361689119483
1997-06-18,0.6966700770887426
1997-06-19,0.7052419468516065
1997-06-20,0.7128554163025886
1997-06-21,0.7195137167762256
1997-06-22,0.7252196742109956
1997-06-23,0.7311021027358432
1997-06-24,0.7371634989910418
1997-06-25,0.7434064355749561
1997-06-26,0.7498335621359128
1997-06-27,0.756447606496774
1997-06-28,0.7632513758126885
1997-06-29,0.7702477577625142
1997-06-30,0.7782747499663464
1997-07-01,0.7873357592674519
1997-07-02,0.7965949398790435
1997-07-03,0.8060562216139721
1997-07-04,0.8157236200615334
1997-07-05,0.8256012382917777
1997-07-06,0.8356932685969483
1997-07-07,0.8441183345058861
1997-07-08,0.85088001181365
1997-07-09,0.855981170334265
1997-07-10,0.8594239751187386
1997-07-11,0.8612098873739584
1997-07-12,0.8613396650828635
1997-07-13,0.8598133633261493
1997-07-14,0.856197464679345
1997-07-15,0.8504904344704785
1997-07-16,0.8426898505024247
1997-07-17,0.8327924020248688
1997-07-18,0.8207938883291466
1997-07-19,0.8066892169653648
1997-07-20,0.7904724015810467
1997-07-21,0.7735567549565465
1997-07-22,0.7559350976957296
1997-07-23,0.7375999507550322
1997-07-24,0.7185435322691792
1997-07-25,0.6987577542483794
1997-07-26,0.6782342191455929
1997-07-27,0.6569642162924161
1997-07-28,0.6353390708284411
1997-07-29,0.6133496045360568
1997-07-30,0.5909864845713704
1997-07-31,0.568240219503129
1997-08-01,0.5451011552843359
1997-08-02,0.5241134106820258
1997-08-03,0.5052680780064245
1997-08-04,0.4883301206330457
1997-08-05,0.4732923496965513
1997-08-06,0.460148382815178
1997-08-07,0.4488926413819051
1997-08-08,0.43952034819676333
1997-08-09,0.43202752543927936
1997-08-10,0.4264109929801956
1997-08-11,0.4229026225134678
1997-08-12,0.4215009250045989
1997-08-13,0.42220530554037616
1997-08-14,0.4250160630763766
1997-08-15,0.42993439056385035
1997-08-16,0.4369623754560374
1997-08-17,0.44610300059413116
1997-08-18,0.4560112667011741
1997-08-19,0.46669137907708563
1997-08-20,0.4781478706113975
1997-08-21,0.4903856037071179
1997-08-22,0.5034097723444495
1997-08-23,0.5172259042852358
1997-08-24,0.5318398634190726
1997-08-25,0.548211738898437
1997-08-26,0.5663484793302693
1997-08-27,0.5862577823714807
1997-08-28,0.6079480979960192
1997-08-29,0.6314286320812365
1997-08-30,0.6567093503150772
1997-08-31,0.6838009824257505
1997-09-01,0.7116428948432786
1997-09-02,0.7371868673078568
1997-09-03,0.760443741278948
1997-09-04,0.7814233875179126
1997-09-05,0.8001347102773902
1997-09-06,0.8165856510804733
1997-09-07,0.8307831920912749
1997-09-08,0.8436378354430419
1997-09-09,0.8551550369471216
1997-09-10,0.8653396847732533
1997-09-11,0.8741961015242234
1997-09-12,0.8817280460704792
1997-09-13,0.8879387151454798
1997-09-14,0.892830744702467
1997-09-15,0.8965026467923844
1997-09-16,0.8989559798563757
1997-09-17,0.9001917851463834
1997-09-18,0.9002105871670822
1997-09-19,0.8990123938984893
1997-09-20,0.8965966967993523
1997-09-21,0.892962470591312
1997-09-22,0.8879714800311562
1997-09-23,0.8816216068257374
1997-09-24,0.8739101559403246
1997-09-25,0.8648338544547685
1997-09-26,0.8543888501743975
1997-09-27,0.8425707099950551
1997-09-28,0.8293744180215883
1997-09-29,0.8145099799688721
1997-09-30,0.797971087021674
1997-10-01,0.7797507196869335
1997-10-02,0.7622535525031979
1997-10-03,0.7454721592634039
1997-10-04,0.7293994175516942
1997-10-05,0.7140285057204975
1997-10-06,0.6993341958303168
1997-10-07,0.6853102512722913
1997-10-08,0.6719507199562894
1997-10-09,0.6592499317847015
1997-10-10,0.6472024962459187
1997-10-11,0.6358033001264732
1997-10-12,0.6250475053408712
1997-10-13,0.6157841180123055
1997-10-14,0.608009206542496
1997-10-15,0.6017194710771367
1997-10-16,0.5969122421053608
1997-10-17,0.5935854793267371
1997-10-18,0.5917377707853199
1997-10-19,0.5913683322703807
1997-10-20,0.591348120719287
1997-10-21,0.591677127553784
1997-10-22,0.5923554924120684
1997-10-23,0.5933835032080553
1997-10-24,0.5947615962535746
1997-10-25,0.5964903564435526
1997-10-26,0.5985705175042546
1997-10-27,0.6018599665833188
1997-10-28,0.6063600997998839
1997-10-29,0.6120728271157588
1997-10-30,0.6190005731460537
1997-10-31,0.6271462781882446
1997-11-01,0.6365133994701032
1997-11-02,0.6452793583928155
1997-11-03,0.6529128982105461
1997-11-04,0.6594172587761651
1997-11-05,0.6647952006924523
1997-11-06,0.6690490064837633
1997-11-07,0.6721804815647848
1997-11-08,0.6741909550067958
1997-11-09,0.6750812801017557
1997-11-10,0.6758529050036937
1997-11-11,0.6765061572082687
1997-11-12,0.677041313970998
1997-11-13,0.6774586024249303
1997-11-14,0.6777581996770474
1997-11-15,0.6779402328834312
1997-11-16,0.6780047793032331
1997-11-17,0.6764619939135187
1997-11-18,0.6733112219200786
1997-11-19,0.6685511260615729
1997-11-20,0.6621796860419661
1997-11-21,0.6541941976730676
1997-11-22,0.6445912717268092
1997-11-23,0.6333668324967787
1997-11-24,0.6216324836150243
1997-11-25,0.6093832447493799
1997-11-26,0.5966139170363246
1997-11-27,0.583319080874465
1997-11-28,0.5694930936243285
1997-11-29,0.5551300872134955
1997-11-30,0.5402239656460521
1997-12-01,0.5243103261086828
1997-12-02,0.5089633121288777
1997-12-03,0.49417641007489244
1997-12-04,0.4799433440395856
1997-12-05,0.4662580731767786
1997-12-06,0.4531147891373782
1997-12-07,0.4405079136041779
1997-12-08,0.4287410917986947
1997-12-09,0.41780932960649364
1997-12-10,0.40770798733197405
1997-12-11,0.39843277772917446
1997-12-12,0.3899797641821649
1997-12-13,0.38234535903425504
1997-12-14,0.3755263220653089
1997-12-15,0.3686522980851241
1997-12-16,0.3617203695971197
1997-12-17,0.3547275945286871
1997-12-18,0.3476710049825057
1997-12-19,0.3405476059768976
1997-12-20,0.3333543741746874
1997-12-21,0.3260882566000274
1997-12-22,0.31900023777464837
1997-12-23,0.31208730937755125
1997-12-24,0.3053465374002104
1997-12-25,0.2987750609013121
1997-12-26,0.29237009079250403
1997-12-27,0.28612890865464075
1997-12-28,0.2800488655840233
1997-12-29,0.2748463318516363
1997-12-30,0.27051909938046115
1997-12-31,0.26706533159181023
1998-01-01,0.2644835626258402
1998-01-02,0.2624489760014763
1998-01-03,0.2609607081925601
1998-01-04,0.2600181275434186
1998-01-05,0.2600873584697182
1998-01-06,0.2611684303546837
1998-01-07,0.2632618020305124
1998-01-08,0.26636836197311387
1998-01-09,0.27048942867919923
1998-01-10,0.2756267512258825
1998-01-11,0.28178251001302956
1998-01-12,0.28857390689052664
1998-01-13,0.2960038242860794
1998-01-14,0.30407541563043816
1998-01-15,0.31279210669578783
1998-01-16,0.32215759704972563
1998-01-17,0.3321758616254444
1998-01-18,0.3428511524087867
1998-01-19,0.3521957039744375
1998-01-20,0.36021348236867784
1998-01-21,0.3669078905242177
1998-01-22,0.37228176970448046
1998-01-23,0.3763374007095009
1998-01-24,0.37907650484395083
1998-01-25,0.3805002446477007
1998-01-26,0.38249278607567594
1998-01-27,0.38505497480907025
1998-01-28,0.3881878983007191
1998-01-29,0.39189288623664065
1998-01-30,0.3961715111003855
1998-01-31,0.4010255888404355
1998-02-01,0.40645717964093475
1998-02-02,0.4110393225148661
1998-02-03,0.4147739622308551
1998-02-04,0.4176626838573614
1998-02-05,0.4197067134354191
1998-02-06,0.42090691849899703
1998-02-07,0.4212638084432004
1998-02-08,0.42077753474047025
1998-02-09,0.42008318843269377
1998-02-10,0.4191804748230551
1998-02-11,0.41806901077878106
1998-02-12,0.41674832456853095
1998-02-13,0.4152178556621824
1998-02-14,0.41347695449292926
1998-02-15,0.41152488218159056
1998-02-16,0.4091875515145988
1998-02-17,0.40646397047414184
1998-02-18,0.40335298310871354
1998-02-19,0.39985326904250074
1998-02-20,0.3959633429149852
1998-02-21,0.3916815537505215
1998-02-22,0.38700608425762445
1998-02-23,0.38120635944932146
1998-02-24,0.3742799177867311
1998-02-25,0.3662238195259819
1998-02-26,0.357034645470516
1998-02-27,0.34670849551990235
1998-02-28,0.3352409870145428
1998-03-01,0.32262725287556876
1998-03-02,0.31023401181313326
1998-03-03,0.29805600384581477
1998-03-04,0.2860880603421525
1998-03-05,0.27432510182695785
1998-03-06,0.26276213582546676
1998-03-07,0.2513942547444162
1998-03-08,0.24021663378914707
1998-03-09,0.2301201363606808
1998-03-10,0.22110047726932178
1998-03-11,0.21315382836075525
1998-03-12,0.20627681689128882
1998-03-13,0.20046652409638124
1998-03-14,0.19572048395185043
1998-03-15,0.19203668212723518
1998-03-16,0.18901141920072112
1998-03-17,0.18664341117995237
1998-03-18,0.18493165302693026
1998-03-19,0.18387541823145154
1998-03-20,0.1834742585027606
1998-03-21,0.18372800357928426
1998-03-22,0.18463676115636882
1998-03-23,0.185700892544377
1998-03-24,0.18692084938556303
1998-03-25,0.18829714945814877
1998-03-26,0.18983037689608068
1998-03-27,0.19152118243695013
1998-03-28,0.19337028369818168
1998-03-29,0.1953784654816065
1998-03-30,0.19794958445281916
1998-03-31,0.20108473185485717
1998-04-01,0.2047852383176181
1998-04-02,0.20877666582195387
1998-04-03,0.21306070842306835
1998-04-04,0.21763918436885799
1998-04-05,0.22251403687161814
1998-04-06,0.22732536642474255
1998-04-07,0.23207521506904477
1998-04-08,0.23676559875140252
1998-04-09,0.24139850818037234
1998-04-10,0.24597590967109348
1998-04-11,0.2504997459798375
1998-04-12,0.2549719371285597
1998-04-13,0.2603492011768937
1998-04-14,0.2666338203614919
1998-04-15,0.27382846202175193
1998-04-16,0.28193617973189844
1998-04-17,0.29096041459699085
1998-04-18,0.30090499671340953
1998-04-19,0.311774146794438
1998-04-20,0.3227268264780916
1998-04-21,0.3337676843378439
1998-04-22,0.3449014063720488
1998-04-23,0.3561327179927879
1998-04-24,0.3674663860314471
1998-04-25,0.3789072207618696
1998-04-26,0.3904600779419502
1998-04-27,0.402086519992947
1998-04-28,0.41379148144884315
1998-04-29,0.4255799301690944
1998-04-30,0.43745686944710405
1998-05-01,0.4494273401337384
1998-05-02,0.4593523837461969
1998-05-03,0.46723621270516474
1998-05-04,0.47349141198066597
1998-05-05,0.4781206364256007
1998-05-06,0.4811258507911146
1998-05-07,0.48250833056048525
1998-05-08,0.482268662490467
1998-05-09,0.4804067448603244
1998-05-10,0.47692178742865954
1998-05-11,0.4721318720289511
1998-05-12,0.4660349657090531
1998-05-13,0.45862848079929885
1998-05-14,0.44990927381423296
1998-05-15,0.4398736441184431
1998-05-16,0.42851733235592326
1998-05-17,0.41583551864230395
1998-05-18,0.40113698344005
1998-05-19,0.3844154883469794
1998-05-20,0.3656639363694097
1998-05-21,0.34487436891002715
1998-05-22,0.322037962390073
1998-05-23,0.2971450245044087
1998-05-24,0.2701849901078766
1998-05-25,0.2419871811865968
1998-05-26,0.21253962993083314
1998-05-27,0.18182983811096753
1998-05-28,0.14984477177295874
1998-05-29,0.11657085570642789
1998-05-30,0.08199396768302131
1998-05-31,0.04609943246260611
1998-06-01,0.007533764807370336
1998-06-02,-0.03085787071451468
1998-06-03,-0.06909176841125825
1998-06-04,-0.10718415564344658
1998-06-05,-0.1451511997113143
1998-06-06,-0.1830090147165253
1998-06-07,-0.2207736684013739
1998-06-08,-0.2570914443204445
1998-06-09,-0.29197775658741754
1998-06-10,-0.32544741176931263
1998-06-11,-0.3575146151707429
1998-06-12,-0.38819297686297893
1998-06-13,-0.4174955174603801
1998-06-14,-0.44543467364664896
1998-06-15,-0.4714331752377668
1998-06-16,-0.49550205660599056
1998-06-17,-0.5176515331476155
1998-06-18,-0.537891005618627
1998-06-19,-0.556229064124603
1998-06-20,-0.572673491766555
1998-06-21,-0.5872312679442576
1998-06-22,-0.5999344819323972
1998-06-23,-0.6107885252721555
1998-06-24,-0.6197980046734347
1998-06-25,-0.6269667439700506
1998-06-26,-0.6322977857426585
1998-06-27,-0.6357933926100959
1998-06-28,-0.6374550481896897
1998-06-29,-0.6391289387206666
1998-06-30,-0.6408157746413246
1998-07-01,-0.6425162718842892
1998-07-02,-0.6419130352528662
1998-07-03,-0.6390058087193182
1998-07-04,-0.6337933583886955
1998-07-05,-0.6262734719751434
1998-07-06,-0.6177328376162761
1998-07-07,-0.6081678304670811
1998-07-08,-0.5975743909147706
1998-07-09,-0.5859480228557865
1998-07-10,-0.5732837917875497
1998-07-11,-0.559576322714141
1998-07-12,-0.5448197978650278
1998-07-13,-0.5273514310634169
1998-07-14,-0.5071638083258017
1998-07-15,-0.48424836155284384
1998-07-16,-0.4585953648928731
1998-07-17,-0.43019393061400757
1998-07-18,-0.3990320044831459
1998-07-19,-0.36509636064986867
1998-07-20,-0.3272082327840014
1998-07-21,-0.2853515402777625
1998-07-22,-0.2395085181717008
1998-07-23,-0.18965970961483086
1998-07-24,-0.13578395760669043
1998-07-25,-0.07785839601781389
1998-07-26,-0.01585843988481378
1998-07-27,0.04903328485712069
1998-07-28,0.11684431977397963
1998-07-29,0.18760344545528218
1998-07-30,0.2613406937292314
1998-07-31,0.33808736040892823
1998-08-01,0.4178760185750411
1998-08-02,0.4933750239116318
1998-08-03,0.5645258103155131
1998-08-04,0.6313585758448623
1998-08-05,0.6939016858887858
1998-08-06,0.7521816852062544
1998-08-07,0.8062233091923192
1998-08-08,0.8560494943763937
1998-08-09,0.9016813881570516
1998-08-10,0.9432992938971211
1998-08-11,0.9809208752093647
1998-08-12,1.0145620995729707
1998-08-13,1.0442372451105268
1998-08-14,1.0699589066479882
1998-08-15,1.0917380010602173
1998-08-16,1.10958377190436
1998-08-17,1.1236003995948216
1998-08-18,1.1337938331162845
1998-08-19,1.1401683988003897
1998-08-20,1.142726802161933
1998-08-21,1.14147012904715
1998-08-22,1.1363978460945736
1998-08-23,1.1275078005086625
1998-08-24,1.1154226376694734
1998-08-25,1.1001372283511897
1998-08-26,1.0816450850685257
1998-08-27,1.0599383593232863
1998-08-28,1.035007838273281
1998-08-29,1.0068429408221775
1998-08-30,0.9754317131286375
1998-08-31,0.9405180856495505
1998-09-01,0.9020872402246808
1998-09-02,0.8656037847073392
1998-09-03,0.8310522346655485
1998-09-04,0.7984179256132076
1998-09-05,0.7676870067861421
1998-09-06,0.7388464352635148
1998-09-07,0.7113159156900513
1998-09-08,0.6850837634692246
1998-09-09,0.6601388450619845
1998-09-10,0.6364705732614238
1998-09-11,0.6140689026993194
1998-09-12,0.5929243255826437
1998-09-13,0.5730278676582344
1998-09-14,0.5548025467675173
1998-09-15,0.5382406276579622
1998-09-16,0.5233350810636671
1998-09-17,0.5100795807219722
1998-09-18,0.49846850068844795
1998-09-19,0.48849691294910996
1998-09-20,0.4801605853288571
1998-09-21,0.47290180463607584
1998-09-22,0.46671749007443597
1998-09-23,0.4616050168761682
1998-09-24,0.4575622151880512
1998-09-25,0.45458736915047543
1998-09-26,0.4526792161691922
1998-09-27,0.451836946379439
1998-09-28,0.45291585938296597
1998-09-29,0.4559164130956907
1998-09-30,0.4608398810228007
1998-10-01,0.4676883527992585
1998-10-02,0.4740414023611168
1998-10-03,0.4799017260912261
1998-10-04,0.48527181124806773
1998-10-05,0.4904410920975653
1998-10-06,0.495411762603436
1998-10-07,0.5001859324345213
1998-10-08,0.5047656278601793
1998-10-09,0.5091527926102815
1998-10-10,0.5133492887001763
1998-10-11,0.5173568972209728
1998-10-12,0.520647441350512
1998-10-13,0.5232223176726981
1998-10-14,0.5250826190252762
1998-10-15,0.5262291349636583
1998-10-16,0.526662352096029
1998-10-17,0.5263824542898734
1998-10-18,0.525389322750015
1998-10-19,0.5231810084626687
1998-10-20,0.5197565741675915
1998-10-21,0.515114566454761
1998-10-22,0.5092530151475139
1998-10-23,0.5021694324663561
1998-10-24,0.49386081197309195
1998-10-25,0.4843236272948209
1998-10-26,0.4739020293573071
1998-10-27,0.4625915949905935
1998-10-28,0.4503875237817507
1998-10-29,0.43728463603746826
1998-10-30,0.42327737058567244
1998-10-31,0.4083597824152341
1998-11-01,0.39252554015276725
1998-11-02,0.3779457727683474
1998-11-03,0.36461429226763287
1998-11-04,0.3525254404584364
1998-11-05,0.3416740865492563
1998-11-06,0.33205562497164826
1998-11-07,0.3236659734255145
1998-11-08,0.3165015711464801
1998-11-09,0.3110199181359682
1998-11-10,0.3072186878522091
1998-11-11,0.3050962669641484
1998-11-12,0.3046517546667113
1998-11-13,0.3058849622984805
1998-11-14,0.3087964132616233
1998-11-15,0.31338734324403583
1998-11-16,0.3174886427392116
1998-11-17,0.321102052434598
1998-11-18,0.324229105945798
1998-11-19,0.3268711304674729
1998-11-20,0.3290292473366343
1998-11-21,0.3307043725085661
1998-11-22,0.33189721694557756
1998-11-23,0.3342217878439231
1998-11-24,0.3376790718058703
1998-11-25,0.3422705361836091
1998-11-26,0.3479981297020289
1998-11-27,0.35486428328580444
1998-11-28,0.36287191109113626
1998-11-29,0.37202441174258716
1998-11-30,0.3827961935953967
1998-12-01,0.3951918284457666
1998-12-02,0.4071199816451308
1998-12-03,0.4185857157807415
1998-12-04,0.4295938971783832
1998-12-05,0.44014919796775515
1998-12-06,0.4502560980654318
1998-12-07,0.4582528973482006
1998-12-08,0.4641429898447459
1998-12-09,0.4679288754481098
1998-12-10,0.46961216097670544
1998-12-11,0.46919356085628816
1998-12-12,0.46667289742317464
1998-12-13,0.4620491008488381
1998-12-14,0.45588749481023505
1998-12-15,0.4481854641776247
1998-12-16,0.4389397400290332
1998-12-17,0.42814639826284706
1998-12-18,0.4158008579323326
1998-12-19,0.401897879301375
1998-12-20,0.38643156162061154
1998-12-21,0.37152326386497936
1998-12-22,0.357166658604162
1998-12-23,0.3433556525590433
1998-12-24,0.33008438401557766
1998-12-25,0.31734722033694096
1998-12-26,0.3051387555729079
1998-12-27,0.29345380816544087
1998-12-28,0.2803099408336168
1998-12-29,0.26570157501266645
1998-12-30,0.2496225105704023
1998-12-31,0.23206592317573838
1999-01-01,0.21302436140228384
1999-01-02,0.1956859068992903
1999-01-03,0.18004320082106887
1999-01-04,0.166941461223446
1999-01-05,0.15637512742164814
1999-01-06,0.14833971481643202
1999-01-07,0.14283181299071593
1999-01-08,0.13984908426211903
1999-01-09,0.13939026269079402
1999-01-10,0.1414551535421328
1999-01-11,0.1451474166072702
1999-01-12,0.15046861896902392
1999-01-13,0.15742101907015502
1999-01-14,0.1660075676719034
1999-01-15,0.17623190910636055
1999-01-16,0.18809838282320857
1999-01-17,0.20161202523148514
1999-01-18,0.2157765810454865
1999-01-19,0.23059806203405112
1999-01-20,0.2460827587804289
1999-01-21,0.26223724335215126
1999-01-22,0.27906837209037205
1999-01-23,0.29658328851985727
1999-01-24,0.31478942638086543
1999-01-25,0.33468354090196856
1999-01-26,0.3562740756107514
1999-01-27,0.37957019403521086
1999-01-28,0.4045817835929711
1999-01-29,0.4313194597877355
1999-01-30,0.45979457071475427
1999-01-31,0.49001920187722176
1999-02-01,0.5216550038401343
1999-02-02,0.5501938249663302
1999-02-03,0.575647777799103
1999-02-04,0.5980276655914779
1999-02-05,0.6173429868913655
1999-02-06,0.6336019395729678
1999-02-07,0.6468114243161482
1999-02-08,0.658572217411121
1999-02-09,0.6688893104135955
1999-02-10,0.677767082139189
1999-02-11,0.6852093005218995
1999-02-12,0.6912191242133038
1999-02-13,0.6957991039231642
1999-02-14,0.6989511835020089
1999-02-15,0.6992851937028431
1999-02-16,0.6968012762874096
1999-02-17,0.6914983770230512
1999-02-18,0.6833742452352697
1999-02-19,0.6724254328524868
1999-02-20,0.6586472929426022
1999-02-21,0.6420339777407267
1999-02-22,0.6229656492797866
1999-02-23,0.6014342145151187
1999-02-24,0.5774305350021247
1999-02-25,0.5509444230177025
1999-02-26,0.5219646372363379
1999-02-27,0.4904788779590218
1999-02-28,0.4564737818929725
1999-03-01,0.41990910809457366
1999-03-02,0.3846445394745042
1999-03-03,0.35066510892489927
1999-03-04,0.3179563947805543
1999-03-05,0.2865045146980331
1999-03-06,0.25629611976367617
1999-03-07,0.22731838882800992
1999-03-08,0.19994653144506047
1999-03-09,0.1741689303582457
1999-03-10,0.14997464495065033
1999-03-11,0.12735340660157157
1999-03-12,0.1062956143282765
1999-03-13,0.08679233071112041
1999-03-14,0.06883527810029672
1999-03-15,0.05190861200239122
1999-03-16,0.03600514834434737
1999-03-17,0.021118137324159736
1999-03-18,0.007241260546100303
1999-03-19,-0.005631371660956841
1999-03-20,-0.01750522274324906
1999-03-21,-0.02838533224094031
1999-03-22,-0.03847117426599633
1999-03-23,-0.047767029485710155
1999-03-24,-0.05627684327849469
1999-03-25,-0.06400422740839307
1999-03-26,-0.07095246155799645
1999-03-27,-0.0771244947204176
1999-03-28,-0.08252294645091274
1999-03-29,-0.08629345377367464
1999-03-30,-0.08843761698021435
1999-03-31,-0.08895634610355507
1999-04-01,-0.0878498613044713
1999-04-02,-0.08562087071807792
1999-04-03,-0.0822684283086274
1999-04-04,-0.07779111122113763
1999-04-05,-0.0723073150010772
1999-04-06,-0.06581471219704815
1999-04-07,-0.05831054719653921
1999-04-08,-0.0497916350563797
1999-04-09,-0.04025436015097476
1999-04-10,-0.029694674637749482
1999-04-11,-0.018108096739149926
1999-04-12,-0.006110640475331011
1999-04-13,0.006302786154801579
1999-04-14,0.019137451699896377
1999-04-15,0.03239880349225151
1999-04-16,0.04609246995978966
1999-04-17,0.06022426301489507
1999-04-18,0.07480018052112472
1999-04-19,0.08900927790723895
1999-04-20,0.10285758584656099
1999-04-21,0.11635098188493315
1999-04-22,0.1294951929352846
1999-04-23,0.14229579770826706
1999-04-24,0.15475822907998987
1999-04-25,0.16688777639786048
1999-04-26,0.17995375883955766
1999-04-27,0.1939617219136816
1999-04-28,0.20891761092744865
1999-04-29,0.2248277735100186
1999-04-30,0.2416989623065771
1999-05-01,0.25953833784431646
1999-05-02,0.27636417462935037
1999-05-03,0.29261291183022137
1999-05-04,0.3082914457911034
1999-05-05,0.3234064308485766
1999-05-06,0.33796428215588387
1999-05-07,0.35197117840567066
1999-05-08,0.36543306445236834
1999-05-09,0.3783556538353283
1999-05-10,0.38971861946002934
1999-05-11,0.39952678403489583
1999-05-12,0.40778431037441565
1999-05-13,0.4144947031659349
1999-05-14,0.4196608104571302
1999-05-15,0.42328482486478664
1999-05-16,0.42536828450539516
1999-05-17,0.42617800564244873
1999-05-18,0.42571433194053965
1999-05-19,0.4239770666057022
1999-05-20,0.42096547230188863
1999-05-21,0.41667827083802605
1999-05-22,0.4111136426255231
1999-05-23,0.40426922590599323
1999-05-24,0.39649915413346043
1999-05-25,0.3878001295076993
1999-05-26,0.3781684599591631
1999-05-27,0.367600057581982
1999-05-28,0.356090436898961
1999-05-29,0.34363471295783843
1999-05-30,0.3302275992579971
1999-05-31,0.3156305068945982
1999-06-01,0.29983724052017324
1999-06-02,0.2851121326273317
1999-06-03,0.27144893353582
1999-06-04,0.2588418442643212
1999-06-05,0.24728551406923138
1999-06-06,0.23677503817367904
1999-06-07,0.22670325488862597
1999-06-08,0.21706588951363714
1999-06-09,0.20785885172540106
1999-06-10,0.1990782338417005
1999-06-11,0.1907203091629011
1999-06-12,0.1827815303902526
1999-06-13,0.17525852812033246
1999-06-14,0.16881350372282966
1999-06-15,0.16344372177862176
1999-06-16,0.1591469032266366
1999-06-17,0.15592122439656544
1999-06-18,0.15376531623485462
1999-06-19,0.1526782637236473
1999-06-20,0.1526596054924283
1999-06-21,0.1535743797370701
1999-06-22,0.15542297470916133
1999-06-23,0.15820617499565226
1999-06-24,0.16192516185185185
1999-06-25,0.1665815137027799
1999-06-26,0.17217720681308782
1999-06-27,0.1787146161258312
1999-06-28,0.18606329128153715
1999-06-29,0.1942263512298491
1999-06-30,0.20320726056436694
1999-07-01,0.21300983099310247
1999-07-02,0.2221352553897153
1999-07-03,0.2305874067977898
1999-07-04,0.23836987250810446
1999-07-05,0.24571601706682394
1999-07-06,0.252628958349547
1999-07-07,0.2591116303702683
1999-07-08,0.2651667845266421
1999-07-09,0.2707969907677403
1999-07-10,0.27600463868479885
1999-07-11,0.28079193852541595
1999-07-12,0.2860803329183298
1999-07-13,0.29187206638183194
1999-07-14,0.29816959706309
1999-07-15,0.3049755977814429
1999-07-16,0.3122929571628081
1999-07-17,0.3201247808656816
1999-07-18,0.32847439289925234
1999-07-19,0.3362780157636779
1999-07-20,0.3435389614990517
1999-07-21,0.35026031182059897
1999-07-22,0.35644491942662815
1999-07-23,0.3620954092092836
1999-07-24,0.3672141793686107
1999-07-25,0.3718034024304083
1999-07-26,0.3757281211230118
1999-07-27,0.37899000118884524
1999-07-28,0.38159042704611357
1999-07-29,0.38353050237638214
1999-07-30,0.38481105059300535
1999-07-31,0.385432615190602
1999-08-01,0.3853954599757276
1999-08-02,0.3845078890188833
1999-08-03,0.382769525614192
1999-08-04,0.38017963195955934
1999-08-05,0.37673710884353306
1999-08-06,0.3724404951787719
1999-08-07,0.36728796738192604
1999-08-08,0.3612773385996658
1999-08-09,0.35448716537158603
1999-08-10,0.34691456578932656
1999-08-11,0.3385563258644793
1999-08-12,0.32940889816449614
1999-08-13,0.3194684003070759
1999-08-14,0.30873061331239027
1999-08-15,0.29719097981245013
1999-08-16,0.28469494997024936
1999-08-17,0.27123722017840407
1999-08-18,0.2568120786615744
1999-08-19,0.24141340305225406
1999-08-20,0.22503465779229376
1999-08-21,0.20766889135905814
1999-08-22,0.18930873331503625
1999-08-23,0.17038242346655869
1999-08-24,0.15088192904498332
1999-08-25,0.13079897358430373
1999-08-26,0.11012503340842253
1999-08-27,0.0888513340135047
1999-08-28,0.0669688463438724
1999-08-29,0.04446828295986238
1999-08-30,0.02114441481804266
1999-08-31,-0.003012657276840275
1999-09-01,-0.028013186151289032
1999-09-02,-0.05057098734845189
1999-09-03,-0.0706956349268506
1999-09-04,-0.08839567025769235
1999-09-05,-0.10367860565002773
1999-09-06,-0.1169743226237707
1999-09-07,-0.12828846419223094
1999-09-08,-0.1376258323417613
1999-09-09,-0.1449903900698332
1999-09-10,-0.15038526306702488
1999-09-11,-0.15381274104363857
1999-09-12,-0.1552742787015064
1999-09-13,-0.15437018977095648
1999-09-14,-0.1511000905354973
1999-09-15,-0.14546259308851608
1999-09-16,-0.13745530474421877
1999-09-17,-0.12707482702211753
1999-09-18,-0.11431675420463738
1999-09-19,-0.09917567146722575
1999-09-20,-0.0804900503138597
1999-09-21,-0.05825196012980963
1999-09-22,-0.03245196254938745
1999-09-23,-0.003079107450081303
1999-09-24,0.029879071694930426
1999-09-25,0.06643656310786608
1999-09-26,0.1066088826432693
1999-09-27,0.14946675738512466
1999-09-28,0.19502837721804467
1999-09-29,0.2433130795593075
1999-09-30,0.2943413575661086
1999-10-01,0.3481348688333363
1999-10-02,0.39991507265948956
1999-10-03,0.4497039457743647
1999-10-04,0.496603544063675
1999-10-05,0.540633772814054
1999-10-06,0.581813319484581
1999-10-07,0.620159661638174
1999-10-08,0.6556890743594773
1999-10-09,0.6884166371623874
1999-10-10,0.7183562403901524
1999-10-11,0.7461642748629345
1999-10-12,0.771852542961076
1999-10-13,0.7954319473864819
1999-10-14,0.8169124957899827
1999-10-15,0.8363033050188141
1999-10-16,0.853612604986021
1999-10-17,0.8688477421634253
1999-10-18,0.8818855728474743
1999-10-19,0.8927316305985038
1999-10-20,0.9013905187371443
1999-10-21,0.907865912298079
1999-10-22,0.9121605595898138
1999-10-23,0.9142762833611237
1999-10-24,0.9142139815746706
1999-10-25,0.9125144536855834
1999-10-26,0.9091769783744684
1999-10-27,0.9042001391387312
1999-10-28,0.8975818236913763
1999-10-29,0.8893192230645062
1999-10-30,0.8794088304171283
1999-10-31,0.8678464395467697
1999-11-01,0.854259244237436
1999-11-02,0.841212271145229
1999-11-03,0.8286999828295611
1999-11-04,0.8167170687825719
1999-11-05,0.805258443175224
1999-11-06,0.7943192426987584
1999-11-07,0.7838948245005931
1999-11-08,0.7740606206202943
1999-11-09,0.7648124571916842
1999-11-10,0.7561464090778619
1999-11-11,0.7480587982052834
1999-11-12,0.7405461920027012
1999-11-13,0.733605401944301
1999-11-14,0.7272334821964164
1999-11-15,0.7212386721416196
1999-11-16,0.7156184274422872
1999-11-17,0.7103703627350946
1999-11-18,0.7054922506186123
1999-11-19,0.7009820207079445
1999-11-20,0.6968377587560097
1999-11-21,0.6930577058410891
1999-11-22,0.6904090095986202
1999-11-23,0.688890545859957
1999-11-24,0.6885016701535673
1999-11-25,0.6892422174315047
1999-11-26,0.6911125019993571
1999-11-27,0.694113317649647
1999-11-28,0.698245937998734
1999-11-29,0.70293415179786
1999-11-30,0.7081799488346323
1999-12-01,0.7139855555480281
1999-12-02,0.7189645604975109
1999-12-03,0.7231190768892551
1999-12-04,0.7264508679972037
1999-12-05,0.7289613479114434
1999-12-06,0.7300122021342298
1999-12-07,0.7296038766726777
1999-12-08,0.7277361982239092
1999-12-09,0.7244083741015
1999-12-10,0.7196189918990452
1999-12-11,0.7133660188907001
1999-12-12,0.7056468011684445
1999-12-13,0.6978069460867684
1999-12-14,0.6898431262277779
1999-12-15,0.6817519615600273
1999-12-16,0.6735300180039554
1999-12-17,0.6651738059743817
1999-12-18,0.6566797788994443
1999-12-19,0.6480443317153521
1999-12-20,0.6377190884680808
1999-12-21,0.6256996668828583
1999-12-22,0.6119809656359942
1999-12-23,0.5965571621897585
1999-12-24,0.5794217103211599
1999-12-25,0.5605673373435768
1999-12-26,0.5399860410200581
1999-12-27,0.5193234081769846
1999-12-28,0.4985706691096176
1999-12-29,0.4777190158700293
1999-12-30,0.4567595985288029
1999-12-31,0.435683521418916
2000-01-01,0.4144818393602118
2000-01-02,0.3940108126388263
2000-01-03,0.37399184383480477
2000-01-04,0.35441643642948384
2000-01-05,0.3352762821620342
2000-01-06,0.31656325750324
2000-01-07,0.2982694202076831
2000-01-08,0.2803870059428685
2000-01-09,0.2629084249938596
2000-01-10,0.24486563408079867
2000-01-11,0.22625097542114808
2000-01-12,0.20705654851832084
2000-01-13,0.18727420680852502
2000-01-14,0.1668955542031717
2000-01-15,0.14591194152537817
2000-01-16,0.12431446283905545
2000-01-17,0.10224971706728875
2000-01-18,0.0797083394158129
2000-01-19,0.05668076279664325
2000-01-20,0.033157213767579685
2000-01-21,0.009127708384128963
2000-01-22,-0.015417952037914795
2000-01-23,-0.0404901852510301
2000-01-24,-0.06585068811014472
2000-01-25,-0.0915102242059293
2000-01-26,-0.11747968404575498
2000-01-27,-0.14377008967588023
2000-01-28,-0.1703925993594647
2000-01-29,-0.19735851231239715
2000-01-30,-0.22467927349894734
2000-01-31,-0.25119722666244904
2000-02-01,-0.2769236266425579
2000-02-02,-0.2991865140280019
2000-02-03,-0.31799533770898203
2000-02-04,-0.3333580805902625
2000-02-05,-0.3452812629793021
2000-02-06,-0.35376994535362516
2000-02-07,-0.36058748638695043
2000-02-08,-0.36573677960317486
2000-02-09,-0.3692200104827968
2000-02-10,-0.37103865739048436
2000-02-11,-0.3711934922025289
2000-02-12,-0.36968458063444654
2000-02-13,-0.3665112822688699
2000-02-14,-0.361911792465066
2000-02-15,-0.35588415909196613
2000-02-16,-0.34842582388096305
2000-02-17,-0.33953362134012033
2000-02-18,-0.32920377741066476
2000-02-19,-0.31743190786518743
2000-02-20,-0.30421301644687415
2000-02-21,-0.2889099052780463
2000-02-22,-0.2715160793603387
2000-02-23,-0.252024156347139
2000-02-24,-0.2304258634103467
2000-02-25,-0.20671203372919159
2000-02-26,-0.18087260259962065
2000-02-27,-0.15289660316260148
2000-02-28,-0.12234239269074429
2000-02-29,-0.08919700326237101
2000-03-01,-0.05344636719884016
2000-03-02,-0.01826879707670226
2000-03-03,0.0163506372877098
2000-03-04,0.05042662919219093
2000-03-05,0.08397364128484347
2000-03-06,0.11603297112059063
2000-03-07,0.14661822542897723
2000-03-08,0.1757423853074106
2000-03-09,0.20341781173064366
2000-03-10,0.22965625079706026
2000-03-11,0.2544688387139951
2000-03-12,0.2778661065241993
2000-03-13,0.3006359111914332
2000-03-14,0.32278791675345053
2000-03-15,0.34433152503961234
2000-03-16,0.3652758796612445
2000-03-17,0.385629869892398
2000-03-18,0.4054021344426678
2000-03-19,0.4246010651236598
2000-03-20,0.4432511024606358
2000-03-21,0.46136016196572094
2000-03-22,0.4789359295473934
2000-03-23,0.4959858647725641
2000-03-24,0.5125172040325908
2000-03-25,0.5285369636145724
2000-03-26,0.5440519426792251
2000-03-27,0.5587620286304376
2000-03-28,0.5726734647728002
2000-03-29,0.5857921554452413
2000-03-30,0.5981236685269673
2000-03-31,0.6096732378006006
2000-04-01,0.6204457651735193
2000-04-02,0.6296501849989993
2000-04-03,0.6376563216539988
2000-04-04,0.6444675731302016
2000-04-05,0.6500868302820694
2000-04-06,0.6545164780537884
2000-04-07,0.6577583964914957
2000-04-08,0.6598139615412142
2000-04-09,0.6606840456328364
2000-04-10,0.6598689630980208
2000-04-11,0.657368367996672
2000-04-12,0.653181199017733
2000-04-13,0.6473056790287386
2000-04-14,0.6397393143215598
2000-04-15,0.6304788935540153
2000-04-16,0.6195204863869029
2000-04-17,0.6079381242446841
2000-04-18,0.5957268913019198
2000-04-19,0.5828816048256927
2000-04-20,0.569396812975933
2000-04-21,0.5552667924915304
2000-04-22,0.5404855462612483
2000-04-23,0.52504680077841
2000-04-24,0.5090400313637593
2000-04-25,0.49245844436991126
2000-04-26,0.4752950021834532
2000-04-27,0.4575424202380177
2000-04-28,0.4391931639225418
2000-04-29,0.4202394453834019
2000-04-30,0.4006732202190665
2000-05-01,0.3798050425904326
2000-05-02,0.35973248032760563
2000-05-03,0.34044701416560486
2000-05-04,0.32194045890144707
2000-05-05,0.3042049599201554
2000-05-06,0.28723298986107615
2000-05-07,0.27101734542309186
2000-05-08,0.25467178254413
2000-05-09,0.2381893637849336
2000-05-10,0.22156309362140886
2000-05-11,0.20478591547556083
2000-05-12,0.18785070872051673
2000-05-13,0.17075028565836503
2000-05-14,0.1534773884695289
2000-05-15,0.13695225309457598
2000-05-16,0.12116786587948142
2000-05-17,0.10611752756106779
2000-05-18,0.09179485042368085
2000-05-19,0.07819375558809377
2000-05-20,0.06530847043148852
2000-05-21,0.053133526137419895
2000-05-22,0.04147570575300086
2000-05-23,0.030330061426549204
2000-05-24,0.019691862685883743
2000-05-25,0.00955659443059953
2000-05-26,-8.004498424463158e-05
2000-05-27,-0.00922214557384593
2000-05-28,-0.01787358745955514
2000-05-29,-0.025587669616077613
2000-05-30,-0.032367666080335644
2000-05-31,-0.03821645444143307
2000-06-01,-0.04313651706197065
2000-06-02,-0.047812221593094326
2000-06-03,-0.052245552513185606
2000-06-04,-0.05643839143159568
2000-06-05,-0.06111636262452129
2000-06-06,-0.06628145153236828
2000-06-07,-0.07193585033969574
2000-06-08,-0.07808195890563073
2000-06-09,-0.08472238578242414
2000-06-10,-0.0918599493225817
2000-06-11,-0.09949767887503849
2000-06-12,-0.10691995693948178
2000-06-13,-0.11412993370435097
2000-06-14,-0.12113066925244782
2000-06-15,-0.1279251348597067
2000-06-16,-0.13451621425627416
2000-06-17,-0.1409067048504306
2000-06-18,-0.1470993189158769
2000-06-19,-0.15345619660695067
2000-06-20,-0.1599800359312503
2000-06-21,-0.16667360575879664
2000-06-22,-0.17353974699720698
2000-06-23,-0.18058137379744232
2000-06-24,-0.18780147479064113
2000-06-25,-0.19520311435656418
2000-06-26,-0.2035703788582423
2000-06-27,-0.21290681955846524
2000-06-28,-0.22321639906107285
2000-06-29,-0.23450349299277762
2000-06-30,-0.2467728918602825
2000-07-01,-0.26002980308348456
2000-07-02,-0.2739561082152567
2000-07-03,-0.2873507336997404
2000-07-04,-0.3002193645293312
2000-07-05,-0.3125674624519884
2000-07-06,-0.3244002682893288
2000-07-07,-0.3357228041609541
2000-07-08,-0.34653987561595573
2000-07-09,-0.35685607367250266
2000-07-10,-0.36676195785777255
2000-07-11,-0.37626173246074196
2000-07-12,-0.38535942940797996
2000-07-13,-0.39405890997489296
2000-07-14,-0.4023638664245402
2000-07-15,-0.41027782357471626
2000-07-16,-0.4178041402939666
2000-07-17,-0.4255352040212113
2000-07-18,-0.4334742960007488
2000-07-19,-0.4416247857689339
2000-07-20,-0.44999013258428816
2000-07-21,-0.4585738868956903
2000-07-22,-0.4673796918492694
2000-07-23,-0.4764112848346417
2000-07-24,-0.4856372673078798
2000-07-25,-0.49506155499176896
2000-07-26,-0.5046881477744637
2000-07-27,-0.5145211314071355
2000-07-28,-0.5245646792380606
2000-07-29,-0.5348230539838869
2000-07-30,-0.5453006095388298
2000-07-31,-0.555554637005786
2000-08-01,-0.5655894884338846
2000-08-02,-0.5741077892521077
2000-08-03,-0.581113154826591
2000-08-04,-0.5866085583983602
2000-08-05,-0.5905963323452452
2000-08-06,-0.5930781691717946
2000-08-07,-0.594002388660083
2000-08-08,-0.5933693830704816
2000-08-09,-0.59117888374061
2000-08-10,-0.5874299609713107
2000-08-11,-0.5821210236320618
2000-08-12,-0.5752498184856647
2000-08-13,-0.5668134292319178
2000-08-14,-0.5570658931238455
2000-08-15,-0.5460030730790999
2000-08-16,-0.5336202737780619
2000-08-17,-0.5199122396710381
2000-08-18,-0.5048731527476817
2000-08-19,-0.4884966300676943
2000-08-20,-0.4707757210517549
2000-08-21,-0.45209707234327945
2000-08-22,-0.43245275628680746
2000-08-23,-0.41183443537506587
2000-08-24,-0.39023335871033643
2000-08-25,-0.3676403582903696
2000-08-26,-0.3440458451172702
2000-08-27,-0.319439805127702
2000-08-28,-0.29402774019941935
2000-08-29,-0.2677988648576035
2000-08-30,-0.2407420469539886
2000-08-31,-0.21284580294211705
2000-09-01,-0.18409829300345465
2000-09-02,-0.157808219762767
2000-09-03,-0.13396442509796797
2000-09-04,-0.11168253578516557
2000-09-05,-0.09095309486929615
2000-09-06,-0.0717673042907121
2000-09-07,-0.05411702115107969
2000-09-08,-0.03799475425734217
2000-09-09,-0.023393660942282457
2000-09-10,-0.010307544160334858
2000-09-11,0.001014088522237333
2000-09-12,0.010576042271191022
2000-09-13,0.018382375403379614
2000-09-14,0.024436401109197536
2000-09-15,0.02874068885877601
2000-09-16,0.03129706549252581
2000-09-17,0.03210661599649167
2000-09-18,0.03002942510355122
2000-09-19,0.025064611205297793
2000-09-20,0.01721006711857137
2000-09-21,0.006462459191120429
2000-09-22,-0.007182774113277501
2000-09-23,-0.023731424150839286
2000-09-24,-0.04319051455576253
2000-09-25,-0.06437482395342856
2000-09-26,-0.08729334346030901
2000-09-27,-0.1119558002322148
2000-09-28,-0.1383726615927275
2000-09-29,-0.16655513947577655
2000-09-30,-0.1965151951842474
2000-10-01,-0.22826554446663677
2000-10-02,-0.2581280602304244
2000-10-03,-0.28611541682587294
2000-10-04,-0.3122394927418283
2000-10-05,-0.33651137564722844
2000-10-06,-0.35894136709696967
2000-10-07,-0.37953898690412696
2000-10-08,-0.3983129771803856
2000-10-09,-0.4165017145046669
2000-10-10,-0.43411291860257967
2000-10-11,-0.451154064081121
2000-10-12,-0.46763238360107495
2000-10-13,-0.48355487094672206
2000-10-14,-0.498928283994166
2000-10-15,-0.5137591475795336
2000-10-16,-0.5278023107324699
2000-10-17,-0.5410637336999276
2000-10-18,-0.5535490449400383
2000-10-19,-0.5652635435109604
2000-10-20,-0.5762122013199245
2000-10-21,-0.5863996652334257
2000-10-22,-0.595830259049464
2000-10-23,-0.6040626585924262
2000-10-24,-0.6111003578852591
2000-10-25,-0.6169463438921744
2000-10-26,-0.6216030977863887
2000-10-27,-0.6250725960031898
2000-10-28,-0.6273563110787828
2000-10-29,-0.6284552122752685
2000-10-30,-0.6272667161504292
2000-10-31,-0.6237903182787071
2000-11-01,-0.6180245431955225
2000-11-02,-0.6112307360053231
2000-11-03,-0.6034060132574104
2000-11-04,-0.594547053956407
2000-11-05,-0.584650098152748
2000-11-06,-0.5756358411212482
2000-11-07,-0.5675004570003531
2000-11-08,-0.560240492942731
2000-11-09,-0.553852867649804
2000-11-10,-0.5483348700639723
2000-11-11,-0.5436841582179782
2000-11-12,-0.5398987582409204
2000-11-13,-0.5357540266566843
2000-11-14,-0.5312482043442279
2000-11-15,-0.5263793789271576
2000-11-16,-0.52114548396207
2000-11-17,-0.5155442980615058
2000-11-18,-0.5095734439511402
2000-11-19,-0.5032303874608133
2000-11-20,-0.4960345088904821
2000-11-21,-0.48798275414094866
2000-11-22,-0.47907170585914294
2000-11-23,-0.46929758198771837
2000-11-24,-0.45865623415985834
2000-11-25,-0.4471431459386121
2000-11-26,-0.4347534309000134
2000-11-27,-0.4233656726461873
2000-11-28,-0.4129750379461375
2000-11-29,-0.4035771167714296
2000-11-30,-0.395167920424472
2000-12-01,-0.387743879845619
2000-12-02,-0.3820327740605157
2000-12-03,-0.3780321791422673
2000-12-04,-0.3757118798632999
2000-12-05,-0.375070891434321
2000-12-06,-0.37610894180484666
2000-12-07,-0.37882647154773735
2000-12-08,-0.38322463404618684
2000-12-09,-0.38930529598324554
2000-12-10,-0.3970710381340842
2000-12-11,-0.4042640381556609
2000-12-12,-0.4108873489254504
2000-12-13,-0.4169437815314821
2000-12-14,-0.42243590646543183
2000-12-15,-0.4273660547135988
2000-12-16,-0.43173631874623
2000-12-17,-0.43554855340561427
2000-12-18,-0.4398221614249255
2000-12-19,-0.4445589566233794
2000-12-20,-0.44976094940766564
2000-12-21,-0.4554303476252122
2000-12-22,-0.46156955750124623
2000-12-23,-0.46818118466005354
2000-12-24,-0.4752680352308658
2000-12-25,-0.4837877662760765
2000-12-26,-0.4937439937688429
2000-12-27,-0.5051409433650185
2000-12-28,-0.5179834521966203
2000-12-29,-0.5322769709248205
2000-12-30,-0.5480275660533351
2000-12-31,-0.5652419225031897
2001-01-01,-0.5841808805400909
2001-01-02,-0.6030748909120636
2001-01-03,-0.6219319726790964
2001-01-04,-0.640760129227814
2001-01-05,-0.6595673516683018
2001-01-06,-0.6783616222257203
2001-01-07,-0.6971509176281474
2001-01-08,-0.7161131358007785
2001-01-09,-0.7352563247525885
2001-01-10,-0.7545886093007839
2001-01-11,-0.7741181945191666
2001-01-12,-0.7938533692205577
2001-01-13,-0.8138025094747646
2001-01-14,-0.8339740821635808
2001-01-15,-0.8524019247151707
2001-01-16,-0.8690938583369949
2001-01-17,-0.8840569674761566
2001-01-18,-0.8972976028262056
2001-01-19,-0.9088213840225218
2001-01-20,-0.9186332020274205
2001-01-21,-0.9267372212059901
2001-01-22,-0.933389674024218
2001-01-23,-0.9385933839387007
2001-01-24,-0.942350559525656
2001-01-25,-0.9446627954182945
2001-01-26,-0.9455310729836192
2001-01-27,-0.9449557607389402
2001-01-28,-0.9429366145082825
2001-01-29,-0.9396786296598909
2001-01-30,-0.9351804234287819
2001-01-31,-0.9294400866710048
2001-02-01,-0.9224551830533558
2001-02-02,-0.9153714345942207
2001-02-03,-0.9081858347850433
2001-02-04,-0.9008953338891728
2001-02-05,-0.8946187364663838
2001-02-06,-0.889353378581902
2001-02-07,-0.8850970254946693
2001-02-08,-0.8818478707088666
2001-02-09,-0.8796045352071956
2001-02-10,-0.878366066865591
2001-02-11,-0.8781319400491171
2001-02-12,-0.878731273002792
2001-02-13,-0.8801643200975411
2001-02-14,-0.8824316895520747
2001-02-15,-0.8855343436910299
2001-02-16,-0.8894735993534033
2001-02-17,-0.8942511284514492
2001-02-18,-0.8998689586802767
2001-02-19,-0.904741354210925
2001-02-20,-0.9088703830020368
2001-02-21,-0.9122577975100215
2001-02-22,-0.9149050354328374
2001-02-23,-0.9168132203201862
2001-02-24,-0.9179831620503718
2001-02-25,-0.918415357174033
2001-02-26,-0.9194507602191617
2001-02-27,-0.9210898106350316
2001-02-28,-0.9233332040729811
2001-03-01,-0.9261818926816652
2001-03-02,-0.9294317106353746
2001-03-03,-0.933084037232872
2001-03-04,-0.9371404226070041
2001-03-05,-0.9411050185786989
2001-03-06,-0.9449795078152305
2001-03-07,-0.9487655347404664
2001-03-08,-0.9524647062328002
2001-03-09,-0.9560785923071478
2001-03-10,-0.9596087267812985
2001-03-11,-0.9630566079269034
2001-03-12,-0.9668278857413377
2001-03-13,-0.9709241608431269
2001-03-14,-0.9753471717872482
2001-03-15,-0.9800987958030136
2001-03-16,-0.98518104959081
2001-03-17,-0.9905960901780337
2001-03-18,-0.996346215834584
2001-03-19,-1.0031242930374475
2001-03-20,-1.010933198561148
2001-03-21,-1.0197762466878637
2001-03-22,-1.0296571906140843
2001-03-23,-1.0405802240435569
2001-03-24,-1.0525499829671903
2001-03-25,-1.0655715476306802
2001-03-26,-1.07853437888383
2001-03-27,-1.0914439784554628
2001-03-28,-1.1043058254816303
2001-03-29,-1.117125378831087
2001-03-30,-1.1299080794221616
2001-03-31,-1.1426593525320103
2001-04-01,-1.1553846100992307
2001-04-02,-1.1664192150873982
2001-04-03,-1.175767850841002
2001-04-04,-1.183434485139748
2001-04-05,-1.1894223718825776
2001-04-06,-1.1937340524686992
2001-04-07,-1.1963713568762162
2001-04-08,-1.1973354044388134
2001-04-09,-1.1977593162629385
2001-04-10,-1.1976432722666859
2001-04-11,-1.1969872231982688
2001-04-12,-1.1957908906151158
2001-04-13,-1.194053766765693
2001-04-14,-1.1917751143740016
2001-04-15,-1.1889539663266628
2001-04-16,-1.184140460469302
2001-04-17,-1.1773325538374313
2001-04-18,-1.168527356996218
2001-04-19,-1.1577211328141441
2001-04-20,-1.144909294876877
2001-04-21,-1.1300864055406896
2001-04-22,-1.1132461736245962
2001-04-23,-1.0948521063178167
2001-04-24,-1.0748963967478944
2001-04-25,-1.0533705752448652
2001-04-26,-1.0302655057465309
2001-04-27,-1.0055713819208998
2001-04-28,-0.9792777230041522
2001-04-29,-0.9513733693523578
2001-04-30,-0.9232361983752577
2001-05-01,-0.894854267999278
2001-05-02,-0.8693111296978473
2001-05-03,-0.8465959423655407
2001-05-04,-0.8266990651454793
2001-05-05,-0.8096120533375242
2001-05-06,-0.7953276548141481
2001-05-07,-0.7823018671932228
2001-05-08,-0.77052916202577
2001-05-09,-0.7600045427003186
2001-05-10,-0.7507235423222247
2001-05-11,-0.7426822218178178
2001-05-12,-0.7358771682625658
2001-05-13,-0.7303054934325495
2001-05-14,-0.7258131855999532
2001-05-15,-0.7223983381242448
2001-05-16,-0.720059501664272
2001-05-17,-0.718795683563129
2001-05-18,-0.7186063474268489
2001-05-19,-0.7194914128967468
2001-05-20,-0.7214512556153121
2001-05-21,-0.7248863622407262
2001-05-22,-0.7297981907125981
2001-05-23,-0.7361888257258336
2001-05-24,-0.7440609796154278
2001-05-25,-0.7534179935076446
2001-05-26,-0.7642638387380681
2001-05-27,-0.7766031185371303
2001-05-28,-0.7905388744606963
2001-05-29,-0.8060770211695787
2001-05-30,-0.8232241534167237
2001-05-31,-0.8419875488461791
2001-06-01,-0.8623751710818963
2001-06-02,-0.8817414475935212
2001-06-03,-0.90009459788184
2001-06-04,-0.9172720410271599
2001-06-05,-0.9332810675381835
2001-06-06,-0.9481284720202603
2001-06-07,-0.9618205560591773
2001-06-08,-0.9743631308956986
2001-06-09,-0.9857615198919929
2001-06-10,-0.996020560790992
2001-06-11,-1.006153082415643
2001-06-12,-1.0161633852451535
2001-06-13,-1.0260557178862144
2001-06-14,-1.03583427887621
2001-06-15,-1.0455032184651731
2001-06-16,-1.055066640377251
2001-06-17,-1.0645286035524193
2001-06-18,-1.073736716065389
2001-06-19,-1.0826948860545156
2001-06-20,-1.0914069155767003
2001-06-21,-1.0998765022210721
2001-06-22,-1.1081072406783319
2001-06-23,-1.1161026242664227
2001-06-24,-1.123866046413174
2001-06-25,-1.1302326180337685
2001-06-26,-1.135205041250134
2001-06-27,-1.1387854264750037
2001-06-28,-1.140975293307623
2001-06-29,-1.1417755711787025
2001-06-30,-1.1411865997448922
2001-07-01,-1.1392081290329374
2001-07-02,-1.1363902502634957
2001-07-03,-1.1327317674628992
2001-07-04,-1.128231127885464
2001-07-05,-1.1228864213544707
2001-07-06,-1.116695379451439
2001-07-07,-1.1096553745533582
2001-07-08,-1.1017634187174634
2001-07-09,-1.0931392714095183
2001-07-10,-1.0837792723396606
2001-07-11,-1.0736794489053276
2001-07-12,-1.0628355145051889
2001-07-13,-1.051242866719813
2001-07-14,-1.0388965853582943
2001-07-15,-1.0257914303700064
2001-07-16,-1.0124099876822346
2001-07-17,-0.9987465778976705
2001-07-18,-0.9847954019455745
2001-07-19,-0.9705505386205129
2001-07-20,-0.9560059420692613
2001-07-21,-0.941155439224802
2001-07-22,-0.9259927271863311
2001-07-23,-0.9106443933771203
2001-07-24,-0.8951039236052581
2001-07-25,-0.8793647221318358
2001-07-26,-0.8634201088715618
2001-07-27,-0.8472633165575768
2001-07-28,-0.8308874878692676
2001-07-29,-0.8142856725218599
2001-07-30,-0.7963976548464191
2001-07-31,-0.7772158427497902
2001-08-01,-0.7567320950222002
2001-08-02,-0.7377353567070069
2001-08-03,-0.7202175651440794
2001-08-04,-0.7041712853728858
2001-08-05,-0.689589706976921
2001-08-06,-0.677355264277932
2001-08-07,-0.6674627646922375
2001-08-08,-0.6599080096115986
2001-08-09,-0.654687792621231
2001-08-10,-0.6517998981389278
2001-08-11,-0.6512431004747141
2001-08-12,-0.6530171633106363
2001-08-13,-0.6564461902574664
2001-08-14,-0.6615316366744557
2001-08-15,-0.6682756609440271
2001-08-16,-0.6766811253878433
2001-08-17,-0.686751597481643
2001-08-18,-0.698491351369361
2001-08-19,-0.7119053696771745
2001-08-20,-0.7276868799701938
2001-08-21,-0.7458425802905627
2001-08-22,-0.7663801763422133
2001-08-23,-0.789308384761345
2001-08-24,-0.8146369368159688
2001-08-25,-0.8423765825360867
2001-08-26,-0.8725390952762544
2001-08-27,-0.9045287890148431
2001-08-28,-0.9383592409262094
2001-08-29,-0.9740448094455383
2001-08-30,-1.0116006403628999
2001-08-31,-1.051042673251478
2001-09-01,-1.0923876482326957
2001-09-02,-1.1312304756744624
2001-09-03,-1.1676537412317474
2001-09-04,-1.2016729037905
2001-09-05,-1.2333024018791199
2001-09-06,-1.2625556597965024
2001-09-07,-1.2894450933096284
2001-09-08,-1.3139821149231035
2001-09-09,-1.336177138722894
2001-09-10,-1.3569191979143194
2001-09-11,-1.376217095912518
2001-09-12,-1.3940790231968356
2001-09-13,-1.4105125607870543
2001-09-14,-1.425524683460957
2001-09-15,-1.4391217627145836
2001-09-16,-1.4513095694664455
2001-09-17,-1.4588709446668864
2001-09-18,-1.4618090975404234
2001-09-19,-1.460125275107868
2001-09-20,-1.4538187627155907
2001-09-21,-1.442886883732204
2001-09-22,-1.4273249984125387
2001-09-23,-1.4071265019284263
2001-09-24,-1.3819276278490682
2001-09-25,-1.351717681182829
2001-09-26,-1.316483840121644
2001-09-27,-1.276211150599143
2001-09-28,-1.230882519943795
2001-09-29,-1.1804787096243798
2001-09-30,-1.124978327084704
2001-10-01,-1.0690460218590043
2001-10-02,-1.0170687665462588
2001-10-03,-0.9690245007834108
2001-10-04,-0.9248928334601734
2001-10-05,-0.8846550340645647
2001-10-06,-0.84829402473324
2001-10-07,-0.815794373003248
2001-10-08,-0.7850133662810492
2001-10-09,-0.7559379403873326
2001-10-10,-0.7285557550311886
2001-10-11,-0.702855188572602
2001-10-12,-0.6788253330899556
2001-10-13,-0.6564559897504529
2001-10-14,-0.6357376644814963
2001-10-15,-0.6169128307674034
2001-10-16,-0.599973498908378
2001-10-17,-0.5849124794557178
2001-10-18,-0.5717233801604455
2001-10-19,-0.5604006032602883
2001-10-20,-0.5509393431038563
2001-10-21,-0.5433355841110126
2001-10-22,-0.5375343641649084
2001-10-23,-0.5335332210920908
2001-10-24,-0.531330456713841
2001-10-25,-0.5309251361254281
2001-10-26,-0.5323170872993124
2001-10-27,-0.535506901012134
2001-10-28,-0.5404959310954519
2001-10-29,-0.5493008254722657
2001-10-30,-0.5619253211457214
2001-10-31,-0.5783747762471072
2001-11-01,-0.5986561723099693
2001-11-02,-0.6194714603655345
2001-11-03,-0.6408294749089845
2001-11-04,-0.6627392807813185
2001-11-05,-0.6838575709274548
2001-11-06,-0.7041933084437506
2001-11-07,-0.7237551242929208
2001-11-08,-0.7425513209672204
2001-11-09,-0.7605898760122167
2001-11-10,-0.7778784454126455
2001-11-11,-0.7944243668417915
2001-11-12,-0.8095752809612474
2001-11-13,-0.8233376181733902
2001-11-14,-0.8357172195360746
2001-11-15,-0.8467193392417142
2001-11-16,-0.8563486468472843
2001-11-17,-0.8646092292561904
2001-11-18,-0.8715045924528466
2001-11-19,-0.8744334071592129
2001-11-20,-0.8733969164327652
2001-11-21,-0.868394680362592
2001-11-22,-0.859424575882688
2001-11-23,-0.8464827958708748
2001-11-24,-0.8295638475329694
2001-11-25,-0.8086605500715122
2001-11-26,-0.787612783595143
2001-11-27,-0.7664116149393997
2001-11-28,-0.7450480458323467
2001-11-29,-0.7235130090754982
2001-11-30,-0.7017973646954865
2001-12-01,-0.6798918960648436
2001-12-02,-0.6586858671724903
2001-12-03,-0.6402864777055195
2001-12-04,-0.6246859185326255
2001-12-05,-0.6118775684115517
2001-12-06,-0.601855991178882
2001-12-07,-0.5946169334428044
2001-12-08,-0.5901573227778729
2001-12-09,-0.5884752664209976
2001-12-10,-0.5865399294163327
2001-12-11,-0.5843504903615802
2001-12-12,-0.5819060200075876
2001-12-13,-0.5792054808639535
2001-12-14,-0.5762477267586917
2001-12-15,-0.5730315023517694
2001-12-16,-0.5695554426023111
2001-12-17,-0.564402310849611
2001-12-18,-0.5575699199840063
2001-12-19,-0.5490553701789835
2001-12-20,-0.5388550476604254
2001-12-21,-0.5269646231728391
2001-12-22,-0.5133790501419199
2001-12-23,-0.4980925625326671
2001-12-24,-0.4820623489107478
2001-12-25,-0.46528160567850696
2001-12-26,-0.44774321069596573
2001-12-27,-0.4294397202580186
2001-12-28,-0.410363365935151
2001-12-29,-0.39050605127633603
2001-12-30,-0.36985934837271134
2001-12-31,-0.34971910563025405
2002-01-01,-0.3300767750588043
2002-01-02,-0.31242744548611967
2002-01-03,-0.2967636261238596
2002-01-04,-0.28307866888066374
2002-01-05,-0.2713667655405465
2002-01-06,-0.2616229452977543
2002-01-07,-0.2518045974650522
2002-01-08,-0.2419075549059397
2002-01-09,-0.23192761708403384
2002-01-10,-0.2218605482802627
2002-01-11,-0.2117020757951274
2002-01-12,-0.20144788813526868
2002-01-13,-0.19109363318356795
2002-01-14,-0.18215790762778084
2002-01-15,-0.17463691893694858
2002-01-16,-0.16852747502753243
2002-01-17,-0.16382698290861944
2002-01-18,-0.16053344758139598
2002-01-19,-0.15864547119242356
2002-01-20,-0.15816225244035745
2002-01-21,-0.1580917863475052
2002-01-22,-0.15843404300640865
2002-01-23,-0.15918916767880015
2002-01-24,-0.16035748085725535
2002-01-25,-0.16193947840121745
2002-01-26,-0.16393583174745163
2002-01-27,-0.16634738819501876
2002-01-28,-0.1700357663577726
2002-01-29,-0.1750025316696876
2002-01-30,-0.18124979214214942
2002-01-31,-0.1887801992586445
2002-02-01,-0.19759694910011133
2002-02-02,-0.20603700168855793
2002-02-03,-0.21410393917974052
2002-02-04,-0.22168103340506384
2002-02-05,-0.22877150026056764
2002-02-06,-0.23537834910625233
2002-02-07,-0.24150438404332186
2002-02-08,-0.24715220510430952
2002-02-09,-0.25232420935659267
2002-02-10,-0.2570225919197646
2002-02-11,-0.26094081219464504
2002-02-12,-0.2640805331655775
2002-02-13,-0.2664430874035892
2002-02-14,-0.26802947763196594
2002-02-15,-0.2688403771518311
2002-02-16,-0.2688761301279102
2002-02-17,-0.26813675173460255
2002-02-18,-0.2665756183770688
2002-02-19,-0.26419206747379254
2002-02-20,-0.26098508739001225
2002-02-21,-0.2569533170083594
2002-02-22,-0.2520950451511692
2002-02-23,-0.24640820985421602
2002-02-24,-0.23989039749156793
2002-02-25,-0.23285267365595588
2002-02-26,-0.22529205137275085
2002-02-27,-0.21720532173699056
2002-02-28,-0.20858905255144508
2002-03-01,-0.19943958686991203
2002-03-02,-0.19122292746045783
2002-03-03,-0.18393558698061704
2002-03-04,-0.17698146753433547
2002-03-05,-0.1703576176306427
2002-03-06,-0.16406122595268816
2002-03-07,-0.1580896201645526
2002-03-08,-0.15244026577704595
2002-03-09,-0.14711076507201112
2002-03-10,-0.14209885608467615
2002-03-11,-0.13803077659001467
2002-03-12,-0.13490479999992477
2002-03-13,-0.13271959957681573
2002-03-14,-0.1314742478705097
2002-03-15,-0.13116821632461018
2002-03-16,-0.13180137505216996
2002-03-17,-0.13337399278056453
2002-03-18,-0.1345240469159476
2002-03-19,-0.13525202556819746
2002-03-20,-0.13555823770848363
2002-03-21,-0.13544281330040162
2002-03-22,-0.1349057033551326
2002-03-23,-0.13394667991065115
2002-03-24,-0.13256533593497316
2002-03-25,-0.12885952332563955
2002-03-26,-0.122827669249089
2002-03-27,-0.11446721364534876
2002-03-28,-0.10377460814148465
2002-03-29,-0.0907453145455892
2002-03-30,-0.07537380292066673
2002-03-31,-0.05765354923759869
2002-04-01,-0.04197219782901607
2002-04-02,-0.02773214448262759
2002-04-03,-0.014927345386675894
2002-04-04,-0.0035523658848828077
2002-04-05,0.006397621830146805
2002-04-06,0.014926840765958627
2002-04-07,0.022038910922592747
2002-04-08,0.029121928401537628
2002-04-09,0.03617889940110408
2002-04-10,0.04321281906486771
2002-04-11,0.05022667275287793
2002-04-12,0.05722343730871465
2002-04-13,0.06420608232293047
2002-04-14,0.07117757139341405
2002-04-15,0.07709133244662336
2002-04-16,0.08194987542108981
2002-04-17,0.08575526239610733
2002-04-18,0.08850910846692746
2002-04-19,0.09021258243024316
2002-04-20,0.0908664072802537
2002-04-21,0.0904708605155205
2002-04-22,0.09009378895297529
2002-04-23,0.08973503255462617
2002-04-24,0.0893944390558653
2002-04-25,0.08907186390084429
2002-04-26,0.08876717018112139
2002-04-27,0.08848022857755429
2002-04-28,0.08821091730541394
2002-04-29,0.08781954632147394
2002-04-30,0.08730594951873333
2002-05-01,0.08666990891469455
2002-05-02,0.08622509986511995
2002-05-03,0.08597133358264353
2002-05-04,0.08590850236291867
2002-05-05,0.0860365795389059
2002-05-06,0.08676167691250841
2002-05-07,0.08808410223201371
2002-05-08,0.09000441676566284
2002-05-09,0.09252343553986568
2002-05-10,0.09564222768511733
2002-05-11,0.09936211688976199
2002-05-12,0.10368468196179728
2002-05-13,0.1083452954690187
2002-05-14,0.11334593548482419
2002-05-15,0.11868872439781622
2002-05-16,0.1243759298125931
2002-05-17,0.13040996551217332
2002-05-18,0.13679339248246175
2002-05-19,0.14352891999919182
2002-05-20,0.15034814029956653
2002-05-21,0.15725394762020298
2002-05-22,0.16424927294727537
2002-05-23,0.1713370852604937
2002-05-24,0.17852039279320872
2002-05-25,0.18580224430917597
2002-05-26,0.19318573039652293
2002-05-27,0.19989353915364977
2002-05-28,0.20592851753150837
2002-05-29,0.21129322691609834
2002-05-30,0.21598994421557885
2002-05-31,0.2200206628266419
2002-06-01,0.2233870934805564
2002-06-02,0.2244827349935391
2002-06-03,0.2248804371671817
2002-06-04,0.22458036879559015
2002-06-05,0.2235824025227281
2002-06-06,0.22188611478836395
2002-06-07,0.21949078564830207
2002-06-08,0.21639539846882158
2002-06-09,0.21259863949519325
2002-06-10,0.20801563154300906
2002-06-11,0.2026444294764841
2002-06-12,0.19648275363181297
2002-06-13,0.1895279888496275
2002-06-14,0.1817771833650616
2002-06-15,0.17322704755495333
2002-06-16,0.16387395254165205
2002-06-17,0.15298387834264598
2002-06-18,0.14055220295569415
2002-06-19,0.1265736500869487
2002-06-20,0.11104228691157245
2002-06-21,0.09395152155570935
2002-06-22,0.07529410029873887
2002-06-23,0.05506210449462737
2002-06-24,0.03349636123677707
2002-06-25,0.010587717519262949
2002-06-26,-0.013673549622209888
2002-06-27,-0.03929773723695855
2002-06-28,-0.0662957208296325
2002-06-29,-0.09467895897603065
2002-06-30,-0.12445949818639053
2002-07-01,-0.15535407049931596
2002-07-02,-0.18453319839352172
2002-07-03,-0.21200926617347232
2002-07-04,-0.23779393532507961
2002-07-05,-0.2618981494651115
2002-07-06,-0.28433213898591736
2002-07-07,-0.30510542539744745
2002-07-08,-0.32478635539392037
2002-07-09,-0.34338328202242174
2002-07-10,-0.36090409825364966
2002-07-11,-0.3773562403318764
2002-07-12,-0.39274669093106396
2002-07-13,-0.40708198211847507
2002-07-14,-0.4203681981270342
2002-07-15,-0.4325378576140888
2002-07-16,-0.4435961256678098
2002-07-17,-0.45354769567584435
2002-07-18,-0.462396791317301
2002-07-19,-0.47014716835537584
2002-07-20,-0.4768021162313882
2002-07-21,-0.48236445946089573
2002-07-22,-0.486114940882938
2002-07-23,-0.48805515228956536
2002-07-24,-0.4881859171518861
2002-07-25,-0.4865072909695668
2002-07-26,-0.4830185612943876
2002-07-27,-0.4777182474278626
2002-07-28,-0.4706040997927969
2002-07-29,-0.462249752495075
2002-07-30,-0.45265165975427113
2002-07-31,-0.441805747915298
2002-08-01,-0.42970741371945337
2002-08-02,-0.4186768661353259
2002-08-03,-0.4087094235404838
2002-08-04,-0.39980085551912176
2002-08-05,-0.3918057757466323
2002-08-06,-0.3847207909241313
2002-08-07,-0.3785428940183214
2002-08-08,-0.3732694629852366
2002-08-09,-0.3688982596573854
2002-08-10,-0.3654274287938199
2002-08-11,-0.3628554972927287
2002-08-12,-0.36076669341484696
2002-08-13,-0.35916013062294555
2002-08-14,-0.3580351270541933
2002-08-15,-0.35739120523075857
2002-08-16,-0.35722809185715615
2002-08-17,-0.3575457177042546
2002-08-18,-0.35834421757989376
2002-08-19,-0.3601163554256234
2002-08-20,-0.362862883378201
2002-08-21,-0.366584967128339
2002-08-22,-0.37128418641545136
2002-08-23,-0.37696253569813226
2002-08-24,-0.3836224250006505
2002-08-25,-0.39126668093582073
2002-08-26,-0.4000428842611121
2002-08-27,-0.4099547598025172
2002-08-28,-0.42100651439188386
2002-08-29,-0.43320283865239284
2002-08-30,-0.4465489089893686
2002-08-31,-0.4610503897872659
2002-09-01,-0.476713435813768
2002-09-02,-0.4909859097215429
2002-09-03,-0.5038738690823924
2002-09-04,-0.5153827838477566
2002-09-05,-0.5255175386702895
2002-09-06,-0.5342824349770194
2002-09-07,-0.5416811927949761
2002-09-08,-0.547716952330056
2002-09-09,-0.5535612980311895
2002-09-10,-0.5592167103754087
2002-09-11,-0.5646855896520092
2002-09-12,-0.5699702569812892
2002-09-13,-0.5750729552996875
2002-09-14,-0.5799958503117373
2002-09-15,-0.5847410314092429
2002-09-16,-0.5896388151660006
2002-09-17,-0.5946912803160105
2002-09-18,-0.599900571243674
2002-09-19,-0.6052688988939219
2002-09-20,-0.6107985417105897
2002-09-21,-0.6164918466034437
2002-09-22,-0.6223512299442635
2002-09-23,-0.6275273305847322
2002-09-24,-0.632022345383046
2002-09-25,-0.6358381821286367
2002-09-26,-0.6389764603518829
2002-09-27,-0.6414385120114764
2002-09-28,-0.6432253820597361
2002-09-29,-0.6443378288861105
2002-09-30,-0.6453625044699742
2002-10-01,-0.6462998437076156
2002-10-02,-0.6465873374684099
2002-10-03,-0.6462251077714347
2002-10-04,-0.6452130008779329
2002-10-05,-0.6435505872260627
2002-10-06,-0.6412371612485814
2002-10-07,-0.6380011439445553
2002-10-08,-0.6338411618725404
2002-10-09,-0.6287554494388311
2002-10-10,-0.6227418481481006
2002-10-11,-0.6157978056872855
2002-10-12,-0.6079203748423234
2002-10-13,-0.5991062122472878
2002-10-14,-0.5890691396981793
2002-10-15,-0.5778048972266118
2002-10-16,-0.5653087040245761
2002-10-17,-0.5515752564153547
2002-10-18,-0.5365987256025161
2002-10-19,-0.5203727551960381
2002-10-20,-0.502890458514507
2002-10-21,-0.48458002316797577
2002-10-22,-0.46543367777934846
2002-10-23,-0.44544329619175244
2002-10-24,-0.42460039401960786
2002-10-25,-0.40289612504765576
2002-10-26,-0.38032127747641775
2002-10-27,-0.3568662700124919
2002-10-28,-0.3325517448087163
2002-10-29,-0.3073673822118058
2002-10-30,-0.2813024933891376
2002-10-31,-0.2543460157921609
2002-11-01,-0.2264865084611919
2002-11-02,-0.20100384929972143
2002-11-03,-0.1778872228710871
2002-11-04,-0.1571598084748535
2002-11-05,-0.13881280891147552
2002-11-06,-0.12283843728514793
2002-11-07,-0.10922991369886481
2002-11-08,-0.09798146237687261
2002-11-09,-0.08908830921329575
2002-11-10,-0.08254667974589452
2002-11-11,-0.07862857301668041
2002-11-12,-0.07733232608950152
2002-11-13,-0.07865738880683881
2002-11-14,-0.08260432355630681
2002-11-15,-0.08917480550934351
2002-11-16,-0.09837162333219279
2002-11-17,-0.11019868036947927
2002-11-18,-0.12413394275087059
2002-11-19,-0.14018332492770816
2002-11-20,-0.15835363863323032
2002-11-21,-0.1786525957736309
2002-11-22,-0.2010888117011731
2002-11-23,-0.22567180887074545
2002-11-24,-0.2524120208814159
2002-11-25,-0.28198096795188515
2002-11-26,-0.31439119983499475
2002-11-27,-0.34965647219132695
2002-11-28,-0.3877917524274286
2002-11-29,-0.4288132260483289
2002-11-30,-0.4727383035270454
2002-12-01,-0.519585627693998
2002-12-02,-0.5615630883306247
2002-12-03,-0.5986885016531962
2002-12-04,-0.6309776245556
2002-12-05,-0.6584441612969336
2002-12-06,-0.681099769317913
2002-12-07,-0.6989540641885643
2002-12-08,-0.7120146236892955
2002-12-09,-0.7222555403696195
2002-12-10,-0.7296811607141405
2002-12-11,-0.7342946363298402
2002-12-12,-0.7360979252836924
2002-12-13,-0.7350917929337136
2002-12-14,-0.7312758122537983
2002-12-15,-0.7246483636524784
2002-12-16,-0.7169802139965987
2002-12-17,-0.7082681087440641
2002-12-18,-0.6985083502736044
2002-12-19,-0.6876967963154142
2002-12-20,-0.67582885819308
2002-12-21,-0.6628994988760366
2002-12-22,-0.6489032308417336
2002-12-23,-0.6315759307422573
2002-12-24,-0.6109102444661085
2002-12-25,-0.5868974010126002
2002-12-26,-0.5595272087692398
2002-12-27,-0.5287880511861691
2002-12-28,-0.4946668818458304
2002-12-29,-0.4571492189257609
2002-12-30,-0.4175910874820809
2002-12-31,-0.37597569811842446
2003-01-01,-0.33228538829003884
2003-01-02,-0.2920275231699432
2003-01-03,-0.25518501637843
2003-01-04,-0.22174223109376195
2003-01-05,-0.19168497341553875
2003-01-06,-0.16494925902027968
2003-01-07,-0.14152374064536782
2003-01-08,-0.12139847595281283
2003-01-09,-0.10456492330948997
2003-01-10,-0.09101593816187087
2003-01-11,-0.08074577000370803
2003-01-12,-0.07375005993538547
2003-01-13,-0.0682537967110472
2003-01-14,-0.06425464758800675
2003-01-15,-0.06175091523382459
2003-01-16,-0.06074153700591961
2003-01-17,-0.06122608450055972
2003-01-18,-0.06320476337103653
2003-01-19,-0.06667841341495018
2003-01-20,-0.07249319155939765
2003-01-21,-0.08065156573224858
2003-01-22,-0.0911569985383503
2003-01-23,-0.10401394872913877
2003-01-24,-0.11922787309503696
2003-01-25,-0.13680522878144447
2003-01-26,-0.15675347602930095
2003-01-27,-0.17904552868239793
2003-01-28,-0.2036908480093586
2003-01-29,-0.23069989406023206
2003-01-30,-0.2600841301059838
2003-01-31,-0.29185602750377526
2003-02-01,-0.3260290709901009
2003-02-02,-0.3584000490197724
2003-02-03,-0.39032523183018075
2003-02-04,-0.42181816921573445
2003-02-05,-0.45289222751577346
2003-02-06,-0.4835605952875536
2003-02-07,-0.5138362889037815
2003-02-08,-0.5437321580770654
2003-02-09,-0.573260891313635
2003-02-10,-0.60006063809606
2003-02-11,-0.6241427728637999
2003-02-12,-0.6455175166382023
2003-02-13,-0.6641939413605435
2003-02-14,-0.6801799737423725
2003-02-15,-0.6934823986297924
2003-02-16,-0.7041068618831086
2003-02-17,-0.7133587497463381
2003-02-18,-0.7212419889371191
2003-02-19,-0.7277599252865763
2003-02-20,-0.7329153251593706
2003-02-21,-0.7367103766278078
2003-02-22,-0.7391466904005086
2003-02-23,-0.7402253005060305
2003-02-24,-0.7393062425426242
2003-02-25,-0.7363891264405904
2003-02-26,-0.7314727141076153
2003-02-27,-0.7245549189032955
2003-02-28,-0.7156328047535188
2003-03-01,-0.7047025849043252
2003-03-02,-0.6935823588134058
2003-03-03,-0.6834774540790505
2003-03-04,-0.6743835819433062
2003-03-05,-0.6662968827541061
2003-03-06,-0.6592139243271425
2003-03-07,-0.6531317004891678
2003-03-08,-0.6480476298021038
2003-03-09,-0.6439595544674196
2003-03-10,-0.6400528736522749
2003-03-11,-0.6363259292699431
2003-03-12,-0.632777139518044
2003-03-13,-0.6294049982071903
2003-03-14,-0.6262080741217253
2003-03-15,-0.6231850104122815
2003-03-16,-0.6203345240199024
2003-03-17,-0.6187895766586904
2003-03-18,-0.6185495126168445
2003-03-19,-0.6196142300055699
2003-03-20,-0.6219841807158328
2003-03-21,-0.6256603706101551
2003-03-22,-0.6306443599495248
2003-03-23,-0.6369382640556076
2003-03-24,-0.6425590624269655
2003-03-25,-0.6475091406619143
2003-03-26,-0.651790599689454
2003-03-27,-0.6554052566609516
2003-03-28,-0.6583546457213838
2003-03-29,-0.6606400186604622
2003-03-30,-0.662262345443924
2003-03-31,-0.6652071306558653
2003-04-01,-0.6694756241320168
2003-04-02,-0.6737638610456782
2003-04-03,-0.67807366142491
2003-04-04,-0.6824068544498122
2003-04-05,-0.6867652792288705
2003-04-06,-0.6911507855795178
2003-04-07,-0.6939438172104035
2003-04-08,-0.6951455595494889
2003-04-09,-0.6947565226443349
2003-04-10,-0.6927765413785781
2003-04-11,-0.6892047754018522
2003-04-12,-0.684039708773122
2003-04-13,-0.6772791493172847
2003-04-14,-0.6689415941962236
2003-04-15,-0.6590235047565054
2003-04-16,-0.6475206715289585
2003-04-17,-0.6344282124420761
2003-04-18,-0.6197405707499503
2003-04-19,-0.6034515126738595
2003-04-20,-0.5855541247565073
2003-04-21,-0.5670147283505422
2003-04-22,-0.5478254549024386
2003-04-23,-0.5279781600356512
2003-04-24,-0.5074644200939517
2003-04-25,-0.4862755285662317
2003-04-26,-0.4644024923912563
2003-04-27,-0.44183602814079803
2003-04-28,-0.41901279257137586
2003-04-29,-0.3959230989679116
2003-04-30,-0.3725571475243036
2003-05-01,-0.34890502118416045
2003-05-02,-0.3265651157714256
2003-05-03,-0.30552794970764563
2003-05-04,-0.2857845943274212
2003-05-05,-0.2671005955173935
2003-05-06,-0.2494680233513935
2003-05-07,-0.23287939415331615
2003-05-08,-0.2173276673208726
2003-05-09,-0.20280624233739442
2003-05-10,-0.18930895597041958
2003-05-11,-0.17683007965587255
2003-05-12,-0.16449797580264108
2003-05-13,-0.15230741037736567
2003-05-14,-0.1402532094189064
2003-05-15,-0.12833025684239321
2003-05-16,-0.11653349226783954
2003-05-17,-0.10485790887239876
2003-05-18,-0.09329855126535147
2003-05-19,-0.0824725851131361
2003-05-20,-0.07237541562246641
2003-05-21,-0.06300275731840776
2003-05-22,-0.05435063222552189
2003-05-23,-0.04641536817952052
2003-05-24,-0.039193597268713354
2003-05-25,-0.03268225440458722
2003-05-26,-0.02605708360230402
2003-05-27,-0.01931527298439284
2003-05-28,-0.01245396116871672
2003-05-29,-0.005470236054034516
2003-05-30,0.0016388664159622257
2003-05-31,0.008876363510664786
2003-06-01,0.01624532699314643
2003-06-02,0.023653385141416308
2003-06-03,0.03110368210864893
2003-06-04,0.03859937997516162
2003-06-05,0.046143660090475366
2003-06-06,0.05373972442355418
2003-06-07,0.06139079692179536
2003-06-08,0.0691001248793483
2003-06-09,0.0766004834597254
2003-06-10,0.08389505599056374
2003-06-11,0.09098693845908697
2003-06-12,0.09787914082611474
2003-06-13,0.10457458830356067
2003-06-14,0.11107612259596042
2003-06-15,0.11738650310655788
2003-06-16,0.12327581957527428
2003-06-17,0.12874657156578745
2003-06-18,0.13380108099321936
2003-06-19,0.1384414931096108
2003-06-20,0.1426697774144169
2003-06-21,0.1464877284904087
2003-06-22,0.14989696676533606
2003-06-23,0.15444175680475997
2003-06-24,0.16012402752388932
2003-06-25,0.16694619061134233
2003-06-26,0.17491114155272383
2003-06-27,0.18402226085953716
2003-06-28,0.19428341550395206
2003-06-29,0.20569896056003828
2003-06-30,0.21752856661953823
2003-07-01,0.22977725444399316
2003-07-02,0.24135055592660534
2003-07-03,0.2522533830472578
2003-07-04,0.2624903632208297
2003-07-05,0.27206584126118005
2003-07-06,0.28098388122518786
2003-07-07,0.28811663710594143
2003-07-08,0.293467136211893
2003-07-09,0.29703764942002686
2003-07-10,0.2988296921396737
2003-07-11,0.29884402495568474
2003-07-12,0.2970806539512423
2003-07-13,0.2935388307104417
2003-07-14,0.2887394678065698
2003-07-15,0.28268052827773893
2003-07-16,0.27535944056827655
2003-07-17,0.2667730974372968
2003-07-18,0.2569178546399151
2003-07-19,0.245789529380545
2003-07-20,0.23338339853762197
2003-07-21,0.21985722624501425
2003-07-22,0.2052052716787838
2003-07-23,0.18942131620666025
2003-07-24,0.1724986607487079
2003-07-25,0.15443012293407948
2003-07-26,0.13520803405264994
2003-07-27,0.11482423580023658
2003-07-28,0.09361421932754185
2003-07-29,0.07156898260740988
2003-07-30,0.048679169125673244
2003-07-31,0.024935063910029975
2003-08-01,0.0003265894067819852
2003-08-02,-0.02255748383498965
2003-08-03,-0.04372686835129477
2003-08-04,-0.0632030865449302
2003-08-05,-0.08099440457850351
2003-08-06,-0.09710837350357973
2003-08-07,-0.11155183246552391
2003-08-08,-0.12433091160619472
2003-08-09,-0.13545103466571978
2003-08-10,-0.1449169212844581
2003-08-11,-0.15314824332790905
2003-08-12,-0.1601484943617027
2003-08-13,-0.1659206454561345
2003-08-14,-0.1704671464471565
2003-08-15,-0.17378992697614531
2003-08-16,-0.17589039730888717
2003-08-17,-0.1767694489341275
2003-08-18,-0.17648058659731564
2003-08-19,-0.1750236876985189
2003-08-20,-0.17239813389576286
2003-08-21,-0.16860281084259462
2003-08-22,-0.16363610771512652
2003-08-23,-0.15749591652836525
2003-08-24,-0.150179631241534
2003-08-25,-0.1406345094782825
2003-08-26,-0.12885650006564608
2003-08-27,-0.11484060414090703
2003-08-28,-0.0985808730299623
2003-08-29,-0.08007040572256481
2003-08-30,-0.05930134594337498
2003-08-31,-0.0362648788175728
2003-09-01,-0.010962266185834957
2003-09-02,0.014104057301689121
2003-09-03,0.038944730379062875
2003-09-04,0.06357029600903708
2003-09-05,0.08799120585772979
2003-09-06,0.11221782473055802
2003-09-07,0.13626043497130363
2003-09-08,0.15819882747159714
2003-09-09,0.17804231339841953
2003-09-10,0.1957993147913959
2003-09-11,0.211477368137306
2003-09-12,0.22508312756874588
2003-09-13,0.2366223676882972
2003-09-14,0.24609998601940342
2003-09-15,0.2540906059023762
2003-09-16,0.2605976187432181
2003-09-17,0.2656237862703968
2003-09-18,0.26917124170698803
2003-09-19,0.2712414906760644
2003-09-20,0.2718354118397175
2003-09-21,0.2709532572719829
2003-09-22,0.26962886163269806
2003-09-23,0.26786166281737217
2003-09-24,0.2656509107854879
2003-09-25,0.262995667242167
2003-09-26,0.2598948052399357
2003-09-27,0.25634700870042176
2003-09-28,0.25235077185578053
2003-09-29,0.2474988882638239
2003-09-30,0.24178929867165574
2003-10-01,0.23521957979588884
2003-10-02,0.2292041368571274
2003-10-03,0.2237404167606693
2003-10-04,0.21882610057589305
2003-10-05,0.21445910255204947
2003-10-06,0.21022156167591366
2003-10-07,0.2061116794360092
2003-10-08,0.2021277115021712
2003-10-09,0.1982679669852118
2003-10-10,0.19453080771926712
2003-10-11,0.1909146475665215
2003-10-12,0.1874179517440135
2003-10-13,0.18498552092698578
2003-10-14,0.18361632273489797
2003-10-15,0.18330977604800774
2003-10-16,0.18406575076073006
2003-10-17,0.1858845677264176
2003-10-18,0.18876699889353804
2003-10-19,0.19271426763330726
2003-10-20,0.19687469005183006
2003-10-21,0.20125003192970542
2003-10-22,0.2058421502643784
2003-10-23,0.21065299405829357
2003-10-24,0.21568460514609686
2003-10-25,0.2209391190612381
2003-10-26,0.2264187659423416
2003-10-27,0.23175545009401224
2003-10-28,0.23695143652984488
2003-10-29,0.24200893054803238
2003-10-30,0.24693007866734573
2003-10-31,0.2517169695381669
2003-11-01,0.25637163482896114
2003-11-02,0.2595771220245072
2003-11-03,0.2624160943053778
2003-11-04,0.264889756597821
2003-11-05,0.26699915878197983
2003-11-06,0.2687451961374864
2003-11-07,0.2701286097234394
2003-11-08,0.2711499866929268
2003-11-09,0.27180976054222744
2003-11-10,0.27170615247688007
2003-11-11,0.2708391185231979
2003-11-12,0.26920829069168867
2003-11-13,0.26681297682087063
2003-11-14,0.26365216028350363
2003-11-15,0.2597244995551084
2003-11-16,0.2550283276445922
2003-11-17,0.24887093978731611
2003-11-18,0.2412497226438339
2003-11-19,0.23216144159130714
2003-11-20,0.22160223935065548
2003-11-21,0.209567634349437
2003-11-22,0.19605251881976424
2003-11-23,0.18105115663044793
2003-11-24,0.1653962107882608
2003-11-25,0.14908103696797206
2003-11-26,0.13209871062815237
2003-11-27,0.11444202407223618
2003-11-28,0.09610348338940715
2003-11-29,0.07707530527400716
2003-11-30,0.057349413722118395
2003-12-01,0.037226063768687034
2003-12-02,0.018085735528920316
2003-12-03,-7.969460023571351e-05
2003-12-04,-0.017277936452270964
2003-12-05,-0.033516289363344914
2003-12-06,-0.04880164527029615
2003-12-07,-0.06314049163574134
2003-12-08,-0.07717921686779355
2003-12-09,-0.09092377932984855
2003-12-10,-0.10438001253574111
2003-12-11,-0.1175536276256248
2003-12-12,-0.1304502157899136
2003-12-13,-0.14307525064231377
2003-12-14,-0.1554340905429534
2003-12-15,-0.16777484990855213
2003-12-16,-0.18010276644607123
2003-12-17,-0.1924230724116759
2003-12-18,-0.20474099683142602
2003-12-19,-0.2170617677205982
2003-12-20,-0.22939061430257685
2003-12-21,-0.24173276922825956
2003-12-22,-0.25393039064888645
2003-12-23,-0.265988655520327
2003-12-24,-0.2779126816522708
2003-12-25,-0.28970752988034665
2003-12-26,-0.30137820621405875
2003-12-27,-0.3129296639614548
2003-12-28,-0.3243668058314254
2003-12-29,-0.3351603814513237
2003-12-30,-0.34531497186713633
2003-12-31,-0.354834886924582
2004-01-01,-0.36372416709830946
2004-01-02,-0.371499583776573
2004-01-03,-0.37816443702810065
2004-01-04,-0.3837215555725231
2004-01-05,-0.3885813103329023
2004-01-06,-0.39274576390284266
2004-01-07,-0.3962166837738581
2004-01-08,-0.3989955430855371
2004-01-09,-0.40108352125077706
2004-01-10,-0.40248150445635533
2004-01-11,-0.4031900860390474
2004-01-12,-0.40275510957821714
2004-01-13,-0.40117639045967934
2004-01-14,-0.398453258638109
2004-01-15,-0.3945845583526591
2004-01-16,-0.38956864763642807
2004-01-17,-0.3834033976195711
2004-01-18,-0.3760861916257575
2004-01-19,-0.36837652478452854
2004-01-20,-0.36027112493292474
2004-01-21,-0.3517665519496399
2004-01-22,-0.3428591962949529
2004-01-23,-0.3335452774787546
2004-01-24,-0.3238208424560192
2004-01-25,-0.3136817639490398
2004-01-26,-0.3016625788484715
2004-01-27,-0.2877581859309931
2004-01-28,-0.27196268384698596
2004-01-29,-0.2542693686158618
2004-01-30,-0.2346707307807381
2004-01-31,-0.21315845222124713
2004-02-01,-0.18972340262313295
2004-02-02,-0.16631263604506077
2004-02-03,-0.14291621641004804
2004-02-04,-0.11952421373029032
2004-02-05,-0.09612669989264205
2004-02-06,-0.07271374444489392
2004-02-07,-0.049275410381055484
2004-02-08,-0.025801749923858364
2004-02-09,-0.003540086200099879
2004-02-10,0.017519029161070232
2004-02-11,0.037384534140846415
2004-02-12,0.056064860124254656
2004-02-13,0.07356793547863039
2004-02-14,0.08990118891860271
2004-02-15,0.10507155265901452
2004-02-16,0.12030519570261852
2004-02-17,0.1356085835638824
2004-02-18,0.1509882113586058
2004-02-19,0.16645060656059976
2004-02-20,0.182002331772099
2004-02-21,0.19764998750908425
2004-02-22,0.2134002150026949
2004-02-23,0.22863534655339762
2004-02-24,0.24336184830741717
2004-02-25,0.2575859705365942
2004-02-26,0.2713137502911472
2004-02-27,0.28455101396193727
2004-02-28,0.29730337975332466
2004-02-29,0.3095762600676673
2004-03-01,0.3216918013679777
2004-03-02,0.33270524109504773
2004-03-03,0.3426212536103346
2004-03-04,0.35144404750151453
2004-03-05,0.3591773673687063
2004-03-06,0.36582449541376677
2004-03-07,0.3713882528333339
2004-03-08,0.37577947302645565
2004-03-09,0.37900001972970543
2004-03-10,0.38105125981844234
2004-03-11,0.38193406388694456
2004-03-12,0.3816488066179101
2004-03-13,0.38019536694148115
2004-03-14,0.3775731279838586
2004-03-15,0.3744123489575141
2004-03-16,0.37071168835388896
2004-03-17,0.36646957552605364
2004-03-18,0.3616842100220884
2004-03-19,0.35635356082092945
2004-03-20,0.35047536547035635
2004-03-21,0.3440471291267539
2004-03-22,0.336429835652854
2004-03-23,0.32762025209111545
2004-03-24,0.31761463944819235
2004-03-25,0.30640875110801835
2004-03-26,0.29399783102944305
2004-03-27,0.2803766117276569
2004-03-28,0.26553931203854786
2004-03-29,0.24950706095221103
2004-03-30,0.23227305400624387
2004-03-31,0.2138299766849442
2004-04-01,0.1941700013148584
2004-04-02,0.17543777256644721
2004-04-03,0.15762534004362735
2004-04-04,0.14072514373335074
2004-04-05,0.12585454377129132
2004-04-06,0.1130072287269579
2004-04-07,0.10217774589930906
2004-04-08,0.09336149900249921
2004-04-09,0.08655474621510723
2004-04-10,0.08175459859202006
2004-04-11,0.0789590188382969
2004-04-12,0.07768400285876617
2004-04-13,0.07792900950681983
2004-04-14,0.07969414276901068
2004-04-15,0.08298015180918687
2004-04-16,0.0877884312864545
2004-04-17,0.09412102194710366
2004-04-18,0.10198061149074861
2004-04-19,0.10983214986466704
2004-04-20,0.11767896944541542
2004-04-21,0.12552440060678421
2004-04-22,0.13337177313328608
2004-04-23,0.1412244176333944
2004-04-24,0.14908566695313172
2004-04-25,0.1569588575906069
2004-04-26,0.16528284334530044
2004-04-27,0.174061157111489
2004-04-28,0.18329752461088578
2004-04-29,0.19299586597392346
2004-04-30,0.20316029740354916
2004-05-01,0.21379513292223798
2004-05-02,0.221963118840841
2004-05-03,0.22857024820011396
2004-05-04,0.23361932522031725
2004-05-05,0.237112492847851
2004-05-06,0.23905123366477177
2004-05-07,0.23943637051803535
2004-05-08,0.23826806686873164
2004-05-09,0.23554582686146167
2004-05-10,0.2319578180495345
2004-05-11,0.22750251759807624
2004-05-12,0.22217803457335264
2004-05-13,0.21598210914021262
2004-05-14,0.20891211160296136
2004-05-15,0.20096504128925585
2004-05-16,0.19213752527654965
2004-05-17,0.18120662522936395
2004-05-18,0.16816770181801244
2004-05-19,0.15301522101838072
2004-05-20,0.13574275176315606
2004-05-21,0.11634296321233245
2004-05-22,0.09480762164183049
2004-05-23,0.07112758694891258
2004-05-24,0.045357714561248146
2004-05-25,0.017487067142162176
2004-05-26,-0.012496184263086404
2004-05-27,-0.044604765247791014
2004-05-28,-0.07885230344483589
2004-05-29,-0.1152533343105831
2004-05-30,-0.1538233072940596
2004-05-31,-0.19356152703533738
2004-06-01,-0.23448485936446878
2004-06-02,-0.27209064933952776
2004-06-03,-0.3063948577374899
2004-06-04,-0.33741204406687647
2004-06-05,-0.365155372747149
2004-06-06,-0.3896366186959978
2004-06-07,-0.4124199780660137
2004-06-08,-0.4335151206478838
2004-06-09,-0.4529309997135975
2004-06-10,-0.47067585581642457
2004-06-11,-0.4867572202884003
2004-06-12,-0.5011819184367965
2004-06-13,-0.5139560724409442
2004-06-14,-0.5236956085888699
2004-06-15,-0.5304046605675515
2004-06-16,-0.5340860758555934
2004-06-17,-0.5347414169317627
2004-06-18,-0.5323709619381427
2004-06-19,-0.5269737047981821
2004-06-20,-0.5185473547896929
2004-06-21,-0.5080251313773771
2004-06-22,-0.49540256868347265
2004-06-23,-0.4806743093970933
2004-06-24,-0.4638341025004605
2004-06-25,-0.444874800615825
2004-06-26,-0.4237883569719528
2004-06-27,-0.4005658219888877
2004-06-28,-0.37591754197056676
2004-06-29,-0.3498330556103548
2004-06-30,-0.322301292042047
2004-07-01,-0.29331056614113604
2004-07-02,-0.26653592272162185
2004-07-03,-0.24196599799849933
2004-07-04,-0.219590363920953
2004-07-05,-0.1975322995224993
2004-07-06,-0.17578244284460426
2004-07-07,-0.15433156273930054
2004-07-08,-0.13317055495127184
2004-07-09,-0.11229043825379459
2004-07-10,-0.09168235063689462
2004-07-11,-0.07133754554610339
2004-07-12,-0.05162158495513419
2004-07-13,-0.032526100949097414
2004-07-14,-0.014042988957881197
2004-07-15,0.0038355956836180205
2004-07-16,0.02111724106495494
2004-07-17,0.03780928192069827
2004-07-18,0.05391880274346317
2004-07-19,0.06869922604897027
2004-07-20,0.08215682499462801
2004-07-21,0.09429731130024188
2004-07-22,0.10512583767220207
2004-07-23,0.11464699999041184
2004-07-24,0.12286483925888714
2004-07-25,0.12978284332085321
2004-07-26,0.13540158577493788
2004-07-27,0.1397234513468779
2004-07-28,0.14275027433752308
2004-07-29,0.144483339401357
2004-07-30,0.14492338209173428
2004-07-31,0.1440705891730666
2004-08-01,0.14192459870008986
2004-08-02,0.1396090224474455
2004-08-03,0.1371228776304036
2004-08-04,0.1344651090709456
2004-08-05,0.13163458874992182
2004-08-06,0.12863011532829377
2004-08-07,0.12545041363725778
2004-08-08,0.12209413413703357
2004-08-09,0.11859733231082065
2004-08-10,0.11495852403412343
2004-08-11,0.11117616491158681
2004-08-12,0.10724864962151864
2004-08-13,0.10317431123455363
2004-08-14,0.09895142050616956
2004-08-15,0.0945781851427554
2004-08-16,0.09073069992389188
2004-08-17,0.0874073318868481
2004-08-18,0.08460667051648577
2004-08-19,0.08232752714660345
2004-08-20,0.0805689344554392
2004-08-21,0.07933014605511612
2004-08-22,0.07861063617485826
2004-08-23,0.07833038430599339
2004-08-24,0.07848927150307239
2004-08-25,0.07908736520153858
2004-08-26,0.08012491924634876
2004-08-27,0.08160237399971099
2004-08-28,0.08352035652798465
2004-08-29,0.08587968086782194
2004-08-30,0.08709298189984949
2004-08-31,0.08716077457740787
2004-09-01,0.08608308767329545
2004-09-02,0.08442960433657402
2004-09-03,0.08219962279023577
2004-09-04,0.07939219657794658
2004-09-05,0.07600613416234792
2004-09-06,0.07342576438245854
2004-09-07,0.0716499920689814
2004-09-08,0.07067806354260606
2004-09-09,0.0705095662941297
2004-09-10,0.07114442880937838
2004-09-11,0.07258292053885489
2004-09-12,0.07482565201209979
2004-09-13,0.07810956766039043
2004-09-14,0.08243606125434844
2004-09-15,0.08780696905906452
2004-09-16,0.09422457061345237
2004-09-17,0.1016915896977384
2004-09-18,0.11021119548949748
2004-09-19,0.11978700390872651
2004-09-20,0.1304418329942919
2004-09-21,0.1421802049049055
2004-09-22,0.1550071016802013
2004-09-23,0.16892796735522986
2004-09-24,0.18394871027103368
2004-09-25,0.20007570558228577
2004-09-26,0.21731579796305442
2004-09-27,0.2345122217970386
2004-09-28,0.2516722756487886
2004-09-29,0.26880324264658334
2004-09-30,0.2859123935735607
2004-10-01,0.30300698995360764
2004-10-02,0.3180698451827286
2004-10-03,0.33110735228904753
2004-10-04,0.34298558232576465
2004-10-05,0.3537095766915744
2004-10-06,0.36328388690055147
2004-10-07,0.37171257651391987
2004-10-08,0.3789992228647237
2004-10-09,0.38514691857613015
2004-10-10,0.39015827287401217
2004-10-11,0.3934025729880972
2004-10-12,0.39488119587524756
2004-10-13,0.3945947690976058
2004-10-14,0.3925431710889472
2004-10-15,0.3887255311030839
2004-10-16,0.3831402288443001
2004-10-17,0.37578489377966046
2004-10-18,0.36764424614645186
2004-10-19,0.35871483086338496
2004-10-20,0.3489928580777282
2004-10-21,0.33847420155680585
2004-10-22,0.32715439693672776
2004-10-23,0.31502863982760976
2004-10-24,0.3020917837744774
2004-10-25,0.2875630857207802
2004-10-26,0.2714363793471951
2004-10-27,0.253704820102286
2004-10-28,0.2343608822975158
2004-10-29,0.21339635591316825
2004-10-30,0.1908023431138236
2004-10-31,0.1665692544719092
2004-11-01,0.14084617166173485
2004-11-02,0.11775133674164051
2004-11-03,0.09727494772342982
2004-11-04,0.07940831394859998
2004-11-05,0.06414385239982384
2004-11-06,0.05147508448253918
2004-11-07,0.041396633275282035
2004-11-08,0.034305547694916505
2004-11-09,0.030198818118840787
2004-11-10,0.029074701554954396
2004-11-11,0.030932720901891142
2004-11-12,0.03577366474652627
2004-11-13,0.04359958769867167
2004-11-14,0.05441381126309955
2004-11-15,0.06681981367451037
2004-11-16,0.08082286033054051
2004-11-17,0.09642889445176317
2004-11-18,0.11364453960413123
2004-11-19,0.13247710251017147
2004-11-20,0.15293457615013084
2004-11-21,0.1750256431543829
2004-11-22,0.20085366269747895
2004-11-23,0.2304295967951071
2004-11-24,0.2637659981655667
2004-11-25,0.3008770155574363
2004-11-26,0.3417783997546329
2004-11-27,0.38648751026141437
2004-11-28,0.4350233226701578
2004-11-29,0.48682814966087745
2004-11-30,0.5419239784140159
2004-12-01,0.6003341928881505
2004-12-02,0.6552599284475353
2004-12-03,0.7067244968592166
2004-12-04,0.7547497408899368
2004-12-05,0.7993560435767144
2004-12-06,0.8390057094675423
2004-12-07,0.8737155668081471
2004-12-08,0.9035003472739503
2004-12-09,0.9283726922225356
2004-12-10,0.9483431580589368
2004-12-11,0.9634202207160225
2004-12-12,0.9736102792518823
2004-12-13,0.9804044496905165
2004-12-14,0.983805615636796
2004-12-15,0.9838152206251111
2004-12-16,0.9804332687320434
2004-12-17,0.9736583245780961
2004-12-18,0.963487512718484
2004-12-19,0.949916516422729
2004-12-20,0.9325697583083399
2004-12-21,0.9114398760053819
2004-12-22,0.8865179014975146
2004-12-23,0.8577932573157587
2004-12-24,0.8252537520491691
2004-12-25,0.7888855751705155
2004-12-26,0.7486732911747718
2004-12-27,0.7063033814007857
2004-12-28,0.6617578630676924
2004-12-29,0.61501783001546
2004-12-30,0.5660634446806735
2004-12-31,0.5148739296770092
2005-01-01,0.46142755897682664
2005-01-02,0.4124533429180581
2005-01-03,0.3668841814800772
2005-01-04,0.3247007340447726
2005-01-05,0.285885096970257
2005-01-06,0.25042079599214395
2005-01-07,0.2182927792314835
2005-01-08,0.1894874108063931
2005-01-09,0.16399246504467058
2005-01-10,0.13950524178518708
2005-01-11,0.1160153480775622
2005-01-12,0.09351281426140912
2005-01-13,0.07198808973497517
2005-01-14,0.05143203890164427
2005-01-15,0.0318359372925765
2005-01-16,0.013191467863837736
2005-01-17,-0.0030107405397377107
2005-01-18,-0.016777564514414145
2005-01-19,-0.02811484702233291
2005-01-20,-0.03702739987140302
2005-01-21,-0.04351900575754464
2005-01-22,-0.04759241987015339
2005-01-23,-0.049249371061467984
2005-01-24,-0.048266600691610706
2005-01-25,-0.04464369164984616
2005-01-26,-0.03837910628882668
2005-01-27,-0.029470185771977908
2005-01-28,-0.01791314894502638
2005-01-29,-0.0037030907311901284
2005-01-30,0.013166019950652696
2005-01-31,0.031526704160531493
2005-02-01,0.05138675460233594
2005-02-02,0.06857486139770588
2005-02-03,0.08309831958124617
2005-02-04,0.09496329324835642
2005-02-05,0.10417481817141783
2005-02-06,0.11073680393709237
2005-02-07,0.11577344433348119
2005-02-08,0.11928687702859037
2005-02-09,0.1212785932054454
2005-02-10,0.12174943819498374
2005-02-11,0.12069961183483341
2005-02-12,0.11812866855412871
2005-02-13,0.1140355171843993
2005-02-14,0.10882783304027174
2005-02-15,0.10250340585877227
2005-02-16,0.09505955140505805
2005-02-17,0.08649311033316509
2005-02-18,0.07680044684510813
2005-02-19,0.06597744714776282
2005-02-20,0.05401951770687566
2005-02-21,0.040283162338604794
2005-02-22,0.024762551012398243
2005-02-23,0.007451096417735892
2005-02-24,-0.011658548831678023
2005-02-25,-0.03257449531631862
2005-02-26,-0.05530562025315955
2005-02-27,-0.07986157126337223
2005-02-28,-0.10522386590090281
2005-03-01,-0.1314032685168946
2005-03-02,-0.1549929205790744
2005-03-03,-0.17600283408760928
2005-03-04,-0.1944419261412762
2005-03-05,-0.21031802272208738
2005-03-06,-0.22363786201682073
2005-03-07,-0.23567662839905001
2005-03-08,-0.2464394314028502
2005-03-09,-0.2559308390135899
2005-03-10,-0.264154879606691
2005-03-11,-0.27111504365736583
2005-03-12,-0.2768142852220565
2005-03-13,-0.28125502319220486
2005-03-14,-0.2838125631222842
2005-03-15,-0.2844879904920693
2005-03-16,-0.2832815919687358
2005-03-17,-0.2801928555285297
2005-03-18,-0.27522047023945073
2005-03-19,-0.26836232570486335
2005-03-20,-0.2596155111677952
2005-03-21,-0.24859800504747065
2005-03-22,-0.23530513125656058
2005-03-23,-0.21973124798846833
2005-03-24,-0.20186974532281593
2005-03-25,-0.18171304242003866
2005-03-26,-0.1592525843038999
2005-03-27,-0.13447883823055862
2005-03-28,-0.1082617326706461
2005-03-29,-0.08059014047126725
2005-03-30,-0.05145231716137237
2005-03-31,-0.02083589596712893
2005-04-01,0.011272117436826823
2005-04-02,0.04145001350497973
2005-04-03,0.06971060044237148
2005-04-04,0.09585064383688785
2005-04-05,0.1198812381344383
2005-04-06,0.1418125824813894
2005-04-07,0.16165398505332074
2005-04-08,0.179413867005633
2005-04-09,0.1950997660476826
2005-04-10,0.20871833964196285
2005-04-11,0.22008980628439206
2005-04-12,0.22921899229142545
2005-04-13,0.23610977230316318
2005-04-14,0.24076507092783783
2005-04-15,0.24318686398308706
2005-04-16,0.24337617933453617
2005-04-17,0.24133309733204908
2005-04-18,0.2382261001155814
2005-04-19,0.23405386900283265
2005-04-20,0.22881463320131773
2005-04-21,0.2225061690568012
2005-04-22,0.2151257991095266
2005-04-23,0.20667039095783982
2005-04-24,0.197136355928724
2005-04-25,0.18684337636780912
2005-04-26,0.17578708369378643
2005-04-27,0.16396278535740558
2005-04-28,0.15136546284984737
2005-04-29,0.13798976957275122
2005-04-30,0.12383002856899317
2005-05-01,0.10888023011325307
2005-05-02,0.0947101611532929
2005-05-03,0.08131380758036633
2005-05-04,0.06868548366863675
2005-05-05,0.056819829662022314
2005-05-06,0.045711809499389855
2005-05-07,0.035356708677132864
2005-05-08,0.0257501322482262
2005-05-09,0.016918305972657144
2005-05-10,0.0088574814167518
2005-05-11,0.001564237378002209
2005-05-12,-0.004964521566972191
2005-05-13,-0.010731566376194546
2005-05-14,-0.015739344718390225
2005-05-15,-0.019989982011834273
2005-05-16,-0.023266726043880748
2005-05-17,-0.025570967541349465
2005-05-18,-0.026903684478235046
2005-05-19,-0.02726544249078172
2005-05-20,-0.026656395117552467
2005-05-21,-0.025076283864594706
2005-05-22,-0.02252443809572935
2005-05-23,-0.018038642432653434
2005-05-24,-0.011616992998751657
2005-05-25,-0.003256764295782838
2005-05-26,0.007045591952884928
2005-05-27,0.01929444830824617
2005-05-28,0.03349500347147502
2005-05-29,0.04965328449037551
2005-05-30,0.0668049908490083
2005-05-31,0.08495740213278094
2005-06-01,0.10411822264968094
2005-06-02,0.12217896578733162
2005-06-03,0.13914729694761485
2005-06-04,0.1550304178872143
2005-06-05,0.16983506977420992
2005-06-06,0.18343968679277595
2005-06-07,0.19585004306062725
2005-06-08,0.2070714058232787
2005-06-09,0.21710853768958752
2005-06-10,0.22596569865311616
2005-06-11,0.23364664790017253
2005-06-12,0.24015464540529713
2005-06-13,0.245171925838728
2005-06-14,0.24870061865165002
2005-06-15,0.2507422215038395
2005-06-16,0.2512976008993061
2005-06-17,0.2503669925540571
2005-06-18,0.24795000149614121
2005-06-19,0.24404560189801291
2005-06-20,0.23872707878337387
2005-06-21,0.2319921748465982
2005-06-22,0.22383803163690594
2005-06-23,0.2142611883451693
2005-06-24,0.20325758033506464
2005-06-25,0.19082253741794566
2005-06-26,0.17695078187070595
2005-06-27,0.16280316671247483
2005-06-28,0.14837368736442466
2005-06-29,0.13365621961797203
2005-06-30,0.11864451703552022
2005-07-01,0.10333220829932532
2005-07-02,0.08947068053022339
2005-07-03,0.07705405057156711
2005-07-04,0.0658570717686493
2005-07-05,0.055874991861735585
2005-07-06,0.04710357422260317
2005-07-07,0.03953909605641656
2005-07-08,0.03317834682168666
2005-07-09,0.028018626867641477
2005-07-10,0.024057746288431422
2005-07-11,0.020114336714983125
2005-07-12,0.0161867244720256
2005-07-13,0.01227324258904447
2005-07-14,0.00837223009278068
2005-07-15,0.004482031302274647
2005-07-16,0.000600995126156384
2005-07-17,-0.003272525638116003
2005-07-18,-0.006702760731842589
2005-07-19,-0.009691166027040371
2005-07-20,-0.012239009872824308
2005-07-21,-0.014347373633724098
2005-07-22,-0.01601715214864069
2005-07-23,-0.01724905411063707
2005-07-24,-0.018043602367723482
2005-07-25,-0.018270178701327605
2005-07-26,-0.01792887927574563
2005-07-27,-0.017019559235517373
2005-07-28,-0.015541832643946013
2005-07-29,-0.013495072319297807
2005-07-30,-0.010878409568611191
2005-07-31,-0.007690733819003259
2005-08-01,-0.004069225287744643
2005-08-02,-0.0029186410652462663
2005-08-03,-0.004238492816648731
2005-08-04,-0.008029340717910519
2005-08-05,-0.01429279369356004
2005-08-06,-0.02303151009956088
2005-08-07,-0.03424919885158004
2005-08-08,-0.04737064893228855
2005-08-09,-0.06240142939205025
2005-08-10,-0.07934791964570637
2005-08-11,-0.0982173121801492
2005-08-12,-0.11901761560698099
2005-08-13,-0.14175765806155682
2005-08-14,-0.166447090949851
2005-08-15,-0.19365566237284212
2005-08-16,-0.2233949202847306
2005-08-17,-0.25567748672226365
2005-08-18,-0.2905170631618216
2005-08-19,-0.3279284363346463
2005-08-20,-0.3679274845026746
2005-08-21,-0.4105311841976448
2005-08-22,-0.4554756846498103
2005-08-23,-0.502780061356548
2005-08-24,-0.5524643914019208
2005-08-25,-0.6045497619778633
2005-08-26,-0.6590582793340787
2005-08-27,-0.7160130781604473
2005-08-28,-0.7754383314059335
2005-08-29,-0.8371738121212864
2005-08-30,-0.9012457222886977
2005-08-31,-0.9676812555256727
2005-09-01,-1.0365086086266415
2005-09-02,-1.1010658464075245
2005-09-03,-1.16138036847022
2005-09-04,-1.2174777737088271
2005-09-05,-1.265392342135678
2005-09-06,-1.3051444098144758
2005-09-07,-1.3367508484526622
2005-09-08,-1.360225072562163
2005-09-09,-1.3755770451528218
2005-09-10,-1.3828132819609338
2005-09-11,-1.381936854214677
2005-09-12,-1.377137504280998
2005-09-13,-1.3684131952035137
2005-09-14,-1.3557602241813647
2005-09-15,-1.3391732209976581
2005-09-16,-1.3186451457402242
2005-09-17,-1.2941672858137114
2005-09-18,-1.2657292522417578
2005-09-19,-1.2363578667249824
2005-09-20,-1.2060406633602887
2005-09-21,-1.1747647748173597
2005-09-22,-1.1425169268774629
2005-09-23,-1.1092834327995598
2005-09-24,-1.075050187511334
2005-09-25,-1.0398026616226685
2005-09-26,-0.9994554568528994
2005-09-27,-0.9539914489044811
2005-09-28,-0.9033913417889035
2005-09-29,-0.8476336596370204
2005-09-30,-0.7866947375841902
2005-10-01,-0.720548711726352
2005-10-02,-0.6541964750333219
2005-10-03,-0.5887211587953322
2005-10-04,-0.5240949737565104
2005-10-05,-0.4602904910521285
2005-10-06,-0.3972806305671519
2005-10-07,-0.3350386494428038
2005-10-08,-0.27353813072627153
2005-10-09,-0.2127529721587329
2005-10-10,-0.1541651181407936
2005-10-11,-0.09774970261666627
2005-10-12,-0.04348278156427865
2005-10-13,0.008658677167126871
2005-10-14,0.05869680363237961
2005-10-15,0.1066528351828896
2005-10-16,0.15254712548028082
2005-10-17,0.19689925417120036
2005-10-18,0.23972804533659142
2005-10-19,0.2810516765173171
2005-10-20,0.3208876864291318
2005-10-21,0.3592529824065246
2005-10-22,0.39616384757858514
2005-10-23,0.43163594777994674
2005-10-24,0.4666914864278533
2005-10-25,0.5013453419129592
2005-10-26,0.5356122221421887
2005-10-27,0.569506670781114
2005-10-28,0.6030430734266292
2005-10-29,0.6362356637125326
2005-10-30,0.6690985293506138
2005-10-31,0.7018973762542504
2005-11-01,0.7346461250213301
2005-11-02,0.7654829105723518
2005-11-03,0.7944208207604672
2005-11-04,0.8214721375117029
2005-11-05,0.8466483420376985
2005-11-06,0.8699601197086004
2005-11-07,0.8905703308657853
2005-11-08,0.9084877229650019
2005-11-09,0.923719900566598
2005-11-10,0.9362733285630735
2005-11-11,0.9461533349229314
2005-11-12,0.9533641129519939
2005-11-13,0.9579087230731373
2005-11-14,0.9611922770066073
2005-11-15,0.963216168369505
2005-11-16,0.9639812561486691
2005-11-17,0.9634878650652516
2005-11-18,0.9617357857125344
2005-11-19,0.9587242744670539
2005-11-20,0.9544520531729894
2005-11-21,0.9476503987144163
2005-11-22,0.9383164243100716
2005-11-23,0.9264461684028689
2005-11-24,0.9120345929785207
2005-11-25,0.8950755814272879
2005-11-26,0.8755619359479466
2005-11-27,0.8534853744928738
2005-11-28,0.8298564293886267
2005-11-29,0.8046650719581522
2005-11-30,0.7779006104000572
2005-12-01,0.7495516852507561
2005-12-02,0.7228114674112738
2005-12-03,0.6976686077076263
2005-12-04,0.6741124349219898
2005-12-05,0.6519431344374425
2005-12-06,0.6311512970842531
2005-12-07,0.6117280983202666
2005-12-08,0.5936652944855616
2005-12-09,0.5769552193036482
2005-12-10,0.5615907806277215
2005-12-11,0.5475654574305875
2005-12-12,0.5339086898028962
2005-12-13,0.5206146814929943
2005-12-14,0.5076777902127689
2005-12-15,0.49509252524292874
2005-12-16,0.482853545102614
2005-12-17,0.4709556552823473
2005-12-18,0.4593938060393619
2005-12-19,0.44918885884999965
2005-12-20,0.44033648249594953
2005-12-21,0.43283291982160355
2005-12-22,0.4266749861394322
2005-12-23,0.42186006787832864
2005-12-24,0.4183861214743476
2005-12-25,0.4162516725033695
2005-12-26,0.4142742155171716
2005-12-27,0.4124529112367503
2005-12-28,0.41078698665796354
2005-12-29,0.4092757347234489
2005-12-30,0.407918514022533
2005-12-31,0.4067147485190008
2006-01-01,0.4056639273066132
2006-01-02,0.405669072777734
2006-01-03,0.4067301871162216
2006-01-04,0.40884772068382386
2006-01-05,0.41202257221132216
2006-01-06,0.416256089179974
2006-01-07,0.42155006839341524
2006-01-08,0.427906756740266
2006-01-09,0.4323885687900489
2006-01-10,0.4349974067286406
2006-01-11,0.43573437780789087
2006-01-12,0.43459979481556554
2006-01-13,0.43159317620810145
2006-01-14,0.4267132459062278
2006-01-15,0.4199579327533686
2006-01-16,0.41337653885157766
2006-01-17,0.4069662709033247
2006-01-18,0.4007244082409374
2006-01-19,0.3946483016718863
2006-01-20,0.3887353723544054
2006-01-21,0.3829831107029715
2006-01-22,0.3773890753231772
2006-01-23,0.3713576331174119
2006-01-24,0.3648862242005099
2006-01-25,0.3579721019551418
2006-01-26,0.3506123318660847
2006-01-27,0.34280379027474617
2006-01-28,0.3345431630534099
2006-01-29,0.3258269441986428
2006-01-30,0.31732152256122703
2006-01-31,0.3090232882412527
2006-02-01,0.30092871927395426
2006-02-02,0.29330783136170596
2006-02-03,0.2861573900214027
2006-02-04,0.2794743604384698
2006-02-05,0.2732559061788164
2006-02-06,0.26759377190413464
2006-02-07,0.2624855544721842
2006-02-08,0.2579290858359906
2006-02-09,0.2539224321236756
2006-02-10,0.25046389281767606
2006-02-11,0.24755200003300515
2006-02-12,0.2451855178942472
2006-02-13,0.24227422853722647
2006-02-14,0.2388168963426362
2006-02-15,0.2348120539378158
2006-02-16,0.2302580015739636
2006-02-17,0.22515280640472357
2006-02-18,0.21949430166584033
2006-02-19,0.21328008575553348
2006-02-20,0.2076289670664432
2006-02-21,0.2025385471316014
2006-02-22,0.19800666545770776
2006-02-23,0.19403139860816576
2006-02-24,0.19061105938673129
2006-02-25,0.1877441961214269
2006-02-26,0.18542959204841836
2006-02-27,0.1836297826663255
2006-02-28,0.18234400409394366
2006-03-01,0.1815717106167686
2006-03-02,0.18060971890955504
2006-03-03,0.17945762068051874
2006-03-04,0.17811492695222025
2006-03-05,0.17658106785403177
2006-03-06,0.17468130034368684
2006-03-07,0.17241481811541287
2006-03-08,0.16978065922113245
2006-03-09,0.16677770566219013
2006-03-10,0.16340468291484753
2006-03-11,0.1596601593893457
2006-03-12,0.15554254582230492
2006-03-13,0.1506409043358735
2006-03-14,0.14495315455874067
2006-03-15,0.13847688247684775
2006-03-16,0.1312093394088241
2006-03-17,0.12314744083938231
2006-03-18,0.11428776511017795
2006-03-19,0.10462655196757747
2006-03-20,0.09396468937637395
2006-03-21,0.08229765219267121
2006-03-22,0.06962048865296207
2006-03-23,0.05592781827248395
2006-03-24,0.04121382956161531
2006-03-25,0.025472277559343733
2006-03-26,0.008696481182758009
2006-03-27,-0.008959984915087565
2006-03-28,-0.027504614551441597
2006-03-29,-0.04694527850093548
2006-03-30,-0.0672902278361238
2006-03-31,-0.08854809742943322
2006-04-01,-0.11072790961800319
2006-04-02,-0.13247910101267033
2006-04-03,-0.1532830960916664
2006-04-04,-0.1731487245571699
2006-04-05,-0.19208441784661726
2006-04-06,-0.21009821271120233
2006-04-07,-0.22719775462686145
2006-04-08,-0.24339030103919254
2006-04-09,-0.2586827244436844
2006-04-10,-0.2734504561695945
2006-04-11,-0.2876997639877287
2006-04-12,-0.30143669563765796
2006-04-13,-0.31466708139452193
2006-04-14,-0.3273965365435337
2006-04-15,-0.33963046376323824
2006-04-16,-0.351374055418535
2006-04-17,-0.3622300481649777
2006-04-18,-0.37220304953984173
2006-04-19,-0.3812972923182084
2006-04-20,-0.3895166363094541
2006-04-21,-0.39686456999544345
2006-04-22,-0.40334421201112275
2006-04-23,-0.4089583124681413
2006-04-24,-0.4135207221515108
2006-04-25,-0.4170333774546291
2006-04-26,-0.4194977692305782
2006-04-27,-0.4209149434248774
2006-04-28,-0.4212855015194064
2006-04-29,-0.4206096007876891
2006-04-30,-0.41888695436164364
2006-05-01,-0.41550672859936333
2006-05-02,-0.41087732206155847
2006-05-03,-0.4049967699197988
2006-05-04,-0.39786257633019206
2006-05-05,-0.3894717133740888
2006-05-06,-0.37982061977296344
2006-05-07,-0.36890519937692406
2006-05-08,-0.35842067602785116
2006-05-09,-0.34836259984877144
2006-05-10,-0.3387267019568664
2006-05-11,-0.32950889265165856
2006-05-12,-0.3207052596792471
2006-05-13,-0.31231206657185556
2006-05-14,-0.30432575106198745
2006-05-15,-0.2969329364520946
2006-05-16,-0.2901304850587169
2006-05-17,-0.2839155097623535
2006-05-18,-0.278285372782102
2006-05-19,-0.27323768455612246
2006-05-20,-0.26877030272745145
2006-05-21,-0.2648813312347356
2006-05-22,-0.2603493565292415
2006-05-23,-0.2551724551348878
2006-05-24,-0.24934842985361974
2006-05-25,-0.24287480883286683
2006-05-26,-0.23574884451643077
2006-05-27,-0.22796751247835823
2006-05-28,-0.219527510139304
2006-05-29,-0.21196098905978494
2006-05-30,-0.20526473783125168
2006-05-31,-0.1994359144080377
2006-06-01,-0.19447204490112885
2006-06-02,-0.1910498542027545
2006-06-03,-0.18916788985512717
2006-06-04,-0.18882535310855297
2006-06-05,-0.18940750848083637
2006-06-06,-0.1909146030523357
2006-06-07,-0.19334727646924244
2006-06-08,-0.19670656121506214
2006-06-09,-0.2009938830488246
2006-06-10,-0.20621106161020908
2006-06-11,-0.2123603111918423
2006-06-12,-0.21859038560034105
2006-06-13,-0.22490392902502415
2006-06-14,-0.23130362108141356
2006-06-15,-0.23779217794852564
2006-06-16,-0.2443723535216812
2006-06-17,-0.2510469405813234
2006-06-18,-0.2578187719783385
2006-06-19,-0.2650964169058883
2006-06-20,-0.27288296416672553
2006-06-21,-0.281181718553658
2006-06-22,-0.28999620225218
2006-06-23,-0.29933015633536986
2006-06-24,-0.3091875423516893
2006-06-25,-0.3195725440063571
2006-06-26,-0.33022230532399155
2006-06-27,-0.3411413463124253
2006-06-28,-0.3523343012680824
2006-06-29,-0.3638059207428824
2006-06-30,-0.37556107356048546
2006-07-01,-0.3876047488827351
2006-07-02,-0.3984104940808475
2006-07-03,-0.4070682330112744
2006-07-04,-0.4135816402209481
2006-07-05,-0.4179534801522561
2006-07-06,-0.42018560831633545
2006-07-07,-0.4202789720805952
2006-07-08,-0.41823361107080087
2006-07-09,-0.41404865718789285
2006-07-10,-0.41006654760841305
2006-07-11,-0.40628559223190264
2006-07-12,-0.4027041863324521
2006-07-13,-0.3993208098776181
2006-07-14,-0.39613402688328603
2006-07-15,-0.3931424848042048
2006-07-16,-0.390344913959935
2006-07-17,-0.38717144987198865
2006-07-18,-0.3836207456479701
2006-07-19,-0.37969129428594534
2006-07-20,-0.3753814280348347
2006-07-21,-0.3706893176865808
2006-07-22,-0.36561297179978947
2006-07-23,-0.36015023585451567
2006-07-24,-0.3535305645790508
2006-07-25,-0.3457511484300518
2006-07-26,-0.3368086856413215
2006-07-27,-0.3266993808224619
2006-07-28,-0.31541894334802134
2006-07-29,-0.3029625855364528
2006-07-30,-0.2893250206181101
2006-07-31,-0.27439324885888156
2006-08-01,-0.2581609328655342
2006-08-02,-0.24251545962529605
2006-08-03,-0.22745018883333015
2006-08-04,-0.21295872643629127
2006-08-05,-0.19903492191854003
2006-08-06,-0.18567286569172015
2006-08-07,-0.17353440810489823
2006-08-08,-0.16261439731272015
2006-08-09,-0.1529081986071543
2006-08-10,-0.14441169245041344
2006-08-11,-0.13712127272652627
2006-08-12,-0.1310338452108175
2006-08-13,-0.1261468262566467
2006-08-14,-0.1218687973573367
2006-08-15,-0.11819794281734702
2006-08-16,-0.11513270464013867
2006-08-17,-0.11267178186692439
2006-08-18,-0.11081413002451093
2006-08-19,-0.10955896068200038
2006-08-20,-0.10890574111616172
2006-08-21,-0.10912243752466061
2006-08-22,-0.11020914187852196
2006-08-23,-0.11216631540049482
2006-08-24,-0.1149947887608061
2006-08-25,-0.1186957624297161
2006-08-26,-0.12327080718702663
2006-08-27,-0.1287218647887565
2006-08-28,-0.13496520629898698
2006-08-29,-0.14200348153790518
2006-08-30,-0.14983967771416865
2006-08-31,-0.15847712069274622
2006-09-01,-0.16791947640649343
2006-09-02,-0.17703209355836647
2006-09-03,-0.1858188397562556
2006-09-04,-0.19438035415353683
2006-09-05,-0.20272027045719937
2006-09-06,-0.21084212832281782
2006-09-07,-0.2187493748568645
2006-09-08,-0.22644536607974242
2006-09-09,-0.23393336835015854
2006-09-10,-0.24121655975144285
2006-09-11,-0.24780192637163118
2006-09-12,-0.2536922631943682
2006-09-13,-0.25889007021639404
2006-09-14,-0.2633975535086006
2006-09-15,-0.2672166261523408
2006-09-16,-0.27034890905138376
2006-09-17,-0.27279573161986526
2006-09-18,-0.2752347618360811
2006-09-19,-0.2776670348815113
2006-09-20,-0.2800935830697341
2006-09-21,-0.28251543628456494
2006-09-22,-0.2849336224171623
2006-09-23,-0.28734916780228953
2006-09-24,-0.2897630976539148
2006-09-25,-0.2924125643669364
2006-09-26,-0.29529869243700635
2006-09-27,-0.2984227068043927
2006-09-28,-0.3017859333738727
2006-09-29,-0.30538979957747847
2006-09-30,-0.3092358349803315
2006-10-01,-0.3133256719298273
2006-10-02,-0.31680818970669905
2006-10-03,-0.3196848663729576
2006-10-04,-0.3219569228574742
2006-10-05,-0.32362532347417083
2006-10-06,-0.32469077633129817
2006-10-07,-0.3251537336319728
2006-10-08,-0.32501439186610315
2006-10-09,-0.3250878095038129
2006-10-10,-0.32537401770526486
2006-10-11,-0.32587313794391515
2006-10-12,-0.32658538205806875
2006-10-13,-0.3275110523407895
2006-10-14,-0.32865054166819924
2006-10-15,-0.33000433366622467
2006-10-16,-0.3307175940091759
2006-10-17,-0.33079062542142756
2006-10-18,-0.33022345889921956
2006-10-19,-0.3290158537238121
2006-10-20,-0.3271672973593194
2006-10-21,-0.324677005235177
2006-10-22,-0.3215439204131523
2006-10-23,-0.31743521029559263
2006-10-24,-0.3123491310498092
2006-10-25,-0.30628352402479186
2006-10-26,-0.29923581483502665
2006-10-27,-0.29120301226786666
2006-10-28,-0.28218170701399137
2006-10-29,-0.27216807022041617
2006-10-30,-0.262230508790229
2006-10-31,-0.2523648049898902
2006-11-01,-0.24256677158391873
2006-11-02,-0.23245536284158713
2006-11-03,-0.22202628724448947
2006-11-04,-0.21127511844897548
2006-11-05,-0.20019729340750664
2006-11-06,-0.18874367282007948
2006-11-07,-0.17690939550218254
2006-11-08,-0.16468943870968344
2006-11-09,-0.15207861600705866
2006-11-10,-0.13907157506614884
2006-11-11,-0.12566279539450537
2006-11-12,-0.11184658599236481
2006-11-13,-0.09656342726608601
2006-11-14,-0.07980683268558734
2006-11-15,-0.061569690360142565
2006-11-16,-0.04184426001992822
2006-11-17,-0.020622169730871803
2006-11-18,0.0021055876585926447
2006-11-19,0.026348658340370812
2006-11-20,0.05251907381149909
2006-11-21,0.08062794140850699
2006-11-22,0.11068719119235196
2006-11-23,0.14270958101181688
2006-11-24,0.17670870191823929
2006-11-25,0.21269898393387193
2006-11-26,0.25069570217632137
2006-11-27,0.28871303461076564
2006-11-28,0.326767116682428
2006-11-29,0.3648740994339364
2006-11-30,0.40305015636020597
2006-12-01,0.4413114902728465
2006-12-02,0.47585566981571437
2006-12-03,0.5066973563466977
2006-12-04,0.5341225284082063
2006-12-05,0.5581428258848188
2006-12-06,0.57876844355269
2006-12-07,0.5960081354064524
2006-12-08,0.6098692183746158
2006-12-09,0.6203575754250438
2006-12-10,0.6274776580618221
2006-12-11,0.6322719031003348
2006-12-12,0.6347423453303279
2006-12-13,0.6348900332652749
2006-12-14,0.6327150295873899
2006-12-15,0.6282164111742325
2006-12-16,0.6213922687069124
2006-12-17,0.612239705859729
2006-12-18,0.6006639837321722
2006-12-19,0.5866601893169803
2006-12-20,0.5702223790762138
2006-12-21,0.5513435764186772
2006-12-22,0.5300157687388917
2006-12-23,0.5062299040163579
2006-12-24,0.4799758869736659
2006-12-25,0.4518218490177361
2006-12-26,0.42175584091625407
2006-12-27,0.3897651019520488
2006-12-28,0.35583605450714606
2006-12-29,0.31995429830010974
2006-12-30,0.2821046042742253
2006-12-31,0.24227090813393157
2007-01-01,0.19910201300118996
2007-01-02,0.1580664917900707
2007-01-03,0.1191469280654297
2007-01-04,0.08232680345397858
2007-01-05,0.047590490633500626
2007-01-06,0.014923246700250248
2007-01-07,-0.015688793088281416
2007-01-08,-0.045346804126123685
2007-01-09,-0.07406337396694951
2007-01-10,-0.10185069059476459
2007-01-11,-0.1287205475967731
2007-01-12,-0.1546843491688522
2007-01-13,-0.17975311495575907
2007-01-14,-0.20393748472812623
2007-01-15,-0.22396691160994076
2007-01-16,-0.23984989655851896
2007-01-17,-0.2515931806842229
2007-01-18,-0.25920174811154584
2007-01-19,-0.2626788280944903
2007-01-20,-0.2620258963871408
2007-01-21,-0.2572426758700065
2007-01-22,-0.2512976100748703
2007-01-23,-0.2441881757767358
2007-01-24,-0.23591135556537646
2007-01-25,-0.22646363656467527
2007-01-26,-0.21584100894167824
2007-01-27,-0.20403896420472756
2007-01-28,-0.19105249328995205
2007-01-29,-0.17557022234780817
2007-01-30,-0.1575855803403322
2007-01-31,-0.137090934164742
2007-02-01,-0.1140775854137705
2007-02-02,-0.09222113868366355
2007-02-03,-0.071512317587142
2007-02-04,-0.05194233281609209
2007-02-05,-0.032296906824277216
2007-02-06,-0.012567701633341755
2007-02-07,0.007253656292921518
2007-02-08,0.027175579602496835
2007-02-09,0.04720652362566918
2007-02-10,0.06735498996366507
2007-02-11,0.08762953009693031
2007-02-12,0.10602844832366987
2007-02-13,0.12255955357518383
2007-02-14,0.13722986203925264
2007-02-15,0.15004560013797003
2007-02-16,0.16101220717038323
2007-02-17,0.1701343376210579
2007-02-18,0.1774158631355512
2007-02-19,0.18366967089574127
2007-02-20,0.18889841516393693
2007-02-21,0.1931043151415209
2007-02-22,0.19628915591083249
2007-02-23,0.1984542891927968
2007-02-24,0.19960063392062768
2007-02-25,0.19972867662984403
2007-02-26,0.19870259714023103
2007-02-27,0.19652195995965036
2007-02-28,0.19318583957467103
2007-03-01,0.1886928200577596
2007-03-02,0.18431399257443873
2007-03-03,0.18004749864789052
2007-03-04,0.17589152747828662
2007-03-05,0.17138174412484658
2007-03-06,0.16651623453001801
2007-03-07,0.16129293365771025
2007-03-08,0.1557096246168446
2007-03-09,0.14976393772045402
2007-03-10,0.1434533494799326
2007-03-11,0.1367751815340077
2007-03-12,0.13030232923066967
2007-03-13,0.12403204533998186
2007-03-14,0.11796166860678067
2007-03-15,0.11208862262117633
2007-03-16,0.10641041472506485
2007-03-17,0.10092463495418491
2007-03-18,0.09562895501527323
2007-03-19,0.09019798251666927
2007-03-20,0.08462941242659813
2007-03-21,0.07892088131364824
2007-03-22,0.07306996634367588
2007-03-23,0.06707418425149764
2007-03-24,0.06093099028693452
2007-03-25,0.05463777713476056
2007-03-26,0.048637442950170695
2007-03-27,0.04292744105097149
2007-03-28,0.03750534797878319
2007-03-29,0.032368862470467025
2007-03-30,0.02751580448141583
2007-03-31,0.022944114260291665
2007-04-01,0.018651851474819334
2007-04-02,0.015577857096171974
2007-04-03,0.013720826449225496
2007-04-04,0.013079971366731905
2007-04-05,0.013655019854802712
2007-04-06,0.015446215977468328
2007-04-07,0.01845431996026456
2007-04-08,0.022680608512890152
2007-04-09,0.02678641704089063
2007-04-10,0.03077348814545223
2007-04-11,0.0346435140328211
2007-04-12,0.0383981372325152
2007-04-13,0.04203895129445217
2007-04-14,0.04556750146528931
2007-04-15,0.04898528534426234
2007-04-16,0.052245136357035246
2007-04-17,0.05534843806063541
2007-04-18,0.05829650756890123
2007-04-19,0.061090596111496094
2007-04-20,0.0637318895649594
2007-04-21,0.06622150895602051
2007-04-22,0.0685605109373885
2007-04-23,0.07010486926936281
2007-04-24,0.07085523941374663
2007-04-25,0.0708119398451826
2007-04-26,0.06997495218632092
2007-04-27,0.06834392120001959
2007-04-28,0.06591815463857334
2007-04-29,0.06269662294990769
2007-04-30,0.05952169136098892
2007-05-01,0.05639201235657976
2007-05-02,0.05289333799303038
2007-05-03,0.04902418335109662
2007-05-04,0.04478290627103748
2007-05-05,0.04016770665564419
2007-05-06,0.035176625706236836
2007-05-07,0.029711024400214184
2007-05-08,0.023768583008525412
2007-05-09,0.01734677942003264
2007-05-10,0.010442888071067954
2007-05-11,0.0030539787886404157
2007-05-12,-0.00482308445319779
2007-05-13,-0.013191644864354271
2007-05-14,-0.021333616981854472
2007-05-15,-0.029252456449129785
2007-05-16,-0.03695152420689515
2007-05-17,-0.044434087919610954
2007-05-18,-0.05170332336235604
2007-05-19,-0.05876231576870132
2007-05-20,-0.06561406114015461
2007-05-21,-0.07284677173743462
2007-05-22,-0.08046351729211335
2007-05-23,-0.08846753052918226
2007-05-24,-0.0968622085390967
2007-05-25,-0.10565111421958041
2007-05-26,-0.11483797778780266
2007-05-27,-0.1244266983635696
2007-05-28,-0.13429174137777428
2007-05-29,-0.1444372937854445
2007-05-30,-0.1548676615963565
2007-05-31,-0.16558727170260615
2007-06-01,-0.1766006737574859
2007-06-02,-0.18752813922469963
2007-06-03,-0.19837430597621716
2007-06-04,-0.20928604612969415
2007-06-05,-0.22026799088290958
2007-06-06,-0.23132480123011673
2007-06-07,-0.24246116994027844
2007-06-08,-0.25368182354878804
2007-06-09,-0.2649915243635209
2007-06-10,-0.2763950724860703
2007-06-11,-0.2875862423698271
2007-06-12,-0.29856978380908433
2007-06-13,-0.3093503584757663
2007-06-14,-0.3199325418979511
2007-06-15,-0.33032082540183166
2007-06-16,-0.3405196180179396
2007-06-17,-0.35053324835244115
2007-06-18,-0.36100620648851467
2007-06-19,-0.37194293739458656
2007-06-20,-0.383348082875096
2007-06-21,-0.39522648354058454
2007-06-22,-0.4075831808621658
2007-06-23,-0.42042341931124266
2007-06-24,-0.43375264858538404
2007-06-25,-0.4470919106931715
2007-06-26,-0.46044686712948846
2007-06-27,-0.47382318605025814
2007-06-28,-0.4872265446781424
2007-06-29,-0.500662631712087
2007-06-30,-0.5141371497417389
2007-07-01,-0.5276558176677585
2007-07-02,-0.5397998776944101
2007-07-03,-0.5505744840448543
2007-07-04,-0.5599842097140764
2007-07-05,-0.5680330484097713
2007-07-06,-0.5747244162473679
2007-07-07,-0.5800611531999071
2007-07-08,-0.5840455243033937
2007-07-09,-0.5870436987262171
2007-07-10,-0.5890569489637385
2007-07-11,-0.5900861294864544
2007-07-12,-0.5901316771026545
2007-07-13,-0.5891936111438124
2007-07-14,-0.5872715334727912
2007-07-15,-0.5843646283148639
2007-07-16,-0.5806110151215831
2007-07-17,-0.5760091007717012
2007-07-18,-0.5705569321051158
2007-07-19,-0.5642521950939027
2007-07-20,-0.5570922138601875
2007-07-21,-0.5490739495404418
2007-07-22,-0.5401939989957172
2007-07-23,-0.5303579544819201
2007-07-24,-0.5195616413516649
2007-07-25,-0.5078004773971012
2007-07-26,-0.49506947090511855
2007-07-27,-0.4813632185387457
2007-07-28,-0.4666759030438488
2007-07-29,-0.451001290780152
2007-07-30,-0.433686116454179
2007-07-31,-0.4147230311008926
2007-08-01,-0.3941039863432666
2007-08-02,-0.37392282068992067
2007-08-03,-0.35417096878205456
2007-08-04,-0.3348400474716645
2007-08-05,-0.315921852263539
2007-08-06,-0.29770354848257985
2007-08-07,-0.28017740385448264
2007-08-08,-0.26333597987347873
2007-08-09,-0.24717212864526006
2007-08-10,-0.23167898985324512
2007-08-11,-0.2168499878469003
2007-08-12,-0.20267882885087998
2007-08-13,-0.1890088849569442
2007-08-14,-0.17583435432112396
2007-08-15,-0.1631496453644264
2007-08-16,-0.15094937439963735
2007-08-17,-0.13922836334635907
2007-08-18,-0.12798163753331143
2007-08-19,-0.11720442358696531
2007-08-20,-0.10674086066046418
2007-08-21,-0.09658650777292838
2007-08-22,-0.08673705517945224
2007-08-23,-0.0771883225419473
2007-08-24,-0.06793625715490903
2007-08-25,-0.05897693222535416
2007-08-26,-0.05030654520619743
2007-08-27,-0.04295730004672493
2007-08-28,-0.03692607755537025
2007-08-29,-0.032210317940219946
2007-08-30,-0.028808019722578015
2007-08-31,-0.02671773888749085
2007-09-01,-0.025938588270874467
2007-09-02,-0.026261219183423654
2007-09-03,-0.026696724841029924
2007-09-04,-0.027245290082482138
2007-09-05,-0.02790714773170132
2007-09-06,-0.02868257869655661
2007-09-07,-0.029571912088089118
2007-09-08,-0.030575525360194332
2007-09-09,-0.03169384446982242
2007-09-10,-0.033606279333774934
2007-09-11,-0.03631364163414563
2007-09-12,-0.039817080438828
2007-09-13,-0.0441180826892065
2007-09-14,-0.04921847383124939
2007-09-15,-0.05512041859027053
2007-09-16,-0.06182642188968956
2007-09-17,-0.06949075480504846
2007-09-18,-0.07811667025852799
2007-09-19,-0.08770782929043214
2007-09-20,-0.09826830261301966
2007-09-21,-0.1098025723382093
2007-09-22,-0.12231553387989302
2007-09-23,-0.13581249803166429
2007-09-24,-0.1491333033812049
2007-09-25,-0.16228360358991817
2007-09-26,-0.175268979952837
2007-09-27,-0.18809494376745622
2007-09-28,-0.2007669386728559
2007-09-29,-0.2132903429601092
2007-09-30,-0.22567047185495517
2007-10-01,-0.23863651064779567
2007-10-02,-0.2509851131193066
2007-10-03,-0.2627215203052474
2007-10-04,-0.2738507134113768
2007-10-05,-0.28437741592759375
2007-10-06,-0.29430609563269694
2007-10-07,-0.3036409664906141
2007-10-08,-0.3114799779724583
2007-10-09,-0.31782645713807983
2007-10-10,-0.32268309758169944
2007-10-11,-0.3260519605751327
2007-10-12,-0.3279344759426417
2007-10-13,-0.32833144266778597
2007-10-14,-0.3272430292325298
2007-10-15,-0.3255611691220492
2007-10-16,-0.32328514851556955
2007-10-17,-0.32041400141670257
2007-10-18,-0.316946509243455
2007-10-19,-0.3128812003110336
2007-10-20,-0.30821634920722785
2007-10-21,-0.30294997606010465
2007-10-22,-0.2973054292774668
2007-10-23,-0.29128031318161723
2007-10-24,-0.28487207057233954
2007-10-25,-0.2780779816415627
2007-10-26,-0.27089516281901066
2007-10-27,-0.2633205655483478
2007-10-28,-0.2553509749933002
2007-10-29,-0.24675490281562307
2007-10-30,-0.23752870064119683
2007-10-31,-0.2276684526539905
2007-11-01,-0.21716997393409787
2007-11-02,-0.2077120449105991
2007-11-03,-0.19929065141716767
2007-11-04,-0.19190221921740375
2007-11-05,-0.1852190848445433
2007-11-06,-0.17923841182002037
2007-11-07,-0.17395766180629768
2007-11-08,-0.1693745935295371
2007-11-09,-0.1654872618283505
2007-11-10,-0.16229401682822767
2007-11-11,-0.15979350324129116
2007-11-12,-0.15829605011345138
2007-11-13,-0.15780102189057105
2007-11-14,-0.1583082084710922
2007-11-15,-0.15981782511686415
2007-11-16,-0.1623305125445058
2007-11-17,-0.16584733719734057
2007-11-18,-0.17036979169802013
2007-11-19,-0.1749442541906496
2007-11-20,-0.17957266618412093
2007-11-21,-0.18425699208475646
2007-11-22,-0.1889992200300486
2007-11-23,-0.19380136273247206
2007-11-24,-0.198665458333726
2007-11-25,-0.2035935712697693
2007-11-26,-0.20984962850053587
2007-11-27,-0.21743628524306213
2007-11-28,-0.22635676145194392
2007-11-29,-0.23661484318596054
2007-11-30,-0.24821488421496665
2007-12-01,-0.26116180786773424
2007-12-02,-0.27403598688844366
2007-12-03,-0.28704410689933596
2007-12-04,-0.30019168885084213
2007-12-05,-0.3134843128843032
2007-12-06,-0.32692762070031256
2007-12-07,-0.3405273179531862
2007-12-08,-0.3542891766725752
2007-12-09,-0.3682190377132505
2007-12-10,-0.38097548237276013
2007-12-11,-0.39256392478462854
2007-12-12,-0.4029892833549032
2007-12-13,-0.4122559828496412
2007-12-14,-0.4203679562728836
2007-12-15,-0.4273286465359143
2007-12-16,-0.4331410079185119
2007-12-17,-0.4383863971854606
2007-12-18,-0.44306704060267044
2007-12-19,-0.4471849247447016
2007-12-20,-0.45074179733791353
2007-12-21,-0.45373916800224046
2007-12-22,-0.4561783088919097
2007-12-23,-0.45806025523537364
2007-12-24,-0.4593817002293902
2007-12-25,-0.4601432047261273
2007-12-26,-0.4603450919259073
2007-12-27,-0.45998744751438037
2007-12-28,-0.459070119698892
2007-12-29,-0.45759271914405825
2007-12-30,-0.4555546188065229
2007-12-31,-0.45381678409635334
2008-01-01,-0.45237847743584547
2008-01-02,-0.4520177447268504
2008-01-03,-0.45273443286596793
2008-01-04,-0.45452884603240956
2008-01-05,-0.4574017458170999
2008-01-06,-0.4613543515459132
2008-01-07,-0.46686439165114524
2008-01-08,-0.4739342047227129
2008-01-09,-0.4825667913546675
2008-01-10,-0.4927658154187174
2008-01-11,-0.5045356056192606
2008-01-12,-0.5178811573305884
2008-01-13,-0.5328081347170389
2008-01-14,-0.5483098313227167
2008-01-15,-0.5643928264302915
2008-01-16,-0.5810639460391162
2008-01-17,-0.5983302657623389
2008-01-18,-0.6161991138299608
2008-01-19,-0.6346780741991067
2008-01-20,-0.6537749897728349
2008-01-21,-0.6714108072239322
2008-01-22,-0.6875930116058792
2008-01-23,-0.7023284710247647
2008-01-24,-0.7156234395542724
2008-01-25,-0.7274835598900546
2008-01-26,-0.7379138657446249
2008-01-27,-0.7469187839837838
2008-01-28,-0.7572481508032779
2008-01-29,-0.7689063502280201
2008-01-30,-0.7818983302705657
2008-01-31,-0.7962296050311657
2008-02-01,-0.8119062570380791
2008-02-02,-0.8278257098694539
2008-02-03,-0.843994720113475
2008-02-04,-0.8599932146943734
2008-02-05,-0.8758279837475011
2008-02-06,-0.8915057479192667
2008-02-07,-0.9070331612195337
2008-02-08,-0.9224168138457387
2008-02-09,-0.9376632349799257
2008-02-10,-0.9527788955598823
2008-02-11,-0.9677431434178029
2008-02-12,-0.9825623297305361
2008-02-13,-0.9972427441074176
2008-02-14,-1.0117906172597275
2008-02-15,-1.026212123645149
2008-02-16,-1.040513384088354
2008-02-17,-1.054700468378823
2008-02-18,-1.0678816945465053
2008-02-19,-1.0800626570121346
2008-02-20,-1.0912485256611295
2008-02-21,-1.1014440480378158
2008-02-22,-1.110653551360393
2008-02-23,-1.118880944357509
2008-02-24,-1.1261297189272144
2008-02-25,-1.1334893122273328
2008-02-26,-1.1409628478414233
2008-02-27,-1.1485534977128289
2008-02-28,-1.1562644834909221
2008-02-29,-1.1640990778984504
2008-03-01,-1.1720606061205545
2008-03-02,-1.180035161771995
2008-03-03,-1.187493727844173
2008-03-04,-1.1944394699270071
2008-03-05,-1.200875335955919
2008-03-06,-1.206804057463005
2008-03-07,-1.212228150736363
2008-03-08,-1.2171499178880643
2008-03-09,-1.2215714478312223
2008-03-10,-1.2246716980898598
2008-03-11,-1.2264519844827104
2008-03-12,-1.2269130626049658
2008-03-13,-1.2260551281489667
2008-03-14,-1.2238778169872608
2008-03-15,-1.2203802050180568
2008-03-16,-1.2155608077730156
2008-03-17,-1.2103962402219608
2008-03-18,-1.2048843104016096
2008-03-19,-1.1990226789200056
2008-03-20,-1.1928088579636271
2008-03-21,-1.1862402102415008
2008-03-22,-1.179313947865873
2008-03-23,-1.172027131168966
2008-03-24,-1.1634575183889768
2008-03-25,-1.1536014723817725
2008-03-26,-1.142454810010866
2008-03-27,-1.1300128003719938
2008-03-28,-1.1162701627852094
2008-03-29,-1.1012210645536404
2008-03-30,-1.0848591184879548
2008-03-31,-1.0695212419586688
2008-04-01,-1.055200925212186
2008-04-02,-1.0428964369214713
2008-04-03,-1.0326025547738558
2008-04-04,-1.0243149098049515
2008-04-05,-1.0180299845443617
2008-04-06,-1.0137451115227822
2008-04-07,-1.0094800959421055
2008-04-08,-1.0052331276299473
2008-04-09,-1.0010024040736072
2008-04-10,-0.9967861296550384
2008-04-11,-0.9925825148887467
2008-04-12,-0.9883897756622905
2008-04-13,-0.9842061324790612
2008-04-14,-0.9812487855625401
2008-04-15,-0.9795164797455147
2008-04-16,-0.9790084797968723
2008-04-17,-0.9797245701095513
2008-04-18,-0.9816650546090318
2008-04-19,-0.9848307568823291
2008-04-20,-0.989223020527543
2008-04-21,-0.9931732373127597
2008-04-22,-0.9966830838023901
2008-04-23,-0.9997540496573901
2008-04-24,-1.0023874382675075
2008-04-25,-1.004584367304471
2008-04-26,-1.0063457691963567
2008-04-27,-1.007672391523332
2008-04-28,-1.0095025360304142
2008-04-29,-1.0118369794737445
2008-04-30,-1.0146767126457295
2008-05-01,-1.0180229407955574
2008-05-02,-1.021043681225222
2008-05-03,-1.0237402160076248
2008-05-04,-1.0261136896152079
2008-05-05,-1.0283497527363368
2008-05-06,-1.0304493544085083
2008-05-07,-1.0324133857517874
2008-05-08,-1.0342426803470213
2008-05-09,-1.0359380145896289
2008-05-10,-1.0375001080191208
2008-05-11,-1.0389296236244911
2008-05-12,-1.0400041450683366
2008-05-13,-1.0407241284026938
2008-05-14,-1.041089879205333
2008-05-15,-1.0411015527094498
2008-05-16,-1.0407591538695535
2008-05-17,-1.040062537363566
2008-05-18,-1.0390114075311465
2008-05-19,-1.0375576434963107
2008-05-20,-1.0357006282475947
2008-05-21,-1.0334395736242858
2008-05-22,-1.030773519981909
2008-05-23,-1.0277013357849318
2008-05-24,-1.024221717126513
2008-05-25,-1.0203331871750962
2008-05-26,-1.0164403140685268
2008-05-27,-1.0125414455803918
2008-05-28,-1.0086349269396995
2008-05-29,-1.0047191001285536
2008-05-30,-1.0007923031784527
2008-05-31,-0.9968528694649119
2008-06-01,-0.9928991270001077
2008-06-02,-0.9889239078997709
2008-06-03,-0.9849255249879232
2008-06-04,-0.9809022812573225
2008-06-05,-0.9768524691492144
2008-06-06,-0.9727743698286027
2008-06-07,-0.9686662524547371
2008-06-08,-0.9645263734465033
2008-06-09,-0.961424742666922
2008-06-10,-0.9593600437113341
2008-06-11,-0.9583314002732033
2008-06-12,-0.9583383757721916
2008-06-13,-0.9593809731688637
2008-06-14,-0.9614596349659446
2008-06-15,-0.9645752433961268
2008-06-16,-0.968415979440621
2008-06-17,-0.9729834731976508
2008-06-18,-0.9782796632184139
2008-06-19,-0.9843067973298486
2008-06-20,-0.9910674335886643
2008-06-21,-0.9985644413670405
2008-06-22,-1.0068010025704555
2008-06-23,-1.0154179633733436
2008-06-24,-1.024418981015446
2008-06-25,-1.03380787573921
2008-06-26,-1.0435886324111907
2008-06-27,-1.0537654022133205
2008-06-28,-1.0643425044047679
2008-06-29,-1.0753244281551324
2008-06-30,-1.088175220733524
2008-07-01,-1.1029003363169312
2008-07-02,-1.1188774074497256
2008-07-03,-1.1361132151746474
2008-07-04,-1.1546150747716908
2008-07-05,-1.1743908388628825
2008-07-06,-1.1954489007451161
2008-07-07,-1.2162379306494295
2008-07-08,-1.2367667519264303
2008-07-09,-1.2570440774880982
2008-07-10,-1.2770785135057485
2008-07-11,-1.2968785630626916
2008-07-12,-1.3164526297631411
2008-07-13,-1.3358090212988998
2008-07-14,-1.3548184144658375
2008-07-15,-1.3734888772951006
2008-07-16,-1.3918283339678705
2008-07-17,-1.4098445681785734
2008-07-18,-1.4275452264384607
2008-07-19,-1.4449378213209694
2008-07-20,-1.4620297346502311
2008-07-21,-1.4781368315019559
2008-07-22,-1.49326594810484
2008-07-23,-1.5074235056098848
2008-07-24,-1.5206155128156817
2008-07-25,-1.5328475687186895
2008-07-26,-1.5441248648895773
2008-07-27,-1.554452187676649
2008-07-28,-1.5646293746171371
2008-07-29,-1.5746607451472534
2008-07-30,-1.584550556815314
2008-07-31,-1.5943030070887434
2008-08-01,-1.6039222351355755
2008-08-02,-1.6152240296528015
2008-08-03,-1.6282131873863968
2008-08-04,-1.6443536243789973
2008-08-05,-1.6636521910096347
2008-08-06,-1.6861170780414374
2008-08-07,-1.711757820097982
2008-08-08,-1.7405852997100104
2008-08-09,-1.772611751934229
2008-08-10,-1.8078507695461559
2008-08-11,-1.845816588470636
2008-08-12,-1.886525322289354
2008-08-13,-1.92999424874124
2008-08-14,-1.9762418170555471
2008-08-15,-2.0252876557821344
2008-08-16,-2.0771525811222853
2008-08-17,-2.131858605763587
2008-08-18,-2.1893417191568947
2008-08-19,-2.2496263184802316
2008-08-20,-2.3127379899277862
2008-08-21,-2.378703519569288
2008-08-22,-2.4475509047186454
2008-08-23,-2.5193093658166616
2008-08-24,-2.5940093588328663
2008-08-25,-2.6706475710975432
2008-08-26,-2.7492565296607703
2008-08-27,-2.8298695980034587
2008-08-28,-2.9125209901975895
2008-08-29,-2.9972457854274714
2008-08-30,-3.0840799428781627
2008-08-31,-3.1730603169973914
2008-09-01,-3.2652718254596036
2008-09-02,-3.3507512624085125
2008-09-03,-3.429534907316777
2008-09-04,-3.5016561978062777
2008-09-05,-3.567145743839829
2008-09-06,-3.6260313407127613
2008-09-07,-3.6783379808498955
2008-09-08,-3.723718793542933
2008-09-09,-3.7621930394703735
2008-09-10,-3.7937770480022146
2008-09-11,-3.8184842241305192
2008-09-12,-3.836325054158811
2008-09-13,-3.847307110152704
2008-09-14,-3.8514350531536636
2008-09-15,-3.8475160876824632
2008-09-16,-3.835548550438481
2008-09-17,-3.815527362118955
2008-09-18,-3.787444025263207
2008-09-19,-3.7512866206461224
2008-09-20,-3.707039802219355
2008-09-21,-3.6546847905980995
2008-09-22,-3.5956746204101937
2008-09-23,-3.529984246358987
2008-09-24,-3.4575857879130423
2008-09-25,-3.378448517472979
2008-09-26,-3.2925388473299684
2008-09-27,-3.1998203154103217
2008-09-28,-3.1002535698001323
2008-09-29,-2.9937655410348665
2008-09-30,-2.880311033104049
2008-10-01,-2.759841893260477
2008-10-02,-2.6456811756429044
2008-10-03,-2.5377804277722182
2008-10-04,-2.4360938540469057
2008-10-05,-2.3405782963063273
2008-10-06,-2.2520342155394726
2008-10-07,-2.170424031567156
2008-10-08,-2.0957131071181974
2008-10-09,-2.0278697331285516
2008-10-10,-1.966865115283239
2008-10-11,-1.912673361795369
2008-10-12,-1.865271472417057
2008-10-13,-1.8228877893193336
2008-10-14,-1.7855043238756134
2008-10-15,-1.753105209668652
2008-10-16,-1.7256766957564689
2008-10-17,-1.703207140836126
2008-10-18,-1.6856870083028856
2008-10-19,-1.673108862202654
2008-10-20,-1.666124288836118
2008-10-21,-1.6647303237869522
2008-10-22,-1.6689263754237804
2008-10-23,-1.6787142246490756
2008-10-24,-1.6940980256550153
2008-10-25,-1.715084307686619
2008-10-26,-1.7416819778129118
2008-10-27,-1.7735553049876958
2008-10-28,-1.8107178169966356
2008-10-29,-1.8531852864791685
2008-10-30,-1.9009757376227818
2008-10-31,-1.954109453812901
2008-11-01,-2.0126089862416325
2008-11-02,-2.0699717098621995
2008-11-03,-2.1257037340395692
2008-11-04,-2.179828712748538
2008-11-05,-2.2323696178962136
2008-11-06,-2.2833487490718283
2008-11-07,-2.3327877430112047
2008-11-08,-2.380707582779895
2008-11-09,-2.4271286066788833
2008-11-10,-2.471991145118281
2008-11-11,-2.5153142388088683
2008-11-12,-2.5571162750850633
2008-11-13,-2.5974149957089345
2008-11-14,-2.636227504400221
2008-11-15,-2.673570274095551
2008-11-16,-2.7094591539399397
2008-11-17,-2.7451912062341397
2008-11-18,-2.7807815964970226
2008-11-19,-2.816245430122782
2008-11-20,-2.8515977587920105
2008-11-21,-2.8868535868599916
2008-11-22,-2.922027877724895
2008-11-23,-2.9571355601785947
2008-11-24,-2.9921780302467664
2008-11-25,-3.027170160773455
2008-11-26,-3.062126803237424
2008-11-27,-3.097062794055475
2008-11-28,-3.131992960879367
2008-11-29,-3.1669321288890204
2008-11-30,-3.2018951270846676
2008-12-01,-3.234915486477086
2008-12-02,-3.2653386305415
2008-12-03,-3.293177471571937
2008-12-04,-3.3184438250237642
2008-12-05,-3.3411484145284405
2008-12-06,-3.3613008764448793
2008-12-07,-3.378909763949344
2008-12-08,-3.3960082501790287
2008-12-09,-3.4126035921314735
2008-12-10,-3.4287028332580176
2008-12-11,-3.4443128064532034
2008-12-12,-3.459440136954819
2008-12-13,-3.474091245155801
2008-12-14,-3.488272349329204
2008-12-15,-3.5008620144940057
2008-12-16,-3.5118655839986115
2008-12-17,-3.5212877280153245
2008-12-18,-3.529132445522478
2008-12-19,-3.5354030660016935
2008-12-20,-3.5401022508509894
2008-12-21,-3.5432319945143442
2008-12-22,-3.5482020161607766
2008-12-23,-3.5550144251837352
2008-12-24,-3.563672112928974
2008-12-25,-3.574178753921699
2008-12-26,-3.5865388074261304
2008-12-27,-3.6007575193381127
2008-12-28,-3.6168409244115987
2008-12-29,-3.633771495776233
2008-12-30,-3.6515564191625587
2008-12-31,-3.670203242908103
2009-01-01,-3.6897198811610674
2009-01-02,-3.70922714724462
2009-01-03,-3.728733320498818
2009-01-04,-3.7482466797998972
2009-01-05,-3.7642577597283773
2009-01-06,-3.7767733557611276
2009-01-07,-3.7857987798098796
2009-01-08,-3.791337862475732
2009-01-09,-3.7933929546749434
2009-01-10,-3.7919649286367187
2009-01-11,-3.7870531782734
2009-01-12,-3.778963848633137
2009-01-13,-3.7676935064151973
2009-01-14,-3.7532373682226963
2009-01-15,-3.735589298532414
2009-01-16,-3.7147418070907343
2009-01-17,-3.690686045734603
2009-01-18,-3.6634118046361666
2009-01-19,-3.6348988536300215
2009-01-20,-3.6051350911527598
2009-01-21,-3.5741078847673227
2009-01-22,-3.5418040658015033
2009-01-23,-3.50820992375885
2009-01-24,-3.473311200499614
2009-01-25,-3.43709308418926
2009-01-26,-3.3973223508942656
2009-01-27,-3.353982120985063
2009-01-28,-3.307053999854226
2009-01-29,-3.2565180701093572
2009-01-30,-3.202352883119689
2009-01-31,-3.1445354499127784
2009-02-01,-3.083041231417453
2009-02-02,-3.0244999296671944
2009-02-03,-2.9688866983640856
2009-02-04,-2.916177933951804
2009-02-05,-2.86635126559772
2009-02-06,-2.8193855456981898
2009-02-07,-2.7752608409030226
2009-02-08,-2.7339584236552956
2009-02-09,-2.6960136037385767
2009-02-10,-2.6614102764836525
2009-02-11,-2.6301337554289614
2009-02-12,-2.602170766087319
2009-02-13,-2.5775094403119105
2009-02-14,-2.5561393112591753
2009-02-15,-2.538051308946434
2009-02-16,-2.521948741702497
2009-02-17,-2.5078247752211396
2009-02-18,-2.4956734149605855
2009-02-19,-2.4854895035992843
2009-02-20,-2.4772687188470224
2009-02-21,-2.4710075716104427
2009-02-22,-2.4667034045121907
2009-02-23,-2.4655141229713338
2009-02-24,-2.4674392222289656
2009-02-25,-2.472479519342244
2009-02-26,-2.4806371535311724
2009-02-27,-2.4919155870865315
2009-02-28,-2.506319606839358
2009-03-01,-2.523855326192587
2009-03-02,-2.5396705497978225
2009-03-03,-2.5537719900059273
2009-03-04,-2.5661656317979995
2009-03-05,-2.5768567353255407
2009-03-06,-2.5858498381429835
2009-03-07,-2.593148757133539
2009-03-08,-2.5987565901291703
2009-03-09,-2.603448532980048
2009-03-10,-2.6072265770564753
2009-03-11,-2.610092325848739
2009-03-12,-2.6120469956476646
2009-03-13,-2.61309141606084
2009-03-14,-2.6132260303647206
2009-03-15,-2.612450895692766
2009-03-16,-2.6099063544400076
2009-03-17,-2.605591326643615
2009-03-18,-2.5995039809048475
2009-03-19,-2.591641733611775
2009-03-20,-2.582001247842724
2009-03-21,-2.5705784319500147
2009-03-22,-2.5573684378233694
2009-03-23,-2.5426183853880193
2009-03-24,-2.526322014376664
2009-03-25,-2.508472408228225
2009-03-26,-2.4890619911522984
2009-03-27,-2.468082524913811
2009-03-28,-2.445525105336518
2009-03-29,-2.4213801585238683
2009-03-30,-2.396345687029445
2009-03-31,-2.3704110656379167
2009-04-01,-2.3435652870892776
2009-04-02,-2.3170391872008906
2009-04-03,-2.2908215076754406
2009-04-04,-2.2649011211164267
2009-04-05,-2.2392670263054395
2009-04-06,-2.215822055345202
2009-04-07,-2.194556257641591
2009-04-08,-2.1754606074925915
2009-04-09,-2.158527000257577
2009-04-10,-2.1437482489175093
2009-04-11,-2.131118081024601
2009-04-12,-2.120631136040142
2009-04-13,-2.1080368875385833
2009-04-14,-2.093329990226243
2009-04-15,-2.076504202151865
2009-04-16,-2.057552382057384
2009-04-17,-2.036466486347015
2009-04-18,-2.0132375656733563
2009-04-19,-1.9878557611390804
2009-04-20,-1.96294329748589
2009-04-21,-1.9384896012814343
2009-04-22,-1.9144842938049997
2009-04-23,-1.8909171866425387
2009-04-24,-1.8677782773624667
2009-04-25,-1.8450577452703985
2009-04-26,-1.822745947241013
2009-04-27,-1.800791327984156
2009-04-28,-1.7791845694458313
2009-04-29,-1.757916501212269
2009-04-30,-1.7369780966177881
2009-05-01,-1.7163604689136676
2009-05-02,-1.6973232736489274
2009-05-03,-1.679858430992561
2009-05-04,-1.6620905258253156
2009-05-05,-1.6440120170325945
2009-05-06,-1.6256152316723562
2009-05-07,-1.6068923617185387
2009-05-08,-1.5878354607471503
2009-05-09,-1.568436440563622
2009-05-10,-1.5486870677699869
2009-05-11,-1.5298179365529174
2009-05-12,-1.5118210384117199
2009-05-13,-1.494688735041823
2009-05-14,-1.4784137550929013
2009-05-15,-1.4629891910827442
2009-05-16,-1.4484084964655601
2009-05-17,-1.434665482853468
2009-05-18,-1.4221605776903865
2009-05-19,-1.4108884736020377
2009-05-20,-1.4008443864437592
2009-05-21,-1.3920240532699997
2009-05-22,-1.3844237305250267
2009-05-23,-1.378040192454073
2009-05-24,-1.3728707297342522
2009-05-25,-1.3682388413754145
2009-05-26,-1.3641425614957878
2009-05-27,-1.3605801515383664
2009-05-28,-1.3575500995330294
2009-05-29,-1.3550511194548238
2009-05-30,-1.3530821506781459
2009-05-31,-1.3516423575265868
2009-06-01,-1.351276205288876
2009-06-02,-1.3495500827627958
2009-06-03,-1.3464632573415667
2009-06-04,-1.3420144189042702
2009-06-05,-1.3362016792598017
2009-06-06,-1.3290225713454793
2009-06-07,-1.3204740481799635
2009-06-08,-1.3101007754768337
2009-06-09,-1.2978983505764936
2009-06-10,-1.2838615944843648
2009-06-11,-1.2679845496728002
2009-06-12,-1.2502604775525712
2009-06-13,-1.2306818556128514
2009-06-14,-1.2092403742284876
2009-06-15,-1.1852709498259086
2009-06-16,-1.1587634092206822
2009-06-17,-1.129706501992486
2009-06-18,-1.098087895710165
2009-06-19,-1.0638941706975606
2009-06-20,-1.0271108143378855
2009-06-21,-0.9877222149142293
2009-06-22,-0.9469005701883386
2009-06-23,-0.9046285544992525
2009-06-24,-0.8608882266146458
2009-06-25,-0.8156610221161487
2009-06-26,-0.768927745520174
2009-06-27,-0.7206685621309049
2009-06-28,-0.6708629896219864
2009-06-29,-0.6197868990902993
2009-06-30,-0.567418612648201
2009-07-01,-0.5137359039698769
2009-07-02,-0.462654741452052
2009-07-03,-0.414153445054414
2009-07-04,-0.36821142969218357
2009-07-05,-0.3248091964993214
2009-07-06,-0.28419211901230346
2009-07-07,-0.24634295839329123
2009-07-08,-0.21124565057311429
2009-07-09,-0.1788852994333039
2009-07-10,-0.14924817048383254
2009-07-11,-0.12232168503387353
2009-07-12,-0.0980944148531121
2009-07-13,-0.07469238871666417
2009-07-14,-0.05210567425719459
2009-07-15,-0.030324685144716867
2009-07-16,-0.009340177017930218
2009-07-17,0.010856756439304172
2009-07-18,0.030274687278011414
2009-07-19,0.048921856922282125
2009-07-20,0.06743100782145439
2009-07-21,0.0858099956921533
2009-07-22,0.10406662100677022
2009-07-23,0.12220863230416512
2009-07-24,0.14024372947832753
2009-07-25,0.15817956704639258
2009-07-26,0.17602375739739629
2009-07-27,0.1911303779107566
2009-07-28,0.20350584018960782
2009-07-29,0.21315539666964
2009-07-30,0.22008314284835462
2009-07-31,0.22429201902329043
2009-08-01,0.2257838115399537
2009-08-02,0.22552241185740018
2009-08-03,0.22493546495752742
2009-08-04,0.22402272172634066
2009-08-05,0.22278379477426083
2009-08-06,0.2212181582717073
2009-08-07,0.21932514772592349
2009-08-08,0.21710395969895074
2009-08-09,0.2145536514666302
2009-08-10,0.21199120306894575
2009-08-11,0.2094155269428542
2009-08-12,0.2068255299111549
2009-08-13,0.20422011271852
2009-08-14,0.2015981695649445
2009-08-15,0.198958587636419
2009-08-16,0.19630024663262546
2009-08-17,0.19321621849113507
2009-08-18,0.18970519427826005
2009-08-19,0.18576568383319117
2009-08-20,0.18139601513553882
2009-08-21,0.1765943335956882
2009-08-22,0.1713586012676684
2009-08-23,0.16568659598420005
2009-08-24,0.1598435431026533
2009-08-25,0.15382696269469906
2009-08-26,0.1476343011828666
2009-08-27,0.14126293025674563
2009-08-28,0.13471014575747
2009-08-29,0.1279731665300091
2009-08-30,0.12104913324278097
2009-08-31,0.11347714233001671
2009-09-01,0.1052539800616415
2009-09-02,0.09726829967893176
2009-09-03,0.0895167118723243
2009-09-04,0.08199592668662142
2009-09-05,0.07470275212465699
2009-09-06,0.06763409279253799
2009-09-07,0.06031741057061005
2009-09-08,0.052749600087779375
2009-09-09,0.04492744938824361
2009-09-10,0.0368476385682627
2009-09-11,0.028506738367113954
2009-09-12,0.01990120871163384
2009-09-13,0.011027397213727669
2009-09-14,0.0023138814371357064
2009-09-15,-0.00624303683807248
2009-09-16,-0.014646989368184454
2009-09-17,-0.022901542987247336
2009-09-18,-0.03101020112091543
2009-09-19,-0.03897640527338608
2009-09-20,-0.0468035364880546
2009-09-21,-0.05341040387472909
2009-09-22,-0.05879981154248262
2009-09-23,-0.06297404688200348
2009-09-24,-0.0659348815364175
2009-09-25,-0.0676835721532146
2009-09-26,-0.06822086091759968
2009-09-27,-0.06754697586749309
2009-09-28,-0.0674242321678056
2009-09-29,-0.06785257772323984
2009-09-30,-0.06883219433366966
2009-10-01,-0.0703634977713007
2009-10-02,-0.07207949085772586
2009-10-03,-0.07398090190055313
2009-10-04,-0.07606853790310872
2009-10-05,-0.07841409123415108
2009-10-06,-0.08101855740138325
2009-10-07,-0.08388304180117281
2009-10-08,-0.08700876018770778
2009-10-09,-0.09039703918899121
2009-10-10,-0.09404931686989304
2009-10-11,-0.09796714334249869
2009-10-12,-0.10025941836724994
2009-10-13,-0.10092711483929043
2009-10-14,-0.09997051614462232
2009-10-15,-0.09738921628038186
2009-10-16,-0.09318211968252248
2009-10-17,-0.08734744076083165
2009-10-18,-0.07988270314108459
2009-10-19,-0.07171670150696802
2009-10-20,-0.06284597001636161
2009-10-21,-0.05326674372330802
2009-10-22,-0.04297495698008224
2009-10-23,-0.03196624171163505
2009-10-24,-0.020235925561680183
2009-10-25,-0.007779029909636831
2009-10-26,0.005098380673830616
2009-10-27,0.01840177166301442
2009-10-28,0.032136789328256254
2009-10-29,0.046309263132355644
2009-10-30,0.06092520820473117
2009-10-31,0.07599082789438151
2009-11-01,0.09151251640273236
2009-11-02,0.10593723377925277
2009-11-03,0.119271102211434
2009-11-04,0.13151978090495728
2009-11-05,0.1426884684855928
2009-11-06,0.1527819052056184
2009-11-07,0.1618043749556935
2009-11-08,0.16975970708304214
2009-11-09,0.17687500670805034
2009-11-10,0.18315329373032704
2009-11-11,0.18859723280175203
2009-11-12,0.1932091344574171
2009-11-13,0.1969909560962709
2009-11-14,0.19994430281188494
2009-11-15,0.20207042807369274
2009-11-16,0.20245181303039916
2009-11-17,0.20108861955070143
2009-11-18,0.19798026906339766
2009-11-19,0.19312544231182754
2009-11-20,0.18652207879394903
2009-11-21,0.17816737588781295
2009-11-22,0.16805778766206475
2009-11-23,0.15697612676047415
2009-11-24,0.1449176898669218
2009-11-25,0.1318773590987076
2009-11-26,0.11784959983440174
2009-11-27,0.10282845836482155
2009-11-28,0.08680755936613868
2009-11-29,0.0697801031940419
2009-11-30,0.05304415505581512
2009-12-01,0.03659261182356527
2009-12-02,0.022100307139813036
2009-12-03,0.00956109013143297
2009-12-04,-0.0010303611386025813
2009-12-05,-0.009678541929978052
2009-12-06,-0.016387122732927736
2009-12-07,-0.02209985106103672
2009-12-08,-0.02681915152984511
2009-12-09,-0.030547027120870263
2009-12-10,-0.03328506003171898
2009-12-11,-0.03503441234760929
2009-12-12,-0.03579582653458663
2009-12-13,-0.03556962575464365
2009-12-14,-0.03526892531444617
2009-12-15,-0.03489359758969312
2009-12-16,-0.03444348328251817
2009-12-17,-0.033918391353879765
2009-12-18,-0.03331809894247995
2009-12-19,-0.0326423512701768
2009-12-20,-0.03189086153385029
2009-12-21,-0.030718166420716397
2009-12-22,-0.029123768211536213
2009-12-23,-0.027106990206412163
2009-12-24,-0.024666976437580354
2009-12-25,-0.021802691306118158
2009-12-26,-0.01851291914241189
2009-12-27,-0.014796263690197653
2009-12-28,-0.010706267787511131
2009-12-29,-0.006241195544414158
2009-12-30,-0.0013991518797954738
2009-12-31,0.0038219182829458964
2010-01-01,0.009424230888123483
2010-01-02,0.013681389272600764
2010-01-03,0.016595200273983923
2010-01-04,0.019298359341559296
2010-01-05,0.02179201375927005
2010-01-06,0.024077221892385023
2010-01-07,0.02615495363669359
2010-01-08,0.028026090830152423
2010-01-09,0.029691427627157818
2010-01-10,0.031151670835603495
2010-01-11,0.033566271665289096
2010-01-12,0.03693625492929126
2010-01-13,0.04126305092734116
2010-01-14,0.046548496052876864
2010-01-15,0.052794833572451905
2010-01-16,0.060004714577829785
2010-01-17,0.0681811991111696
2010-01-18,0.07399304356954856
2010-01-19,0.0774427146357109
2010-01-20,0.07853167643075509
2010-01-21,0.07726039113554106
2010-01-22,0.07362831918685037
2010-01-23,0.06763391904838309
2010-01-24,0.0592746465564937
2010-01-25,0.05128932980054057
2010-01-26,0.04367457962529221
2010-01-27,0.036427164152642716
2010-01-28,0.029544007409927103
2010-01-29,0.023022188024406517
2010-01-30,0.016858937983369016
2010-01-31,0.011051641459320471
2010-02-01,0.0031074964531508376
2010-02-02,-0.004872506315089703
2010-02-03,-0.012891753745252171
2010-02-04,-0.020953649393539803
2010-02-05,-0.02906161491705725
2010-02-06,-0.03721909152604197
2010-02-07,-0.045429541444394206
2010-02-08,-0.05131304778394302
2010-02-09,-0.054872107642411266
2010-02-10,-0.05610823156805997
2010-02-11,-0.055021944200799755
2010-02-12,-0.0516127844948604
2010-02-13,-0.045879305523112424
2010-02-14,-0.03781907386295728
2010-02-15,-0.02794527617999141
2010-02-16,-0.016253721803500945
2010-02-17,-0.0027394485643084734
2010-02-18,0.012603279311287435
2010-02-19,0.029780973635908932
2010-02-20,0.04880092502486449
2010-02-21,0.06967120599045616
2010-02-22,0.09137778817354678
2010-02-23,0.11392988435539571
2010-02-24,0.1373370661731829
2010-02-25,0.16160926818243462
2010-02-26,0.18675679207348228
2010-02-27,0.21279031104374005
2010-02-28,0.23972087432765987
2010-03-01,0.2673835582399877
2010-03-02,0.29346195348879656
2010-03-03,0.3179671283550807
2010-03-04,0.34090948340830174
2010-03-05,0.362298755920634
2010-03-06,0.3821440239996896
2010-03-07,0.400453710441481
2010-03-08,0.41823811922492016
2010-03-09,0.4355047984691249
2010-03-10,0.45226107655668485
2010-03-11,0.4685140652439994
2010-03-12,0.48427066267967284
2010-03-13,0.49953755633225017
2010-03-14,0.5143212258285351
2010-03-15,0.5280976359480711
2010-03-16,0.5408726337215839
2010-03-17,0.5526516411569736
2010-03-18,0.5634396575405416
2010-03-19,0.5732412615588042
2010-03-20,0.5820606132417957
2010-03-21,0.5899014557286809
2010-03-22,0.5964465241858106
2010-03-23,0.6016985964933471
2010-03-24,0.6056599017536386
2010-03-25,0.6083321212373047
2010-03-26,0.609716389096805
2010-03-27,0.6098132928478016
2010-03-28,0.6086228736185129
2010-03-29,0.6076381671944997
2010-03-30,0.6068587556433203
2010-03-31,0.6062843081644799
2010-04-01,0.6059145809490303
2010-04-02,0.6070549969193273
2010-04-03,0.6097060400945865
2010-04-04,0.6138688356395473
2010-04-05,0.6186565135375879
2010-04-06,0.6240711057912061
2010-04-07,0.6301149104800174
2010-04-08,0.6367904927361145
2010-04-09,0.6441006858327687
2010-04-10,0.6520485923869366
2010-04-11,0.6606375856760849
2010-04-12,0.6694208448669506
2010-04-13,0.6784020977802003
2010-04-14,0.6875851562696689
2010-04-15,0.6969739178401976
2010-04-16,0.7065723673018279
2010-04-17,0.7163845784610479
2010-04-18,0.7264147158498095
2010-04-19,0.736206523464215
2010-04-20,0.7457641571764748
2010-04-21,0.755091673469918
2010-04-22,0.7641930311606573
2010-04-23,0.7730720930778048
2010-04-24,0.7817326277029449
2010-04-25,0.7901783107695685
2010-04-26,0.7994029896144729
2010-04-27,0.8094105794071528
2010-04-28,0.8202053276028228
2010-04-29,0.8317918157451384
2010-04-30,0.8441749614107094
2010-05-01,0.8573600202962346
2010-05-02,0.8686965498544086
2010-05-03,0.878107609592105
2010-05-04,0.8855971937832292
2010-05-05,0.8911684811825153
2010-05-06,0.8948238363746646
2010-05-07,0.8965648107779298
2010-05-08,0.8963921433025746
2010-05-09,0.8943057606644829
2010-05-10,0.8913548133902753
2010-05-11,0.8875380490288974
2010-05-12,0.8828538476562688
2010-05-13,0.8773002211877494
2010-05-14,0.8708748125343505
2010-05-15,0.8635748946023304
2010-05-16,0.855397369135752
2010-05-17,0.8448033650850197
2010-05-18,0.8317883861069897
2010-05-19,0.8163469083401248
2010-05-20,0.7984723780600386
2010-05-21,0.7781572088979425
2010-05-22,0.7553927786208123
2010-05-23,0.7301694254719113
2010-05-24,0.7027185575407917
2010-05-25,0.6730285240369469
2010-05-26,0.6410867238156203
2010-05-27,0.6068796000295847
2010-05-28,0.5703926343753
2010-05-29,0.5316103409310043
2010-05-30,0.4905162595841279
2010-05-31,0.447330616017215
2010-06-01,0.4020350812328971
2010-06-02,0.3589096281266399
2010-06-03,0.31793595324731366
2010-06-04,0.2790966664088045
2010-06-05,0.2423752833092122
2010-06-06,0.20775621853452797
2010-06-07,0.17551868433471218
2010-06-08,0.14564899834611955
2010-06-09,0.11813448317527597
2010-06-10,0.09296346101829722
2010-06-11,0.07012524870455572
2010-06-12,0.049610153162491955
2010-06-13,0.03140946730564942
2010-06-14,0.01445834548760061
2010-06-15,-0.0012504067442905553
2010-06-16,-0.015723456551945736
2010-06-17,-0.02896694663627042
2010-06-18,-0.040986497844260894
2010-06-19,-0.051787211554622514
2010-06-20,-0.061373671842914534
2010-06-21,-0.06853971589156105
2010-06-22,-0.07328838513729141
2010-06-23,-0.0756216950264188
2010-06-24,-0.07554063587024307
2010-06-25,-0.07304517326536208
2010-06-26,-0.06813424807907026
2010-06-27,-0.06080577599983744
2010-06-28,-0.052043562366544116
2010-06-29,-0.04184388829075003
2010-06-30,-0.030202424792176774
2010-07-01,-0.017114230961387644
2010-07-02,-0.005229229253014472
2010-07-03,0.00545762460569299
2010-07-04,0.014950866365509463
2010-07-05,0.023021787304827873
2010-07-06,0.02967381291129756
2010-07-07,0.03490976646019653
2010-07-08,0.038731870212695224
2010-07-09,0.04114174635903664
2010-07-10,0.0421404177070312
2010-07-11,0.04172830811616103
2010-07-12,0.041625704733186594
2010-07-13,0.04183256401083199
2010-07-14,0.0423489737450137
2010-07-15,0.04317515311210322
2010-07-16,0.044311452761950774
2010-07-17,0.04575835496670914
2010-07-18,0.04751647382552132
2010-07-19,0.04869916370089247
2010-07-20,0.04930692655407237
2010-07-21,0.04934002033383322
2010-07-22,0.04879845908594935
2010-07-23,0.04768201295915836
2010-07-24,0.04599020810760712
2010-07-25,0.04372232648974039
2010-07-26,0.041244772398280755
2010-07-27,0.03855649430131444
2010-07-28,0.03565635123073041
2010-07-29,0.03254311229796661
2010-07-30,0.029215456171592047
2010-07-31,0.02567197051650308
2010-08-01,0.021911151394494933
2010-08-02,0.018466566476902525
2010-08-03,0.015336753801307772
2010-08-04,0.012520385001995586
2010-08-05,0.010016264746164363
2010-08-06,0.00782333022659877
2010-08-07,0.005940650710589454
2010-08-08,0.004367427144908411
2010-08-09,0.002926676782250815
2010-08-10,0.0016177881344593354
2010-08-11,0.00044020567857308915
2010-08-12,-0.0006065703789493327
2010-08-13,-0.0015229843143539316
2010-08-14,-0.0023094250751525165
2010-08-15,-0.0029662264452011526
2010-08-16,-0.004633966365537659
2010-08-17,-0.007313352663997616
2010-08-18,-0.011005522534804791
2010-08-19,-0.015712043021223174
2010-08-20,-0.021434911680646606
2010-08-21,-0.028176557432408933
2010-08-22,-0.03593984158867422
2010-08-23,-0.0436156675535965
2010-08-24,-0.05120729312727561
2010-08-25,-0.058717940373195526
2010-08-26,-0.06615079698574355
2010-08-27,-0.07350901764314267
2010-08-28,-0.08079572534637025
2010-08-29,-0.08801401274463329
2010-08-30,-0.0959922351286665
2010-08-31,-0.10473377864268396
2010-09-01,-0.11424235340224347
2010-09-02,-0.12380674384362159
2010-09-03,-0.1334310093178609
2010-09-04,-0.14311923458836873
2010-09-05,-0.15287553156458605
2010-09-06,-0.16240840633115475
2010-09-07,-0.17172190486312777
2010-09-08,-0.18081998002715244
2010-09-09,-0.18970649325915917
2010-09-10,-0.19838521620324534
2010-09-11,-0.20685983231244942
2010-09-12,-0.21513393841209447
2010-09-13,-0.22217484916974256
2010-09-14,-0.22798555291262707
2010-09-15,-0.2325685158393458
2010-09-16,-0.23592568306657397
2010-09-17,-0.2380584794546169
2010-09-18,-0.23896781021215407
2010-09-19,-0.23865406128043093
2010-09-20,-0.2377859543253485
2010-09-21,-0.23636312090200756
2010-09-22,-0.2343849571266189
2010-09-23,-0.2318506234202011
2010-09-24,-0.22875904415224368
2010-09-25,-0.22510890718418422
2010-09-26,-0.22089866331250588
2010-09-27,-0.21671763991968623
2010-09-28,-0.21256406248159096
2010-09-29,-0.2084361681227908
2010-09-30,-0.20433220486835632
2010-10-01,-0.20025043090027858
2010-10-02,-0.1968818072734815
2010-10-03,-0.19422490426529593
2010-10-04,-0.19110239784888813
2010-10-05,-0.1875129627594903
2010-10-06,-0.18345507555688306
2010-10-07,-0.17892701397881164
2010-10-08,-0.17392685621001752
2010-10-09,-0.16845248006657526
2010-10-10,-0.1625015620951877
2010-10-11,-0.15733264399075447
2010-10-12,-0.15294353194351573
2010-10-13,-0.14933236311164438
2010-10-14,-0.1464976048306123
2010-10-15,-0.14443805396269163
2010-10-16,-0.143152836386315
2010-10-17,-0.14264140662507804
2010-10-18,-0.14278274582434908
2010-10-19,-0.1435769139717906
2010-10-20,-0.14502424813094236
2010-10-21,-0.14712536258427894
2010-10-22,-0.14988114909392553
2010-10-23,-0.1532927772801429
2010-10-24,-0.15736169511774123
2010-10-25,-0.16059732900125046
2010-10-26,-0.1630010522093818
2010-10-27,-0.16457388493849498
2010-10-28,-0.1653164947355934
2010-10-29,-0.16522919678164677
2010-10-30,-0.1643119540253613
2010-10-31,-0.1625643771674542
2010-11-01,-0.16178926786265524
2010-11-02,-0.16091772975778967
2010-11-03,-0.15994939295169786
2010-11-04,-0.15888384645958709
2010-11-05,-0.15772063803859981
2010-11-06,-0.1564592739958713
2010-11-07,-0.15509921897899479
2010-11-08,-0.15288274151989337
2010-11-09,-0.14980890089368346
2010-11-10,-0.1458763924904971
2010-11-11,-0.141083547261775
2010-11-12,-0.13542833101188326
2010-11-13,-0.1289083435347532
2010-11-14,-0.12152081759517779
2010-11-15,-0.11431070130459009
2010-11-16,-0.10727493452097045
2010-11-17,-0.10041053110030862
2010-11-18,-0.09371457762921406
2010-11-19,-0.08718423218839562
2010-11-20,-0.08081672314648411
2010-11-21,-0.0746093479836873
2010-11-22,-0.06629625912377315
2010-11-23,-0.05587392829736183
2010-11-24,-0.043337932023441536
2010-11-25,-0.028682949731939605
2010-11-26,-0.011902761505548268
2010-11-27,0.007009754560153916
2010-11-28,0.028062625379405043
2010-11-29,0.04998300040891274
2010-11-30,0.072780183168622
2010-12-01,0.09646384931618932
2010-12-02,0.11886155156071876
2010-12-03,0.13998279601099115
2010-12-04,0.15983654701723946
2010-12-05,0.1784312309758287
2010-12-06,0.19583054634967687
2010-12-07,0.21204187781524994
2010-12-08,0.2270721058408528
2010-12-09,0.24092760960686105
2010-12-10,0.253614269713194
2010-12-11,0.2651374706751794
2010-12-12,0.27550210320886714
2010-12-13,0.28480885290067576
2010-12-14,0.29306166975288717
2010-12-15,0.30026405645403104
2010-12-16,0.3064190698655085
2010-12-17,0.3115293223189953
2010-12-18,0.31559698272517656
2010-12-19,0.3186237774942833
2010-12-20,0.31974348162009697
2010-12-21,0.31895657033124203
2010-12-22,0.31626270964415887
2010-12-23,0.3116607562213548
2010-12-24,0.3051487568861442
2010-12-25,0.2967239477936736
2010-12-26,0.2863827532578837
2010-12-27,0.2754162772458337
2010-12-28,0.26381986532856644
2010-12-29,0.25158859571758957
2010-12-30,0.23871727717595473
2010-12-31,0.22520044681497445
2011-01-01,0.2110323677756454
2011-01-02,0.19676600577633208
2011-01-03,0.18294311837754024
2011-01-04,0.1695578388224996
2011-01-05,0.15660448608544578
2011-01-06,0.14407756246046008
2011-01-07,0.13197175122811428
2011-01-08,0.12028191439893068
2011-01-09,0.10900309053269919
2011-01-10,0.09659040410976685
2011-01-11,0.08303858689564639
2011-01-12,0.068341887182095
2011-01-13,0.05249406734595513
2011-01-14,0.03548840120176108
2011-01-15,0.017317671146988456
2011-01-16,-0.0020258349012650945
2011-01-17,-0.020842589592574762
2011-01-18,-0.039140579197811165
2011-01-19,-0.05692756981180666
2011-01-20,-0.07421111064946806
2011-01-21,-0.09099853724983992
2011-01-22,-0.1072969745894789
2011-01-23,-0.12311334010646073
2011-01-24,-0.14077087935324153
2011-01-25,-0.1602770866025396
2011-01-26,-0.18164024074501936
2011-01-27,-0.2048694088030464
2011-01-28,-0.2299744497789429
2011-01-29,-0.25696601883938036
2011-01-30,-0.2858555718376805
2011-01-31,-0.316340324981019
2011-02-01,-0.34843321671175786
2011-02-02,-0.37855649638295097
2011-02-03,-0.4067229490191635
2011-02-04,-0.43294452912179077
2011-02-05,-0.45723236574282844
2011-02-06,-0.4795967672083025
2011-02-07,-0.4982102345819381
2011-02-08,-0.5130806678547121
2011-02-09,-0.5242143783863692
2011-02-10,-0.5316160915841092
2011-02-11,-0.5352889489081611
2011-02-12,-0.5352345092050925
2011-02-13,-0.5314527493694197
2011-02-14,-0.5263825215465576
2011-02-15,-0.5200216738132112
2011-02-16,-0.512367506476803
2011-02-17,-0.503416770929662
2011-02-18,-0.49316566827023767
2011-02-19,-0.481609847690758
2011-02-20,-0.46874440463064426
2011-02-21,-0.4535824272236464
2011-02-22,-0.43611748037186965
2011-02-23,-0.41634215154331333
2011-02-24,-0.39424804762581955
2011-02-25,-0.36982579136483906
2011-02-26,-0.34306501738350603
2011-02-27,-0.3139543677833293
2011-02-28,-0.2807325919584932
2011-03-01,-0.24338558981018177
2011-03-02,-0.2068973982609622
2011-03-03,-0.17125253086877423
2011-03-04,-0.13643585911805806
2011-03-05,-0.10243260599885784
2011-03-06,-0.06922833973511305
2011-03-07,-0.03853365894165012
2011-03-08,-0.010335536077900553
2011-03-09,0.015377996799115945
2011-03-10,0.038617853114267964
2011-03-11,0.059393896406224445
2011-03-12,0.07771494451377164
2011-03-13,0.0935887733183095
2011-03-14,0.10761791041812757
2011-03-15,0.11980831010719356
2011-03-16,0.130165146276305
2011-03-17,0.13869281460900929
2011-03-18,0.14539493444723384
2011-03-19,0.15027435032742043
2011-03-20,0.15333313318781283
2011-03-21,0.15407537466726812
2011-03-22,0.15250138979043398
2011-03-23,0.14861051052130847
2011-03-24,0.14240108547971042
2011-03-25,0.1338704792403954
2011-03-26,0.12301507121451949
2011-03-27,0.10983025411297637
2011-03-28,0.09447399987958682
2011-03-29,0.07693979096082593
2011-03-30,0.05722018542825219
2011-03-31,0.0353068138199773
2011-04-01,0.011190375588471968
2011-04-02,-0.012956970667919787
2011-04-03,-0.03714547364782711
2011-04-04,-0.06026515175770092
2011-04-05,-0.0823258175297687
2011-04-06,-0.10333683402664806
2011-04-07,-0.12330711881525011
2011-04-08,-0.14224514775160302
2011-04-09,-0.1601589585782037
2011-04-10,-0.17705615433542415
2011-04-11,-0.19453416090624995
2011-04-12,-0.21260039636553202
2011-04-13,-0.23126252844622175
2011-04-14,-0.25052847779373677
2011-04-15,-0.2704064213276674
2011-04-16,-0.29090479571225347
2011-04-17,-0.31203230093710105
2011-04-18,-0.3322755970822221
2011-04-19,-0.3516432758760508
2011-04-20,-0.37014355741453464
2011-04-21,-0.3877842936499347
2011-04-22,-0.40457297172337847
2011-04-23,-0.4205167171425764
2011-04-24,-0.43562229680605635
2011-04-25,-0.44869682737933114
2011-04-26,-0.459745857999028
2011-04-27,-0.4687740781322113
2011-04-28,-0.4757853195667023
2011-04-29,-0.48078255803737946
2011-04-30,-0.48376791448914985
2011-05-01,-0.484742655977128
2011-05-02,-0.485651560305333
2011-05-03,-0.4864950132340237
2011-05-04,-0.487273372744354
2011-05-05,-0.48798696919030815
2011-05-06,-0.4886361054389109
2011-05-07,-0.48922105699877144
2011-05-08,-0.4897420721370156
2011-05-09,-0.4896879917112804
2011-05-10,-0.48905879276856834
2011-05-11,-0.48785420826212916
2011-05-12,-0.48607372693811957
2011-05-13,-0.48371659311861503
2011-05-14,-0.48078180638088197
2011-05-15,-0.47726812113277584
2011-05-16,-0.4718229963075034
2011-05-17,-0.4644441208667115
2011-05-18,-0.45512836304304904
2011-05-19,-0.44387176901097286
2011-05-20,-0.43066956120865063
2011-05-21,-0.4155161363102524
2011-05-22,-0.398405062847768
2011-05-23,-0.3799456439477499
2011-05-24,-0.3601300450009967
2011-05-25,-0.33894985580376974
2011-05-26,-0.3163960869883068
2011-05-27,-0.29245916620752344
2011-05-28,-0.2671289340722848
2011-05-29,-0.24039463983952383
2011-05-30,-0.21177264252786576
2011-05-31,-0.1812507942920989
2011-06-01,-0.14881614094583528
2011-06-02,-0.1175344957172994
2011-06-03,-0.08739258194448618
2011-06-04,-0.058377606694082096
2011-06-05,-0.03047725533184492
2011-06-06,-0.00433812280731255
2011-06-07,0.020050884938829894
2011-06-08,0.04270011917200084
2011-06-09,0.06361919275704125
2011-06-10,0.08281698423813966
2011-06-11,0.1003016416070936
2011-06-12,0.11608058576150809
2011-06-13,0.13075622903832684
2011-06-14,0.14433480012386307
2011-06-15,0.15682206208132837
2011-06-16,0.16822331479681146
2011-06-17,0.1785433972286738
2011-06-18,0.18778668946131655
2011-06-19,0.19595711456419135
2011-06-20,0.2031594041874618
2011-06-21,0.20939661515132735
2011-06-22,0.2146713946740274
2011-06-23,0.21898598149538423
2011-06-24,0.22234220682697564
2011-06-25,0.22474149512934438
2011-06-26,0.2261848647165728
2011-06-27,0.22631388503101219
2011-06-28,0.22512861083190266
2011-06-29,0.22262853906114688
2011-06-30,0.2188126086298013
2011-07-01,0.213679199967725
2011-07-02,0.20888246823578335
2011-07-03,0.20442037758881965
2011-07-04,0.19996460755532441
2011-07-05,0.19551326700226182
2011-07-06,0.19106446667657118
2011-07-07,0.18661631840332363
2011-07-08,0.1821669342843367
2011-07-09,0.17771442589690611
2011-07-10,0.17325690349231482
2011-07-11,0.16978372601276848
2011-07-12,0.1672934193604968
2011-07-13,0.16578492659110097
2011-07-14,0.16525760746496157
2011-07-15,0.16571123817550593
2011-07-16,0.1671460112542193
2011-07-17,0.16956253565235993
2011-07-18,0.1720169357147246
2011-07-19,0.17451025314611568
2011-07-20,0.17704354616877693
2011-07-21,0.17961788997152844
2011-07-22,0.18223437716610155
2011-07-23,0.18489411825086915
2011-07-24,0.1875982420821666
2011-07-25,0.19052286801023496
2011-07-26,0.19366923731473368
2011-07-27,0.1970386853883984
2011-07-28,0.20063264230381306
2011-07-29,0.20445263342036568
2011-07-30,0.20850028003164706
2011-07-31,0.21277730005356557
2011-08-01,0.21746532172857636
2011-08-02,0.22101280234229986
2011-08-03,0.2234212475284946
2011-08-04,0.22469167948763824
2011-08-05,0.22482463742077347
2011-08-06,0.22382017775835727
2011-08-07,0.2216778741842117
2011-08-08,0.2186226329160436
2011-08-09,0.21465315723798756
2011-08-10,0.20976776241170816
2011-08-11,0.2039643749613573
2011-08-12,0.19724053179354256
2011-08-13,0.1895933791519331
2011-08-14,0.18101967140605835
2011-08-15,0.17160491881283796
2011-08-16,0.16134512553103245
2011-08-17,0.15023593706436608
2011-08-18,0.138272638413377
2011-08-19,0.12545015207426088
2011-08-20,0.11176303588385937
2011-08-21,0.09720548070987939
2011-08-22,0.08121780901218971
2011-08-23,0.06379323524892296
2011-08-24,0.04492436402336207
2011-08-25,0.024603186945159963
2011-08-26,0.002821079231392465
2011-08-27,-0.020431203954002136
2011-08-28,-0.04516353142394715
2011-08-29,-0.07090945669712341
2011-08-30,-0.09767990694649047
2011-08-31,-0.12548624417737353
2011-09-01,-0.15434027004976625
2011-09-02,-0.18081012121941376
2011-09-03,-0.2049070321103606
2011-09-04,-0.22664123001528647
2011-09-05,-0.24557571466124717
2011-09-06,-0.2617185222864595
2011-09-07,-0.2750765042761078
2011-09-08,-0.28565533007023125
2011-09-09,-0.2934594895699666
2011-09-10,-0.298492295043168
2011-09-11,-0.30075588253021046
2011-09-12,-0.30124218255502877
2011-09-13,-0.29995140151472943
2011-09-14,-0.2968829915716437
2011-09-15,-0.2920356504208127
2011-09-16,-0.2854073207372584
2011-09-17,-0.2769951893028067
2011-09-18,-0.2667956858120925
2011-09-19,-0.2552157793567908
2011-09-20,-0.24225055515371394
2011-09-21,-0.22789451045841513
2011-09-22,-0.21214155222969552
2011-09-23,-0.1949849945435745
2011-09-24,-0.17641755575562756
2011-09-25,-0.15643135541048597
2011-09-26,-0.13433413101287792
2011-09-27,-0.11011650398384959
2011-09-28,-0.08376819579596825
2011-09-29,-0.05527802361087386
2011-09-30,-0.02463389553302217
2011-10-01,0.008177194522400122
2011-10-02,0.03906078071268032
2011-10-03,0.06832529605243998
2011-10-04,0.09598316108657279
2011-10-05,0.12204611445999825
2011-10-06,0.14652521789981748
2011-10-07,0.16943086091016907
2011-10-08,0.19077276518177694
2011-10-09,0.21055998871806425
2011-10-10,0.22790765233091836
2011-10-11,0.2428231187745895
2011-10-12,0.25531271852195303
2011-10-13,0.2653817524513105
2011-10-14,0.273034494096206
2011-10-15,0.27827419145921356
2011-10-16,0.2811030683904664
2011-10-17,0.28255946753379013
2011-10-18,0.2826440070190506
2011-10-19,0.281356722726783
2011-10-20,0.2786970683034202
2011-10-21,0.27466391492940795
2011-10-22,0.2692555508401069
2011-10-23,0.2624696805992798
2011-10-24,0.25375830449956066
2011-10-25,0.24311772522914768
2011-10-26,0.23054342667728422
2011-10-27,0.21603007201751462
2011-10-28,0.19957150144261102
2011-10-29,0.1811607295502072
2011-10-30,0.16078994237802946
2011-10-31,0.13829393799606746
2011-11-01,0.113663168573813
2011-11-02,0.090593656755841
2011-11-03,0.06907561130167167
2011-11-04,0.04909989944944382
2011-11-05,0.03065804303975639
2011-11-06,0.013742214917339624
2011-11-07,-0.0017673547067763584
2011-11-08,-0.015877248456754978
2011-11-09,-0.028593454901575555
2011-11-10,-0.03992137109672289
2011-11-11,-0.04986580487482367
2011-11-12,-0.05843097688620302
2011-11-13,-0.0656205223902272
2011-11-14,-0.07095026236134133
2011-11-15,-0.07442245886586746
2011-11-16,-0.07603858558522708
2011-11-17,-0.0757993284414058
2011-11-18,-0.07370458588807494
2011-11-19,-0.06975346886749256
2011-11-20,-0.06394430043316685
2011-11-21,-0.05581053239125566
2011-11-22,-0.0453487125803293
2011-11-23,-0.032554400759326974
2011-11-24,-0.01742216672301522
2011-11-25,5.441200271855129e-05
2011-11-26,0.019882752886714705
2011-11-27,0.04207127154068745
2011-11-28,0.06565422083449375
2011-11-29,0.09064160992348914
2011-11-30,0.11704404404013169
2011-12-01,0.14487272899509124
2011-12-02,0.1715916338072995
2011-12-03,0.1972120986049931
2011-12-04,0.22174499731277025
2011-12-05,0.24479700626929426
2011-12-06,0.2663779092864209
2011-12-07,0.28649686580423167
2011-12-08,0.3051624147785144
2011-12-09,0.32238247830489614
2011-12-10,0.3381643649811656
2011-12-11,0.3525147730092131
2011-12-12,0.36629866478459716
2011-12-13,0.37952189051343305
2011-12-14,0.39219006244205024
2011-12-15,0.4043085572389616
2011-12-16,0.41588251827684586
2011-12-17,0.42691685781551686
2011-12-18,0.4374162590868006
2011-12-19,0.4482165340608254
2011-12-20,0.45932226662694053
2011-12-21,0.4707381703178432
2011-12-22,0.48246909031011126
2011-12-23,0.49452000548061037
2011-12-24,0.5068960305196456
2011-12-25,0.5196024181017549
2011-12-26,0.5313944256560366
2011-12-27,0.5422770579863464
2011-12-28,0.5522549339364221
2011-12-29,0.5613322883502289
2011-12-30,0.5695129738693264
2011-12-31,0.5768004625680191
2012-01-01,0.5831978474269865
2012-01-02,0.5896881036956289
2012-01-03,0.5962739859905325
2012-01-04,0.6029582895142066
2012-01-05,0.6097438512414326
2012-01-06,0.6166335511233412
2012-01-07,0.6236303133097332
2012-01-08,0.6307371073901553
2012-01-09,0.6361960531678716
2012-01-10,0.6400094675471711
2012-01-11,0.6421789690303235
2012-01-12,0.642705478404509
2012-01-13,0.6415892191326228
2012-01-14,0.6388297174481173
2012-01-15,0.6344258021539246
2012-01-16,0.6300828441183624
2012-01-17,0.6257990000884455
2012-01-18,0.6215724519005559
2012-01-19,0.6174014057087713
2012-01-20,0.613284091223515
2012-01-21,0.6092187609602029
2012-01-22,0.6052036894975713
2012-01-23,0.6001979746789068
2012-01-24,0.5941994919617415
2012-01-25,0.5872056954496884
2012-01-26,0.5792136168119018
2012-01-27,0.5702198640232496
2012-01-28,0.5602206199246583
2012-01-29,0.5492116406030201
2012-01-30,0.5373981668565568
2012-01-31,0.5247751847706584
2012-02-01,0.5113373368564386
2012-02-02,0.4974144370498922
2012-02-03,0.48300057614664377
2012-02-04,0.46808963656694297
2012-02-05,0.4526752897592214
2012-02-06,0.43659718210129295
2012-02-07,0.41984848966815314
2012-02-08,0.40242210392293193
2012-02-09,0.3843106286998645
2012-02-10,0.3655063770651852
2012-02-11,0.3460013680546133
2012-02-12,0.32578732328604504
2012-02-13,0.30506048480606834
2012-02-14,0.2838120556595705
2012-02-15,0.26203301751615815
2012-02-16,0.23971412684256727
2012-02-17,0.21684591097949113
2012-02-18,0.19341866412116235
2012-02-19,0.16942244319598185
2012-02-20,0.14519166504501718
2012-02-21,0.1207160455591918
2012-02-22,0.09598519671303896
2012-02-23,0.07098862215578072
2012-02-24,0.04571571275643127
2012-02-25,0.020155742101033602
2012-02-26,-0.005702138059881623
2012-02-27,-0.031699581326179005
2012-02-28,-0.05784762162093776
2012-02-29,-0.0841573567841386
2012-03-01,-0.1106399532828472
2012-03-02,-0.1350695015026473
2012-03-03,-0.15745636991528233
2012-03-04,-0.17781006003140168
2012-03-05,-0.19687535735755574
2012-03-06,-0.2146603536519234
2012-03-07,-0.2311725972829756
2012-03-08,-0.24641909643317908
2012-03-09,-0.2604063220734344
2012-03-10,-0.27314021070950534
2012-03-11,-0.2846261669016126
2012-03-12,-0.2946562275572655
2012-03-13,-0.30323464966883884
2012-03-14,-0.31036507411935177
2012-03-15,-0.3160505272277424
2012-03-16,-0.32029342203330974
2012-03-17,-0.3230955593198629
2012-03-18,-0.3244581283800167
2012-03-19,-0.32456680471101107
2012-03-20,-0.3234216344376233
2012-03-21,-0.3210221315228001
2012-03-22,-0.3173672775613733
2012-03-23,-0.3124555213478236
2012-03-24,-0.3062847782179138
2012-03-25,-0.2988524291639074
2012-03-26,-0.2901550386246784
2012-03-27,-0.2801889152242244
2012-03-28,-0.2689498291066371
2012-03-29,-0.2564330101408529
2012-03-30,-0.24263314589609727
2012-03-31,-0.22754437938716515
2012-04-01,-0.21116030658857926
2012-04-02,-0.19448114340002387
2012-04-03,-0.1774998107944668
2012-04-04,-0.16020910149710668
2012-04-05,-0.14260167692643697
2012-04-06,-0.12467006407958028
2012-04-07,-0.10640665236057098
2012-04-08,-0.08780369035024033
2012-04-09,-0.07040653139087799
2012-04-10,-0.0542077917212504
2012-04-11,-0.039200596217305705
2012-04-12,-0.025378575474209242
2012-04-13,-0.012735863103019829
2012-04-14,-0.0012670932408566093
2012-04-15,0.009032601726498168
2012-04-16,0.018717727093766012
2012-04-17,0.027792393454716402
2012-04-18,0.03626045231003627
2012-04-19,0.044125497701996697
2012-04-20,0.05139086773984858
2012-04-21,0.058059646016594524
2012-04-22,0.06413466291773767
2012-04-23,0.06866977546796493
2012-04-24,0.07166690847513257
2012-04-25,0.07312733399260052
2012-04-26,0.07305167185912215
2012-04-27,0.07143988996191786
2012-04-28,0.0682913042230463
2012-04-29,0.06360457830906502
2012-04-30,0.05808904983046234
2012-05-01,0.05174237786792733
2012-05-02,0.045190695207625836
2012-05-03,0.03843122116217375
2012-05-04,0.031461086852662065
2012-05-05,0.02427733399103786
2012-05-06,0.016876913624537415
2012-05-07,0.00902333761499717
2012-05-08,0.0007132727210403533
2012-05-09,-0.008056808043270983
2012-05-10,-0.017290626905371365
2012-05-11,-0.026992102913992053
2012-05-12,-0.037165353602497384
2012-05-13,-0.04781469673646187
2012-05-14,-0.0586831903517801
2012-05-15,-0.06977544729138863
2012-05-16,-0.0810961753686133
2012-05-17,-0.0926501793652753
2012-05-18,-0.10444236307095303
2012-05-19,-0.11647773136426527
2012-05-20,-0.12876139233705847
2012-05-21,-0.14094022696782643
2012-05-22,-0.15301940423888535
2012-05-23,-0.16500405083563668
2012-05-24,-0.17689925332245232
2012-05-25,-0.18871006030153167
2012-05-26,-0.2004414845556463
2012-05-27,-0.21209850517568227
2012-05-28,-0.22432423456372286
2012-05-29,-0.23712386160531637
2012-05-30,-0.25050281876160047
2012-05-31,-0.26446678437496535
2012-06-01,-0.279021685079076
2012-06-02,-0.29304015595022803
2012-06-03,-0.30652814675539247
2012-06-04,-0.31904889684688653
2012-06-05,-0.3306077203239466
2012-06-06,-0.3412095230216513
2012-06-07,-0.3508588045930726
2012-06-08,-0.35955966041903525
2012-06-09,-0.36731578334628995
2012-06-10,-0.37413046525484595
2012-06-11,-0.3802338999791196
2012-06-12,-0.3856286779595852
2012-06-13,-0.39031708886621747
2012-06-14,-0.3943011225702809
2012-06-15,-0.39758246998887786
2012-06-16,-0.40016252380261313
2012-06-17,-0.4020423790466805
2012-06-18,-0.40345182786539646
2012-06-19,-0.40439146846181095
2012-06-20,-0.4048616996413739
2012-06-21,-0.40486272098119824
2012-06-22,-0.4043945329147643
2012-06-23,-0.4034569367321044
2012-06-24,-0.4020495344954655
2012-06-25,-0.40035799261424543
2012-06-26,-0.3983815931584996
2012-06-27,-0.39611949729806506
2012-06-28,-0.39357074494654176
2012-06-29,-0.39073425435380876
2012-06-30,-0.3876088216469046
2012-07-01,-0.3841931203190754
2012-07-02,-0.3817529070940923
2012-07-03,-0.38028714628837906
2012-07-04,-0.379795215798761
2012-07-05,-0.38027690683843085
2012-07-06,-0.3817324238483339
2012-07-07,-0.384162384583938
2012-07-08,-0.3875678203774232
2012-07-09,-0.390045822757763
2012-07-10,-0.39159744344713515
2012-07-11,-0.3922233409896573
2012-07-12,-0.39192378103088815
2012-07-13,-0.39069863643057345
2012-07-14,-0.38854738720868526
2012-07-15,-0.3854691203247295
2012-07-16,-0.38380426156469133
2012-07-17,-0.38355210432356684
2012-07-18,-0.3847125415799243
2012-07-19,-0.3872860658504813
2012-07-20,-0.39127376939914055
2012-07-21,-0.3966773447005723
2012-07-22,-0.4034990851585402
2012-07-23,-0.41058302500159294
2012-07-24,-0.41793217081951417
2012-07-25,-0.4255496417617072
2012-07-26,-0.43343867086103505
2012-07-27,-0.44160260640599525
2012-07-28,-0.4500449133618117
2012-07-29,-0.4587691748410465
2012-07-30,-0.4680099512921393
2012-07-31,-0.4777711647167847
2012-08-01,-0.48805695800230386
2012-08-02,-0.4976906837155501
2012-08-03,-0.5066764306350775
2012-08-04,-0.5150180125220818
2012-08-05,-0.5227189697390502
2012-08-06,-0.5298354249811226
2012-08-07,-0.5363703986383788
2012-08-08,-0.5423266643065112
2012-08-09,-0.547706749964004
2012-08-10,-0.5525129390450663
2012-08-11,-0.556747271408775
2012-08-12,-0.560411544204839
2012-08-13,-0.5631009168785209
2012-08-14,-0.5648165308624962
2012-08-15,-0.5655591143034726
2012-08-16,-0.5653289823712337
2012-08-17,-0.5641260373924043
2012-08-18,-0.5619497688089947
2012-08-19,-0.558799252961709
2012-08-20,-0.5549371852911074
2012-08-21,-0.5503619266453255
2012-08-22,-0.5450715351775651
2012-08-23,-0.5390637655219296
2012-08-24,-0.5323360678404376
2012-08-25,-0.5248855867408124
2012-08-26,-0.5167091600645864
2012-08-27,-0.5081158149311436
2012-08-28,-0.49910190412378536
2012-08-29,-0.4896636019279032
2012-08-30,-0.4797969025072554
2012-08-31,-0.46949761820379654
2012-09-01,-0.4587613777603379
2012-09-02,-0.4486999020384752
2012-09-03,-0.4380279977092561
2012-09-04,-0.4267411353668359
2012-09-05,-0.4148345246028035
2012-09-06,-0.4023031119730198
2012-09-07,-0.389141578852818
2012-09-08,-0.37534433917965476
2012-09-09,-0.36090553708225465
2012-09-10,-0.3468347091893045
2012-09-11,-0.3331258835122883
2012-09-12,-0.3197732417048989
2012-09-13,-0.30677111659359546
2012-09-14,-0.29411398977232267
2012-09-15,-0.28179648926037
2012-09-16,-0.26981338722237735
2012-09-17,-0.2587914018036171
2012-09-18,-0.24872585501564054
2012-09-19,-0.23961247480492803
2012-09-20,-0.23144739323972932
2012-09-21,-0.22422714486842274
2012-09-22,-0.2179486652486966
2012-09-23,-0.21260928964692805
2012-09-24,-0.20757915468452665
2012-09-25,-0.20285612545454457
2012-09-26,-0.19843819739289104
2012-09-27,-0.1943234954275483
2012-09-28,-0.19051027318274721
2012-09-29,-0.18699691223776463
2012-09-30,-0.18378192144002756
2012-10-01,-0.18200515851698154
2012-10-02,-0.1807947458287
2012-10-03,-0.18015016964772287
2012-10-04,-0.18007115640084043
2012-10-05,-0.18055767255298227
2012-10-06,-0.1816099245929845
2012-10-07,-0.1832283591212281
2012-10-08,-0.1826090483630759
2012-10-09,-0.17975172946855464
2012-10-10,-0.17465518972468438
2012-10-11,-0.16731726604077474
2012-10-12,-0.1577348440303585
2012-10-13,-0.1459038566893733
2012-10-14,-0.13181928267002985
2012-10-15,-0.11761856460636241
2012-10-16,-0.10329567538142803
2012-10-17,-0.08884453602598491
2012-10-18,-0.07425901313843575
2012-10-19,-0.059532916281668735
2012-10-20,-0.04465999535569076
2012-10-21,-0.029633937944939598
2012-10-22,-0.01435846320983053
2012-10-23,0.0011729121184524405
2012-10-24,0.016966779918923355
2012-10-25,0.033029843478542015
2012-10-26,0.049368920337245645
2012-10-27,0.06599094518147208
2012-10-28,0.08290297278740384
2012-10-29,0.10061723329539193
2012-10-30,0.11914124505198481
2012-10-31,0.1384828700811033
2012-11-01,0.15865031742086774
2012-11-02,0.17797944037835753
2012-11-03,0.1964784426855213
2012-11-04,0.21415517575168433
2012-11-05,0.23468999626435424
2012-11-06,0.25809161968172656
2012-11-07,0.2843699782002129
2012-11-08,0.31353622496989714
2012-11-09,0.3456027388281924
2012-11-10,0.38058312955371104
2012-11-11,0.4184922436425715
2012-11-12,0.45393395886486687
2012-11-13,0.4869233175136239
2012-11-14,0.5174743210443717
2012-11-15,0.5455999360176869
2012-11-16,0.5713120996025056
2012-11-17,0.594621724642536
2012-11-18,0.6155387042879266
2012-11-19,0.6350496638040324
2012-11-20,0.6531628840984909
2012-11-21,0.6698860528457169
2012-11-22,0.6852262677497308
2012-11-23,0.6991900395565912
2012-11-24,0.7117832948177064
2012-11-25,0.723011378405203
2012-11-26,0.7330964223788
2012-11-27,0.742042707067079
2012-11-28,0.749854029482542
2012-11-29,0.7565337049331516
2012-11-30,0.7620845684294266
2012-12-01,0.766508975887686
2012-12-02,0.7684728733628888
2012-12-03,0.7669573920342148
2012-12-04,0.7619618886959363
2012-12-05,0.7534842431395772
2012-12-06,0.741520857254046
2012-12-07,0.7260666534985142
2012-12-08,0.7071150727473883
2012-12-09,0.6846580715064641
2012-12-10,0.6609612168648032
2012-12-11,0.6360144513229565
2012-12-12,0.6098071868900495
2012-12-13,0.5823283005899913
2012-12-14,0.553566129740624
2012-12-15,0.523508467003807
2012-12-16,0.4921425552043373
2012-12-17,0.45899093548270403
2012-12-18,0.4240395375159834
2012-12-19,0.3872735271132617
2012-12-20,0.34867729991965857
2012-12-21,0.3082344747934731
2012-12-22,0.26592788685364466
2012-12-23,0.2217395801945759
2012-12-24,0.17534823585258708
2012-12-25,0.12673416425590872
2012-12-26,0.07587673245532905
2012-12-27,0.0227543553670857
2012-12-28,-0.032655513388346324
2012-12-29,-0.09037639105546724
2012-12-30,-0.15043277572502134
2012-12-31,-0.21284984352100028
2013-01-01,-0.27765408570709527
2013-01-02,-0.33850366300483176
2013-01-03,-0.3954244013982655
2013-01-04,-0.4484404593803151
2013-01-05,-0.4975743382061904
2013-01-06,-0.5428468914434514
2013-01-07,-0.5852264015561639
2013-01-08,-0.6247308553998014
2013-01-09,-0.661377019588701
2013-01-10,-0.6951804476122068
2013-01-11,-0.7261554864359336
2013-01-12,-0.7543152825909564
2013-01-13,-0.7796717877535034
2013-01-14,-0.8016369007577311
2013-01-15,-0.8202199441114275
2013-01-16,-0.8354288048929044
2013-01-17,-0.8472699380984571
2013-01-18,-0.8557483693820176
2013-01-19,-0.8608676971881577
2013-01-20,-0.862630094279355
2013-01-21,-0.8595800805694376
2013-01-22,-0.8517163615612386
2013-01-23,-0.8390355997084554
2013-01-24,-0.8215324129991166
2013-01-25,-0.7991993726713321
2013-01-26,-0.772027000060351
2013-01-27,-0.7400037625755946
2013-01-28,-0.7045238642753545
2013-01-29,-0.6655722466608116
2013-01-30,-0.6231323777542574
2013-01-31,-0.5771862450825341
2013-02-01,-0.5277143480321199
2013-02-02,-0.48041959845236093
2013-02-03,-0.4352819233451716
2013-02-04,-0.39266545754491644
2013-02-05,-0.3525521136265848
2013-02-06,-0.31492486654864826
2013-02-07,-0.27976774642723445
2013-02-08,-0.247065831758135
2013-02-09,-0.21680524308377003
2013-02-10,-0.18897313710242158
2013-02-11,-0.16222532726081806
2013-02-12,-0.13655046116275227
2013-02-13,-0.11193764179444143
2013-02-14,-0.08837642289957914
2013-02-15,-0.06585680454569987
2013-02-16,-0.04436922887997363
2013-02-17,-0.0239045760726303
2013-02-18,-0.006021598098021608
2013-02-19,0.009287294998040596
2013-02-20,0.022028600667906573
2013-02-21,0.032207726619759125
2013-02-22,0.039828993112772104
2013-02-23,0.04489563479072911
2013-02-24,0.04740980205488232
2013-02-25,0.04817525784703858
2013-02-26,0.04719232704454257
2013-02-27,0.04446059246856776
2013-02-28,0.03997889470705712
2013-03-01,0.03374533162264026
2013-03-02,0.027164575735408154
2013-03-03,0.02023383401861885
2013-03-04,0.013171530752777307
2013-03-05,0.005974668531169312
2013-03-06,-0.0013598071628878605
2013-03-07,-0.008835009252453771
2013-03-08,-0.016454110388162295
2013-03-09,-0.024220344294768718
2013-03-10,-0.032137007143618154
2013-03-11,-0.040347536277611944
2013-03-12,-0.04885541643738296
2013-03-13,-0.05766425856629562
2013-03-14,-0.06677780134301413
2013-03-15,-0.07619991276828564
2013-03-16,-0.0859345918066101
2013-03-17,-0.09598597008349416
2013-03-18,-0.10568037603494006
2013-03-19,-0.11502192419361437
2013-03-20,-0.12401457933108187
2013-03-21,-0.13266215814054785
2013-03-22,-0.14096833085675126
2013-03-23,-0.14893662281369896
2013-03-24,-0.1565704159408991
2013-03-25,-0.16377075383390974
2013-03-26,-0.1705406924845696
2013-03-27,-0.176883105213211
2013-03-28,-0.18280068388816356
2013-03-29,-0.1882959400682468
2013-03-30,-0.1933712060687336
2013-03-31,-0.1980286359512403
2013-04-01,-0.20376300615675155
2013-04-02,-0.2091499944909584
2013-04-03,-0.21419188731772743
2013-04-04,-0.21889082453431907
2013-04-05,-0.22324880047961007
2013-04-06,-0.22726766478053753
2013-04-07,-0.2309491231371239
2013-04-08,-0.23372111426304998
2013-04-09,-0.2355848146561947
2013-04-10,-0.23654101531460242
2013-04-11,-0.23659012207220081
2013-04-12,-0.23573215577104667
2013-04-13,-0.23396675227017139
2013-04-14,-0.23129316229103108
2013-04-15,-0.2281687481576854
2013-04-16,-0.22459218379568677
2013-04-17,-0.22056195122745365
2013-04-18,-0.21607633992800498
2013-04-19,-0.21113344609897353
2013-04-20,-0.20573117186058953
2013-04-21,-0.19986722436129087
2013-04-22,-0.19350329646905118
2013-04-23,-0.18663668718400195
2013-04-24,-0.17926448215653235
2013-04-25,-0.171383552450371
2013-04-26,-0.16299055321459244
2013-04-27,-0.15408192226398398
2013-04-28,-0.14465387856717102
2013-04-29,-0.13397712266737621
2013-04-30,-0.1220471230996346
2013-05-01,-0.1088588164930519
2013-05-02,-0.09650054711442989
2013-05-03,-0.08496706982514783
2013-05-04,-0.07425348954764206
2013-05-05,-0.06435525918782052
2013-05-06,-0.05429578130735692
2013-05-07,-0.04407078642851786
2013-05-08,-0.033675934824283965
2013-05-09,-0.023106814676468218
2013-05-10,-0.012358940203236857
2013-05-11,-0.0014277497552389051
2013-05-12,0.00969139612046449
2013-05-13,0.019119500744622153
2013-05-14,0.026860565625387633
2013-05-15,0.032917876251782774
2013-05-16,0.03729400348813597
2013-05-17,0.03999080466521651
2013-05-18,0.04100942436853036
2013-05-19,0.04035029492410799
2013-05-20,0.039228186484311034
2013-05-21,0.03764262280006814
2013-05-22,0.03559293092106072
2013-05-23,0.03307824091010689
2013-05-24,0.030097485473940144
2013-05-25,0.026649399510224603
2013-05-26,0.022732519570616283
2013-05-27,0.017575941054775585
2013-05-28,0.011177475390152763
2013-05-29,0.003534406918240751
2013-05-30,-0.005356508258013787
2013-05-31,-0.015499043650996552
2013-06-01,-0.026897503989992383
2013-06-02,-0.038590924217015155
2013-06-03,-0.05069224520937243
2013-06-04,-0.06320660305077902
2013-06-05,-0.07613930912745054
2013-06-06,-0.08949585238238017
2013-06-07,-0.10328190164497417
2013-06-08,-0.11750330803703621
2013-06-09,-0.13216610745611954
2013-06-10,-0.14615504296346296
2013-06-11,-0.15947605179053811
2013-06-12,-0.17213478768510904
2013-06-13,-0.1841366233108146
2013-06-14,-0.1954866525274527
2013-06-15,-0.2061896925529337
2013-06-16,-0.21625028600781998
2013-06-17,-0.22666871626647972
2013-06-18,-0.2374494051544324
2013-06-19,-0.24859692824823432
2013-06-20,-0.2601160168174601
2013-06-21,-0.2720115598327637
2013-06-22,-0.284288606040873
2013-06-23,-0.29695236610739495
2013-06-24,-0.31007066027927077
2013-06-25,-0.32364905626742246
2013-06-26,-0.3376933170607463
2013-06-27,-0.35220940337205964
2013-06-28,-0.3672034761679673
2013-06-29,-0.38268189928371926
2013-06-30,-0.39865124212417224
2013-07-01,-0.4143147303895115
2013-07-02,-0.4280026821726555
2013-07-03,-0.43972090696054267
2013-07-04,-0.4494743782418967
2013-07-05,-0.4572672356180919
2013-07-06,-0.46310278656009696
2013-07-07,-0.4669835078122422
2013-07-08,-0.46972486690389464
2013-07-09,-0.4713280273319813
2013-07-10,-0.47179366951529056
2013-07-11,-0.4711219910832577
2013-07-12,-0.46931270695984373
2013-07-13,-0.4663650492425421
2013-07-14,-0.462277766876463
2013-07-15,-0.45623066709016635
2013-07-16,-0.44822118335304334
2013-07-17,-0.4382459162528303
2013-07-18,-0.4263006320528191
2013-07-19,-0.4123802608949597
2013-07-20,-0.39647889464809405
2013-07-21,-0.3785897844004071
2013-07-22,-0.3601421087942023
2013-07-23,-0.34112803820440685
2013-07-24,-0.321539502614667
2013-07-25,-0.30136818819224487
2013-07-26,-0.2806055337594331
2013-07-27,-0.2592427271599904
2013-07-28,-0.23727070151905713
2013-07-29,-0.21349755935297324
2013-07-30,-0.18791321078407947
2013-07-31,-0.1605067972163499
2013-08-01,-0.1312666867267494
2013-08-02,-0.10272900086501235
2013-08-03,-0.07488162756967837
2013-08-04,-0.04771274776408857
2013-08-05,-0.021961507916988643
2013-08-06,0.0023830214002099614
2013-08-07,0.025331172575239924
2013-08-08,0.0468926853402849
2013-08-09,0.06707671090574985
2013-08-10,0.08589181584424876
2013-08-11,0.10334598572645853
2013-08-12,0.12059013591182793
2013-08-13,0.13763158522108726
2013-08-14,0.1544775664439733
2013-08-15,0.17113522940899428
2013-08-16,0.1876116440179844
2013-08-17,0.2039138032467358
2013-08-18,0.2200486261129807
2013-08-19,0.23527292160927116
2013-08-20,0.2495931512827569
2013-08-21,0.26301539297390364
2013-08-22,0.27554534339607134
2013-08-23,0.2871883205533316
2013-08-24,0.29794926599755334
2013-08-25,0.3078327469257137
2013-08-26,0.31652621696461913
2013-08-27,0.32403336582632025
2013-08-28,0.33035737972040824
2013-08-29,0.33550094270631714
2013-08-30,0.3394662378325012
2013-08-31,0.342254948062972
2013-09-01,0.34386825699158763
2013-09-02,0.34371661991713004
2013-09-03,0.34179997248127764
2013-09-04,0.3381175012140226
2013-09-05,0.33266764318841524
2013-09-06,0.3254480853572212
2013-09-07,0.3164557635712102
2013-09-08,0.3056868612786592
2013-09-09,0.29529515321749755
2013-09-10,0.28527622890373155
2013-09-11,0.27562583607151003
2013-09-12,0.26633987886836397
2013-09-13,0.25741441611683025
2013-09-14,0.24884565964172423
2013-09-15,0.24062997266234942
2013-09-16,0.23131988863882072
2013-09-17,0.22091145615368823
2013-09-18,0.20940025762472125
2013-09-19,0.19678140742998318
2013-09-20,0.18304954983425925
2013-09-21,0.16819885671595713
2013-09-22,0.15222302509351573
2013-09-23,0.1357327371311055
2013-09-24,0.11872099396475848
2013-09-25,0.10118057541271998
2013-09-26,0.08310403691103432
2013-09-27,0.06448370635389787
2013-09-28,0.04531168083743756
2013-09-29,0.02557982330553392
2013-09-30,0.007282249355527778
2013-10-01,-0.009588806930999727
2013-10-02,-0.023262145685303853
2013-10-03,-0.0337435701922118
2013-10-04,-0.041037529013475654
2013-10-05,-0.04514711787584652
2013-10-06,-0.04607408098497301
2013-10-07,-0.046005251527491686
2013-10-08,-0.044940600290570794
2013-10-09,-0.04287967541131999
2013-10-10,-0.03982160218500942
2013-10-11,-0.03576508269382445
2013-10-12,-0.030708395255999128
2013-10-13,-0.02464939369509391
2013-10-14,-0.018358050190335012
2013-10-15,-0.011831694548365905
2013-10-16,-0.0050675568311813884
2013-10-17,0.001937233819498816
2013-10-18,0.009185650400689603
2013-10-19,0.016680769309950032
2013-10-20,0.024425771651077913
2013-10-21,0.033005480449247615
2013-10-22,0.042423537133577556
2013-10-23,0.05268393894764085
2013-10-24,0.06379104064598848
2013-10-25,0.07574955634240896
2013-10-26,0.08856456151070907
2013-10-27,0.10224149513886295
2013-10-28,0.11674673494262035
2013-10-29,0.13208643728507435
2013-10-30,0.1482671126947402
2013-10-31,0.16529562862877523
2013-11-01,0.1831792123876893
2013-11-02,0.19965143168575017
2013-11-03,0.21471927771816163
2013-11-04,0.22853190493931957
2013-11-05,0.24109517575133463
2013-11-06,0.2524144223002315
2013-11-07,0.2624944487390361
2013-11-08,0.27133953326677074
2013-11-09,0.2789534299442215
2013-11-10,0.28533937028724987
2013-11-11,0.2901827964379937
2013-11-12,0.2934857640598134
2013-11-13,0.2952496750094337
2013-11-14,0.29547527793192485
2013-11-15,0.2941626685784447
2013-11-16,0.2913112898468777
2013-11-17,0.2869199315453882
2013-11-18,0.28069883943861623
2013-11-19,0.272645373149542
2013-11-20,0.26275611459867815
2013-11-21,0.25102686655335665
2013-11-22,0.23745265084632536
2013-11-23,0.22202770626289717
2013-11-24,0.2047454860957561
2013-11-25,0.1860711977886286
2013-11-26,0.16599691553671048
2013-11-27,0.14451411934501723
2013-11-28,0.12161369141229923
2013-11-29,0.09728591226123301
2013-11-30,0.07152045661324832
2013-12-01,0.04430638900623801
2013-12-02,0.01904258035106554
2013-12-03,-0.004281691903657292
2013-12-04,-0.02567632712469925
2013-12-05,-0.04515040569573181
2013-12-06,-0.06271219287125646
2013-12-07,-0.07836914228457276
2013-12-08,-0.09212789911127413
2013-12-09,-0.10542141032093108
2013-12-10,-0.1182553179906756
2013-12-11,-0.1306350691311456
2013-12-12,-0.14256591799832413
2013-12-13,-0.1540529283235682
2013-12-14,-0.16510097546277488
2013-12-15,-0.1757147484655966
2013-12-16,-0.18772497196320997
2013-12-17,-0.20113674337542178
2013-12-18,-0.21595575497176064
2013-12-19,-0.23218829628740828
2013-12-20,-0.24984125679262623
2013-12-21,-0.2689221288168077
2013-12-22,-0.2894390107283975
2013-12-23,-0.31017007073678265
2013-12-24,-0.3311241075887913
2013-12-25,-0.35231001466784034
2013-12-26,-0.37373678376849484
2013-12-27,-0.3954135089127966
2013-12-28,-0.4173493902099793
2013-12-29,-0.43955373776121087
2013-12-30,-0.4624212094746186
2013-12-31,-0.485961510840135
2014-01-01,-0.5101846329123368
2014-01-02,-0.5328935889745349
2014-01-03,-0.5540980172389112
2014-01-04,-0.5738069173608555
2014-01-05,-0.592028654258629
2014-01-06,-0.6085220538538999
2014-01-07,-0.6232941163312855
2014-01-08,-0.6363511112996636
2014-01-09,-0.6476985804531402
2014-01-10,-0.6573413399230753
2014-01-11,-0.6652834823221602
2014-01-12,-0.6715283784814192
2014-01-13,-0.675493658091993
2014-01-14,-0.6771810041113079
2014-01-15,-0.6765911326884864
2014-01-16,-0.6737237934682979
2014-01-17,-0.6685777694849019
2014-01-18,-0.6611508766453391
2014-01-19,-0.6514399628025513
2014-01-20,-0.6392402626454321
2014-01-21,-0.6245465983358475
2014-01-22,-0.6073527335389368
2014-01-23,-0.5876513707762645
2014-01-24,-0.5654341483286014
2014-01-25,-0.540691636687014
2014-01-26,-0.5134133345507612
2014-01-27,-0.4845575235266377
2014-01-28,-0.45411195653342246
2014-01-29,-0.42206371176027146
2014-01-30,-0.38839918718240013
2014-01-31,-0.353104094788065
2014-02-01,-0.3161634545143972
2014-02-02,-0.2804284691921639
2014-02-03,-0.2451815321574353
2014-02-04,-0.21040768378560393
2014-02-05,-0.1760921652419578
2014-02-06,-0.14222041221768572
2014-02-07,-0.10877804874844393
2014-02-08,-0.07575088111286016
2014-02-09,-0.043124891808387134
2014-02-10,-0.011356716623500573
2014-02-11,0.0195671275984996
2014-02-12,0.049659765660501176
2014-02-13,0.07893396958205318
2014-02-14,0.10740216402011005
2014-02-15,0.1350764315423466
2014-02-16,0.16196851775528193
2014-02-17,0.18874565304566243
2014-02-18,0.21541920225610128
2014-02-19,0.24200048626485682
2014-02-20,0.26850078679067707
2014-02-21,0.2949313511810249
2014-02-22,0.3213033971857176
2014-02-23,0.3476281177179987
2014-02-24,0.3725300695849259
2014-02-25,0.3960198217574021
2014-02-26,0.4181073438357434
2014-02-27,0.4388020102810122
2014-02-28,0.45811260439375795
2014-03-01,0.4760473220418535
2014-03-02,0.4918265609417242
2014-03-03,0.5065875720765045
2014-03-04,0.5203366203646234
2014-03-05,0.5330795412238054
2014-03-06,0.5448217430477577
2014-03-07,0.5555682095016189
2014-03-08,0.5653235016371438
2014-03-09,0.5740917598285199
2014-03-10,0.5817040893455349
2014-03-11,0.5881637210389108
2014-03-12,0.5934733965274479
2014-03-13,0.597635369361633
2014-03-14,0.6006514059800973
2014-03-15,0.6025227864593359
2014-03-16,0.6032503050570013
2014-03-17,0.6025136489148661
2014-03-18,0.600312505378831
2014-03-19,0.5966459402320882
2014-03-20,0.5915123972986173
2014-03-21,0.5849096977827091
2014-03-22,0.5768350393442317
2014-03-23,0.5672849949092547
2014-03-24,0.5573821507277035
2014-03-25,0.5471223038008514
2014-03-26,0.5365010996096541
2014-03-27,0.5255140302665915
2014-03-28,0.5141564326024147
2014-03-29,0.5024234861869872
2014-03-30,0.4903102112833821
2014-03-31,0.47617535794566024
2014-04-01,0.46001292701140933
2014-04-02,0.4435679165572383
2014-04-03,0.42683334693601305
2014-04-04,0.4098021156049152
2014-04-05,0.39246699411095726
2014-04-06,0.37482062502305724
2014-04-07,0.3575519544870359
2014-04-08,0.3406536532751524
2014-04-09,0.32411854935307116
2014-04-10,0.3079396248358829
2014-04-11,0.29211001300954964
2014-04-12,0.27662299541651103
2014-04-13,0.26147199900421325
2014-04-14,0.24764122285549534
2014-04-15,0.23512479686541693
2014-04-16,0.2239174087699919
2014-04-17,0.21401430189153853
2014-04-18,0.20541127311983456
2014-04-19,0.19810467112821928
2014-04-20,0.1920913948238842
2014-04-21,0.1873396671595287
2014-04-22,0.1838474713907751
2014-04-23,0.18161332534804628
2014-04-24,0.1806362808074985
2014-04-25,0.1809159230885728
2014-04-26,0.18245237087799485
2014-04-27,0.18524627628014856
2014-04-28,0.18758359435940272
2014-04-29,0.18946531712822687
2014-04-30,0.19089224323378318
2014-05-01,0.1918649782968908
2014-05-02,0.19227802835913005
2014-05-03,0.1921315687286097
2014-05-04,0.19142553724443645
2014-05-05,0.19004523672206153
2014-05-06,0.18799008132965392
2014-05-07,0.1852591988111889
2014-05-08,0.18185143011624227
2014-05-09,0.17776532890806213
2014-05-10,0.17299916094970968
2014-05-11,0.16755090336800874
2014-05-12,0.16335552274108017
2014-05-13,0.1604112384512436
2014-05-14,0.1587168008753709
2014-05-15,0.15827149085451697
2014-05-16,0.15907511938869187
2014-05-17,0.1611280275566447
2014-05-18,0.16443108666062553
2014-05-19,0.16718278195713437
2014-05-20,0.16938428133002528
2014-05-21,0.17103651914713175
2014-05-22,0.17214019665683405
2014-05-23,0.1726957822856857
2014-05-24,0.17270351183722416
2014-05-25,0.1721633885920521
2014-05-26,0.17224236467159143
2014-05-27,0.1729404735951379
2014-05-28,0.17425801165644936
2014-05-29,0.17619553804950025
2014-05-30,0.17875387510581614
2014-05-31,0.18193410864349085
2014-06-01,0.18573758842803287
2014-06-02,0.18957882340779772
2014-06-03,0.1934594438927687
2014-06-04,0.19738109690905875
2014-06-05,0.2013454468979471
2014-06-06,0.20535417642230688
2014-06-07,0.20940898688072418
2014-06-08,0.2135115992296116
2014-06-09,0.21730678656256877
2014-06-10,0.22079615964588045
2014-06-11,0.22398119945110995
2014-06-12,0.22686325778365798
2014-06-13,0.22944355785650092
2014-06-14,0.23172319480935036
2014-06-15,0.23370313617345662
2014-06-16,0.23556533307898736
2014-06-17,0.23731057588587157
2014-06-18,0.2389396053159829
2014-06-19,0.2404531127675193
2014-06-20,0.24185174060844858
2014-06-21,0.24313608244914447
2014-06-22,0.24430668339432873
2014-06-23,0.24500028054856418
2014-06-24,0.2452171682907082
2014-06-25,0.24495743867299236
2014-06-26,0.24422098146009102
2014-06-27,0.2430074840823351
2014-06-28,0.24131643150305018
2014-06-29,0.23914710599996286
2014-06-30,0.23653478949119391
2014-07-01,0.23347837324850723
2014-07-02,0.23004403975072618
2014-07-03,0.22623033138637522
2014-07-04,0.22203562952841055
2014-07-05,0.21745815384723727
2014-07-06,0.21249596155509554
2014-07-07,0.20768501962085
2014-07-08,0.20302328616820164
2014-07-09,0.19850878264842142
2014-07-10,0.194139593000608
2014-07-11,0.1899138628384666
2014-07-12,0.18582979866326405
2014-07-13,0.1818856671026261
2014-07-14,0.17716887983101293
2014-07-15,0.17167743493356696
2014-07-16,0.16540900171261252
2014-07-17,0.1583609196984535
2014-07-18,0.1505301975202077
2014-07-19,0.14191351163619886
2014-07-20,0.1325072049233681
2014-07-21,0.12333587588864028
2014-07-22,0.11439563200542849
2014-07-23,0.10568267882509011
2014-07-24,0.09719331836647369
2014-07-25,0.08892394754640925
2014-07-26,0.08087105665047589
2014-07-27,0.07303122784339633
2014-07-28,0.06462768562097759
2014-07-29,0.05565686332331676
2014-07-30,0.046114953523576654
2014-07-31,0.03599790641202481
2014-08-01,0.025301428077199567
2014-08-02,0.014833782716302736
2014-08-03,0.004590527615774068
2014-08-04,-0.0044435074844899475
2014-08-05,-0.012272156840318654
2014-08-06,-0.018898743113633917
2014-08-07,-0.02432607878266556
2014-08-08,-0.0285564673356329
2014-08-09,-0.031591704248399036
2014-08-10,-0.033433077746512996
2014-08-11,-0.034981673182379214
2014-08-12,-0.03623814781612687
2014-08-13,-0.03720303492498323
2014-08-14,-0.037876744029608805
2014-08-15,-0.038259561067907656
2014-08-16,-0.03835164851638609
2014-08-17,-0.038153045459111364
2014-08-18,-0.03753304582505596
2014-08-19,-0.03649138647187168
2014-08-20,-0.0350276252949614
2014-08-21,-0.03314114103983996
2014-08-22,-0.030831133038459163
2014-08-23,-0.028096620869385178
2014-08-24,-0.02493644394168515
2014-08-25,-0.02107576656485012
2014-08-26,-0.016512950177088634
2014-08-27,-0.011246058212388041
2014-08-28,-0.005272855278590317
2014-08-29,0.0014091937913604663
2014-08-30,0.008802925015402634
2014-08-31,0.01691147646602864
2014-09-01,0.025793172474391612
2014-09-02,0.034375926936645027
2014-09-03,0.042663382574558734
2014-09-04,0.050659056778173533
2014-09-05,0.0583663430986638
2014-09-06,0.06578851268864025
2014-09-07,0.07292871569050331
2014-09-08,0.07874841503894911
2014-09-09,0.08325008075052111
2014-09-10,0.08643562343745459
2014-09-11,0.0883063951185851
2014-09-12,0.08886318979317699
2014-09-13,0.08810624377791516
2014-09-14,0.08603523580720367
2014-09-15,0.08381525835674802
2014-09-16,0.08144536921618648
2014-09-17,0.07892456254912902
2014-09-18,0.0762517684662571
2014-09-19,0.07342585257123733
2014-09-20,0.0704456154792574
2014-09-21,0.0673097923079789
2014-09-22,0.06347369867267685
2014-09-23,0.05893570644547484
2014-09-24,0.0536938895963146
2014-09-25,0.047746023375503835
2014-09-26,0.04108958336948017
2014-09-27,0.03372174442939134
2014-09-28,0.02563937947203563
2014-09-29,0.01719310519226605
2014-09-30,0.008379336793694965
2014-10-01,-0.0008056664931660462
2014-10-02,-0.008973754707486278
2014-10-03,-0.016128394576979538
2014-10-04,-0.022272622698174566
2014-10-05,-0.027409046825217692
2014-10-06,-0.03222634253115608
2014-10-07,-0.036726554388978164
2014-10-08,-0.04091159239386956
2014-10-09,-0.044783232773860024
2014-10-10,-0.04834311874369583
2014-10-11,-0.05159276120225896
2014-10-12,-0.05453353937382746
2014-10-13,-0.05622221444166681
2014-10-14,-0.05665950311897881
2014-10-15,-0.055845591001307704
2014-10-16,-0.05378013264531087
2014-10-17,-0.05046225142214489
2014-10-18,-0.04589053914540357
2014-10-19,-0.04006305547345085
2014-10-20,-0.0333284576998199
2014-10-21,-0.02568388750367344
2014-10-22,-0.0171261003505912
2014-10-23,-0.007651464115513429
2014-10-24,0.0027440424588177498
2014-10-25,0.014064831468574027
2014-10-26,0.026315707721437917
2014-10-27,0.038963966378715555
2014-10-28,0.05201497565726134
2014-10-29,0.06547427471071476
2014-10-30,0.07934757598044673
2014-10-31,0.09364076762005366
2014-11-01,0.1083599159944275
2014-11-02,0.12164479251220922
2014-11-03,0.13450413756316926
2014-11-04,0.14694340895416538
2014-11-05,0.1589678862029671
2014-11-06,0.1705826727790068
2014-11-07,0.18179269826941172
2014-11-08,0.19260272047123547
2014-11-09,0.20301732741077866
2014-11-10,0.21264994574046986
2014-11-11,0.22150466376886355
2014-11-12,0.22958523964542887
2014-11-13,0.23689510295559643
2014-11-14,0.24343735617635434
2014-11-15,0.249214775993012
2014-11-16,0.2542298144776908
2014-11-17,0.2588566042865675
2014-11-18,0.26309710913747153
2014-11-19,0.2669531287998592
2014-11-20,0.2704262998586792
2014-11-21,0.27351809640897656
2014-11-22,0.2762298306815334
2014-11-23,0.2785626535998105
2014-11-24,0.27952462523804916
2014-11-25,0.27911615387951605
2014-11-26,0.27733706615941106
2014-11-27,0.274186606991288
2014-11-28,0.2696634392465773
2014-11-29,0.26376564318707757
2014-11-30,0.25649071565017467
2014-12-01,0.2483654855680231
2014-12-02,0.24006730085457434
2014-12-03,0.231592639566117
2014-12-04,0.2229379048581529
2014-12-05,0.21409942345881222
2014-12-06,0.2050734441098308
2014-12-07,0.19585613597442877
2014-12-08,0.1862076751402611
2014-12-09,0.17612396657484375
2014-12-10,0.16560073051637386
2014-12-11,0.1546335006572986
2014-12-12,0.14321762224870993
2014-12-13,0.13134825012476023
2014-12-14,0.1190203466462603
2014-12-15,0.1059847163962081
2014-12-16,0.09223582674818354
2014-12-17,0.07776784235179296
2014-12-18,0.06257462265600958
2014-12-19,0.046649719302980286
2014-12-20,0.029986373391191423
2014-12-21,0.012577512606833319
2014-12-22,-0.0047404130755050455
2014-12-23,-0.021974753788600643
2014-12-24,-0.03913282418981423
2014-12-25,-0.05622190656560211
2014-12-26,-0.07324925392228843
2014-12-27,-0.09022209306441159
2014-12-28,-0.10714762766194807
2014-12-29,-0.12403630065417204
2014-12-30,-0.1408952799889772
2014-12-31,-0.15773172101157465
2015-01-01,-0.17455276950138837
2015-01-02,-0.19058671023665968
2015-01-03,-0.2058403483969177
2015-01-04,-0.22032015798302546
2015-01-05,-0.23398781027856136
2015-01-06,-0.24684910615488645
2015-01-07,-0.25890950424683434
2015-01-08,-0.2701741232694836
2015-01-09,-0.28064774419066013
2015-01-10,-0.29033481226009195
2015-01-11,-0.2992394388960766
2015-01-12,-0.30809286214239623
2015-01-13,-0.31689883959898424
2015-01-14,-0.325661108728671
2015-01-15,-0.3343833884434505
2015-01-16,-0.3430693806828736
2015-01-17,-0.35172277198523777
2015-01-18,-0.3603472350522402
2015-01-19,-0.3703774463829951
2015-01-20,-0.38181766303382736
2015-01-21,-0.3946727405003046
2015-01-22,-0.4089481347780212
2015-01-23,-0.4246499046782526
2015-01-24,-0.44178471439945516
2015-01-25,-0.4603598363557083
2015-01-26,-0.4778328724974831
2015-01-27,-0.4942112387900639
2015-01-28,-0.5095018865952438
2015-01-29,-0.5237113056216443
2015-01-30,-0.5368455266791009
2015-01-31,-0.5489101242382785
2015-02-01,-0.5599102187966077
2015-02-02,-0.5697551621937708
2015-02-03,-0.5784491328540474
2015-02-04,-0.5859958207019637
2015-02-05,-0.5923984287283817
2015-02-06,-0.5976596743499235
2015-02-07,-0.6017817905623073
2015-02-08,-0.6047665268880817
2015-02-09,-0.6079702561736171
2015-02-10,-0.6113943381565669
2015-02-11,-0.6150402260974239
2015-02-12,-0.6189094673963187
2015-02-13,-0.6230037042497711
2015-02-14,-0.6273246743476784
2015-02-15,-0.63187421161083
2015-02-16,-0.6351634448476727
2015-02-17,-0.6371937700857375
2015-02-18,-0.63796604904255
2015-02-19,-0.6374806094913663
2015-02-20,-0.6357372454002843
2015-02-21,-0.6327352168448016
2015-02-22,-0.6284732496937728
2015-02-23,-0.6232895985714071
2015-02-24,-0.617182063414907
2015-02-25,-0.610148052043479
2015-02-26,-0.6021845790581506
2015-02-27,-0.593288264574698
2015-02-28,-0.5834553327891427
2015-03-01,-0.5726816103752141
2015-03-02,-0.5626864990849504
2015-03-03,-0.5534657567593045
2015-03-04,-0.5450154698995331
2015-03-05,-0.5373320520062159
2015-03-06,-0.5304122420570611
2015-03-07,-0.5242531031228512
2015-03-08,-0.5188520211209424
2015-03-09,-0.5132690469053695
2015-03-10,-0.5075018109312728
2015-03-11,-0.5015478654487924
2015-03-12,-0.4954046834641851
2015-03-13,-0.4890696576673096
2015-03-14,-0.4825400993250226
2015-03-15,-0.4758132371400181
2015-03-16,-0.4690214316819539
2015-03-17,-0.4621618003497132
2015-03-18,-0.45523143175529157
2015-03-19,-0.44822738448813565
2015-03-20,-0.44114668586674
2015-03-21,-0.43398633067697123
2015-03-22,-0.4267432798965849
2015-03-23,-0.4198269753945657
2015-03-24,-0.41323448172949034
2015-03-25,-0.4069630008928291
2015-03-26,-0.4010098711214068
2015-03-27,-0.395372565767687
2015-03-28,-0.39004869222740424
2015-03-29,-0.38503599092408725
2015-03-30,-0.3790650294040654
2015-03-31,-0.3721332734515911
2015-04-01,-0.3642377810672842
2015-04-02,-0.3565558985887203
2015-04-03,-0.3490843656452737
2015-04-04,-0.3418200111435819
2015-04-05,-0.33475975192165985
2015-04-06,-0.3277433697224308
2015-04-07,-0.32076788662915556
2015-04-08,-0.3138303420836322
2015-04-09,-0.3069277916296659
2015-04-10,-0.3000573056633729
2015-04-11,-0.2932159681897883
2015-04-12,-0.28640087558524907
2015-04-13,-0.28045463514620106
2015-04-14,-0.27537472314910183
2015-04-15,-0.2711589835604657
2015-04-16,-0.26780562712179257
2015-04-17,-0.265313230590165
2015-04-18,-0.2636807361341904
2015-04-19,-0.26290745088503287
2015-04-20,-0.26404747619848107
2015-04-21,-0.2671012959279466
2015-04-22,-0.27207020618596056
2015-04-23,-0.27895631589427383
2015-04-24,-0.2877625476789331
2015-04-25,-0.29849263911071156
2015-04-26,-0.31115114429142143
2015-04-27,-0.3246850906258938
2015-04-28,-0.33910022223755193
2015-04-29,-0.3544026572454643
2015-04-30,-0.3705988903610176
2015-05-01,-0.38769579564442364
2015-05-02,-0.40431972995849275
2015-05-03,-0.4204777488898308
2015-05-04,-0.4359169200923312
2015-05-05,-0.45064379631141976
2015-05-06,-0.4646646279778692
2015-05-07,-0.4779853658606275
2015-05-08,-0.4906116635924633
2015-05-09,-0.5025488800695005
2015-05-10,-0.5138020817256587
2015-05-11,-0.5243347386586124
2015-05-12,-0.5341513211743539
2015-05-13,-0.5432559956601419
2015-05-14,-0.5516526263528132
2015-05-15,-0.559344776978856
2015-05-16,-0.5663357122669379
2015-05-17,-0.5726283993335339
2015-05-18,-0.5782248893327683
2015-05-19,-0.5831275575459148
2015-05-20,-0.5873384847800511
2015-05-21,-0.5908594582512017
2015-05-22,-0.5936919723428735
2015-05-23,-0.5958372292403078
2015-05-24,-0.5972961394407157
2015-05-25,-0.598567862022458
2015-05-26,-0.5996529367343478
2015-05-27,-0.6005518241074762
2015-05-28,-0.6012649056506714
2015-05-29,-0.6017924840124218
2015-05-30,-0.6021347831093256
2015-05-31,-0.6022919482211271
2015-06-01,-0.6018591060199188
2015-06-02,-0.6003983933806902
2015-06-03,-0.597909190342827
2015-06-04,-0.5943904404303298
2015-06-05,-0.589840650203422
2015-06-06,-0.5842578886246983
2015-06-07,-0.5776397862395473
2015-06-08,-0.5705236531508379
2015-06-09,-0.5629064691052197
2015-06-10,-0.5547850011915956
2015-06-11,-0.5461558024689978
2015-06-12,-0.5370152105036259
2015-06-13,-0.5273593458144243
2015-06-14,-0.51718411022654
2015-06-15,-0.5058927799404355
2015-06-16,-0.49348056265139995
2015-06-17,-0.47994219032405727
2015-06-18,-0.4652719169564894
2015-06-19,-0.449463516141498
2015-06-20,-0.43251027842397205
2015-06-21,-0.4144050084532381
2015-06-22,-0.395212689356259
2015-06-23,-0.37492517546384485
2015-06-24,-0.35353385628051504
2015-06-25,-0.3310296528300021
2015-06-26,-0.3074030138019216
2015-06-27,-0.2826439114979734
2015-06-28,-0.25674183757595115
2015-06-29,-0.22897766668437167
2015-06-30,-0.19933961505962236
2015-07-01,-0.1678151036192722
2015-07-02,-0.1372338795889404
2015-07-03,-0.10758296358176328
2015-07-04,-0.07884977105536495
2015-07-05,-0.051022106970683045
2015-07-06,-0.025144745278201708
2015-07-07,-0.0012067030202709828
2015-07-08,0.020802179668224896
2015-07-09,0.040891243871951755
2015-07-10,0.05906901585970015
2015-07-11,0.0753432107031336
2015-07-12,0.08972073555124488
2015-07-13,0.10161679484035369
2015-07-14,0.11103643753630638
2015-07-15,0.11798366155581613
2015-07-16,0.12246141546327322
2015-07-17,0.12447159972218358
2015-07-18,0.12401506750177088
2015-07-19,0.12109162503908122
2015-07-20,0.11677275986620708
2015-07-21,0.11105663895573789
2015-07-22,0.10394083625224254
2015-07-23,0.09542233164259409
2015-07-24,0.08549750967416286
2015-07-25,0.07416215802033485
2015-07-26,0.061411465692700784
2015-07-27,0.04709724178038274
2015-07-28,0.03121341099190003
2015-07-29,0.013753231857896647
2015-07-30,-0.005290706130097161
2015-07-31,-0.0259264856648575
2015-08-01,-0.04816286505395076
2015-08-02,-0.06941416015164245
2015-08-03,-0.08956642762831965
2015-08-04,-0.10862822057772056
2015-08-05,-0.12660762927068447
2015-08-06,-0.14351228458885218
2015-08-07,-0.1593493612633905
2015-08-08,-0.1741255809201161
2015-08-09,-0.18784721493231082
2015-08-10,-0.20048073193149069
2015-08-11,-0.2120314938778056
2015-08-12,-0.2225044031848319
2015-08-13,-0.23190390480027187
2015-08-14,-0.24023398809249305
2015-08-15,-0.24749818854371008
2015-08-16,-0.2536995892505255
2015-08-17,-0.2592973848092253
2015-08-18,-0.2642939510551938
2015-08-19,-0.2686914086480302
2015-08-20,-0.2724916239716062
2015-08-21,-0.2756962099262036
2015-08-22,-0.27830652661306615
2015-08-23,-0.28032368191165874
2015-08-24,-0.2812984647353715
2015-08-25,-0.281231288804838
2015-08-26,-0.2801221256090216
2015-08-27,-0.27797050439311555
2015-08-28,-0.274775511958743
2015-08-29,-0.27053579227637453
2015-08-30,-0.26524954590979744
2015-08-31,-0.25940811452097723
2015-09-01,-0.2530090188697841
2015-09-02,-0.24721745633883566
2015-09-03,-0.242030968853512
2015-09-04,-0.23744735514719703
2015-09-05,-0.2334646698270096
2015-09-06,-0.230081222548133
2015-09-07,-0.22743680984774944
2015-09-08,-0.2255303093752482
2015-09-09,-0.22436091196723007
2015-09-10,-0.2239281213040795
2015-09-11,-0.22423175369931472
2015-09-12,-0.22527193802162715
2015-09-13,-0.2270491157495762
2015-09-14,-0.22893535687174793
2015-09-15,-0.2309314619529994
2015-09-16,-0.2330382781870218
2015-09-17,-0.23525669975590957
2015-09-18,-0.23758766820967198
2015-09-19,-0.24003217286584905
2015-09-20,-0.2425912512294009
2015-09-21,-0.24535386991124866
2015-09-22,-0.24832120143138658
2015-09-23,-0.2514945051947266
2015-09-24,-0.2548751280256187
2015-09-25,-0.258464504739475
2015-09-26,-0.26226415875173925
2015-09-27,-0.2662757027244592
2015-09-28,-0.27086645057145864
2015-09-29,-0.2760383507135152
2015-09-30,-0.281793598226035
2015-10-01,-0.28813463577069476
2015-10-02,-0.2949579163035492
2015-10-03,-0.30226633578447304
2015-10-04,-0.31006299607765964
2015-10-05,-0.3182257676854753
2015-10-06,-0.32675811507914143
2015-10-07,-0.3356636595864888
2015-10-08,-0.3449461809289334
2015-10-09,-0.3546096188256785
2015-10-10,-0.3646580746658238
2015-10-11,-0.375095813249091
2015-10-12,-0.38589202556975716
2015-10-13,-0.39705129379288656
2015-10-14,-0.4085783541729613
2015-10-15,-0.42047809906405864
2015-10-16,-0.43275557899628064
2015-10-17,-0.445416004819317
2015-10-18,-0.4584647499140517
2015-10-19,-0.4718730584205124
2015-10-20,-0.4856466211384892
2015-10-21,-0.4997912838902038
2015-10-22,-0.5143130500014137
2015-10-23,-0.5292180828493631
2015-10-24,-0.5445127084786658
2015-10-25,-0.5602034182862251
2015-10-26,-0.575806292831889
2015-10-27,-0.5913279543406119
2015-10-28,-0.6067749905686356
2015-10-29,-0.6221539575994872
2015-10-30,-0.6374713826265339
2015-10-31,-0.652733766723277
2015-11-01,-0.6679475876025596
2015-11-02,-0.6821608391553915
2015-11-03,-0.6953795538182218
2015-11-04,-0.7076093419227781
2015-11-05,-0.7188553940772231
2015-11-06,-0.7291224833691694
2015-11-07,-0.7384149673914899
2015-11-08,-0.7467367900917823
2015-11-09,-0.7543255690090425
2015-11-10,-0.7611845249985664
2015-11-11,-0.7673165691617274
2015-11-12,-0.772724304081515
2015-11-13,-0.7774100249271323
2015-11-14,-0.7813757204281186
2015-11-15,-0.7846230737184142
2015-11-16,-0.7874805818820658
2015-11-17,-0.7899494577123837
2015-11-18,-0.7920307490580245
2015-11-19,-0.7937253392677229
2015-11-20,-0.7950339475652055
2015-11-21,-0.7959571293544458
2015-11-22,-0.7964952764553912
2015-11-23,-0.7959754654688406
2015-11-24,-0.7943974757748514
2015-11-25,-0.7917606376376838
2015-11-26,-0.7880638319215487
2015-11-27,-0.783305489615621
2015-11-28,-0.7774835911681147
2015-11-29,-0.7705956656291371
2015-11-30,-0.762126138869742
2015-12-01,-0.7520714162246461
2015-12-02,-0.7411941362546152
2015-12-03,-0.7294896823875785
2015-12-04,-0.7169530869795133
2015-12-05,-0.7035790292060602
2015-12-06,-0.6893618328042417
2015-12-07,-0.6755020477429375
2015-12-08,-0.6619937916051467
2015-12-09,-0.6488313311709663
2015-12-10,-0.6360090799842789
2015-12-11,-0.623521595981731
2015-12-12,-0.6113635791829923
2015-12-13,-0.599529869441322
2015-12-14,-0.5878366129622614
2015-12-15,-0.5762788468542213
2015-12-16,-0.5648516657308948
2015-12-17,-0.553550219629298
2015-12-18,-0.5423697119513309
2015-12-19,-0.53130539742799
2015-12-20,-0.5203525801053644
2015-12-21,-0.5084094932686336
2015-12-22,-0.4954710679923595
2015-12-23,-0.4815318129061872
2015-12-24,-0.4665858118641776
2015-12-25,-0.4506267214338574
2015-12-26,-0.4336477682039178
2015-12-27,-0.41564174590942016
2015-12-28,-0.39743769031161047
2015-12-29,-0.37902787518344666
2015-12-30,-0.36040448696872823
2015-12-31,-0.34155962146584096
2016-01-01,-0.3224852804730284
2016-01-02,-0.30458142134930893
2016-01-03,-0.28784044527804664
2016-01-04,-0.27160566944204345
2016-01-05,-0.2558702034226551
2016-01-06,-0.24062736872000395
2016-01-07,-0.2258706959184673
2016-01-08,-0.211593921940906
2016-01-09,-0.1977909873904681
2016-01-10,-0.18445603397883897
2016-01-11,-0.17178918582305377
2016-01-12,-0.15978506681644028
2016-01-13,-0.1484385821300802
2016-01-14,-0.13774491605044492
2016-01-15,-0.12769952993549374
2016-01-16,-0.11829816028836831
2016-01-17,-0.10953681694786455
2016-01-18,-0.10263273226760389
2016-01-19,-0.09758297599254123
2016-01-20,-0.09438540488798458
2016-01-21,-0.09303866182995657
2016-01-22,-0.09354217522919911
2016-01-23,-0.09589615878857743
2016-01-24,-0.10010161159378089
2016-01-25,-0.10463246768560433
2016-01-26,-0.10949065006536321
2016-01-27,-0.11467822065930675
2016-01-28,-0.12019738119374765
2016-01-29,-0.12605047412952608
2016-01-30,-0.13223998365620526
2016-01-31,-0.13876853674641904
2016-02-01,-0.14695494923202726
2016-02-02,-0.15571968026572142
2016-02-03,-0.16506644980438534
2016-02-04,-0.17499922483565972
2016-02-05,-0.18552222106162478
2016-02-06,-0.19663990468804277
2016-02-07,-0.20835699431992027
2016-02-08,-0.2201569154056281
2016-02-09,-0.23204467610771023
2016-02-10,-0.2440253218698983
2016-02-11,-0.2561039375585166
2016-02-12,-0.268285649620618
2016-02-13,-0.28057562825976745
2016-02-14,-0.2929790896303987
2016-02-15,-0.3049668699880544
2016-02-16,-0.3165440572271479
2016-02-17,-0.32771556497676824
2016-02-18,-0.33848613468613886
2016-02-19,-0.3488603376369998
2016-02-20,-0.3588425768837667
2016-02-21,-0.3684370891222898
2016-02-22,-0.37805810956447333
2016-02-23,-0.38770972159645717
2016-02-24,-0.3973960215881674
2016-02-25,-0.4071211206319114
2016-02-26,-0.41688914628722246
2016-02-27,-0.42670424433269155
2016-02-28,-0.43657058052553316
2016-02-29,-0.4470954189566137
2016-03-01,-0.45828322661357057
2016-03-02,-0.4692998530929333
2016-03-03,-0.4801499741086914
2016-03-04,-0.4908381947060204
2016-03-05,-0.5013690512157708
2016-03-06,-0.5117470131797931
2016-03-07,-0.5209943743370589
2016-03-08,-0.5291150594839662
2016-03-09,-0.5361125152292583
2016-03-10,-0.5419897114568448
2016-03-11,-0.5467491425862894
2016-03-12,-0.5503928286315006
2016-03-13,-0.5529223160580728
2016-03-14,-0.5546518069563902
2016-03-15,-0.5555820353628479
2016-03-16,-0.5557133960881424
2016-03-17,-0.5550459448848385
2016-03-18,-0.5535793984710319
2016-03-19,-0.5513131344101176
2016-03-20,-0.5482461908466136
2016-03-21,-0.5440993710239647
2016-03-22,-0.5388709149348314
2016-03-23,-0.5325586035001407
2016-03-24,-0.5251597576272562
2016-03-25,-0.5166712370729083
2016-03-26,-0.5070894391104023
2016-03-27,-0.49641029700053635
2016-03-28,-0.4848416662807514
2016-03-29,-0.4723786369535454
2016-03-30,-0.45901591941772485
2016-03-31,-0.44474784222337405
2016-04-01,-0.42956834966475943
2016-04-02,-0.41539289977761507
2016-04-03,-0.4022154761694033
2016-04-04,-0.39056715877026016
2016-04-05,-0.3804430037617931
2016-04-06,-0.3718387142157824
2016-04-07,-0.36475063827046517
2016-04-08,-0.3591757675805991
2016-04-09,-0.3551117360406508
2016-04-10,-0.35255681878056494
2016-04-11,-0.35133619627949597
2016-04-12,-0.35144935047670034
2016-04-13,-0.3528963293974664
2016-04-14,-0.35567774717349726
2016-04-15,-0.3597947843035626
2016-04-16,-0.36524918815453006
2016-04-17,-0.3720432737029886
2016-04-18,-0.3798262020961258
2016-04-19,-0.38860127659081717
2016-04-20,-0.39837222153395313
2016-04-21,-0.40914318394313914
2016-04-22,-0.42091873526678597
2016-04-23,-0.43370387332434035
2016-04-24,-0.44750402442747617
2016-04-25,-0.46155638281530753
2016-04-26,-0.47586691263746084
2016-04-27,-0.49044168761755796
2016-04-28,-0.5052868936310473
2016-04-29,-0.5204088313306343
2016-04-30,-0.5358139188204256
2016-05-01,-0.5515086943799223
2016-05-02,-0.5650830771150319
2016-05-03,-0.5765428283113321
2016-05-04,-0.5858928117553083
2016-05-05,-0.5931369957986574
2016-05-06,-0.5982784550425507
2016-05-07,-0.6013193716425649
2016-05-08,-0.6022610362348413
2016-05-09,-0.6020525224227
2016-05-10,-0.6006937417080016
2016-05-11,-0.5981841173924247
2016-05-12,-0.5945225843327026
2016-05-13,-0.5897075884885501
2016-05-14,-0.5837370862630945
2016-05-15,-0.5766085436355233
2016-05-16,-0.5684159378626168
2016-05-17,-0.5591557918108354
2016-05-18,-0.548824175257573
2016-05-19,-0.5374167032230771
2016-05-20,-0.5249285341093617
2016-05-21,-0.5113543676453198
2016-05-22,-0.49668844263716455
2016-05-23,-0.480560563117484
2016-05-24,-0.4629638840369316
2016-05-25,-0.44389093695326687
2016-05-26,-0.4233336268615753
2016-05-27,-0.40128322875855754
2016-05-28,-0.3777303839394348
2016-05-29,-0.35266509602589535
2016-05-30,-0.32578751132659245
2016-05-31,-0.2970862223658338
2016-06-01,-0.26654904764517645
2016-06-02,-0.2370979890597289
2016-06-03,-0.20872054689128022
2016-06-04,-0.181404677089542
2016-06-05,-0.15513878616037136
2016-06-06,-0.12961456684541944
2016-06-07,-0.10482118606892205
2016-06-08,-0.08074812094008715
2016-06-09,-0.05738515428693414
2016-06-10,-0.034722370319886564
2016-06-11,-0.012750150423279372
2016-06-12,0.008540830927006804
2016-06-13,0.028270876977213866
2016-06-14,0.0464483616204297
2016-06-15,0.06308099980636173
2016-06-16,0.0781758508157428
2016-06-17,0.09173932125645445
2016-06-18,0.10377716778264123
2016-06-19,0.11429449953796977
2016-06-20,0.1238851001429615
2016-06-21,0.1325530400728659
2016-06-22,0.14030199820415779
2016-06-23,0.1471352633759388
2016-06-24,0.15305573578579867
2016-06-25,0.15806592822072524
2016-06-26,0.16216796712359088
2016-06-27,0.16500216061291306
2016-06-28,0.1665697115867086
2016-06-29,0.16687128535028045
2016-06-30,0.16590700989858861
2016-07-01,0.1636764759705742
2016-07-02,0.1608024557143538
2016-07-03,0.157283729328499
2016-07-04,0.15329129505202505
2016-07-05,0.14882345840243025
2016-07-06,0.1438783231253246
2016-07-07,0.13845379038961517
2016-07-08,0.13254755789671313
2016-07-09,0.12615711890338427
2016-07-10,0.11927976115782853
2016-07-11,0.11240675439862603
2016-07-12,0.10553518156092827
2016-07-13,0.09866212618847653
2016-07-14,0.09178467119578965
2016-07-15,0.08489989763008479
2016-07-16,0.0780048834324055
2016-07-17,0.07109670219743144
2016-07-18,0.06399300910621786
2016-07-19,0.05669078918524042
2016-07-20,0.04918694320154416
2016-07-21,0.04147828634735648
2016-07-22,0.033561546888380235
2016-07-23,0.02543336477519316
2016-07-24,0.017090290217164156
2016-07-25,0.008435211900414075
2016-07-26,-0.0005355435927624635
2016-07-27,-0.009825783660849255
2016-07-28,-0.019439451299057373
2016-07-29,-0.029380626772824492
2016-07-30,-0.03965352934957515
2016-07-31,-0.05026251908947652
2016-08-01,-0.06135480477433497
2016-08-02,-0.0718398623771786
2016-08-03,-0.08172214200173045
2016-08-04,-0.091005837918639
2016-08-05,-0.09969489034562433
2016-08-06,-0.10779298711979907
2016-08-07,-0.11530356526287266
2016-08-08,-0.12223686684716828
2016-08-09,-0.12859583452806866
2016-08-10,-0.1343831672002127
2016-08-11,-0.1396013211429691
2016-08-12,-0.14425251106293935
2016-08-13,-0.1483387110339306
2016-08-14,-0.15186165533479862
2016-08-15,-0.15478101661730279
2016-08-16,-0.157098033926664
2016-08-17,-0.15881369065923012
2016-08-18,-0.1599287149798527
2016-08-19,-0.1604435801309372
2016-08-20,-0.16035850463329793
2016-08-21,-0.15967345237890343
2016-08-22,-0.15852476749870614
2016-08-23,-0.15691196246397177
2016-08-24,-0.15483435276251528
2016-08-25,-0.15229105660817788
2016-08-26,-0.1492809945665766
2016-08-27,-0.1458028890969666
2016-08-28,-0.14185526401002352
2016-08-29,-0.13748246976339396
2016-08-30,-0.132682650440907
2016-08-31,-0.1274537688869602
2016-09-01,-0.12179360584190321
2016-09-02,-0.11670373029813119
2016-09-03,-0.11218198199339614
2016-09-04,-0.10822644179194049
2016-09-05,-0.10488266614570464
2016-09-06,-0.10214923587808358
2016-09-07,-0.10002499085732866
2016-09-08,-0.09850902950416075
2016-09-09,-0.09760070840911877
2016-09-10,-0.09729964205948163
2016-09-11,-0.09760570267564776
2016-09-12,-0.09838767864756728
2016-09-13,-0.0996459018641354
2016-09-14,-0.10138090634471884
2016-09-15,-0.10359342846580596
2016-09-16,-0.10628440727354245
2016-09-17,-0.10945498488228421
2016-09-18,-0.11310650695933758
2016-09-19,-0.1172913717934764
2016-09-20,-0.12201135553923262
2016-09-21,-0.12726846146812232
2016-09-22,-0.1330649208188809
2016-09-23,-0.1394031937444532
2016-09-24,-0.14628597035613974
2016-09-25,-0.1537161718653429
2016-09-26,-0.16166045443418306
2016-09-27,-0.1701221898020226
2016-09-28,-0.17910496932729664
2016-09-29,-0.18861260551176956
2016-09-30,-0.19864913361864958
2016-10-01,-0.20921881338524942
2016-10-02,-0.21978393909580396
2016-10-03,-0.23003919812200685
2016-10-04,-0.23998894303568952
2016-10-05,-0.24963739674134722
2016-10-06,-0.2589886542684386
2016-10-07,-0.26804668450941155
2016-10-08,-0.2768153319041945
2016-10-09,-0.28529831807186634
2016-10-10,-0.29313455137140537
2016-10-11,-0.3003273576835367
2016-10-12,-0.30687978980352
2016-10-13,-0.31279462873682784
2016-10-14,-0.31807438487946904
2016-10-15,-0.3227212990834597
2016-10-16,-0.32673734360789286
2016-10-17,-0.3310273640721408
2016-10-18,-0.33559318126124466
2016-10-19,-0.34043673301482746
2016-10-20,-0.34556007504955844
2016-10-21,-0.35096538183164705
2016-10-22,-0.356654947499738
2016-10-23,-0.3626311868385964
2016-10-24,-0.36817758262925016
2016-10-25,-0.37329648889181943
2016-10-26,-0.3779900782098684
2016-10-27,-0.38226034265250053
2016-10-28,-0.3861090946198395
2016-10-29,-0.38953796761225373
2016-10-30,-0.3925484169236527
2016-10-31,-0.3962309705123233
2016-11-01,-0.4005871913401542
2016-11-02,-0.40415339059000266
2016-11-03,-0.4069310818402544
2016-11-04,-0.4089214440080543
2016-11-05,-0.4101253218496669
2016-11-06,-0.4105432263190103
2016-11-07,-0.41032959647401124
2016-11-08,-0.4094843416451661
2016-11-09,-0.4080071030865525
2016-11-10,-0.4058972538235692
2016-11-11,-0.4031538983868334
2016-11-12,-0.3997758724321225
2016-11-13,-0.39576174224619926
2016-11-14,-0.38966355223802823
2016-11-15,-0.38147871419311513
2016-11-16,-0.37120375427472624
2016-11-17,-0.3588343115495105
2016-11-18,-0.34436513613661757
2016-11-19,-0.32779008697952544
2016-11-20,-0.3091021292396325
2016-11-21,-0.28849152871862527
2016-11-22,-0.2659495377954997
2016-11-23,-0.24146658912198443
2016-11-24,-0.21503229156193393
2016-11-25,-0.18663542578108755
2016-11-26,-0.15626393948532125
2016-11-27,-0.12390494230537209
2016-11-28,-0.09024090772095024
2016-11-29,-0.05525754792827686
2016-11-30,-0.018940015171091965
2016-12-01,0.018727104561081176
2016-12-02,0.054003835452949234
2016-12-03,0.08690514977432973
2016-12-04,0.11744501161267945
2016-12-05,0.14615506410613072
2016-12-06,0.17304749247257456
2016-12-07,0.198133710487703
2016-12-08,0.22142436532928245
2016-12-09,0.2429293420960647
2016-12-10,0.26265776800325474
2016-12-11,0.28061801625631344
2016-12-12,0.2970192801623009
2016-12-13,0.31186852080129257
2016-12-14,0.3251720405383835
2016-12-15,0.3369354856985586
2016-12-16,0.34716384896312535
2016-12-17,0.3558614714887252
2016-12-18,0.36303204474982104
2016-12-19,0.36819024809391027
2016-12-20,0.3713382707831577
2016-12-21,0.3724774489120343
2016-12-22,0.3716082659743868
2016-12-23,0.3687303530686435
2016-12-24,0.36384248874124436
2016-12-25,0.3569425984682274
2016-12-26,0.3475616905185337
2016-12-27,0.3356957834153824
2016-12-28,0.3213398409902206
2016-12-29,0.3044877702452547
2016-12-30,0.28513241876744116
2016-12-31,0.2632655716928338
2017-01-01,0.23887794822000394
2017-01-02,0.2150660742506865
2017-01-03,0.19181984346853853
2017-01-04,0.16912938962941826
2017-01-05,0.14698508237391944
2017-01-06,0.12537752314002243
2017-01-07,0.10429754117412338
2017-01-08,0.08373618963875318
2017-01-09,0.06339525756606484
2017-01-10,0.04326611178865247
2017-01-11,0.02334020902616779
2017-01-12,0.0036090922593526864
2017-01-13,-0.015935612859317605
2017-01-14,-0.035302201559904045
2017-01-15,-0.054498893475692756
2017-01-16,-0.07286871923517424
2017-01-17,-0.09041947542212536
2017-01-18,-0.10715861098803586
2017-01-19,-0.12309323041361764
2017-01-20,-0.1382300967241128
2017-01-21,-0.15257563435967952
2017-01-22,-0.1661359319020747
2017-01-23,-0.17978505918168908
2017-01-24,-0.19352880920743326
2017-01-25,-0.20737301514832507
2017-01-26,-0.22132355280922295
2017-01-27,-0.23538634312465403
2017-01-28,-0.24956735467179877
2017-01-29,-0.2638726062036933
2017-01-30,-0.2784208250863797
2017-01-31,-0.29321818592427756
2017-02-01,-0.30827096906348045
2017-02-02,-0.32254209048078974
2017-02-03,-0.3360376071739785
2017-02-04,-0.3487632469560315
2017-02-05,-0.3607244108861624
2017-02-06,-0.37130770991987483
2017-02-07,-0.38051763585685316
2017-02-08,-0.38835809760511264
2017-02-09,-0.3948324228400305
2017-02-10,-0.3999433594166902
2017-02-11,-0.40369307653613473
2017-02-12,-0.4060831656660265
2017-02-13,-0.40706744899823033
2017-02-14,-0.40664634428561786
2017-02-15,-0.40481967280149805
2017-02-16,-0.40158665926376186
2017-02-17,-0.3969459315058341
2017-02-18,-0.39089551989429394
2017-02-19,-0.3834328564929166
2017-02-20,-0.37545891035775625
2017-02-21,-0.36697029715953894
2017-02-22,-0.35796341413224986
2017-02-23,-0.3484344385440344
2017-02-24,-0.33837932607474214
2017-02-25,-0.3277938090994223
2017-02-26,-0.31667339487704405
2017-02-27,-0.30360524092894453
2017-02-28,-0.28858380082488544
2017-03-01,-0.2716026991142906
2017-03-02,-0.2542517489513637
2017-03-03,-0.2365235861869657
2017-03-04,-0.21841068657410517
2017-03-05,-0.19990536257447222
2017-03-06,-0.18202014393316202
2017-03-07,-0.16474743974499523
2017-03-08,-0.1480799190702547
2017-03-09,-0.13201050782326373
2017-03-10,-0.11653238576997788
2017-03-11,-0.10163898363331889
2017-03-12,-0.08732398030501923
2017-03-13,-0.0728930537463578
2017-03-14,-0.05834007913452105
2017-03-15,-0.04365887984664665
2017-03-16,-0.028843224838320275
2017-03-17,-0.01388682599897434
2017-03-18,0.0012166645169327528
2017-03-19,0.016473656984091256
2017-03-20,0.03163616233206207
2017-03-21,0.04671061588281061
2017-03-22,0.061703415587059746
2017-03-23,0.0766209247397299
2017-03-24,0.0914694746806701
2017-03-25,0.10625536748182665
2017-03-26,0.12098487862199
2017-03-27,0.13471678529062797
2017-03-28,0.14745691563016045
2017-03-29,0.1592106768499329
2017-03-30,0.16998305752116205
2017-03-31,0.17977862969420277
2017-04-01,0.18860155083903238
2017-04-02,0.19574992274610475
2017-04-03,0.2023985206289895
2017-04-04,0.20855016630815842
2017-04-05,0.21420747068594295
2017-04-06,0.21937283485466208
2017-04-07,0.2240484511157021
2017-04-08,0.2282363039099807
2017-04-09,0.23193817066018999
2017-04-10,0.23530243599939413
2017-04-11,0.23833052780050318
2017-04-12,0.24102373125651358
2017-04-13,0.243383189425974
2017-04-14,0.24540990371812615
2017-04-15,0.24710473431792662
2017-04-16,0.2484684005511291
2017-04-17,0.24942117529125818
2017-04-18,0.24996346291820173
2017-04-19,0.25009549359151445
2017-04-20,0.2498173233481026
2017-04-21,0.24912883412600775
2017-04-22,0.24802973371429823
2017-04-23,0.24651955562904795
2017-04-24,0.24400986480836526
2017-04-25,0.24049959608075666
2017-04-26,0.2359872596060586
2017-04-27,0.2304709402431144
2017-04-28,0.22394829673694328
2017-04-29,0.21641656072505744
2017-04-30,0.20787253556250399
2017-05-01,0.19861970022826533
2017-05-02,0.18952531472542145
2017-05-03,0.18058551918402052
2017-05-04,0.17179651934570653
2017-05-05,0.16315458495334748
2017-05-06,0.15465604816782685
2017-05-07,0.14629730201132696
2017-05-08,0.13806931125823763
2017-05-09,0.12996858375680614
2017-05-10,0.12199168136878108
2017-05-11,0.11413521851018552
2017-05-12,0.10639586071439647
2017-05-13,0.09877032321691898
2017-05-14,0.09125536956125521
2017-05-15,0.0838887149539099
2017-05-16,0.07666723281433985
2017-05-17,0.06958785817659324
2017-05-18,0.06264758638846635
2017-05-19,0.05584347183625879
2017-05-20,0.04917262669458633
2017-05-21,0.04263221970072009
2017-05-22,0.03690242453978618
2017-05-23,0.03198080935268144
2017-05-24,0.027865285290789382
2017-05-25,0.024554105629423867
2017-05-26,0.022045865026478317
2017-05-27,0.020339498925965677
2017-05-28,0.019434283106196007
2017-05-29,0.018479341288826362
2017-05-30,0.01747426817421048
2017-05-31,0.016418637185807022
2017-06-01,0.015312000289130163
2017-06-02,0.014009509705738957
2017-06-03,0.012510612628160764
2017-06-04,0.010814672889412229
2017-06-05,0.008734468195684263
2017-06-06,0.006269115659442763
2017-06-07,0.00341756892739941
2017-06-08,0.00017861773641508066
2017-06-09,-0.003449112600164325
2017-06-10,-0.007467161775957007
2017-06-11,-0.011877235145027157
2017-06-12,-0.01623414700382783
2017-06-13,-0.020539746527672806
2017-06-14,-0.024795861113720785
2017-06-15,-0.029004297156565176
2017-06-16,-0.03316684081491027
2017-06-17,-0.037285258769658866
2017-06-18,-0.04136129897373291
2017-06-19,-0.04566979108427588
2017-06-20,-0.05021256372612787
2017-06-21,-0.05499154495826693
2017-06-22,-0.06000876309212249
2017-06-23,-0.06526634755243804
2017-06-24,-0.07076652978104905
2017-06-25,-0.07651164418395878
2017-06-26,-0.08200792704702894
2017-06-27,-0.08725771112128079
2017-06-28,-0.09226322453788345
2017-06-29,-0.09702659175382469
2017-06-30,-0.10154983445358014
2017-07-01,-0.10583487240716365
2017-07-02,-0.10965576730178396
2017-07-03,-0.1132813175117197
2017-07-04,-0.11671306180529226
2017-07-05,-0.11995245669505845
2017-07-06,-0.12300087705598856
2017-07-07,-0.12585961670899526
2017-07-08,-0.12852988897006162
2017-07-09,-0.13101282716520088
2017-07-10,-0.13408542407334864
2017-07-11,-0.13774898377650985
2017-07-12,-0.14200506117512401
2017-07-13,-0.14685546264800134
2017-07-14,-0.15230224681899207
2017-07-15,-0.15834772543071482
2017-07-16,-0.164994464325714
2017-07-17,-0.17144313997199404
2017-07-18,-0.17769648933835272
2017-07-19,-0.18375716649254564
2017-07-20,-0.18962774372773397
2017-07-21,-0.19531071265422664
2017-07-22,-0.2008084852569773
2017-07-23,-0.2061233949192878
2017-07-24,-0.21162322708430029
2017-07-25,-0.21731031600944312
2017-07-26,-0.22318707542829375
2017-07-27,-0.22925599957502438
2017-07-28,-0.23551966424301293
2017-07-29,-0.24198072787807
2017-07-30,-0.24864193270674587
2017-07-31,-0.2549213040010557
2017-08-01,-0.26082150687307004
2017-08-02,-0.2660032144257011
2017-08-03,-0.2704686258968495
2017-08-04,-0.27421963651160275
2017-08-05,-0.2772578382866132
2017-08-06,-0.27958452070578643
2017-08-07,-0.28201549518291424
2017-08-08,-0.28455179348043225
2017-08-09,-0.2871944920626695
2017-08-10,-0.28994471255272475
2017-08-11,-0.2928036222085098
2017-08-12,-0.295772434418161
2017-08-13,-0.2988524092150292
2017-08-14,-0.30164582632965337
2017-08-15,-0.30415387135360306
2017-08-16,-0.30637760875985715
2017-08-17,-0.30831798235459057
2017-08-18,-0.309975815677748
2017-08-19,-0.3113518123525735
2017-08-20,-0.31244655638424434
2017-08-21,-0.3131699267490779
2017-08-22,-0.3135222304623788
2017-08-23,-0.31350361705008445
2017-08-24,-0.31311407861222706
2017-08-25,-0.31235344981958135
2017-08-26,-0.31122140784349434
2017-08-27,-0.30971747221886947
2017-08-28,-0.3056427537794204
2017-08-29,-0.29899552311932154
2017-08-30,-0.2897729589983826
2017-08-31,-0.27797114714464755
2017-09-01,-0.2635850785930865
2017-09-02,-0.24634157052722364
2017-09-03,-0.2262333043988593
2017-09-04,-0.20624344260798116
2017-09-05,-0.1863635009896233
2017-09-06,-0.16658504203151234
2017-09-07,-0.14689967129298992
2017-09-08,-0.12729903384221555
2017-09-09,-0.10777481071013845
2017-09-10,-0.08831871535973196
2017-09-11,-0.06901758018755863
2017-09-12,-0.049863213340340884
2017-09-13,-0.030847485256711438
2017-09-14,-0.011962325216837627
2017-09-15,0.006800282082981168
2017-09-16,0.025448299932195828
2017-09-17,0.04398964298581359
2017-09-18,0.06343154088702893
2017-09-19,0.0837822452321143
2017-09-20,0.10505039333605695
2017-09-21,0.1272450118984369
2017-09-22,0.15037552083456987
2017-09-23,0.17445173727353921
2017-09-24,0.19948387972481543
2017-09-25,0.22518563374898984
2017-09-26,0.2515679077717102
2017-09-27,0.27864189904723125
2017-09-28,0.306419098410791
2017-09-29,0.3349112951555898
2017-09-30,0.364130582036443
2017-10-01,0.39408936040222803
2017-10-02,0.422398420571934
2017-10-03,0.4490697775729297
2017-10-04,0.4741147513530479
2017-10-05,0.4975439715850369
2017-10-06,0.5193673821780418
2017-10-07,0.539594245498032
2017-10-08,0.5582331462989671
2017-10-09,0.574886248685955
2017-10-10,0.5895606206252139
2017-10-11,0.602262490263472
2017-10-12,0.6129972485713376
2017-10-13,0.6217694516313546
2017-10-14,0.628582822571709
2017-10-15,0.6334402531464133
2017-10-16,0.6373803130287197
2017-10-17,0.6404046744722116
2017-10-18,0.6425146210866349
2017-10-19,0.6437110483826906
2017-10-20,0.6439944641521106
2017-10-21,0.6433649886831777
2017-10-22,0.6418223548117775
2017-10-23,0.6390970475026392
2017-10-24,0.6351879100715873
2017-10-25,0.6300932833892502
2017-10-26,0.6238110051768854
2017-10-27,0.6163384090886584
2017-10-28,0.6076723235799836
2017-10-29,0.5978090705614454
2017-10-30,0.5870569788873885
2017-10-31,0.5754114851185828
2017-11-01,0.5628676466350504
2017-11-02,0.550862037347394
2017-11-03,0.5393895617941853
2017-11-04,0.5284453507884241
2017-11-05,0.5180247593509425
2017-11-06,0.5080773265523503
2017-11-07,0.49859883046946785
2017-11-08,0.48958524820682764
2017-11-09,0.48103275418926306
2017-11-10,0.472937718538245
2017-11-11,0.46529670553127633
2017-11-12,0.45810647214369105
2017-11-13,0.4507248394398276
2017-11-14,0.4431486744820883
2017-11-15,0.43537476176883616
2017-11-16,0.42739980186966087
2017-11-17,0.4192204100250234
2017-11-18,0.41083311470968487
2017-11-19,0.40223435615930964
2017-11-20,0.39363336753557304
2017-11-21,0.38502649837770064
2017-11-22,0.37641009572908163
2017-11-23,0.36778050258686895
2017-11-24,0.3591340563498613
2017-11-25,0.35046708726400977
2017-11-26,0.3417759168648884
2017-11-27,0.33309234814633026
2017-11-28,0.3244126955986368
2017-11-29,0.31573327537422413
2017-11-30,0.30705040372411174
2017-12-01,0.29836039543445314
2017-12-02,0.2890956996111807
2017-12-03,0.2792523841006584
2017-12-04,0.2683588185545759
2017-12-05,0.2564103794888828
2017-12-06,0.24340199570653043
2017-12-07,0.2293281461451369
2017-12-08,0.21418285753371957
2017-12-09,0.19795970185749864
2017-12-10,0.18065179362969772
2017-12-11,0.16345927176249095
2017-12-12,0.14637483934741408
2017-12-13,0.12939124535169488
2017-12-14,0.11250128154074515
2017-12-15,0.0956977794188173
2017-12-16,0.0789736071865274
2017-12-17,0.06232166671395209
2017-12-18,0.04537270525797549
2017-12-19,0.028119529282869232
2017-12-20,0.010554816137146705
2017-12-21,-0.007328889054341481
2017-12-22,-0.025539176554431442
2017-12-23,-0.04408377523513057
2017-12-24,-0.06297055585793176
2017-12-25,-0.08267188545259943
2017-12-26,-0.10319612572428583
2017-12-27,-0.12455198764068484
2017-12-28,-0.1467485351291706
2017-12-29,-0.16979518892373976
2017-12-30,-0.19370173056339213
2017-12-31,-0.21847830654364447
2018-01-01,-0.24383675713909506
2018-01-02,-0.2670662443669235
2018-01-03,-0.28817662736491556
2018-01-04,-0.30717686587344994
2018-01-05,-0.32407502403822125
2018-01-06,-0.33887827383285246
2018-01-07,-0.35159289810284833
2018-01-08,-0.3634187289100258
2018-01-09,-0.374360785413621
2018-01-10,-0.3844237116783808
2018-01-11,-0.3936117786456135
2018-01-12,-0.40192888594587606
2018-01-13,-0.40937856355406843
2018-01-14,-0.4159639732876378
2018-01-15,-0.420666038591588
2018-01-16,-0.4234867551324296
2018-01-17,-0.42442732008824735
2018-01-18,-0.4234881326568113
2018-01-19,-0.4206687942250047
2018-01-20,-0.4159681081996447
2018-01-21,-0.4093840794996193
2018-01-22,-0.4010904933136476
2018-01-23,-0.3910838296497405
2018-01-24,-0.37935984144575385
2018-01-25,-0.3659135527668352
2018-01-26,-0.3507392566935207
2018-01-27,-0.3338305128995851
2018-01-28,-0.315180144918617
2018-01-29,-0.29481476799425066
2018-01-30,-0.2727257385841124
2018-01-31,-0.2489036815873935
2018-02-01,-0.2233384863658362
2018-02-02,-0.19896347881158905
2018-02-03,-0.17576831360124268
2018-02-04,-0.1537431461640783
2018-02-05,-0.13263754271925027
2018-02-06,-0.11244254555493421
2018-02-07,-0.09314958344191282
2018-02-08,-0.07475046799574608
2018-02-09,-0.057237390201428984
2018-02-10,-0.040602917099062996
2018-02-11,-0.024839988629134113
2018-02-12,-0.010248416190646814
2018-02-13,0.0031779932210816986
2018-02-14,0.015444938088289173
2018-02-15,0.026557624789337264
2018-02-16,0.036520769808420506
2018-02-17,0.045338601737352324
2018-02-18,0.05301486307027847
2018-02-19,0.05968934338069354
2018-02-20,0.06536487547417719
2018-02-21,0.07004386817931713
2018-02-22,0.07372830737007302
2018-02-23,0.07641975680862725
2018-02-24,0.07811935880908258
2018-02-25,0.07882783472228663
2018-02-26,0.07922864238764854
2018-02-27,0.07932195191731747
2018-02-28,0.07910780291404076
2018-03-01,0.07858610448797154
2018-03-02,0.07886600594597044
2018-03-03,0.07994762608476387
2018-03-04,0.08183142396924105
2018-03-05,0.08375595722067314
2018-03-06,0.08572204265599258
2018-03-07,0.08773051472785065
2018-03-08,0.08978222587877878
2018-03-09,0.09187804690298497
2018-03-10,0.09401886731593935
2018-03-11,0.09620559573190526
2018-03-12,0.09875537361509251
2018-03-13,0.10166928315088156
2018-03-14,0.10494856107064429
2018-03-15,0.10859459917664188
2018-03-16,0.11260894493273815
2018-03-17,0.11699330212117937
2018-03-18,0.12174953156571933
2018-03-19,0.12661129546819622
2018-03-20,0.1315806572749412
2018-03-21,0.13665972609935317
2018-03-22,0.14185065761705556
2018-03-23,0.1471556549808158
2018-03-24,0.1525769697556145
2018-03-25,0.15811690287426272
2018-03-26,0.16446359116039339
2018-03-27,0.17161972829698285
2018-03-28,0.17958835151603514
2018-03-29,0.18837284288765396
2018-03-30,0.19797693075547274
2018-03-31,0.2084046913190504
2018-04-01,0.21966055036390636
2018-04-02,0.22994887315399287
2018-04-03,0.23927402629417624
2018-04-04,0.24763996759759208
2018-04-05,0.2550502477654336
2018-04-06,0.2615080118939524
2018-04-07,0.26701600080931065
2018-04-08,0.2715765522308524
2018-04-09,0.2751974432595759
2018-04-10,0.27788021068633706
2018-04-11,0.2796259931403897
2018-04-12,0.2804355315726464
2018-04-13,0.2803091695701552
2018-04-14,0.2792468535019263
2018-04-15,0.2772481324961696
2018-04-16,0.27289532733204763
2018-04-17,0.2661865905772237
2018-04-18,0.257119074886882
2018-04-19,0.24568893179524742
2018-04-20,0.2318913100822072
2018-04-21,0.21572035371433923
2018-04-22,0.19716919935947447
2018-04-23,0.1776003615603798
2018-04-24,0.15700553484452037
2018-04-25,0.13537597828566433
2018-04-26,0.11270251179402868
2018-04-27,0.08897551222003505
2018-04-28,0.06418490927001964
2018-04-29,0.038320181232165046
2018-04-30,0.011352982201260964
2018-05-01,-0.016728133332803763
2018-05-02,-0.043339726091277564
2018-05-03,-0.06849309065665077
2018-05-04,-0.09219890270525638
2018-05-05,-0.11446722353827671
2018-05-06,-0.1353075043519953
2018-05-07,-0.15433125307520212
2018-05-08,-0.17154654383187712
2018-05-09,-0.18696068319413384
2018-05-10,-0.2005802132833
2018-05-11,-0.21241091454654637
2018-05-12,-0.22245780821024413
2018-05-13,-0.2307251584110907
2018-05-14,-0.2373478798472722
2018-05-15,-0.24232878335669122
2018-05-16,-0.24566998295131523
2018-05-17,-0.24737289671441262
2018-05-18,-0.2474382474024207
2018-05-19,-0.24586606275170012
2018-05-20,-0.2426556754903072
2018-05-21,-0.23852584408196922
2018-05-22,-0.2334748157296277
2018-05-23,-0.2275004466586913
2018-05-24,-0.22060020120716814
2018-05-25,-0.21277115074947164
2018-05-26,-0.2040099724534429
2018-05-27,-0.19431294787006306
2018-05-28,-0.18326575245410007
2018-05-29,-0.1708636975173927
2018-05-30,-0.15710151933770516
2018-05-31,-0.14197337692467998
2018-06-01,-0.12547284954078516
2018-06-02,-0.10977863744058317
2018-06-03,-0.09488407963332471
2018-06-04,-0.08086211939628801
2018-06-05,-0.06770680548153352
2018-06-06,-0.05541255446609414
2018-06-07,-0.04397414838224009
2018-06-08,-0.03338673250285129
2018-06-09,-0.023645813280957606
2018-06-10,-0.01474725644257241
2018-06-11,-0.006818547325569607
2018-06-12,0.00014367919967600562
2018-06-13,0.006142378064968673
2018-06-14,0.01118009525843422
2018-06-15,0.015258968905096593
2018-06-16,0.018380730174348464
2018-06-17,0.020546704014699407
2018-06-18,0.022120850692311067
2018-06-19,0.023103838311857167
2018-06-20,0.023496084076278595
2018-06-21,0.02329775446385339
2018-06-22,0.022508765298854705
2018-06-23,0.02112878171582394
2018-06-24,0.019157218017446742
2018-06-25,0.016687604430201466
2018-06-26,0.013718892792310325
2018-06-27,0.010249823113107195
2018-06-28,0.00627892303826845
2018-06-29,0.0018045072249112115
2018-06-30,-0.003175323373705491
2018-07-01,-0.00866268231418068
2018-07-02,-0.013653247932515641
2018-07-03,-0.018149138341502856
2018-07-04,-0.022152261702204086
2018-07-05,-0.025664317033818503
2018-07-06,-0.02868679493478616
2018-07-07,-0.031220978215432904
2018-07-08,-0.03326794244242512
2018-07-09,-0.034797871701449795
2018-07-10,-0.035811415330274016
2018-07-11,-0.03630900350052366
2018-07-12,-0.03629084740025823
2018-07-13,-0.035756939323604006
2018-07-14,-0.0347070526674836
2018-07-15,-0.03314074183544022
2018-07-16,-0.030336801599945284
2018-07-17,-0.02629404190317039
2018-07-18,-0.021010746903328076
2018-07-19,-0.014484674246428603
2018-07-20,-0.006713054114572264
2018-07-21,0.0023074119496261924
2018-07-22,0.012580552442979495
2018-07-23,0.02375863612224248
2018-07-24,0.035846407227617075
2018-07-25,0.048848996091928915
2018-07-26,0.06277192131806109
2018-07-27,0.07762109212117788
2018-07-28,0.093402810836734
2018-07-29,0.11012377559533347
2018-07-30,0.1280748768535388
2018-07-31,0.14726373347865337
2018-08-01,0.16769848967031287
2018-08-02,0.18679105750803476
2018-08-03,0.20454954032424083
2018-08-04,0.22098147523446188
2018-08-05,0.23609383633626502
2018-08-06,0.24958809184526864
2018-08-07,0.26146996903918107
2018-08-08,0.27174451086463564
2018-08-09,0.28041607807753494
2018-08-10,0.28748835109385773
2018-08-11,0.2929643315517134
2018-08-12,0.2968463435853078
2018-08-13,0.2993632557223735
2018-08-14,0.3005161361992994
2018-08-15,0.30030547432552934
2018-08-16,0.29873118069123605
2018-08-17,0.29579258712937373
2018-08-18,0.2914884464320924
2018-08-19,0.2858169318213934
2018-08-20,0.27890944869206646
2018-08-21,0.27076306534668515
2018-08-22,0.2613743242695895
2018-08-23,0.2507392406594361
2018-08-24,0.2388533007379549
2018-08-25,0.22571145983419585
2018-08-26,0.21130814024345293
2018-08-27,0.19499016375638267
2018-08-28,0.17675060464203823
2018-08-29,0.15658172160485445
2018-08-30,0.1344749544990605
2018-08-31,0.11042092069555429
2018-09-01,0.08440941109969441
2018-09-02,0.05866956919343874
2018-09-03,0.033754635616173256
2018-09-04,0.009654035887253776
2018-09-05,-0.013642458851628958
2018-09-06,-0.036144736177815884
2018-09-07,-0.057862346584198865
2018-09-08,-0.07880450753267348
2018-09-09,-0.09898010736624518
2018-09-10,-0.11845602413301781
2018-09-11,-0.13724052386766672
2018-09-12,-0.15534157915130392
2018-09-13,-0.17276687249522904
2018-09-14,-0.1895237996015664
2018-09-15,-0.20561947250217377
2018-09-16,-0.2210607225771556
2018-09-17,-0.23600124625930197
2018-09-18,-0.25044738465636673
2018-09-19,-0.2644052690474232
2018-09-20,-0.2778808234851232
2018-09-21,-0.29087976731000303
2018-09-22,-0.30340761757790585
2018-09-23,-0.3154696914015485
2018-09-24,-0.32680740719354096
2018-09-25,-0.3374255769456881
2018-09-26,-0.34732870725762294
2018-09-27,-0.35652100124951325
2018-09-28,-0.36500636034596423
2018-09-29,-0.372788385931874
2018-09-30,-0.37987038088094577
2018-10-01,-0.38643831703291764
2018-10-02,-0.3926016217275274
2018-10-03,-0.3983629108154654
2018-10-04,-0.4037246295225938
2018-10-05,-0.40868905348775864
2018-10-06,-0.41325828972862333
2018-10-07,-0.4174342775359361
2018-10-08,-0.42140387285304115
2018-10-09,-0.4251687604690515
2018-10-10,-0.42873053829034313
2018-10-11,-0.432090718018744
2018-10-12,-0.4352507257931354
2018-10-13,-0.43821190279473854
2018-10-14,-0.4409755058163438
2018-10-15,-0.44299954249317786
2018-10-16,-0.44428487187375465
2018-10-17,-0.44483203948193095
2018-10-18,-0.4446412775484394
2018-10-19,-0.44371250510945304
2018-10-20,-0.442045327972222
2018-10-21,-0.4396390385477691
2018-10-22,-0.4369379008996477
2018-10-23,-0.4339407686018525
2018-10-24,-0.4306463696013244
2018-10-25,-0.4270533056780619
2018-10-26,-0.42316005185168354
2018-10-27,-0.4189649557341909
2018-10-28,-0.41446623682865574
2018-10-29,-0.4095224021831708
2018-10-30,-0.40413135351866136
2018-10-31,-0.3982908027479618
2018-11-01,-0.39199827100469725
2018-11-02,-0.3857105606484777
2018-11-03,-0.37942500302793986
2018-11-04,-0.3731389304053918
2018-11-05,-0.36679681816807763
2018-11-06,-0.3603959745752032
2018-11-07,-0.35393368295901295
2018-11-08,-0.347407200571773
2018-11-09,-0.3408137574216844
2018-11-10,-0.3341505550972342
2018-11-11,-0.3274147655794839
2018-11-12,-0.3205491253783705
2018-11-13,-0.31355072055558497
2018-11-14,-0.30641658082440726
2018-11-15,-0.29914367828904675
2018-11-16,-0.29172892615953283
2018-11-17,-0.2841691774416088
2018-11-18,-0.2764612236010739
2018-11-19,-0.26822542359592855
2018-11-20,-0.25945828195999093
2018-11-21,-0.2501560777132613
2018-11-22,-0.2403148627826515
2018-11-23,-0.22993046032632974
2018-11-24,-0.2189984629609718
2018-11-25,-0.20751423089116405
2018-11-26,-0.1962277230205173
2018-11-27,-0.18513414909106646
2018-11-28,-0.17422880073052432
2018-11-29,-0.16350704945393849
2018-11-30,-0.1529643446992537
2018-12-01,-0.14259621189594718
2018-12-02,-0.1331874662320072
2018-12-03,-0.12560149962079542
2018-12-04,-0.11983509240062393
2018-12-05,-0.11588579717337515
2018-12-06,-0.11375193776576893
2018-12-07,-0.11343260851795546
2018-12-08,-0.11492767389913189
2018-12-09,-0.11823776845002001
2018-12-10,-0.12188481974729447
2018-12-11,-0.12587037568484116
2018-12-12,-0.1301961278258339
2018-12-13,-0.13486391212067345
2018-12-14,-0.13987570968620772
2018-12-15,-0.14523364764656435
2018-12-16,-0.15094000003595165
2018-12-17,-0.15690018056912214
2018-12-18,-0.1631167188861202
2018-12-19,-0.1695922534312308
2018-12-20,-0.1763295325727967
2018-12-21,-0.18333141576969053
2018-12-22,-0.19060087478493576
2018-12-23,-0.19814099494699255
2018-12-24,-0.20599435668320148
2018-12-25,-0.21416429314399682
2018-12-26,-0.22265427184153136
2018-12-27,-0.23146789612136998
2018-12-28,-0.24060890669183396
2018-12-29,-0.25008118321164435
2018-12-30,-0.2598887459365409
2018-12-31,-0.2710836662627945
2019-01-01,-0.28367069557647395
2019-01-02,-0.29659513436657725
2019-01-03,-0.30986246806726747
2019-01-04,-0.32347832764532936
2019-01-05,-0.3374484919900831
2019-01-06,-0.35177889036607984
2019-01-07,-0.36622710253423657
2019-01-08,-0.38079926065378394
2019-01-09,-0.39550154948951366
2019-01-10,-0.4103402090367373
2019-01-11,-0.4253215371696871
2019-01-12,-0.44045189231448006
2019-01-13,-0.4557376961477834
2019-01-14,-0.47106817089757347
2019-01-15,-0.48644982317595914
2019-01-16,-0.5018891813159897
2019-01-17,-0.517392798142432
2019-01-18,-0.5329672537529425
2019-01-19,-0.5486191583108149
2019-01-20,-0.5643551548504878
2019-01-21,-0.5791014226332398
2019-01-22,-0.5928642203200769
2019-01-23,-0.6056493891642897
2019-01-24,-0.6174623554906185
2019-01-25,-0.6283081329983126
2019-01-26,-0.6381913248890606
2019-01-27,-0.6471161258206984
2019-01-28,-0.6560769447755359
2019-01-29,-0.6650775849347573
2019-01-30,-0.6741218663805981
2019-01-31,-0.6832136277176761
2019-02-01,-0.6923567277021858
2019-02-02,-0.7002903436436657
2019-02-03,-0.7070178427543117
2019-02-04,-0.7127321287110695
2019-02-05,-0.717435626790573
2019-02-06,-0.7211303332674361
2019-02-07,-0.7238178162615172
2019-02-08,-0.7254992164034676
2019-02-09,-0.7261752473188402
2019-02-10,-0.72584619593097
2019-02-11,-0.7249299029053928
2019-02-12,-0.7234259793459143
2019-02-13,-0.7213337869521943
2019-02-14,-0.7186524377488384
2019-02-15,-0.7153807937085199
2019-02-16,-0.7115174662689748
2019-02-17,-0.7070608157436633
2019-02-18,-0.7008790712805735
2019-02-19,-0.6929696092027461
2019-02-20,-0.6833290725494496
2019-02-21,-0.6719533696514077
2019-02-22,-0.6588376723941991
2019-02-23,-0.6439764141690932
2019-02-24,-0.6273632875104503
2019-02-25,-0.6096528496631866
2019-02-26,-0.5908375839031801
2019-02-27,-0.5709095045914977
2019-02-28,-0.5498601537851028
2019-03-01,-0.5276805976471067
2019-03-02,-0.506993640828832
2019-03-03,-0.4877905033018761
2019-03-04,-0.46973422092743844
2019-03-05,-0.45281713019688963
2019-03-06,-0.43703205110118293
2019-03-07,-0.4223722840834904
2019-03-08,-0.4088316071957545
2019-03-09,-0.3964042734579476
2019-03-10,-0.38508500841891946
2019-03-11,-0.3752236282808509
2019-03-12,-0.36681594764332437
2019-03-13,-0.35985839808999687
2019-03-14,-0.35434802667408033
2019-03-15,-0.35028249466504197
2019-03-16,-0.3476600765559924
2019-03-17,-0.34647965933134
2019-03-18,-0.34656361882580766
2019-03-19,-0.3479119906737688
2019-03-20,-0.35052534715577827
2019-03-21,-0.3544047974414609
2019-03-22,-0.35955198806027
2019-03-23,-0.36596910360031204
2019-03-24,-0.3736588676355376
2019-03-25,-0.3828614856513516
2019-03-26,-0.39358086345411647
2019-03-27,-0.4058215505985293
2019-03-28,-0.41958874231856036
2019-03-29,-0.43488828173243077
2019-03-30,-0.4517266623225691
2019-03-31,-0.47011103069159754
2019-04-01,-0.49007021035027737
2019-04-02,-0.5092383225542791
2019-04-03,-0.5276235026988209
2019-04-04,-0.5452335538844397
2019-04-05,-0.56207595022881
2019-04-06,-0.5781578400389332
2019-04-07,-0.5934860488450482
2019-04-08,-0.6077212232204308
2019-04-09,-0.6208694049060884
2019-04-10,-0.6329361742979036
2019-04-11,-0.6439266528150834
2019-04-12,-0.6538455050738106
2019-04-13,-0.6626969408670145
2019-04-14,-0.6704847169511073
2019-04-15,-0.6761197645665576
2019-04-16,-0.6796044753593938
2019-04-17,-0.6809403283223939
2019-04-18,-0.6801278904228051
2019-04-19,-0.6771668168429772
2019-04-20,-0.6720558508340151
2019-04-21,-0.6647928231823836
2019-04-22,-0.6563926315640487
2019-04-23,-0.6468517107411824
2019-04-24,-0.6361660113237969
2019-04-25,-0.6243309980510897
2019-04-26,-0.6113416478665719
2019-04-27,-0.5971924477861658
2019-04-28,-0.5818773925583657
2019-04-29,-0.5654216057187387
2019-04-30,-0.5478181030464002
2019-05-01,-0.5290594132030183
2019-05-02,-0.5106231249002272
2019-05-03,-0.4925014133459915
2019-05-04,-0.4746865872620075
2019-05-05,-0.45717108561934366
2019-05-06,-0.44057276459780936
2019-05-07,-0.42488457948167957
2019-05-08,-0.41009987183819796
2019-05-09,-0.3962123666915826
2019-05-10,-0.3832161698597797
2019-05-11,-0.3711057654528342
2019-05-12,-0.3598760135318177
2019-05-13,-0.3487962073428148
2019-05-14,-0.3378616443568893
2019-05-15,-0.3270676836897185
2019-05-16,-0.31640974413189255
2019-05-17,-0.3058833022045423
2019-05-18,-0.29548389023946925
2019-05-19,-0.2852070944829626
2019-05-20,-0.27485417369980136
2019-05-21,-0.26442073386821974
2019-05-22,-0.2539023467922843
2019-05-23,-0.2432945482224637
2019-05-24,-0.23259283596089736
2019-05-25,-0.22179266795055677
2019-05-26,-0.2108894603474905
2019-05-27,-0.20013649099224404
2019-05-28,-0.1895291960730793
2019-05-29,-0.17906307360589674
2019-05-30,-0.16873368152348772
2019-05-31,-0.15853663579021748
2019-06-01,-0.14846760854133778
2019-06-02,-0.13932975842055348
2019-06-03,-0.13101987110490212
2019-06-04,-0.12353441968381407
2019-06-05,-0.1168702271565994
2019-06-06,-0.1110244650840545
2019-06-07,-0.10599465238800607
2019-06-08,-0.10177865429828373
2019-06-09,-0.0983746814466736
2019-06-10,-0.0963239483072354
2019-06-11,-0.09562558450085204
2019-06-12,-0.09627929362558732
2019-06-13,-0.09828535313088599
2019-06-14,-0.10164461443532977
2019-06-15,-0.10635850328799926
2019-06-16,-0.11242902037359533
2019-06-17,-0.11868474582552214
2019-06-18,-0.12512833472000157
2019-06-19,-0.13176252186689494
2019-06-20,-0.13859012297042064
2019-06-21,-0.14561403582420476
2019-06-22,-0.15283724154117254
2019-06-23,-0.1602628058188022
2019-06-24,-0.16902386884312204
2019-06-25,-0.1791241490142267
2019-06-26,-0.1905679331272961
2019-06-27,-0.20336007819201188
2019-06-28,-0.21750601349398532
2019-06-29,-0.23301174289907406
2019-06-30,-0.2498838474015622
2019-07-01,-0.2682872938909393
2019-07-02,-0.2852979095198962
2019-07-03,-0.30092291399163384
2019-07-04,-0.31516893892356534
2019-07-05,-0.3280420306619282
2019-07-06,-0.33954765284799593
2019-07-07,-0.34969068873697484
2019-07-08,-0.3581756859562345
2019-07-09,-0.3650062457370839
2019-07-10,-0.37018526712888095
2019-07-11,-0.37371494822945694
2019-07-12,-0.3755967871180408
2019-07-13,-0.3758315824910784
2019-07-14,-0.37441943400121863
2019-07-15,-0.3715917277255852
2019-07-16,-0.3673472635194861
2019-07-17,-0.3616842399330217
2019-07-18,-0.3546002534465071
2019-07-19,-0.346092297450362
2019-07-20,-0.33615676096903546
2019-07-21,-0.3247894271284234
2019-07-22,-0.31139212402491334
2019-07-23,-0.29595916552966595
2019-07-24,-0.2784840015340732
2019-07-25,-0.25895921516973974
2019-07-26,-0.2373765196605903
2019-07-27,-0.2137267548057676
2019-07-28,-0.18799988309182955
2019-07-29,-0.16025189228124204
2019-07-30,-0.13047100547759727
2019-07-31,-0.09864458297587339
2019-08-01,-0.06475911689784664
2019-08-02,-0.03288308572989146
2019-08-03,-0.0030029605387058567
2019-08-04,0.024893940499825518
2019-08-05,0.05093453565545236
2019-08-06,0.0751298771659254
2019-08-07,0.09749023410018176
2019-08-08,0.11802509671677941
2019-08-09,0.13674318049178397
2019-08-10,0.15365242981782035
2019-08-11,0.16876002137586044
2019-08-12,0.1816772525695099
2019-08-13,0.19240960577385996
2019-08-14,0.20096163605067158
2019-08-15,0.20733697308165172
2019-08-16,0.21153832270897416
2019-08-17,0.2135674680837027
2019-08-18,0.21342527042260223
2019-08-19,0.21160894385460216
2019-08-20,0.20811771748821783
2019-08-21,0.20295010956530907
2019-08-22,0.19610392683218808
2019-08-23,0.18757626360875024
2019-08-24,0.1773635005552366
2019-08-25,0.1654613031361002
2019-08-26,0.1516790228790877
2019-08-27,0.1360108102620496
2019-08-28,0.1184500153290256
2019-08-29,0.09898918486784719
2019-08-30,0.0776200592468205
2019-08-31,0.054333568909144814
2019-09-01,0.02911983052358122
2019-09-02,0.0036492389117364354
2019-09-03,-0.02208901624130194
2019-09-04,-0.04810585885311472
2019-09-05,-0.07441233108031695
2019-09-06,-0.10101959800510801
2019-09-07,-0.12793895237399336
2019-09-08,-0.15518181939069037
2019-09-09,-0.18251588843361302
2019-09-10,-0.20995276072108773
2019-09-11,-0.23750408110354262
2019-09-12,-0.26518154300585506
2019-09-13,-0.29299689339031365
2019-09-14,-0.3209619377423051
2019-09-15,-0.3490885450808372
2019-09-16,-0.37704731596117
2019-09-17,-0.4048501167397037
2019-09-18,-0.43250874757547814
2019-09-19,-0.46003494743843726
2019-09-20,-0.48744039909172143
2019-09-21,-0.5147367340501077
2019-09-22,-0.5419355375166938
2019-09-23,-0.5691545886843666
2019-09-24,-0.5964054399551761
2019-09-25,-0.6236996572278796
2019-09-26,-0.6510488248067796
2019-09-27,-0.6784645503183747
2019-09-28,-0.7059584696379064
2019-09-29,-0.7335422518278985
2019-09-30,-0.761701301083366
2019-10-01,-0.7904475687635366
2019-10-02,-0.8170516848194795
2019-10-03,-0.8415249406603973
2019-10-04,-0.8638777233085713
2019-10-05,-0.8841195198078542
2019-10-06,-0.9022589212501961
2019-10-07,-0.9177759246539422
2019-10-08,-0.9306771157983251
2019-10-09,-0.9409679702506639
2019-10-10,-0.9486528556903215
2019-10-11,-0.9537350337624508
2019-10-12,-0.9562166614623124
2019-10-13,-0.956098792050755
2019-10-14,-0.9538775506291326
2019-10-15,-0.9495519944506245
2019-10-16,-0.943120287648001
2019-10-17,-0.9345797004544386
2019-10-18,-0.9239266080449428
2019-10-19,-0.9111564889978871
2019-10-20,-0.896263923376018
2019-10-21,-0.8787791589706203
2019-10-22,-0.8586947748386602
2019-10-23,-0.8360022466976793
2019-10-24,-0.810691943307889
2019-10-25,-0.7827531223844479
2019-10-26,-0.7521739260381852
2019-10-27,-0.7189413757428331
2019-10-28,-0.683283946119054
2019-10-29,-0.6451865033195826
2019-10-30,-0.6046328778984837
2019-10-31,-0.5616058579484593
2019-11-01,-0.5160871817957133
2019-11-02,-0.47328920377939226
2019-11-03,-0.43319375943645483
2019-11-04,-0.3951147907881853
2019-11-05,-0.35903613622951003
2019-11-06,-0.32494248313544805
2019-11-07,-0.29281936136207487
2019-11-08,-0.2626531371050552
2019-11-09,-0.23443100711313736
2019-11-10,-0.20814099325415392
2019-11-11,-0.18423959789461752
2019-11-12,-0.16271667672321344
2019-11-13,-0.14356309490871177
2019-11-14,-0.1267707232229317
2019-11-15,-0.11233243459050635
2019-11-16,-0.10024210106398623
2019-11-17,-0.09049459122299386
2019-11-18,-0.08353308142942162
2019-11-19,-0.0793546170556626
2019-11-20,-0.07795742466369016
2019-11-21,-0.07934091125236853
2019-11-22,-0.08350566400576998
2019-11-23,-0.09045345054238862
2019-11-24,-0.10018721966535993
2019-11-25,-0.11190468633747519
2019-11-26,-0.1256108237256961
2019-11-27,-0.1413114490353572
2019-11-28,-0.15901322597912404
2019-11-29,-0.17872366760522834
2019-11-30,-0.20045113948618148
2019-12-01,-0.22420486326931974
2019-12-02,-0.24608910801934195
2019-12-03,-0.26611316192165707
2019-12-04,-0.2842855236531632
2019-12-05,-0.3006139059892843
2019-12-06,-0.31510523907745275
2019-12-07,-0.3277656733784264
2019-12-08,-0.3386005822766875
2019-12-09,-0.34883981691429533
2019-12-10,-0.3584877230619559
2019-12-11,-0.3675483955167314
2019-12-12,-0.3760256798399674
2019-12-13,-0.3839231739894394
2019-12-14,-0.3912442298464104
2019-12-15,-0.3979919546382469
2019-12-16,-0.4039582223969049
2019-12-17,-0.4091455653459897
2019-12-18,-0.413556185115196
2019-12-19,-0.41719195367473155
2019-12-20,-0.42005441412982414
2019-12-21,-0.4221447813756525
2019-12-22,-0.42346394261297543
2019-12-23,-0.42370013374541804
2019-12-24,-0.42285345501802213
2019-12-25,-0.4209235470805298
2019-12-26,-0.41790959083486573
2019-12-27,-0.413810307087494
2019-12-28,-0.40862395600649787
2019-12-29,-0.4023483363831547
2019-12-30,-0.39534058192739274
2019-12-31,-0.3875977183842891
2020-01-01,-0.3791164595014274
2020-01-02,-0.3703411629129922
2020-01-03,-0.36126810417783095
2020-01-04,-0.35189343247757093
2020-01-05,-0.34221316898224136
2020-01-06,-0.33268066781948424
2020-01-07,-0.32329188317281304
2020-01-08,-0.3140428302223921
2020-01-09,-0.3049295834537867
2020-01-10,-0.2959482749918824
2020-01-11,-0.2870950929592687
2020-01-12,-0.2783662798583889
2020-01-13,-0.268352759779245
2020-01-14,-0.25705028274966957
2020-01-15,-0.24445405173401294
2020-01-16,-0.23055872059716925
2020-01-17,-0.2153583918355509
2020-01-18,-0.19884661407405116
2020-01-19,-0.18101637932792844
2020-01-20,-0.16297350398478702
2020-01-21,-0.1447103302262549
2020-01-22,-0.12621910673415937
2020-01-23,-0.10749198540068639
2020-01-24,-0.0885210179974589
2020-01-25,-0.06929815280212448
2020-01-26,-0.0498152311810144
2020-01-27,-0.029695087128708567
2020-01-28,-0.00892918118540234
2020-01-29,0.012491300185163229
2020-01-30,0.03457544833636979
2020-01-31,0.05733263629730591
2020-02-01,0.08077252275090052
2020-02-02,0.09515310701465857
2020-02-03,0.10039155175509756
2020-02-04,0.09649008029070816
2020-02-05,0.08344703674573395
2020-02-06,0.06125688534737905
2020-02-07,0.02991020807629663
2020-02-08,-0.010606299330637892
2020-02-09,-0.060309833026969406
2020-02-10,-0.11871765819665187
2020-02-11,-0.18585456448701954
2020-02-12,-0.26174904637163177
2020-02-13,-0.3464333152439967
2020-02-14,-0.4399433130888391
2020-02-15,-0.5423187277367187
2020-02-16,-0.6536030097084757
2020-02-17,-0.7738320609106746
2020-02-18,-0.9030569093651568
2020-02-19,-1.0413324011205585
2020-02-20,-1.188717223530252
2020-02-21,-1.3452739301606358
2020-02-22,-1.5110689673403241
2020-02-23,-1.6861727023615352
2020-02-24,-1.8713364808618895
2020-02-25,-2.0666388906805095
2020-02-26,-2.272162822728823
2020-02-27,-2.4879955061714027
2020-02-28,-2.714228545448066
2020-02-29,-2.950957959152941
2020-03-01,-3.1982842207870035
2020-03-02,-3.510422916374375
2020-03-03,-3.8875065248793117
2020-03-04,-4.329695089406361
2020-03-05,-4.837176285126405
2020-03-06,-5.410165498930394
2020-03-07,-6.048905920844567
2020-03-08,-6.753668647246016
2020-03-09,-7.522025389134873
2020-03-10,-8.354302255086527
2020-03-11,-9.250852482872306
2020-03-12,-10.212056589381834
2020-03-13,-11.238322532123323
2020-03-14,-12.330085882370259
2020-03-15,-13.487810010028056
2020-03-16,-14.595039839354667
2020-03-17,-15.65224530459104
2020-03-18,-16.659875108467773
2020-03-19,-17.618356912645073
2020-03-20,-18.528097519222346
2020-03-21,-19.38948304339454
2020-03-22,-20.20287907732848
2020-03-23,-20.948440880551388
2020-03-24,-21.626484886933437
2020-03-25,-22.237298874212392
2020-03-26,-22.781142086133197
2020-03-27,-23.258245342477085
2020-03-28,-23.668811137026914
2020-03-29,-24.01301372351022
2020-03-30,-24.41775886819538
2020-03-31,-24.883218354389978
2020-04-01,-25.409589733988412
2020-04-02,-25.830854450843667
2020-04-03,-26.14719129955619
2020-04-04,-26.358734540884633
2020-04-05,-26.465573958729244
2020-04-06,-26.534328386453595
2020-04-07,-26.565027005045188
2020-04-08,-26.557682843715874
2020-04-09,-26.51229278543179
2020-04-10,-26.42883756559039
2020-04-11,-26.307281763844117
2020-04-12,-26.147573789067152
2020-04-13,-25.923502735595687
2020-04-14,-25.634973502432942
2020-04-15,-25.281863631022812
2020-04-16,-24.86402325327559
2020-04-17,-24.38127502796044
2020-04-18,-23.833414065437633
2020-04-19,-23.220207840698578
2020-04-20,-22.545636784462516
2020-04-21,-21.809414592992972
2020-04-22,-21.011228796369473
2020-04-23,-20.150740625868007
2020-04-24,-19.227584870179655
2020-04-25,-18.24136972040637
2020-04-26,-17.191676603768098
2020-04-27,-16.073275949499898
2020-04-28,-14.885693082201401
2020-04-29,-13.628423963922657
2020-04-30,-12.300934980238635
2020-05-01,-10.902662713770757
2020-05-02,-9.568939792997718
2020-05-03,-8.299200154712212
2020-05-04,-7.0840301427719865
2020-05-05,-5.922914010597562
2020-05-06,-4.815358953340505
2020-05-07,-3.760894898725528
2020-05-08,-2.7590743075408284
2020-05-09,-1.8094719836919566
2020-05-10,-0.9116848937386806
2020-05-11,-0.051329033473972885
2020-05-12,0.7719607522555272
2020-05-13,1.558533886894061
2020-05-14,2.3087242104802357
2020-05-15,3.022850121336555
2020-05-16,3.7012147112050933
2020-05-17,4.344105893886741
2020-05-18,4.947737127042899
2020-05-19,5.512364605889632
2020-05-20,6.038227971537259
2020-05-21,6.525550412699669
2020-05-22,6.974538760420794
2020-05-23,7.385383575858574
2020-05-24,7.758259231163558
2020-05-25,8.092098853196987
2020-05-26,8.387044131303941
2020-05-27,8.643220247160091
2020-05-28,8.860735927901722
2020-05-29,9.039683492272085
2020-05-30,9.1801388898036
2020-05-31,9.282161733052646
2020-06-01,9.355539854489741
2020-06-02,9.420155950901908
2020-06-03,9.476037446872011
2020-06-04,9.523208059814179
2020-06-05,9.561687810040002
2020-06-06,9.591493029255632
2020-06-07,9.612636367493335
2020-06-08,9.6233343530643
2020-06-09,9.623591526443855
2020-06-10,9.613407996782403
2020-06-11,9.592779441951732
2020-06-12,9.561697106710609
2020-06-13,9.52014779898885
2020-06-14,9.468113884288293
2020-06-15,9.409807700686049
2020-06-16,9.345204501673837
2020-06-17,9.274276868142739
2020-06-18,9.196994696745877
2020-06-19,9.113325187121852
2020-06-20,9.023232827973505
2020-06-21,8.926679381996081
2020-06-22,8.82285496768964
2020-06-23,8.711715519543986
2020-06-24,8.593213867377452
2020-06-25,8.46729971631675
2020-06-26,8.333919625450669
2020-06-27,8.193016985148487
2020-06-28,8.044531993033537
2020-06-29,7.88771437983557
2020-06-30,7.72249758849112
2020-07-01,7.548811497129031
2020-07-02,7.380854169287317
2020-07-03,7.218554319947024
2020-07-04,7.061843065255419
2020-07-05,6.910653893290073
2020-07-06,6.76879099093594
2020-07-07,6.636194148258669
2020-07-08,6.5128070880563955
2020-07-09,6.398577441974382
2020-07-10,6.293456728278664
2020-07-11,6.197400331279263
2020-07-12,6.110367482394251
2020-07-13,6.026369673869966
2020-07-14,5.945371255071515
2020-07-15,5.867337848375165
2020-07-16,5.7922363345776855
2020-07-17,5.720034838839773
2020-07-18,5.650702717157629
2020-07-19,5.584210543356931
2020-07-20,5.517741577261436
2020-07-21,5.451267607887031
2020-07-22,5.384760422126089
2020-07-23,5.318191792773172
2020-07-24,5.251533466544749
2020-07-25,5.1847571520878315
2020-07-26,5.11783450797247
2020-07-27,5.046740257614853
2020-07-28,4.971444226952025
2020-07-29,4.891914458587177
2020-07-30,4.808117198226178
2020-07-31,4.720016880351465
2020-08-01,4.627576113127205
2020-08-02,4.529773588347031
2020-08-03,4.428808957235225
2020-08-04,4.324639368040482
2020-08-05,4.217220608752313
2020-08-06,4.106507088336435
2020-08-07,3.992451817384865
2020-08-08,3.8750063881725243
2020-08-09,3.7541209541118583
2020-08-10,3.6387519594355027
2020-08-11,3.528850438843296
2020-08-12,3.424369747558978
2020-08-13,3.3252655415330548
2020-08-14,3.231495758622149
2020-08-15,3.143020600736842
2020-08-16,3.0598025169504313
2020-08-17,2.9774903261363193
2020-08-18,2.8960490930751996
2020-08-19,2.81544425220261
2020-08-20,2.735641592938499
2020-08-21,2.6566072451674554
2020-08-22,2.5783076648634378
2020-08-23,2.5007096198529073
2020-08-24,2.4262224243963644
2020-08-25,2.3548144643855835
2020-08-26,2.286455432611892
2020-08-27,2.2211163159030862
2020-08-28,2.158769382809559
2020-08-29,2.0993881718344283
2020-08-30,2.042947480202652
2020-08-31,1.9896586413205712
2020-09-01,1.9394990381583794
2020-09-02,1.8922902149962229
2020-09-03,1.8480121353051975
2020-09-04,1.8066460064324872
2020-09-05,1.7681742716253226
2020-09-06,1.7325806025794839
2020-09-07,1.6979135954612377
2020-09-08,1.6641585367817986
2020-09-09,1.6313011001046327
2020-09-10,1.5993273399649823
2020-09-11,1.5682236859510827
2020-09-12,1.5379769369445646
2020-09-13,1.5085742555175887
2020-09-14,1.4812712862683899
2020-09-15,1.4560564411781225
2020-09-16,1.4329190184766791
2020-09-17,1.4118491981006134
2020-09-18,1.3928380375252727
2020-09-19,1.3758774679693813
2020-09-20,1.3609602909704615
2020-09-21,1.345231171831594
2020-09-22,1.3286834347466638
2020-09-23,1.3113100564689526
2020-09-24,1.2931036633303044
2020-09-25,1.2740565281115699
2020-09-26,1.2541605667629936
2020-09-27,1.2334073349731538
2020-09-28,1.2141690577550894
2020-09-29,1.1964375699339094
2020-09-30,1.1802053458513897
2020-10-01,1.1654654961719109
2020-10-02,1.1498954570738782
2020-10-03,1.133488620268469
2020-10-04,1.1162380223103394
2020-10-05,1.101037576857924
2020-10-06,1.0878808324865894
2020-10-07,1.0767622051662498
2020-10-08,1.0676769758913724
2020-10-09,1.060621288678123
2020-10-10,1.0555921489277948
2020-10-11,1.0525874221558311
2020-10-12,1.0475942981445816
2020-10-13,1.0406106576954115
2020-10-14,1.0316335367879468
2020-10-15,1.0206591253220725
2020-10-16,1.0076827655008387
2020-10-17,0.992698949853582
2020-10-18,0.975701318898426
2020-10-19,0.9569501524440602
2020-10-20,0.9364374920567962
2020-10-21,0.9141546316837139
2020-10-22,0.8900921139576088
2020-10-23,0.864239726183065
2020-10-24,0.8365864960019471
2020-10-25,0.8071206867364755
2020-10-26,0.7769183203083253
2020-10-27,0.7459665781266618
2020-10-28,0.7142523235480505
2020-10-29,0.6817620963009582
2020-10-30,0.6484821067728987
2020-10-31,0.6143982301577994
2020-11-01,0.579496000461102
2020-11-02,0.5443315676360858
2020-11-03,0.5088900070748601
2020-11-04,0.47315627655003983
2020-11-05,0.4371152098304729
2020-11-06,0.4007515102443364
2020-11-07,0.36404974418687175
2020-11-08,0.32699433457000154
2020-11-09,0.29119184038703605
2020-11-10,0.25662706622191767
2020-11-11,0.22328534197591865
2020-11-12,0.19115251664130795
2020-11-13,0.16021495229533156
2020-11-14,0.13045951831196
2020-11-15,0.10187358578894345
2020-11-16,0.07689272187521068
2020-11-17,0.05550632410774048
2020-11-18,0.0377053155990289
2020-11-19,0.02348214118464731
2020-11-20,0.012830764216651747
2020-11-21,0.005746664001490043
2020-11-22,0.0022268338813128674
2020-11-23,-0.0027470030355742636
2020-11-24,-0.009176957761911575
2020-11-25,-0.01706575932090046
2020-11-26,-0.02641675590446499
2020-11-27,-0.037233916294302616
2020-11-28,-0.04952183154632819
2020-11-29,-0.06328571693922524
2020-11-30,-0.06982595879136588
2020-12-01,-0.06914533293438786
2020-12-02,-0.06220354229030327
2020-12-03,-0.04899764060077365
2020-12-04,-0.029522022972197012
2020-12-05,-0.003768423496859616
2020-12-06,0.028274088255308638
2020-12-07,0.06117231918218202
2020-12-08,0.09494023206255298
2020-12-09,0.12959215878857894
2020-12-10,0.16514280644857332
2020-12-11,0.2016072635690378
2020-12-12,0.23900100651858558
2020-12-13,0.27733990607647463
2020-12-14,0.31284413966053576
2020-12-15,0.3455287760980512
2020-12-16,0.37540768751331544
2020-12-17,0.4024935552152886
2020-12-18,0.42679787507984224
2020-12-19,0.4483309624288763
2020-12-20,0.4671019564083847
2020-12-21,0.48438027748393175
2020-12-22,0.500173258979173
2020-12-23,0.5144876038048994
2020-12-24,0.5273293873039098
2020-12-25,0.5387040598295285
2020-12-26,0.5486164490588626
2020-12-27,0.557070762041781
2020-12-28,0.5673224342061541
2020-12-29,0.5793758166014655
2020-12-30,0.593236024965168
2020-12-31,0.6089089418939223
2021-01-01,0.626401219340309
2021-01-02,0.6404235884891154
2021-01-03,0.6509820007618333
2021-01-04,0.6607274826332639
2021-01-05,0.6696641703138893
2021-01-06,0.6777958567430162
2021-01-07,0.6851259931985896
2021-01-08,0.6916576907619949
2021-01-09,0.6973937216384736
2021-01-10,0.7023365203337122
2021-01-11,0.7005079249941563
2021-01-12,0.6919071595211672
2021-01-13,0.6765305735486813
2021-01-14,0.654371640893908
2021-01-15,0.6254209567874655
2021-01-16,0.5896662338817775
2021-01-17,0.5470922970360337
2021-01-18,0.49764170019935633
2021-01-19,0.44129345538165227
2021-01-20,0.3780236470696689
2021-01-21,0.30780542207669115
2021-01-22,0.23060897814542033
2021-01-23,0.1464015512991993
2021-01-24,0.055147401936213314
2021-01-25,-0.0410741110174844
2021-01-26,-0.14230382622289592
2021-01-27,-0.24858470793921697
2021-01-28,-0.35996186425887133
2021-01-29,-0.47648256625244234
2021-01-30,-0.5981962680316193
2021-01-31,-0.7251546277386793
2021-02-01,-0.857268496208619
2021-02-02,-0.9763818592728147
2021-02-03,-1.082545271428964
2021-02-04,-1.1758037909126626
2021-02-05,-1.2561969988211714
2021-02-06,-1.323759015912561
2021-02-07,-1.3785185170873593
2021-02-08,-1.4214007375830293
2021-02-09,-1.4524238776170897
2021-02-10,-1.4716011041358945
2021-02-11,-1.47894055640299
2021-02-12,-1.4744453494536098
2021-02-13,-1.4581135754167687
2021-02-14,-1.4299383027055168
2021-02-15,-1.3940117801389895
2021-02-16,-1.3503187596605821
2021-02-17,-1.298840696930295
2021-02-18,-1.2395557434540823
2021-02-19,-1.1724387373108356
2021-02-20,-1.0974611924730853
2021-02-21,-1.0145912867168547
2021-02-22,-0.9191762174808349
2021-02-23,-0.8111754883776005
2021-02-24,-0.6905432613712637
2021-02-25,-0.5572283373227389
2021-02-26,-0.41117413425963045
2021-02-27,-0.2523186633615201
2021-02-28,-0.08059450265045953
2021-03-01,0.10360286594063872
2021-03-02,0.2792666647686606
2021-03-03,0.4464714496591242
2021-03-04,0.6052881862341524
2021-03-05,0.7557842800319381
2021-03-06,0.8980236051152388
2021-03-07,1.0320665311810162
2021-03-08,1.1588409151609378
2021-03-09,1.2784005630691928
2021-03-10,1.3907962188172058
2021-03-11,1.4960755857505426
2021-03-12,1.5942833468953252
2021-03-13,1.685461183922753
2021-03-14,1.7696477948397786
2021-03-15,1.8433855732131905
2021-03-16,1.9067058150810738
2021-03-17,1.9596353950353256
2021-03-18,2.002196777627858
2021-03-19,2.0344080269050786
2021-03-20,2.056282814074697
2021-03-21,2.067830423308105
2021-03-22,2.0736940639276993
2021-03-23,2.0738762245997293
2021-03-24,2.0683769826374423
2021-03-25,2.0571940040339087
2021-03-26,2.0403225424714044
2021-03-27,2.01775543730697
2021-03-28,1.989483110533262
2021-03-29,1.953494631779639
2021-03-30,1.9097747266938407
2021-03-31,1.8583048395254114
2021-04-01,1.799063125250204
2021-04-02,1.7422174662034084
2021-04-03,1.6877437357575382
2021-04-04,1.6356188139870906
2021-04-05,1.58297723073078
2021-04-06,1.5297966436692292
2021-04-07,1.4760544817172396
2021-04-08,1.4217279354440904
2021-04-09,1.3667939473926847
2021-04-10,1.3112292022934255
2021-04-11,1.2550101171686692
2021-04-12,1.201140679702922
2021-04-13,1.1495980264467587
2021-04-14,1.1003602814924018
2021-04-15,1.0534065471890768
2021-04-16,1.0087168952735588
2021-04-17,0.9662723584121518
2021-04-18,0.9260549221505089
2021-04-19,0.8886045699964452
2021-04-20,0.8539054071444327
2021-04-21,0.8219427064580407
2021-04-22,0.7927029022193959
2021-04-23,0.7661735843715741
2021-04-24,0.7423434932514819
2021-04-25,0.7212025148109911
2021-04-26,0.6997617634801452
2021-04-27,0.6780121393025168
2021-04-28,0.6559444112288169
2021-04-29,0.6335492131990217
2021-04-30,0.6108170401671974
2021-05-01,0.5877382440673368
2021-05-02,0.5643992913268785
2021-05-03,0.5422627908352468
2021-05-04,0.5213193473437948
2021-05-05,0.5015600719651758
2021-05-06,0.48297657840069147
2021-05-07,0.4655609793809501
2021-05-08,0.4493058833183254
2021-05-09,0.4342043911697937
2021-05-10,0.42002952928173176
2021-05-11,0.40677528151116227
2021-05-12,0.3944360224452755
2021-05-13,0.38300651501387206
2021-05-14,0.3724819082666283
2021-05-15,0.362857735314239
2021-05-16,0.3541299114325653
2021-05-17,0.34630335824081604
2021-05-18,0.33937475396673045
2021-05-19,0.3333411579485742
2021-05-20,0.3282000093870535
2021-05-21,0.3239491262584523
2021-05-22,0.3205867043885299
2021-05-23,0.3181113166867878
2021-05-24,0.3170395782796587
2021-05-25,0.31737103429629177
2021-05-26,0.31910582541437393
2021-05-27,0.32224468791983774
2021-05-28,0.3267889540193577
2021-05-29,0.3327405524057703
2021-05-30,0.3401020090766561
2021-05-31,0.3491861474118732
2021-06-01,0.35999682293223667
2021-06-02,0.3708722433987383
2021-06-03,0.38181702459423283
2021-06-04,0.39283581173989035
2021-06-05,0.40393328146673757
2021-06-06,0.4151141438005289
2021-06-07,0.42707000532368844
2021-06-08,0.43980594038352927
2021-06-09,0.453327354408822
2021-06-10,0.46763998620398484
2021-06-11,0.4827499103847663
2021-06-12,0.4986635399564544
2021-06-13,0.5153876290357063
2021-06-14,0.5323112858254341
2021-06-15,0.5494416931214735
2021-06-16,0.566786121469412
2021-06-17,0.5843519322503776
2021-06-18,0.6021465808053821
2021-06-19,0.6201776195995414
2021-06-20,0.6384527014275194
2021-06-21,0.6547924937085837
2021-06-22,0.6692039314328141
2021-06-23,0.6816931311515075
2021-06-24,0.6922653935731831
2021-06-25,0.7009252058133294
2021-06-26,0.7076762432988398
2021-06-27,0.7125213713279497
2021-06-28,0.718012291959532
2021-06-29,0.724151335668752
2021-06-30,0.7309411080093701
2021-07-01,0.7383844907196004
2021-07-02,0.7444675914670459
2021-07-03,0.7491929920619653
2021-07-04,0.7525626980749122
2021-07-05,0.7527090909774632
2021-07-06,0.7496322329021906
2021-07-07,0.7433308179585505
2021-07-08,0.7338021716786323
2021-07-09,0.7210422498820513
2021-07-10,0.7050456369595051
2021-07-11,0.6858055435742609
2021-07-12,0.6674628315835801
2021-07-13,0.6500097159114034
2021-07-14,0.6334387890471598
2021-07-15,0.617743017901845
2021-07-16,0.6029157408230147
2021-07-17,0.5889506647674226
2021-07-18,0.5758418626301067
2021-07-19,0.5608445623757239
2021-07-20,0.5439523987992155
2021-07-21,0.5251582024712019
2021-07-22,0.5044539966951098
2021-07-23,0.48183099412167507
2021-07-24,0.45727959301938703
2021-07-25,0.4307893731992879
2021-07-26,0.4025946781432367
2021-07-27,0.37268354136309445
2021-07-28,0.34104326787270184
2021-07-29,0.3076604287998302
2021-07-30,0.27252085568665363
2021-07-31,0.23560963447632474
2021-08-01,0.19691109918309901
2021-08-02,0.15868783976988432
2021-08-03,0.1209236333912308
2021-08-04,0.08360245203453492
2021-08-05,0.046708455717376196
2021-08-06,0.010225985764658496
2021-08-07,-0.02586044183729952
2021-08-08,-0.0615661430125396
2021-08-09,-0.09585721539186087
2021-08-10,-0.12874821290855065
2021-08-11,-0.16025309527137244
2021-08-12,-0.19038523388939332
2021-08-13,-0.21915741754712242
2021-08-14,-0.2465818578323707
2021-08-15,-0.27267019431913336
2021-08-16,-0.29813328789021726
2021-08-17,-0.3229819456781906
2021-08-18,-0.34722671403470207
2021-08-19,-0.370877883006599
2021-08-20,-0.3939454907032636
2021-08-21,-0.41643932755702207
2021-08-22,-0.43836894047843217
2021-08-23,-0.4595881340052292
2021-08-24,-0.48010591405952546
2021-08-25,-0.4999309888671479
2021-08-26,-0.5190717726536113
2021-08-27,-0.5375363892153144
2021-08-28,-0.5553326753674681
2021-08-29,-0.5724681842702228
2021-08-30,-0.5895633966505551
2021-08-31,-0.6066255681165071
2021-09-01,-0.6236619402527833
2021-09-02,-0.6384556799156945
2021-09-03,-0.6510130659144233
2021-09-04,-0.6613394278973417
2021-09-05,-0.6694391486140391
2021-09-06,-0.6741989225732734
2021-09-07,-0.6756207699344579
2021-09-08,-0.673705294162874
2021-09-09,-0.6684516822857955
2021-09-10,-0.6598577045474443
2021-09-11,-0.6479197134626298
2021-09-12,-0.6326326422686706
2021-09-13,-0.6131470330998615
2021-09-14,-0.5894546158078453
2021-09-15,-0.5615453347764877
2021-09-16,-0.5294073446540385
2021-09-17,-0.4930270053256872
2021-09-18,-0.4523888761243793
2021-09-19,-0.40747570927743587
2021-09-20,-0.35898231426876825
2021-09-21,-0.30688810936713135
2021-09-22,-0.25117098457332765
2021-09-23,-0.19180729223620638
2021-09-24,-0.12877183701604758
2021-09-25,-0.06203786519107063
2021-09-26,0.008422946697472011
2021-09-27,0.07945853695614569
2021-09-28,0.1510990547511885
2021-09-29,0.22337490599423615
2021-09-30,0.29631676624730113
2021-10-01,0.36995559374220155
2021-10-02,0.4382979783398381
2021-10-03,0.5013729261469637
2021-10-04,0.5611051142089862
2021-10-05,0.6175198942638308
2021-10-06,0.6706412100638612
2021-10-07,0.7204916075381675
2021-10-08,0.767092244361586
2021-10-09,0.8104628989345106
2021-10-10,0.8506219787773098
2021-10-11,0.8884635602678241
2021-10-12,0.9240037042584641
2021-10-13,0.9572574948177284
2021-10-14,0.9882390456322345
2021-10-15,1.0169615059968988
2021-10-16,1.0434370663958024
2021-10-17,1.0676769636761203
2021-10-18,1.0888853483492293
2021-10-19,1.1070712217497114
2021-10-20,1.1222423023876593
2021-10-21,1.1344050292245917
2021-10-22,1.1435645644063004
2021-10-23,1.1497247954537855
2021-10-24,1.152888336913209
2021-10-25,1.1535853652953127
2021-10-26,1.1518161764352475
2021-10-27,1.147580019447874
2021-10-28,1.140875096409072
2021-10-29,1.1316985615926545
2021-10-30,1.1200465202625796
2021-10-31,1.105914027019931
2021-11-01,1.0891847618324673
2021-11-02,1.0720627501214521
2021-11-03,1.0545407249045815
2021-11-04,1.0366112494244613
2021-11-05,1.0182667139922743
2021-11-06,0.9994993327580501
2021-11-07,0.9803011404061687
2021-11-08,0.9610491589841351
2021-11-09,0.9417352175006731
2021-11-10,0.9223511186672071
2021-11-11,0.9028886354187409
2021-11-12,0.8833395074220987
2021-11-13,0.863695437570047
2021-11-14,0.8439480884598078
2021-11-15,0.8229292175423905
2021-11-16,0.8006299039172843
2021-11-17,0.7770406832341399
2021-11-18,0.7521515436758779
2021-11-19,0.7259519217094392
2021-11-20,0.6984306976023749
2021-11-21,0.669576190703371
2021-11-22,0.6403759518092976
2021-11-23,0.6108175876556878
2021-11-24,0.5808885529813378
2021-11-25,0.550576145203803
2021-11-26,0.519867499028126
2021-11-27,0.48874958098650384
2021-11-28,0.4572091839065798
2021-11-29,0.4246560950098774
2021-11-30,0.3910764980039557
2021-12-01,0.35645614092231964
2021-12-02,0.3217857436698289
2021-12-03,0.2870505913188467
2021-12-04,0.2522359414581574
2021-12-05,0.21732701793594267
2021-12-06,0.18391081671174103
2021-12-07,0.15197315516804927
2021-12-08,0.12150047821419219
2021-12-09,0.09247985253322466
2021-12-10,0.06489896109272952
2021-12-11,0.038746097917180755
2021-12-12,0.014010163119654195
2021-12-13,-0.010824340442491365
2021-12-14,-0.035767953113519935
2021-12-15,-0.06083126154615415
2021-12-16,-0.08602490319479711
2021-12-17,-0.11135957083031855
2021-12-18,-0.13684601707831556
2021-12-19,-0.16249505898277927
2021-12-20,-0.18771112067493617
2021-12-21,-0.2125049044412466
2021-12-22,-0.23688693334354088
2021-12-23,-0.26086755568525277
2021-12-24,-0.28445694940348165
2021-12-25,-0.30766512638874705
2021-12-26,-0.3305019367342694
2021-12-27,-0.3525356300143479
2021-12-28,-0.37377555784384375
2021-12-29,-0.3942307349449924
2021-12-30,-0.41390984297346295
2021-12-31,-0.4328212342030545
2022-01-01,-0.4509729350705989
2022-01-02,-0.4669922853671794
2022-01-03,-0.4804730143204754
2022-01-04,-0.49142084346720827
2022-01-05,-0.49984041932217016
2022-01-06,-0.5057353153503126
2022-01-07,-0.509108033483409
2022-01-08,-0.5099600051819329
2022-01-09,-0.5082915920426031
2022-01-10,-0.5052204130001243
2022-01-11,-0.5007451645742672
2022-01-12,-0.4948639473649103
2022-01-13,-0.48757426524589104
2022-01-14,-0.47887302430559087
2022-01-15,-0.46875653153380686
2022-01-16,-0.45722049325435243
2022-01-17,-0.4443468212263661
2022-01-18,-0.43013005156228606
2022-01-19,-0.41456415033249466
2022-01-20,-0.3976425110043778
2022-01-21,-0.3793579516383573
2022-01-22,-0.3597027118397083
2022-01-23,-0.3386684494648664
2022-01-24,-0.3163735008775513
2022-01-25,-0.29280840358003796
2022-01-26,-0.26796315599377596
2022-01-27,-0.24182721321448597
2022-01-28,-0.21438948253665566
2022-01-29,-0.185638318745536
2022-01-30,-0.15556151917463895
2022-01-31,-0.12468242982595824
2022-02-01,-0.0929879448916211
2022-02-02,-0.06390815865498423
2022-02-03,-0.037430728974506444
2022-02-04,-0.013544418209646247
2022-02-05,0.007760911548656435
2022-02-06,0.026494302780745382
2022-02-07,0.04471261077741079
2022-02-08,0.06242356781474645
2022-02-09,0.0796346908372306
2022-02-10,0.09635328464809284
2022-02-11,0.1125864450096441
2022-02-12,0.128341061654883
2022-02-13,0.14362382121166106
2022-02-14,0.15692546964556303
2022-02-15,0.16825165248734902
2022-02-16,0.1776071768339702
2022-02-17,0.18499601338881233
2022-02-18,0.19042129814695619
2022-02-19,0.19388533372616643
2022-02-20,0.19538959034417705
2022-02-21,0.19465035689694318
2022-02-22,0.19166731963649722
2022-02-23,0.18643921249204348
2022-02-24,0.17896381653260932
2022-02-25,0.1692379590252777
2022-02-26,0.15725751208860614
2022-02-27,0.14301739094065638
2022-02-28,0.12785480895997844
2022-03-01,0.1117633307920815
2022-03-02,0.09674086760225598
2022-03-03,0.08278104350570431
2022-03-04,0.06987793362651845
2022-03-05,0.058026061583023814
2022-03-06,0.04722039716347459
2022-03-07,0.03659472333579611
2022-03-08,0.026144530315449832
2022-03-09,0.01586538279605698
2022-03-10,0.005752918066950774
2022-03-11,-0.004197155838460198
2022-03-12,-0.013989061964303051
2022-03-13,-0.02362695622459915
2022-03-14,-0.033356766341509636
2022-03-15,-0.04318262187405725
2022-03-16,-0.05310869314518557
2022-03-17,-0.06313919301174237
2022-03-18,-0.07327837865251402
2022-03-19,-0.08353055337507187
2022-03-20,-0.09390006844219684
2022-03-21,-0.10363337368450937
2022-03-22,-0.11273460014444497
2022-03-23,-0.12120761059541796
2022-03-24,-0.12905600118127225
2022-03-25,-0.1362831029425698
2022-03-26,-0.14289198323036106
2022-03-27,-0.14888544700804157
2022-03-28,-0.1545830321867424
2022-03-29,-0.15998715695489663
2022-03-30,-0.16510011494947455
2022-03-31,-0.16992407622945593
2022-04-01,-0.174461088196855
2022-04-02,-0.17929482428436208
2022-04-03,-0.18442733604264816
2022-04-04,-0.18986504562942497
2022-04-05,-0.1956102609358452
2022-04-06,-0.2016654203656824
2022-04-07,-0.20803309387024674
2022-04-08,-0.21471598403913217
2022-04-09,-0.22171692724725894
2022-04-10,-0.22903889485869733
2022-04-11,-0.2368736829833148
2022-04-12,-0.2452246168884703
2022-04-13,-0.25409524090586616
2022-04-14,-0.26348931993584546
2022-04-15,-0.2734108410453037
2022-04-16,-0.28386401515989357
2022-04-17,-0.2948532788512398
2022-04-18,-0.3062592793742532
2022-04-19,-0.31808685770237566
2022-04-20,-0.33034103373653173
2022-04-21,-0.3430270084356916
2022-04-22,-0.35615016602428007
2022-04-23,-0.36971607627736724
2022-04-24,-0.38373049688461086
2022-04-25,-0.3977543161433447
2022-04-26,-0.41179348609052047
2022-04-27,-0.42585396527828157
2022-04-28,-0.4399417213029113
2022-04-29,-0.45406273333762065
2022-04-30,-0.4682229946702494
2022-05-01,-0.4824285152469576
2022-05-02,-0.4965811013405985
2022-05-03,-0.510686759639781
2022-05-04,-0.5247514769158602
2022-05-05,-0.5387812225638635
2022-05-06,-0.5527819511360409
2022-05-07,-0.5667596048691171
2022-05-08,-0.5807201162063148
2022-05-09,-0.5930957136722058
2022-05-10,-0.6038916497598565
2022-05-11,-0.6131125065170915
2022-05-12,-0.6207621974912214
2022-05-13,-0.6268439693900445
2022-05-14,-0.6313604034598252
2022-05-15,-0.6343134165808358
2022-05-16,-0.6372834959083602
2022-05-17,-0.6402719020135441
2022-05-18,-0.6432799032458463
2022-05-19,-0.6463087762713555
2022-05-20,-0.6493598066146381
2022-05-21,-0.6524342892043445
2022-05-22,-0.655533528922807
2022-05-23,-0.6585854998372656
2022-05-24,-0.6615914972755709
2022-05-25,-0.6645527970533548
2022-05-26,-0.6674706560155167
2022-05-27,-0.6703463125696574
2022-05-28,-0.6731809872116886
2022-05-29,-0.6759758830438398
2022-05-30,-0.6775588775766028
2022-05-31,-0.677930642669888
2022-06-01,-0.6770913361094978
2022-06-02,-0.6745482629064724
2022-06-03,-0.6703003437210546
2022-06-04,-0.6643457756369706
2022-06-05,-0.6566820313962307
2022-06-06,-0.6480157165412276
2022-06-07,-0.6383431528852063
2022-06-08,-0.6276602351658811
2022-06-09,-0.615962429303067
2022-06-10,-0.6032447704743098
2022-06-11,-0.5895018610076987
2022-06-12,-0.5747278680909691
2022-06-13,-0.5586784549769922
2022-06-14,-0.5413468099193994
2022-06-15,-0.5227255769625898
2022-06-16,-0.502806852819691
2022-06-17,-0.4815821835182188
2022-06-18,-0.4590425608120141
2022-06-19,-0.43517841835793214
2022-06-20,-0.41018603855955005
2022-06-21,-0.3840548140662358
2022-06-22,-0.35677365417502815
2022-06-23,-0.3283309801234821
2022-06-24,-0.29871472017537226
2022-06-25,-0.2679123044971645
2022-06-26,-0.23591065982308618
2022-06-27,-0.2024903022150057
2022-06-28,-0.16763704729135345
2022-06-29,-0.13133610251541927
2022-06-30,-0.09357206091705411
2022-07-01,-0.054328894553591245
2022-07-02,-0.016987396357397433
2022-07-03,0.018468282276889625
2022-07-04,0.05189945205465901
2022-07-05,0.08332030194641854
2022-07-06,0.11274416769588846
2022-07-07,0.14018353748000412
2022-07-08,0.16565005720918968
2022-07-09,0.18915453547015526
2022-07-10,0.21070694811331414
2022-07-11,0.2306055914198849
2022-07-12,0.2488589108395749
2022-07-13,0.2654746535081448
2022-07-14,0.2804598715354748
2022-07-15,0.29382092499864393
2022-07-16,0.3055634846412964
2022-07-17,0.3156925342804376
2022-07-18,0.3242705779569846
2022-07-19,0.3313012563933394
2022-07-20,0.3367875535738987
2022-07-21,0.34073179801152664
2022-07-22,0.3431356637358298
2022-07-23,0.3440001710036555
2022-07-24,0.3433256867321113
2022-07-25,0.3412084353582439
2022-07-26,0.33764751827104134
2022-07-27,0.3326414241339915
2022-07-28,0.32618802824363535
2022-07-29,0.318284591627793
2022-07-30,0.30892775988308
2022-07-31,0.29811356175122006
2022-08-01,0.2851978574833718
2022-08-02,0.27252082560633795
2022-08-03,0.26007708569123666
2022-08-04,0.24786135632375222
2022-08-05,0.23586845286257907
2022-08-06,0.22409328523893884
2022-08-07,0.21253085579623615
2022-08-08,0.20143364158378127
2022-08-09,0.19079693268426579
2022-08-10,0.18061621462960883
2022-08-11,0.17088716648491087
2022-08-12,0.16160565901454815
2022-08-13,0.15276775292962835
2022-08-14,0.14436969721606435
2022-08-15,0.13621727000313702
2022-08-16,0.12830701121002783
2022-08-17,0.12063556353786073
2022-08-18,0.11319967104478579
2022-08-19,0.10599617776408149
2022-08-20,0.09902202636468849
2022-08-21,0.09227425685360696
2022-08-22,0.08573907946055287
2022-08-23,0.0794137205033636
2022-08-24,0.07329549535172886
2022-08-25,0.06738180728777093
2022-08-26,0.06167014640393692
2022-08-27,0.05615808853773496
2022-08-28,0.050843294242863546
2022-08-29,0.045622253305268645
2022-08-30,0.04049274979304096
2022-08-31,0.035452606624895466
2022-09-01,0.030499684646167896
2022-09-02,0.02547217760822064
2022-09-03,0.02036795171945846
2022-09-04,0.015184840627011281
2022-09-05,0.009862966917192531
2022-09-06,0.0044000718623054685
2022-09-07,-0.0012061631181044807
2022-09-08,-0.0069581174413094055
2022-09-09,-0.012858232371279268
2022-09-10,-0.018909012054811478
2022-09-11,-0.025113024584349275
2022-09-12,-0.03080087344254384
2022-09-13,-0.035974972685506174
2022-09-14,-0.0406375183219925
2022-09-15,-0.04479048924544156
2022-09-16,-0.048435648073863635
2022-09-17,-0.05157454189793642
2022-09-18,-0.054208502937626885
2022-09-19,-0.05720168397222285
2022-09-20,-0.06055535537777465
2022-09-21,-0.06427094053087914
2022-09-22,-0.06835001641279374
2022-09-23,-0.0727943142787444
2022-09-24,-0.0776057203927107
2022-09-25,-0.08278627682800035
2022-09-26,-0.08721256381064926
2022-09-27,-0.09088645996039682
2022-09-28,-0.09380952456471217
2022-09-29,-0.09598299824059253
2022-09-30,-0.09740780346110994
2022-10-01,-0.09808454494693032
2022-10-02,-0.09875261620271711
2022-10-03,-0.09981023294003169
2022-10-04,-0.10125784403615816
2022-10-05,-0.10309606389110958
2022-10-06,-0.10532567268839382
2022-10-07,-0.10794761672614157
2022-10-08,-0.11096300881873748
2022-10-09,-0.11437312876912455
2022-10-10,-0.11872634990578293
2022-10-11,-0.12402451983759769
2022-10-12,-0.1302698872318278
2022-10-13,-0.1374651027684929
2022-10-14,-0.14561322026538415
2022-10-15,-0.15471769797417573
2022-10-16,-0.16478240004818787
2022-10-17,-0.17532552148450276
2022-10-18,-0.18635153703049295
2022-10-19,-0.19786512638508702
2022-10-20,-0.2098711761849441
2022-10-21,-0.2223747820784561
2022-10-22,-0.23538125088846037
2022-10-23,-0.2488961028645798
2022-10-24,-0.26306957576274254
2022-10-25,-0.2779076851364059
2022-10-26,-0.29341672862629525
2022-10-27,-0.30960328863327014
2022-10-28,-0.3264742351120488
2022-10-29,-0.3440367284869783
2022-10-30,-0.36229822269108536
2022-10-31,-0.38118909659445144
2022-11-01,-0.4007173679258748
2022-11-02,-0.41979425016679406
2022-11-03,-0.4384278399922966
2022-11-04,-0.45662604593379963
2022-11-05,-0.47439659173561405
2022-11-06,-0.49174701963308387
2022-11-07,-0.5085132495394988
2022-11-08,-0.5247023974350428
2022-11-09,-0.5403213343727947
2022-11-10,-0.5553766893949639
2022-11-11,-0.5698748523464112
2022-11-12,-0.5838219765866479
2022-11-13,-0.5972239816014658
2022-11-14,-0.60990753429184
2022-11-15,-0.6218780178542378
2022-11-16,-0.6331405128419083
2022-11-17,-0.643699799321187
2022-11-18,-0.6535603589002689
2022-11-19,-0.6627263766313065
2022-11-20,-0.6712017427866455
2022-11-21,-0.6799458011311565
2022-11-22,-0.6889622628477506
2022-11-23,-0.6982549547337017
2022-11-24,-0.7078278208248295
2022-11-25,-0.7176849240694412
2022-11-26,-0.72783044805274
2022-11-27,-0.7382686987724388
2022-11-28,-0.7485215517335754
2022-11-29,-0.7585933584867909
2022-11-30,-0.7684883937424811
2022-12-01,-0.7782108571850825
2022-12-02,-0.7857621724094077
2022-12-03,-0.7911455443702857
2022-12-04,-0.7943632578967097
2022-12-05,-0.7954188991600486
2022-12-06,-0.7943129161991493
2022-12-07,-0.7910448396089713
2022-12-08,-0.7856132823413592
2022-12-09,-0.7780159391163487
2022-12-10,-0.768249585443751
2022-12-11,-0.756310076254603
2022-12-12,-0.7420000062698614
2022-12-13,-0.7253133019610694
2022-12-14,-0.7062428811005672
2022-12-15,-0.6847806497556282
2022-12-16,-0.6609174988532045
2022-12-17,-0.6346433003138238
2022-12-18,-0.6059469027529947
2022-12-19,-0.5753376780337294
2022-12-20,-0.5428026348850168
2022-12-21,-0.5083279646734536
2022-12-22,-0.47189903554253826
2022-12-23,-0.43350038620256703
2022-12-24,-0.39311571936850187
2022-12-25,-0.3507278948430223
2022-12-26,-0.3059285670964812
2022-12-27,-0.2586987222461944
2022-12-28,-0.20901831484116207
2022-12-29,-0.1568662593543097
2022-12-30,-0.10222042123329853
2022-12-31,-0.045057607506101716
2023-01-01,0.014646443062632741
2023-01-02,0.07128010168053978
2023-01-03,0.12486740499716509
2023-01-04,0.1754310967176015
2023-01-05,0.2229926372554495
2023-01-06,0.26757221284111776
2023-01-07,0.3091887440893333
2023-01-08,0.34785989402949125
2023-01-09,0.38313525166543083
2023-01-10,0.415029788684128
2023-01-11,0.44355704187320066
2023-01-12,0.46872911886623925
2023-01-13,0.49055670328156875
2023-01-14,0.5090490592566262
2023-01-15,0.524214035379879
2023-01-16,0.5363376944579574
2023-01-17,0.5454251820553826
2023-01-18,0.5514803551144738
2023-01-19,0.5545057835923262
2023-01-20,0.5545027515515588
2023-01-21,0.551471257705303
2023-01-22,0.5454100154166546
2023-01-23,0.5361287600447115
2023-01-24,0.5236235524075776
2023-01-25,0.5078890850025981
2023-01-26,0.4889186797537306
2023-01-27,0.46670428517721335
2023-01-28,0.4412364729643282
2023-01-29,0.4125044339798048
2023-01-30,0.38133823473976225
2023-01-31,0.34772464758017385
2023-02-01,0.31164940610832786
2023-02-02,0.27719455187001457
2023-02-03,0.24434546141909452
2023-02-04,0.21308819283314284
2023-02-05,0.18340947979617184
2023-02-06,0.1548330583239923
2023-02-07,0.12734679991484438
2023-02-08,0.10093903875767452
2023-02-09,0.07559856678089194
2023-02-10,0.051314628895401504
2023-02-11,0.028076918429891407
2023-02-12,0.005875572756441572
2023-02-13,-0.015676587824426436
2023-02-14,-0.03658871055383145
2023-02-15,-0.05686967102585627
2023-02-16,-0.07652807695455682
2023-02-17,-0.09557227182727729
2023-02-18,-0.1140103384458217
2023-02-19,-0.13185010235698374
2023-02-20,-0.14943666822856444
2023-02-21,-0.16677750021052168
2023-02-22,-0.18387995815760155
2023-02-23,-0.20075130075303377
2023-02-24,-0.21739868858928657
2023-02-25,-0.2338291872071892
2023-02-26,-0.25004977009471285
2023-02-27,-0.26458238919208804
2023-02-28,-0.2774332124828201
2023-03-01,-0.28860769415693244
2023-03-02,-0.298119539937849
2023-03-03,-0.3059727868754292
2023-03-04,-0.312170768071384
2023-03-05,-0.31671611409392203
2023-03-06,-0.3210061080719655
2023-03-07,-0.3250425707793143
2023-03-08,-0.32882721538516624
2023-03-09,-0.33236164818122615
2023-03-10,-0.33564736926345334
2023-03-11,-0.33868577316873794
2023-03-12,-0.34147814946677446
2023-03-13,-0.34330523191406326
2023-03-14,-0.34416779596713576
2023-03-15,-0.34406620771835406
2023-03-16,-0.34300042405128894
2023-03-17,-0.3409699926224202
2023-03-18,-0.3379740516691516
2023-03-19,-0.3340113296440588
2023-03-20,-0.3292509659115256
2023-03-21,-0.3236909400618251
2023-03-22,-0.31732889228992117
2023-03-23,-0.31016212239391233
2023-03-24,-0.30218758862900275
2023-03-25,-0.29340190641651487
2023-03-26,-0.28380134690739456
2023-03-27,-0.27433000757676457
2023-03-28,-0.26498386856665035
2023-03-29,-0.2557589631570223
2023-03-30,-0.24665137608222665
2023-03-31,-0.2376572418692557
2023-04-01,-0.22877274319714994
2023-04-02,-0.2208931057867013
2023-04-03,-0.21311377201729925
2023-04-04,-0.20543144015771053
2023-04-05,-0.19784284964658155
2023-04-06,-0.19034477970857974
2023-04-07,-0.18293404798742152
2023-04-08,-0.17560750919520546
2023-04-09,-0.1683620537774788
2023-04-10,-0.16118552455961016
2023-04-11,-0.15407487565471925
2023-04-12,-0.14702708913707177
2023-04-13,-0.14003917376120112
2023-04-14,-0.1331081636923538
2023-04-15,-0.12623111724771974
2023-04-16,-0.11940511564791348
2023-04-17,-0.113395843615996
2023-04-18,-0.10820075067634236
2023-04-19,-0.10381763190998039
2023-04-20,-0.10024462701877151
2023-04-21,-0.09748021953585687
2023-04-22,-0.09552323618203297
2023-04-23,-0.09437284636778484
2023-04-24,-0.09322025498121121
2023-04-25,-0.0920649728355651
2023-04-26,-0.09090650960207841
2023-04-27,-0.089744373601855
2023-04-28,-0.08857807159719057
2023-04-29,-0.08740710858223108
2023-04-30,-0.08623098757288072
2023-05-01,-0.0847699038931618
2023-05-02,-0.08382285408500283
2023-05-03,-0.08338943619831093
2023-05-04,-0.08346946628039607
2023-05-05,-0.08406297829789723
2023-05-06,-0.08517022415119865
2023-05-07,-0.0867916737813422
2023-05-08,-0.08928391451022873
2023-05-09,-0.09264800410312442
2023-05-10,-0.0968853703583485
2023-05-11,-0.10199781171326425
2023-05-12,-0.10798749800757773
2023-05-13,-0.11485697140426875
2023-05-14,-0.12260914746854412
2023-05-15,-0.1312512060132373
2023-05-16,-0.14078681493015782
2023-05-17,-0.15122002135479617
2023-05-18,-0.1625552533840225
2023-05-19,-0.1747973219554744
2023-05-20,-0.18795142288943195
2023-05-21,-0.20202313909404465
2023-05-22,-0.21702732705796332
2023-05-23,-0.2329703549095521
2023-05-24,-0.24985898924278577
2023-05-25,-0.26770039798915024
2023-05-26,-0.28650215345988084
2023-05-27,-0.3062722355598278
2023-05-28,-0.32701903517431513
2023-05-29,-0.34780508829192636
2023-05-30,-0.36863921699985197
2023-05-31,-0.3895302637896875
2023-06-01,-0.41048709531039346
2023-06-02,-0.42849171000048164
2023-06-03,-0.4435517494396077
2023-06-04,-0.4556736054608081
2023-06-05,-0.46571457149039597
2023-06-06,-0.47367890914924193
2023-06-07,-0.4795699986885579
2023-06-08,-0.4833903404245543
2023-06-09,-0.4851415557996331
2023-06-10,-0.48482438807056527
2023-06-11,-0.4824387026239473
2023-06-12,-0.478022852554694
2023-06-13,-0.471574963672736
2023-06-14,-0.463092299343197
2023-06-15,-0.4525712593249005
2023-06-16,-0.44000737824234487
2023-06-17,-0.42539532369049227
2023-06-18,-0.4087288939715718
2023-06-19,-0.39117334902534273
2023-06-20,-0.3727212378678539
2023-06-21,-0.35336472899148036
2023-06-22,-0.33309560704104957
2023-06-23,-0.3119052693270509
2023-06-24,-0.28978472217445406
2023-06-25,-0.2667245771055822
2023-06-26,-0.2411221589414434
2023-06-27,-0.21296660141685275
2023-06-28,-0.1822459546545552
2023-06-29,-0.14894718009341798
2023-06-30,-0.11305614495456076
2023-07-01,-0.074557616243073
2023-07-02,-0.03737165801543091
2023-07-03,-0.0028136584963602274
2023-07-04,0.029131049537548526
2023-07-05,0.05847602416766612
2023-07-06,0.08523372008769114
2023-07-07,0.1094154938897135
2023-07-08,0.131031608884218
2023-07-09,0.15009123945607306
2023-07-10,0.1673747362535532
2023-07-11,0.18288943479701147
2023-07-12,0.1966419198874444
2023-07-13,0.2086380284012354
2023-07-14,0.21888285176746247
2023-07-15,0.22738073812881848
2023-07-16,0.23413529418706613
2023-07-17,0.23929078277397325
2023-07-18,0.24284939199949795
2023-07-19,0.2448126322206421
2023-07-20,0.24518133668248154
2023-07-21,0.24395566187181483
2023-07-22,0.24113508758358032
2023-07-23,0.23671841670006835
2023-07-24,0.2309311483872193
2023-07-25,0.22377082639297957
2023-07-26,0.21523441170919402
2023-07-27,0.2053182812817789
2023-07-28,0.19401822647301303
2023-07-29,0.1813294512752941
2023-07-30,0.16724657027560016
2023-07-31,0.15235555504311685
2023-08-01,0.13665008548263438
2023-08-02,0.12266271924931668
2023-08-03,0.1103875197777284
2023-08-04,0.09981927718606062
2023-08-05,0.09095350606493502
2023-08-06,0.08378644357369118
2023-08-07,0.07696003300290197
2023-08-08,0.07047137706423125
2023-08-09,0.06431772182030976
2023-08-10,0.05849645551589991
2023-08-11,0.053005107469405385
2023-08-12,0.047841347024256464
2023-08-13,0.04300298255972465
2023-08-14,0.03856440172430148
2023-08-15,0.034523720680448844
2023-08-16,0.03087922446860808
2023-08-17,0.027629366279331796
2023-08-18,0.024772766796780338
2023-08-19,0.02230821361330909
2023-08-20,0.02023466071489391
2023-08-21,0.018632091471934398
2023-08-22,0.01749982571655495
2023-08-23,0.016837382888681945
2023-08-24,0.01664448183208289
2023-08-25,0.01692104067503672
2023-08-26,0.017667176795585965
2023-08-27,0.01888320687135442
2023-08-28,0.0204267005286054
2023-08-29,0.02229831286215403
2023-08-30,0.024498838228057263
2023-08-31,0.02702921058075705
2023-09-01,0.029890503869472743
2023-09-02,0.031856301831774014
2023-09-03,0.032927438798301865
2023-09-04,0.03350628209334495
2023-09-05,0.03359307739153852
2023-09-06,0.03318786153083753
2023-09-07,0.03229046252815152
2023-09-08,0.030900499506350904
2023-09-09,0.029017382532613926
2023-09-10,0.02664031236804524
2023-09-11,0.023126245395767575
2023-09-12,0.01847369016355351
2023-09-13,0.012680672018125463
2023-09-14,0.005744732267066736
2023-09-15,-0.002337072864705185
2023-09-16,-0.011568173484345443
2023-09-17,-0.021952487486899742
2023-09-18,-0.03264950613502234
2023-09-19,-0.04366376949366234
2023-09-20,-0.05499995227384533
2023-09-21,-0.06666286581672991
2023-09-22,-0.07865746013565375
2023-09-23,-0.09098882601703487
2023-09-24,-0.10366219718102025
2023-09-25,-0.11691600289855088
2023-09-26,-0.13075586839481898
2023-09-27,-0.14518766763249652
2023-09-28,-0.16021752580478227
2023-09-29,-0.17585182193507737
2023-09-30,-0.192097191584392
2023-10-01,-0.2089605296676323
2023-10-02,-0.2248238892545681
2023-10-03,-0.2396940031260989
2023-10-04,-0.2535771825064077
2023-10-05,-0.266479319741592
2023-10-06,-0.2784058908005136
2023-10-07,-0.2893619575989275
2023-10-08,-0.29935217014787785
2023-10-09,-0.3085782772960959
2023-10-10,-0.31704419481928126
2023-10-11,-0.32475351585087375
2023-10-12,-0.3317095124070628
2023-10-13,-0.3379151367755082
2023-10-14,-0.34337302276835985
2023-10-15,-0.34808548684010904
2023-10-16,-0.3509720288730276
2023-10-17,-0.35203387398307906
2023-10-18,-0.3512714728421677
2023-10-19,-0.34868450186941446
2023-10-20,-0.3442718630938216
2023-10-21,-0.33803168368826825
2023-10-22,-0.32996131517463845
2023-10-23,-0.32053827369486415
2023-10-24,-0.3097585598897085
2023-10-25,-0.2976175985964632
2023-10-26,-0.28411023690714265
2023-10-27,-0.26923074198146885
2023-10-28,-0.25297279861371985
2023-10-29,-0.23532950655240897
2023-10-30,-0.21645934447882398
2023-10-31,-0.19635430345475194
2023-11-01,-0.1750058504304657
2023-11-02,-0.15467066914529334
2023-11-03,-0.13534012887259733
2023-11-04,-0.11700602527888765
2023-11-05,-0.09966057694171016
2023-11-06,-0.08259809646555816
2023-11-07,-0.06581134213457579
2023-11-08,-0.04929318925753329
2023-11-09,-0.03303662714394123
2023-11-10,-0.017034756128549544
2023-11-11,-0.0012807846429683245
2023-11-12,0.01423197366683282
2023-11-13,0.028120534653970908
2023-11-14,0.04039079294862352
2023-11-15,0.05104795633544823
2023-11-16,0.06009654796388919
2023-11-17,0.06754040826790658
2023-11-18,0.07338269659594743
2023-11-19,0.07762589255184646
2023-11-20,0.08103346706646461
2023-11-21,0.0836068663941392
2023-11-22,0.0853471827457443
2023-11-23,0.08625515475225062
2023-11-24,0.08633116777821792
2023-11-25,0.08557525408535246
2023-11-26,0.08398709284620012
2023-11-27,0.08165620136950372
2023-11-28,0.07858159037039406
2023-11-29,0.07476195491203894
2023-11-30,0.07019567385179729
2023-12-01,0.06488080915316835
2023-12-02,0.05854586447480656
2023-12-03,0.0511881511179975
2023-12-04,0.04216072563506652
2023-12-05,0.03145975657546057
2023-12-06,0.019080702197583524
2023-12-07,0.0050183085411746875
2023-12-08,-0.010733392802594652
2023-12-09,-0.028181087224253526
2023-12-10,-0.047332179933467444
2023-12-11,-0.06740029992984888
2023-12-12,-0.08839396459297667
2023-12-13,-0.1103220841252377
2023-12-14,-0.13319396533352498
2023-12-15,-0.15701931557926413
2023-12-16,-0.18180824689844466
2023-12-17,-0.20757128029340494
2023-12-18,-0.23447017628530623
2023-12-19,-0.2625163513948522
2023-12-20,-0.2917217090748422
2023-12-21,-0.3220986447622752
2023-12-22,-0.35366005113926324
2023-12-23,-0.38641932360498693
2023-12-24,-0.420390365961017
2023-12-25,-0.4562969703662326
2023-12-26,-0.49415437642350446
2023-12-27,-0.53397865170156
2023-12-28,-0.5757866985544348
2023-12-29,-0.6195962612952268
2023-12-30,-0.6654259337271977
2023-12-31,-0.7132951670354197
2024-01-01,-0.7626783489418716
2024-01-02,-0.8087132223940466
2024-01-03,-0.8514193256691307
2024-01-04,-0.8908147842363751
2024-01-05,-0.9269163184499715
2024-01-06,-0.9597392506455625
2024-01-07,-0.989297511643397
2024-01-08,-1.0159459668608846
2024-01-09,-1.0396959265258063
2024-01-10,-1.0605574706766248
2024-01-11,-1.0785394534406911
2024-01-12,-1.0936495067921421
2024-01-13,-1.1058940437910898
2024-01-14,-1.1152782613054706
2024-01-15,-1.120219880153509
2024-01-16,-1.1207209976738424
2024-01-17,-1.1167818265524692
2024-01-18,-1.1084006949130167
2024-01-19,-1.0955740456071579
2024-01-20,-1.0782964347048736
2024-01-21,-1.0565605291839228
2024-01-22,-1.0315420731703302
2024-01-23,-1.0032304482461083
2024-01-24,-0.9716136382953459
2024-01-25,-0.93667822440429
2024-01-26,-0.8984093791660427
2024-01-27,-0.856790860387463
2024-01-28,-0.8118050041956021
2024-01-29,-0.764081179895991
2024-01-30,-0.7135991323811959
2024-01-31,-0.6603374358893276
2024-02-01,-0.6042734849104461
2024-02-02,-0.5511530180957557
2024-02-03,-0.5009534898764949
2024-02-04,-0.453653594398573
2024-02-05,-0.40861691415433754
2024-02-06,-0.36582433452315233
2024-02-07,-0.32525769333317667
2024-02-08,-0.28689977315291615
2024-02-09,-0.2507342939837415
2024-02-10,-0.21674590635027535
2024-02-11,-0.18492018478571792
2024-02-12,-0.15572144868784177
2024-02-13,-0.1291373054300028
2024-02-14,-0.10515647207992018
2024-02-15,-0.0837687706109379
2024-02-16,-0.06496512358223094
2024-02-17,-0.048737550286127584
2024-02-18,-0.035079163360910104
2024-02-19,-0.023025441535763025
2024-02-20,-0.01257126892917182
2024-02-21,-0.0037122085457281795
2024-02-22,0.0035554996070342737
2024-02-23,0.00923494011446857
2024-02-24,0.013328523463985165
2024-02-25,0.015837987068118564
2024-02-26,0.016366066268880153
2024-02-27,0.014912985195436157
2024-02-28,0.01147812712618701
2024-02-29,0.00606003422701662
2024-03-01,-0.001343593067446372
2024-03-02,-0.008868971560726122
2024-03-03,-0.016519295199495965
2024-03-04,-0.024347862599272352
2024-03-05,-0.03235799638719304
2024-03-06,-0.04055309625141834
2024-03-07,-0.048936640384038194
2024-03-08,-0.05751218695729833
2024-03-09,-0.06628337563377183
2024-03-10,-0.07525392911111702
2024-03-11,-0.08443474438965642
2024-03-12,-0.09382971802216064
2024-03-13,-0.10344283745521547
2024-03-14,-0.11327818272158753
2024-03-15,-0.12333992817188569
2024-03-16,-0.13363234424625298
2024-03-17,-0.14415979928684133
2024-03-18,-0.15488935611045518
2024-03-19,-0.16582556859200648
2024-03-20,-0.17697307831590264
2024-03-21,-0.18833661654604383
2024-03-22,-0.19992100623388137
2024-03-23,-0.21173116406539214
2024-03-24,-0.22377210254783414
2024-03-25,-0.23569152639237392
2024-03-26,-0.2474944944813215
2024-03-27,-0.25918601627044
2024-03-28,-0.27077105391507633
2024-03-29,-0.2822545243762148
2024-03-30,-0.2936413015073514
2024-03-31,-0.30493621812307115
2024-04-01,-0.31701068723340875
2024-04-02,-0.32805490100679363
2024-04-03,-0.33807354686590785
2024-04-04,-0.34707087695841976
2024-04-05,-0.3550507099616949
2024-04-06,-0.3620164327035315
2024-04-07,-0.3679710015996102
2024-04-08,-0.37252130688058843
2024-04-09,-0.3756692798024726
2024-04-10,-0.3774162564386111
2024-04-11,-0.3777629782467553
2024-04-12,-0.37670959238375135
2024-04-13,-0.37425565176799724
2024-04-14,-0.37040011488969066
2024-04-15,-0.3652308676734712
2024-04-16,-0.3587457161698964
2024-04-17,-0.3509419079289612
2024-04-18,-0.34181613083189405
2024-04-19,-0.33136451168541603
2024-04-20,-0.3195826145778672
2024-04-21,-0.3064654389965017
2024-04-22,-0.29195468113019546
2024-04-23,-0.2760441822738602
2024-04-24,-0.25872718963958774
2024-04-25,-0.23999635349060883
2024-04-26,-0.21984372402189212
2024-04-27,-0.19826074798606136
2024-04-28,-0.17523826506319765
2024-04-29,-0.14960794636632993
2024-04-30,-0.12135891378863428
2024-05-01,-0.09047917777985642
2024-05-02,-0.06028606956692173
2024-05-03,-0.030766774488398596
2024-05-04,-0.0019087638649123995
2024-05-05,0.026300210318319694
2024-05-06,0.052502439367985654
2024-05-07,0.07670904412304158
2024-05-08,0.09893029843280948
2024-05-09,0.11917563351743943
2024-05-10,0.1374536419707395
2024-05-11,0.15377208140707366
2024-05-12,0.16813787775387518
2024-05-13,0.18065098411858194
2024-05-14,0.19131671135625328
2024-05-15,0.200139586251032
2024-05-16,0.20712335343741656
2024-05-17,0.21227097698957154
2024-05-18,0.21558464167935093
2024-05-19,0.21706575390356522
2024-05-20,0.21716665569691443
2024-05-21,0.21588738988448045
2024-05-22,0.21322741351592633
2024-05-23,0.20918559763505676
2024-05-24,0.2037602268006618
2024-05-25,0.1969489983584438
2024-05-26,0.18874902146371728
2024-05-27,0.17929198579705435
2024-05-28,0.16857387757129
2024-05-29,0.15659014777056524
2024-05-30,0.1433357102196176
2024-05-31,0.12880493942508986
2024-06-01,0.11299166818793946
2024-06-02,0.0973986170416655
2024-06-03,0.08228987819215444
2024-06-04,0.06765903913720062
2024-06-05,0.05349989020645057
2024-06-06,0.039806421925873775
2024-06-07,0.026572822467201246
2024-06-08,0.013793475181249792
2024-06-09,0.0014629562140846264
2024-06-10,-0.011196503780740608
2024-06-11,-0.02419027777418975
2024-06-12,-0.037523880627908485
2024-06-13,-0.05120297143486022
2024-06-14,-0.06523335592117774
2024-06-15,-0.07962098891024921
2024-06-16,-0.0943719768500843
2024-06-17,-0.1094629874252106
2024-06-18,-0.12490042561353937
2024-06-19,-0.14069084342496493
2024-06-20,-0.15684094268219115
2024-06-21,-0.17335757786514128
2024-06-22,-0.19024775902015967
2024-06-23,-0.20751865473523984
2024-06-24,-0.2248287971455286
2024-06-25,-0.24218553308040022
2024-06-26,-0.25959622914461083
2024-06-27,-0.2770682748448575
2024-06-28,-0.2946090857260583
2024-06-29,-0.31222610651868243
2024-06-30,-0.3299268142984685
2024-07-01,-0.3486407276393879
2024-07-02,-0.3667813737480628
2024-07-03,-0.3843564519390653
2024-07-04,-0.40137342148671235
2024-07-05,-0.4178395047909574
2024-07-06,-0.4337616904427448
2024-07-07,-0.4491467361901324
2024-07-08,-0.4625211704609872
2024-07-09,-0.47389066967808124
2024-07-10,-0.4832600593228485
2024-07-11,-0.4906333159834318
2024-07-12,-0.49601356904244026
2024-07-13,-0.4994031020051321
2024-07-14,-0.5008033534685876
2024-07-15,-0.5012018494762196
2024-07-16,-0.5005987591590553
2024-07-17,-0.49899382655145597
2024-07-18,-0.49638637048247913
2024-07-19,-0.4927752842867727
2024-07-20,-0.4881590353348816
2024-07-21,-0.48253566438276285
2024-07-22,-0.4752169332504844
2024-07-23,-0.46619973569734746
2024-07-24,-0.45548024461377146
2024-07-25,-0.4430539103969799
2024-07-26,-0.42891545902004247
2024-07-27,-0.41305888979345484
2024-07-28,-0.39547747281830503
2024-07-29,-0.37728082193282564
2024-07-30,-0.3584612140527074
2024-07-31,-0.3390106616961197
2024-08-01,-0.31892090959363695
2024-08-02,-0.3003484483611397
2024-08-03,-0.28328539541161674
2024-08-04,-0.26772450878624093
2024-08-05,-0.2532970912173594
2024-08-06,-0.23999701937145584
2024-08-07,-0.22781864838691102
2024-08-08,-0.21675680947819098
2024-08-09,-0.20680680774209378
2024-08-10,-0.19796442016512264
2024-08-11,-0.19022589383114036
2024-08-12,-0.18313128549736707
2024-08-13,-0.17667758404606201
2024-08-14,-0.17086205037535818
2024-08-15,-0.16568221623672322
2024-08-16,-0.16113588318737698
2024-08-17,-0.15722112165722124
2024-08-18,-0.15393627012988476
2024-08-19,-0.15145576573597505
2024-08-20,-0.14977855569140108
2024-08-21,-0.148903928148985
2024-08-22,-0.14883151189633773
2024-08-23,-0.14956127619830759
2024-08-24,-0.15109353078393564
2024-08-25,-0.15342892597791202
2024-08-26,-0.15679892587311992
2024-08-27,-0.1612049607763491
2024-08-28,-0.16664890071188268
2024-08-29,-0.17313305621517913
2024-08-30,-0.18066017931351758
2024-08-31,-0.18923346469402264
2024-09-01,-0.19885655105956426
2024-09-02,-0.20853085807082
2024-09-03,-0.21826049172999612
2024-09-04,-0.22804958152122246
2024-09-05,-0.23790228216320203
2024-09-06,-0.24782277537257125
2024-09-07,-0.2578152716387176
2024-09-08,-0.2678840120108105
2024-09-09,-0.2782241292472014
2024-09-10,-0.288840011935531
2024-09-11,-0.2997361657047491
2024-09-12,-0.31091721513740894
2024-09-13,-0.3223879057324471
2024-09-14,-0.3341531059192855
2024-09-15,-0.3462178091241066
2024-09-16,-0.3585096944276733
2024-09-17,-0.37103397879365196
2024-09-18,-0.3837959778213075
2024-09-19,-0.39680110800156826
2024-09-20,-0.4100548890159111
2024-09-21,-0.4235629460790434
2024-09-22,-0.43733101232637644
2024-09-23,-0.4510122462425893
2024-09-24,-0.4646124544634003
2024-09-25,-0.478137409235328
2024-09-26,-0.49159285086556587
2024-09-27,-0.5049844901583042
2024-09-28,-0.5183180108385291
2024-09-29,-0.5315990719643274
2024-09-30,-0.5436935914856291
2024-10-01,-0.5546067025994456
2024-10-02,-0.5632010160625118
2024-10-03,-0.569480179502508
2024-10-04,-0.5734468579432861
2024-10-05,-0.5751027349359688
2024-10-06,-0.5744485132734876
2024-10-07,-0.5736435246543304
2024-10-08,-0.5726874274224963
2024-10-09,-0.5715798157879544
2024-10-10,-0.5703202196544164
2024-10-11,-0.5689081044198174
2024-10-12,-0.5673428707494188
2024-10-13,-0.5656238543214351
2024-10-14,-0.5636308065233178
2024-10-15,-0.561362881458958
2024-10-16,-0.5588191165679048
2024-10-17,-0.5559984322168328
2024-10-18,-0.5528996312413186
2024-10-19,-0.5495213984377386
2024-10-20,-0.5458623000050639
2024-10-21,-0.541659198570841
2024-10-22,-0.5369103102404983
2024-10-23,-0.531613619474738
2024-10-24,-0.5257668782340936
2024-10-25,-0.5193676050248103
2024-10-26,-0.5124130838456402
2024-10-27,-0.5049003630351078
2024-10-28,-0.4963720175615518
2024-10-29,-0.48682442779565016
2024-10-30,-0.4762535415169598
2024-10-31,-0.4646548721940599
2024-11-01,-0.4520234970803627
2024-11-02,-0.4387734241295929
2024-11-03,-0.42489902970083204
2024-11-04,-0.410609984959433
2024-11-05,-0.39590022530054464
2024-11-06,-0.3807635075580628
2024-11-07,-0.36519340735488526
2024-11-08,-0.34918331637625505
2024-11-09,-0.3327264395650375
2024-11-10,-0.31581579223773915
2024-11-11,-0.298388462454769
2024-11-12,-0.28043705364969074
2024-11-13,-0.26195394682467066
2024-11-14,-0.24293129731679808
2024-11-15,-0.22336103146862563
2024-11-16,-0.20323484320152135
2024-11-17,-0.18254419049037357
2024-11-18,-0.1610375493120566
2024-11-19,-0.1387057917449504
2024-11-20,-0.11553943966873786
2024-11-21,-0.09152866074166843
2024-11-22,-0.06666326422748259
2024-11-23,-0.04093269667022437
2024-11-24,-0.014326037415108794
2024-11-25,0.013192389779072278
2024-11-26,0.041634264376556984
2024-11-27,0.07101165777426419
2024-11-28,0.10133703842517564
2024-11-29,0.13262327713024002
2024-11-30,0.16488365250104128
2024-12-01,0.19813185659555202
2024-12-02,0.22932686732021595
2024-12-03,0.25848192456732794
2024-12-04,0.2856094024252066
2024-12-05,0.31072081443004657
2024-12-06,0.3338268184525327
2024-12-07,0.3549372212212899
2024-12-08,0.37406098248508823
2024-12-09,0.3897760162986257
2024-12-10,0.40208899248987384
2024-12-11,0.41100513697396535
2024-12-12,0.416528233971194
2024-12-13,0.41866062761312706
2024-12-14,0.4174032229375091
2024-12-15,0.41275548627238146
2024-12-16,0.40528830511528147
2024-12-17,0.39499851021984644
2024-12-18,0.38188173435641387
2024-12-19,0.36593241045846736
2024-12-20,0.3471437692598428
2024-12-21,0.325507836421694
2024-12-22,0.3010154291479957
2024-12-23,0.2734505377569725
2024-12-24,0.24280146306389389
2024-12-25,0.20905519688448765
2024-12-26,0.1721974165139623
2024-12-27,0.1322124786481168
2024-12-28,0.08908341274395465
2024-12-29,0.042791913816990344
2024-12-30,-0.006679383734437109
2024-12-31,-0.05935147668628794
2025-01-01,-0.11524672030696748
2025-01-02,-0.1683554511464488
2025-01-03,-0.21870020979246996
2025-01-04,-0.26630236373831356
2025-01-05,-0.3111821164516687
2025-01-06,-0.3525315253302023
2025-01-07,-0.390368140030327
2025-01-08,-0.42470801929643204
2025-01-09,-0.45556573777658865
2025-01-10,-0.4829543922083733
2025-01-11,-0.5068856069774282
2025-01-12,-0.527369539051123
2025-01-13,-0.5448280586871148
2025-01-14,-0.5592685756895429
2025-01-15,-0.5706972189516295
2025-01-16,-0.5791188390569252
2025-01-17,-0.5845370103380083
2025-01-18,-0.5869540323935185
2025-01-19,-0.5863709310641572
2025-01-20,-0.583468405203478
2025-01-21,-0.5782452229116075
2025-01-22,-0.5706991673477951
2025-01-23,-0.5608270357895353
2025-01-24,-0.5486246382732561
2025-01-25,-0.5340867958160018
2025-01-26,-0.51720733821735
2025-01-27,-0.4971092822700247
2025-01-28,-0.4737840978889286
2025-01-29,-0.44722188532016544
2025-01-30,-0.4174113709393523
2025-01-31,-0.3843399024668303
2025-02-01,-0.3479934435977408
2025-02-02,-0.3128532353851273
2025-02-03,-0.279418883614714
2025-02-04,-0.24767619796548113
2025-02-05,-0.2176117060990843
2025-02-06,-0.18921264794187798
2025-02-07,-0.1624669702692424
2025-02-08,-0.13736332158991327
2025-02-09,-0.11389104732814204
2025-02-10,-0.09152312904093102
2025-02-11,-0.07025007326050758
2025-02-12,-0.050062851204358494
2025-02-13,-0.030952894943204856
2025-02-14,-0.012912093764570698
2025-02-15,0.004067209269591476
2025-02-16,0.019992220572685515
2025-02-17,0.035393094916888135
2025-02-18,0.05027636879354269
2025-02-19,0.06464835901224625
2025-02-20,0.07851516538185088
2025-02-21,0.0918826732993655
2025-02-22,0.10475655624785579
2025-02-23,0.11714227820440326
2025-02-24,0.1274746290360716
2025-02-25,0.13575799403425787
2025-02-26,0.14199588885283965
2025-02-27,0.14619096100030093
2025-02-28,0.14834499096339632
2025-03-01,0.14845889296283102
2025-03-02,0.1475058226771034
2025-03-03,0.14615203677435998
2025-03-04,0.1443969606761945
2025-03-05,0.14223984948725446
2025-03-06,0.13967978767909014
2025-03-07,0.13671568870158274
2025-03-08,0.1333462945217871
2025-03-09,0.12957017508999327
2025-03-10,0.12560913336199184
2025-03-11,0.12146148817901292
2025-03-12,0.1171254791834152
2025-03-13,0.11259926607154894
2025-03-14,0.1078809278126879
2025-03-15,0.10296846183369918
2025-03-16,0.09785978316910429
2025-03-17,0.09236914004795455
2025-03-18,0.08649420211286707
2025-03-19,0.0802324759027501
2025-03-20,0.07358130379451971
2025-03-21,0.0665378628751426
2025-03-22,0.05909916374352578
2025-03-23,0.051262049241744684
2025-03-24,0.04287870433694568
2025-03-25,0.03394557094144007
2025-03-26,0.024458857624442443
2025-03-27,0.014414538002898825
2025-03-28,0.0038083490325956093
2025-03-29,-0.007364210801176468
2025-03-30,-0.019107883394169967
2025-03-31,-0.031121231967000673
2025-04-01,-0.043409355265830896
2025-04-02,-0.055671051948556385
2025-04-03,-0.06791152616608678
2025-04-04,-0.08013597306202086
2025-04-05,-0.0923495809775871
2025-04-06,-0.10455753365369726
2025-04-07,-0.11718282895299298
2025-04-08,-0.13023082534614222
2025-04-09,-0.14370706070804537
2025-04-10,-0.15761725466823895
2025-04-11,-0.17196731103844026
2025-04-12,-0.1867633203182629
2025-04-13,-0.20201156228016767
2025-04-14,-0.21714284061091377
2025-04-15,-0.2321635773789901
2025-04-16,-0.2470801477364606
2025-04-17,-0.2618988826247274
2025-04-18,-0.2766260714615311
2025-04-19,-0.2912679648103266
2025-04-20,-0.30583077703316813
2025-04-21,-0.31995856481087454
2025-04-22,-0.33365732430706996
2025-04-23,-0.34693286959573866
2025-04-24,-0.35979083512885535
2025-04-25,-0.3722366781277782
2025-04-26,-0.3842756808994209
2025-04-27,-0.39591295307818763
2025-04-28,-0.40833462057812564
2025-04-29,-0.4215459554455018
2025-04-30,-0.43555256487988553
2025-05-01,-0.4503603936139771
2025-05-02,-0.464531200867059
2025-05-03,-0.4780710010612267
2025-05-04,-0.49098554080441836
2025-05-05,-0.5028910508941797
2025-05-06,-0.5137925843074983
2025-05-07,-0.5236947679101736
2025-05-08,-0.5326018044205678
2025-05-09,-0.5405174741933381
2025-05-10,-0.5474451368239066
2025-05-11,-0.5533877325743524
2025-05-12,-0.5583089919539309
2025-05-13,-0.5622110036602458
2025-05-14,-0.5650954237983449
2025-05-15,-0.5669634765836093
2025-05-16,-0.5678159548613411
2025-05-17,-0.5676532204432627
2025-05-18,-0.5664752042610809
2025-05-19,-0.5637328886983485
2025-05-20,-0.5594251098521902
2025-05-21,-0.553550039400492
2025-05-22,-0.5461051838259185
2025-05-23,-0.5370873833576072
2025-05-24,-0.5264928106300861
2025-05-25,-0.5143169690588515
2025-05-26,-0.5006699399281984
2025-05-27,-0.48554593111971933
2025-05-28,-0.4689385236502811
2025-05-29,-0.45084066894765695
2025-05-30,-0.431244685858949
2025-05-31,-0.41014225739052657
2025-06-01,-0.38752442717809954
2025-06-02,-0.3650846554890162
2025-06-03,-0.34281341835923906
2025-06-04,-0.32070126335474036
2025-06-05,-0.29873880555966753
2025-06-06,-0.2769167235931656
2025-06-07,-0.2552257556531651
2025-06-08,-0.23365669558545632
2025-06-09,-0.212409732330559
2025-06-10,-0.19147584818023838
2025-06-11,-0.1708461583043558
2025-06-12,-0.15051190697993855
2025-06-13,-0.13046446387504623
2025-06-14,-0.11069532038585644
2025-06-15,-0.09119608602541357
2025-06-16,-0.07212933152835482
2025-06-17,-0.05348696451804397
2025-06-18,-0.0352610727378217
2025-06-19,-0.01744392069285927
2025-06-20,-2.7946367032904984e-05
2025-06-21,0.0169942419865724
2025-06-22,0.03362986898289333
2025-06-23,0.04998276359170434
2025-06-24,0.06605986636402011
2025-06-25,0.08186800079834827
2025-06-26,0.09741387623674136
2025-06-27,0.11270409071239967
2025-06-28,0.12774513375002988
2025-06-29,0.1425433891201514
2025-06-30,0.15720226910370488
2025-07-01,0.1717279952722699
2025-07-02,0.18481722059557934
2025-07-03,0.19647550044705606
2025-07-04,0.2067077828733906
2025-07-05,0.2155184106946079
2025-07-06,0.222911123347262
2025-07-07,0.22870862258631183
2025-07-08,0.23291336900605508
2025-07-09,0.23552714719923368
2025-07-10,0.23655106651445687
2025-07-11,0.2359855615270344
2025-07-12,0.2338303922234209
2025-07-13,0.23008464389934807
2025-07-14,0.22491883806887084
2025-07-15,0.2183307822431513
2025-07-16,0.21031768029718292
2025-07-17,0.20087613128304965
2025-07-18,0.19000212798648425
2025-07-19,0.1776910552261126
2025-07-20,0.1639376878946628
2025-07-21,0.14890486504963463
2025-07-22,0.13258620640935057
2025-07-23,0.11497478595334201
2025-07-24,0.09606312898278456
2025-07-25,0.07584320894806007
2025-07-26,0.05430644404210231
2025-07-27,0.031443693558076725
2025-07-28,0.00750269507816214
2025-07-29,-0.017526712517447175
2025-07-30,-0.04365515229484644
2025-07-31,-0.07089371377509862
2025-08-01,-0.09925395764088635
2025-08-02,-0.1263270320225538
2025-08-03,-0.15212442736618767
2025-08-04,-0.17708039999217146
2025-08-05,-0.2012055417990818
2025-08-06,-0.22451009206145958
2025-08-07,-0.24700394177559862
2025-08-08,-0.26869663785751485
2025-08-09,-0.2895973871948822
2025-08-10,-0.30971506055464926
2025-08-11,-0.32857335332149296
2025-08-12,-0.3461802693960149
2025-08-13,-0.36254328156527493
2025-08-14,-0.3776693346744167
2025-08-15,-0.3915648485742227
2025-08-16,-0.40423572084584936
2025-08-17,-0.4156873293038976
2025-08-18,-0.4265179482247638
2025-08-19,-0.4367321743764781
2025-08-20,-0.4463343429155601
2025-08-21,-0.455328529226961
2025-08-22,-0.4637185506537518
2025-08-23,-0.4715079681172936
2025-08-24,-0.4787000876285752
2025-08-25,-0.4848051403869625
2025-08-26,-0.48982571751966125
2025-08-27,-0.4937639498770526
2025-08-28,-0.4966215089370761
2025-08-29,-0.4983996075146438
2025-08-30,-0.4990990002763862
2025-08-31,-0.49871998406095297
2025-09-01,-0.4965233414437474
2025-09-02,-0.4937138950850194
2025-09-03,-0.490290452590013
2025-09-04,-0.4862515609696491
2025-09-05,-0.48159550602384227
2025-09-06,-0.4763203116139547
2025-09-07,-0.4704237388240765
2025-09-08,-0.466113443659519
2025-09-09,-0.4633875967301839
2025-09-10,-0.4622450411228688
2025-09-11,-0.4626852919102462
2025-09-12,-0.464708535945049
2025-09-13,-0.4683156319393753
2025-09-14,-0.4735081108291455
2025-09-15,-0.4797726580806527
2025-09-16,-0.4871119325142968
2025-09-17,-0.4955290490898345
2025-09-18,-0.5050275802284416
2025-09-19,-0.5156115573289325
2025-09-20,-0.5272854724787788
2025-09-21,-0.5400542803606572
2025-09-22,-0.55303464337336
2025-09-23,-0.5662320706865989
2025-09-24,-0.579652163597252
2025-09-25,-0.5933006179066866
2025-09-26,-0.6071832263381893
2025-09-27,-0.6213058809955335
2025-09-28,-0.6356745758637264
2025-09-29,-0.6502083586897253
2025-09-30,-0.6649133979509494
2025-10-01,-0.6797959348100558
2025-10-02,-0.693345393862827
2025-10-03,-0.7055675258166466
2025-10-04,-0.7164675180302279
2025-10-05,-0.726049996715249
2025-10-06,-0.7351863390891306
2025-10-07,-0.7438804228293021
2025-10-08,-0.7521359379082833
2025-10-09,-0.7599563881597942
2025-10-10,-0.7673450927658649
2025-10-11,-0.7743051876655745
2025-10-12,-0.7808396268860152
2025-10-13,-0.7860541438712937
2025-10-14,-0.7899509517844018
2025-10-15,-0.7925317045217757
2025-10-16,-0.7937974974152483
2025-10-17,-0.7937488676969344
2025-10-18,-0.7923857947272437
2025-10-19,-0.7897076999861218
2025-10-20,-0.7865700462602215
2025-10-21,-0.7829715018559023
2025-10-22,-0.7789105394667384
2025-10-23,-0.7743854355252943
2025-10-24,-0.7693942694716014
2025-10-25,-0.7639349229380283
2025-10-26,-0.7580050788501963
2025-10-27,-0.7508313873549695
2025-10-28,-0.7424108037698633
2025-10-29,-0.7327397542022221
2025-10-30,-0.7218141340323749
2025-10-31,-0.709629306171539
2025-11-01,-0.6961800990937311
2025-11-02,-0.6822996471122026
2025-11-03,-0.6682838099482591
2025-11-04,-0.6541266389527365
2025-11-05,-0.6398221254910863
2025-11-06,-0.6253641983931705
2025-11-07,-0.6107467213765151
2025-11-08,-0.5959634904419284
2025-11-09,-0.5810082312403783
2025-11-10,-0.566137129436082
2025-11-11,-0.5513438733855549
2025-11-12,-0.5366221844848713
2025-11-13,-0.5219658145048778
2025-11-14,-0.5073685429392991
2025-11-15,-0.4928241743646097
2025-11-16,-0.4783265358105505
2025-11-17,-0.4637732768533175
2025-11-18,-0.44915822074936534
2025-11-19,-0.43447516452699436
2025-11-20,-0.41971787635366364
2025-11-21,-0.4048800928910559
2025-11-22,-0.3899555166367701
2025-11-23,-0.3749378132515139
2025-11-24,-0.3597217634007975
2025-11-25,-0.344300909037116
2025-11-26,-0.32866870518913816
2025-11-27,-0.31281851718386733
2025-11-28,-0.29674361783073155
2025-11-29,-0.2804371845664059
2025-11-30,-0.26389229655915725
2025-12-01,-0.24613139048840882
2025-12-02,-0.22808949593169345
2025-12-03,-0.2097589554869081
2025-12-04,-0.19113198924388236
2025-12-05,-0.17220069148240316
2025-12-06,-0.1529570273168414
2025-12-07,-0.13339282928595908
2025-12-08,-0.11483484170587768
2025-12-09,-0.09727518813254213
2025-12-10,-0.08070641583820365
2025-12-11,-0.06512149264830808
2025-12-12,-0.05051380395687616
2025-12-13,-0.03687714991911034
2025-12-14,-0.02420574282003532
2025-12-15,-0.012405043556537931
2025-12-16,-0.0014700436357975577
2025-12-17,0.008603898011954103
2025-12-18,0.01782105700321157
2025-12-19,0.026185345315867414
2025-12-20,0.03370031294954673
2025-12-21,0.04036914943231079
2025-12-22,0.046052712225414655
2025-12-23,0.05075341356586313
2025-12-24,0.05447324854126834
2025-12-25,0.05721379593661183
2025-12-26,0.058976218904317645
2025-12-27,0.05976126545792165
2025-12-28,0.05956926878954554
2025-12-29,0.05911819592513117
2025-12-30,0.05840785541880286
2025-12-31,0.057437945785432896
2026-01-01,0.05620805537268371
2026-01-02,0.054970508157126174
2026-01-03,0.053724778894772146
2026-01-04,0.05247033886898139
2026-01-05,0.05075292495802066
2026-01-06,0.048571808251250743
2026-01-07,0.04592606303171855
2026-01-08,0.04281456638326108
2026-01-09,0.03923599771391367
2026-01-10,0.03518883819541975
2026-01-11,0.030671370118604643
2026-01-12,0.02635727589528692
2026-01-13,0.022244724522958746
2026-01-14,0.01833197053861304
2026-01-15,0.01461735327792793
2026-01-16,0.011099296170442148
2026-01-17,0.0077763060704215264
2026-01-18,0.004646972623133058
2026-01-19,0.0013517582209933848
2026-01-20,-0.0021107357020745537
2026-01-21,-0.00574197870948967
2026-01-22,-0.009543511985729829
2026-01-23,-0.013516948990446531
2026-01-24,-0.017663976143255038
2026-01-25,-0.02198635353949016
2026-01-26,-0.025665155418136146
2026-01-27,-0.02870194314876824
2026-01-28,-0.03109800561513882
2026-01-29,-0.03285435976220956
2026-01-30,-0.03397175102776683
2026-01-31,-0.03445065365880278
2026-02-01,-0.03429127091279706
2026-02-02,-0.03425872858053723
2026-02-03,-0.03435301285029631
2026-02-04,-0.03457416373852396
2026-02-05,-0.03492227510683055
2026-02-06,-0.0353974947018241
2026-02-07,-0.03600002421781755
2026-02-08,-0.036730119382432404
2026-02-09,-0.03859462661188438
2026-02-10,-0.04159433724665799
2026-02-11,-0.04573052443411867
2026-02-12,-0.05100494366886644
2026-02-13,-0.05741983353780875
2026-02-14,-0.06497791667026928
2026-02-15,-0.07368240089353519
2026-02-16,-0.08242533293669144
2026-02-17,-0.0912104235046202
2026-02-18,-0.10004140119526764
2026-02-19,-0.10892201408214841
2026-02-20,-0.11785603130511532
2026-02-21,-0.12684724467007097
2026-02-22,-0.1358994702582985
2026-02-23,-0.14502034854038723
2026-02-24,-0.15421375063044437
2026-02-25,-0.16348357842337785
2026-02-26,-0.17283376625095162
2026-02-27,-0.1822682825516082
2026-02-28,-0.19179113155476674
2026-03-01,-0.20140635498031187
2026-03-02,-0.21008528067224846
2026-03-03,-0.217831592169666
2026-03-04,-0.22464857718837297
2026-03-05,-0.23053912901628087
2026-03-06,-0.23550574774138275
2026-03-07,-0.23955054131284947
2026-03-08,-0.2426752264356924
2026-03-09,-0.24520479544140567
2026-03-10,-0.24714032193824936
2026-03-11,-0.24848262740894636
2026-03-12,-0.249232281559339
2026-03-13,-0.24938960256018528
2026-03-14,-0.24895465718219817
2026-03-15,-0.2479272608243846
2026-03-16,-0.2456749580321832
2026-03-17,-0.2421967928756009
2026-03-18,-0.2374912891399806
2026-03-19,-0.23155644969946138
2026-03-20,-0.22438975566935118
2026-03-21,-0.21598816533705362
2026-03-22,-0.20634811287109356
2026-03-23,-0.19609133257895675
2026-03-24,-0.18521347124315102
2026-03-25,-0.17370991204486
2026-03-26,-0.16157577260445782
2026-03-27,-0.14880590290931253
2026-03-28,-0.13539488312800063
2026-03-29,-0.12133702131000353
2026-03-30,-0.10557280219010946
2026-03-31,-0.08809553506495237
2026-04-01,-0.06889780217351957
2026-04-02,-0.049820939890451776
2026-04-03,-0.030856851549132036
2026-04-04,-0.011997488346842333
2026-04-05,0.006765154071336654
2026-04-06,0.024327391409717902
2026-04-07,0.04069667749266048
2026-04-08,0.0558799598281039
2026-04-09,0.06988368255625305
2026-04-10,0.08271378918462224
2026-04-11,0.09437572511059869
2026-04-12,0.10487443993259646
2026-04-13,0.11498883354990944
2026-04-14,0.12472319874779444
2026-04-15,0.13408166701855692
2026-04-16,0.1430682103150533
2026-04-17,0.15168664273648033
2026-04-18,0.15994062214716823
2026-04-19,0.1678336517290639
2026-04-20,0.17391993575655876
2026-04-21,0.17820205739097028
2026-04-22,0.18068183406489144
2026-04-23,0.18136031825355206
2026-04-24,0.1802377979215135
2026-04-25,0.17731379664488775
2026-04-26,0.17258707340913212
2026-04-27,0.16757859670320316
2026-04-28,0.1622862408124238
2026-04-29,0.15670775953715016
2026-04-30,0.15084078523943187
2026-05-01,0.1446828278381313
2026-05-02,0.13885640144564956
2026-05-03,0.1333590331903285
2026-05-04,0.12833149005806438
2026-05-05,0.12377163824194282
2026-05-06,0.11967754243418463
2026-05-07,0.11604746500475602
2026-05-08,0.1128798652638777
2026-05-09,0.11017339880812013
