date,ticker,ea,source,reported_date,fiscal_date_ending,reported_eps,estimated_eps,surprise,surprise_percentage,aligned_to_trading_day
2001-01-17,AAPL,1,Alpha Vantage EARNINGS,2001-01-17,2000-12-31,-0.01,-0.01,0.0,0.0,False
2001-04-18,AAPL,1,Alpha Vantage EARNINGS,2001-04-18,2001-03-31,0.01,nan,0.0,nan,False
2001-07-18,AAPL,1,Alpha Vantage EARNINGS,2001-07-18,2001-06-30,0.003,nan,0.0,nan,False
2001-10-17,AAPL,1,Alpha Vantage EARNINGS,2001-10-17,2001-09-30,0.0034,nan,0.0,nan,False
2002-01-16,AAPL,1,Alpha Vantage EARNINGS,2002-01-16,2001-12-31,0.01,0.01,0.0,0.0,False
2002-04-17,AAPL,1,Alpha Vantage EARNINGS,2002-04-17,2002-03-31,0.002,nan,0.0,nan,False
2002-07-16,AAPL,1,Alpha Vantage EARNINGS,2002-07-16,2002-06-30,0.01,0.01,0.0,0.0,False
2002-10-16,AAPL,1,Alpha Vantage EARNINGS,2002-10-16,2002-09-30,-0.0022,nan,0.0,nan,False
2003-01-15,AAPL,1,Alpha Vantage EARNINGS,2003-01-15,2002-12-31,-0.0004,nan,0.0,nan,False
2003-04-16,AAPL,1,Alpha Vantage EARNINGS,2003-04-16,2003-03-31,0.0007,nan,0.0,nan,False
2003-07-16,AAPL,1,Alpha Vantage EARNINGS,2003-07-16,2003-06-30,0.0009,nan,0.0,nan,False
2003-10-15,AAPL,1,Alpha Vantage EARNINGS,2003-10-15,2003-09-30,0.01,nan,0.0,nan,False
2004-01-14,AAPL,1,Alpha Vantage EARNINGS,2004-01-14,2003-12-31,0.01,0.01,0.0,0.0,False
2004-04-14,AAPL,1,Alpha Vantage EARNINGS,2004-04-14,2004-03-31,0.01,0.01,0.0,0.0,False
2004-07-14,AAPL,1,Alpha Vantage EARNINGS,2004-07-14,2004-06-30,0.01,0.01,0.0,0.0,False
2004-10-13,AAPL,1,Alpha Vantage EARNINGS,2004-10-13,2004-09-30,0.02,0.01,0.01,100.0,False
2005-01-12,AAPL,1,Alpha Vantage EARNINGS,2005-01-12,2004-12-31,0.01,0.01,0.0,0.0,False
2005-04-13,AAPL,1,Alpha Vantage EARNINGS,2005-04-13,2005-03-31,0.01,0.01,0.0,0.0,False
2005-07-13,AAPL,1,Alpha Vantage EARNINGS,2005-07-13,2005-06-30,0.01,0.01,0.0,0.0,False
2005-10-11,AAPL,1,Alpha Vantage EARNINGS,2005-10-11,2005-09-30,0.01,0.01,0.0,0.0,False
2006-01-18,AAPL,1,Alpha Vantage EARNINGS,2006-01-18,2005-12-31,0.02,0.02,0.0,0.0,False
2006-04-19,AAPL,1,Alpha Vantage EARNINGS,2006-04-19,2006-03-31,0.02,0.02,0.0,0.0,False
2006-07-19,AAPL,1,Alpha Vantage EARNINGS,2006-07-19,2006-06-30,0.02,0.02,0.0,0.0,False
2006-10-18,AAPL,1,Alpha Vantage EARNINGS,2006-10-18,2006-09-30,0.02,0.02,0.0,0.0,False
2007-01-17,AAPL,1,Alpha Vantage EARNINGS,2007-01-17,2006-12-31,0.04,0.03,0.01,33.3333,False
2007-04-25,AAPL,1,Alpha Vantage EARNINGS,2007-04-25,2007-03-31,0.03,0.02,0.01,50.0,False
2007-07-25,AAPL,1,Alpha Vantage EARNINGS,2007-07-25,2007-06-30,0.03,0.03,0.0,0.0,False
2007-10-22,AAPL,1,Alpha Vantage EARNINGS,2007-10-22,2007-09-30,0.04,0.03,0.01,33.3333,False
2008-01-22,AAPL,1,Alpha Vantage EARNINGS,2008-01-22,2007-12-31,0.06,0.06,0.0,0.0,False
2008-04-23,AAPL,1,Alpha Vantage EARNINGS,2008-04-23,2008-03-31,0.0425,0.0375,0.005,13.3333,False
2008-07-21,AAPL,1,Alpha Vantage EARNINGS,2008-07-21,2008-06-30,0.0425,0.0375,0.005,13.3333,False
2008-10-21,AAPL,1,Alpha Vantage EARNINGS,2008-10-21,2008-09-30,0.045,0.04,0.005,12.5,False
2009-01-21,AAPL,1,Alpha Vantage EARNINGS,2009-01-21,2008-12-31,0.0625,0.05,0.0125,25.0,False
2009-04-22,AAPL,1,Alpha Vantage EARNINGS,2009-04-22,2009-03-31,0.0475,0.04,0.0075,18.75,False
2009-07-21,AAPL,1,Alpha Vantage EARNINGS,2009-07-21,2009-06-30,0.0475,0.0425,0.005,11.7647,False
2009-10-19,AAPL,1,Alpha Vantage EARNINGS,2009-10-19,2009-09-30,0.065,0.05,0.015,30.0,False
2010-01-25,AAPL,1,Alpha Vantage EARNINGS,2010-01-25,2009-12-31,0.13,0.075,0.055,73.3333,False
2010-04-20,AAPL,1,Alpha Vantage EARNINGS,2010-04-20,2010-03-31,0.12,0.0875,0.0325,37.1429,False
2010-07-20,AAPL,1,Alpha Vantage EARNINGS,2010-07-20,2010-06-30,0.125,0.11,0.015,13.6364,False
2010-10-18,AAPL,1,Alpha Vantage EARNINGS,2010-10-18,2010-09-30,0.165,0.145,0.02,13.7931,False
2011-01-18,AAPL,1,Alpha Vantage EARNINGS,2011-01-18,2010-12-31,0.23,0.1925,0.0375,19.4805,False
2011-04-20,AAPL,1,Alpha Vantage EARNINGS,2011-04-20,2011-03-31,0.2275,0.1925,0.035,18.1818,False
2011-07-19,AAPL,1,Alpha Vantage EARNINGS,2011-07-19,2011-06-30,0.2775,0.2075,0.07,33.7349,False
2011-10-18,AAPL,1,Alpha Vantage EARNINGS,2011-10-18,2011-09-30,0.2525,0.265,-0.0125,-4.717,False
2012-01-24,AAPL,1,Alpha Vantage EARNINGS,2012-01-24,2011-12-31,0.495,0.3625,0.1325,36.5517,False
2012-04-24,AAPL,1,Alpha Vantage EARNINGS,2012-04-24,2012-03-31,0.44,0.3575,0.0825,23.0769,False
2012-07-24,AAPL,1,Alpha Vantage EARNINGS,2012-07-24,2012-06-30,0.3325,0.37,-0.0375,-10.1351,False
2012-10-25,AAPL,1,Alpha Vantage EARNINGS,2012-10-25,2012-09-30,0.31,0.3125,-0.0025,-0.8,False
2013-01-23,AAPL,1,Alpha Vantage EARNINGS,2013-01-23,2012-12-31,0.4925,0.48,0.0125,2.6042,False
2013-04-23,AAPL,1,Alpha Vantage EARNINGS,2013-04-23,2013-03-31,0.36,0.3575,0.0025,0.6993,False
2013-07-23,AAPL,1,Alpha Vantage EARNINGS,2013-07-23,2013-06-30,0.2675,0.2625,0.005,1.9048,False
2013-10-28,AAPL,1,Alpha Vantage EARNINGS,2013-10-28,2013-09-30,0.295,0.285,0.01,3.5088,False
2014-01-27,AAPL,1,Alpha Vantage EARNINGS,2014-01-27,2013-12-31,0.5175,0.5025,0.015,2.9851,False
2014-04-23,AAPL,1,Alpha Vantage EARNINGS,2014-04-23,2014-03-31,0.415,0.365,0.05,13.6986,False
2014-07-22,AAPL,1,Alpha Vantage EARNINGS,2014-07-22,2014-06-30,0.32,0.3075,0.0125,4.065,False
2014-10-20,AAPL,1,Alpha Vantage EARNINGS,2014-10-20,2014-09-30,0.355,0.3275,0.0275,8.3969,False
2015-01-27,AAPL,1,Alpha Vantage EARNINGS,2015-01-27,2014-12-31,0.765,0.65,0.115,17.6923,False
2015-04-27,AAPL,1,Alpha Vantage EARNINGS,2015-04-27,2015-03-31,0.5825,0.54,0.0425,7.8704,False
2015-07-21,AAPL,1,Alpha Vantage EARNINGS,2015-07-21,2015-06-30,0.4625,0.4525,0.01,2.2099,False
2015-10-27,AAPL,1,Alpha Vantage EARNINGS,2015-10-27,2015-09-30,0.49,0.47,0.02,4.2553,False
2016-01-26,AAPL,1,Alpha Vantage EARNINGS,2016-01-26,2015-12-31,0.82,0.8075,0.0125,1.548,False
2016-04-26,AAPL,1,Alpha Vantage EARNINGS,2016-04-26,2016-03-31,0.475,0.5,-0.025,-5.0,False
2016-07-26,AAPL,1,Alpha Vantage EARNINGS,2016-07-26,2016-06-30,0.355,0.345,0.01,2.8986,False
2016-10-25,AAPL,1,Alpha Vantage EARNINGS,2016-10-25,2016-09-30,0.4175,0.415,0.0025,0.6024,False
2017-01-31,AAPL,1,Alpha Vantage EARNINGS,2017-01-31,2016-12-31,0.84,0.8025,0.0375,4.6729,False
2017-05-02,AAPL,1,Alpha Vantage EARNINGS,2017-05-02,2017-03-31,0.525,0.505,0.02,3.9604,False
2017-08-01,AAPL,1,Alpha Vantage EARNINGS,2017-08-01,2017-06-30,0.4175,0.3925,0.025,6.3694,False
2017-11-02,AAPL,1,Alpha Vantage EARNINGS,2017-11-02,2017-09-30,0.5175,0.4675,0.05,10.6952,False
2001-01-22,AXP,1,Alpha Vantage EARNINGS,2001-01-22,2000-12-31,0.5,0.5,0.0,0.0,False
2001-04-23,AXP,1,Alpha Vantage EARNINGS,2001-04-23,2001-03-31,0.4,0.39,0.01,2.5641,False
2001-07-23,AXP,1,Alpha Vantage EARNINGS,2001-07-23,2001-06-30,0.13,0.13,0.0,0.0,False
2001-10-22,AXP,1,Alpha Vantage EARNINGS,2001-10-22,2001-09-30,0.22,0.3,-0.08,-26.6667,False
2002-01-28,AXP,1,Alpha Vantage EARNINGS,2002-01-28,2001-12-31,0.22,0.23,-0.01,-4.3478,False
2002-04-18,AXP,1,Alpha Vantage EARNINGS,2002-04-18,2002-03-31,0.46,0.43,0.03,6.9767,False
2002-07-22,AXP,1,Alpha Vantage EARNINGS,2002-07-22,2002-06-30,0.51,0.5,0.01,2.0,False
2002-10-28,AXP,1,Alpha Vantage EARNINGS,2002-10-28,2002-09-30,0.52,0.51,0.01,1.9608,False
2003-01-28,AXP,1,Alpha Vantage EARNINGS,2003-01-27,2002-12-31,0.52,0.51,0.01,1.9608,True
2003-04-24,AXP,1,Alpha Vantage EARNINGS,2003-04-24,2003-03-31,0.53,0.52,0.01,1.9231,False
2003-07-28,AXP,1,Alpha Vantage EARNINGS,2003-07-28,2003-06-30,0.59,0.57,0.02,3.5088,False
2003-10-27,AXP,1,Alpha Vantage EARNINGS,2003-10-27,2003-09-30,0.59,0.58,0.01,1.7241,False
2004-01-26,AXP,1,Alpha Vantage EARNINGS,2004-01-26,2003-12-31,0.6,0.59,0.01,1.6949,False
2004-04-22,AXP,1,Alpha Vantage EARNINGS,2004-04-22,2004-03-31,0.66,0.62,0.04,6.4516,False
2004-07-26,AXP,1,Alpha Vantage EARNINGS,2004-07-26,2004-06-30,0.68,0.67,0.01,1.4925,False
2004-10-25,AXP,1,Alpha Vantage EARNINGS,2004-10-25,2004-09-30,0.69,0.69,0.0,0.0,False
2005-01-24,AXP,1,Alpha Vantage EARNINGS,2005-01-24,2004-12-31,0.71,0.7,0.01,1.4286,False
2005-04-26,AXP,1,Alpha Vantage EARNINGS,2005-04-26,2005-03-31,0.75,0.75,0.0,0.0,False
2005-07-25,AXP,1,Alpha Vantage EARNINGS,2005-07-25,2005-06-30,0.81,0.78,0.03,3.8462,False
2005-10-24,AXP,1,Alpha Vantage EARNINGS,2005-10-24,2005-09-30,0.68,0.66,0.02,3.0303,False
2006-01-23,AXP,1,Alpha Vantage EARNINGS,2006-01-23,2005-12-31,0.6,0.59,0.01,1.6949,False
2006-04-24,AXP,1,Alpha Vantage EARNINGS,2006-04-24,2006-03-31,0.7,0.69,0.01,1.4493,False
2006-07-24,AXP,1,Alpha Vantage EARNINGS,2006-07-24,2006-06-30,0.78,0.74,0.04,5.4054,False
2006-10-23,AXP,1,Alpha Vantage EARNINGS,2006-10-23,2006-09-30,0.78,0.76,0.02,2.6316,False
2007-01-22,AXP,1,Alpha Vantage EARNINGS,2007-01-22,2006-12-31,0.75,0.77,-0.02,-2.5974,False
2007-04-19,AXP,1,Alpha Vantage EARNINGS,2007-04-19,2007-03-31,0.87,0.8,0.07,8.75,False
2007-07-23,AXP,1,Alpha Vantage EARNINGS,2007-07-23,2007-06-30,0.83,0.86,-0.03,-3.4884,False
2007-10-22,AXP,1,Alpha Vantage EARNINGS,2007-10-22,2007-09-30,0.9,0.86,0.04,4.6512,False
2008-01-28,AXP,1,Alpha Vantage EARNINGS,2008-01-28,2007-12-31,0.71,0.71,0.0,0.0,False
2008-04-24,AXP,1,Alpha Vantage EARNINGS,2008-04-24,2008-03-31,0.84,0.8,0.04,5.0,False
2008-07-21,AXP,1,Alpha Vantage EARNINGS,2008-07-21,2008-06-30,0.56,0.83,-0.27,-32.5301,False
2008-10-20,AXP,1,Alpha Vantage EARNINGS,2008-10-20,2008-09-30,0.74,0.59,0.15,25.4237,False
2009-01-26,AXP,1,Alpha Vantage EARNINGS,2009-01-26,2008-12-31,0.21,0.15,0.06,40.0,False
2009-04-23,AXP,1,Alpha Vantage EARNINGS,2009-04-23,2009-03-31,0.2,0.14,0.06,42.8571,False
2009-07-23,AXP,1,Alpha Vantage EARNINGS,2009-07-23,2009-06-30,0.27,0.27,0.0,0.0,False
2009-10-22,AXP,1,Alpha Vantage EARNINGS,2009-10-22,2009-09-30,0.44,0.38,0.06,15.7895,False
2010-01-21,AXP,1,Alpha Vantage EARNINGS,2010-01-21,2009-12-31,0.59,0.57,0.02,3.5088,False
2010-04-22,AXP,1,Alpha Vantage EARNINGS,2010-04-22,2010-03-31,0.73,0.64,0.09,14.0625,False
2010-07-22,AXP,1,Alpha Vantage EARNINGS,2010-07-22,2010-06-30,0.84,0.78,0.06,7.6923,False
2010-10-21,AXP,1,Alpha Vantage EARNINGS,2010-10-21,2010-09-30,0.9,0.86,0.04,4.6512,False
2011-01-24,AXP,1,Alpha Vantage EARNINGS,2011-01-24,2010-12-31,0.94,0.95,-0.01,-1.0526,False
2011-04-20,AXP,1,Alpha Vantage EARNINGS,2011-04-20,2011-03-31,0.97,0.85,0.12,14.1176,False
2011-07-20,AXP,1,Alpha Vantage EARNINGS,2011-07-20,2011-06-30,1.07,0.94,0.13,13.8298,False
2011-10-19,AXP,1,Alpha Vantage EARNINGS,2011-10-19,2011-09-30,1.03,0.95,0.08,8.4211,False
2012-01-19,AXP,1,Alpha Vantage EARNINGS,2012-01-19,2011-12-31,1.04,0.97,0.07,7.2165,False
2012-04-18,AXP,1,Alpha Vantage EARNINGS,2012-04-18,2012-03-31,1.07,1.0,0.07,7.0,False
2012-07-18,AXP,1,Alpha Vantage EARNINGS,2012-07-18,2012-06-30,1.15,1.1,0.05,4.5455,False
2012-10-17,AXP,1,Alpha Vantage EARNINGS,2012-10-17,2012-09-30,1.09,1.09,0.0,0.0,False
2013-01-17,AXP,1,Alpha Vantage EARNINGS,2013-01-17,2012-12-31,1.09,1.08,0.01,0.9259,False
2013-04-17,AXP,1,Alpha Vantage EARNINGS,2013-04-17,2013-03-31,1.15,1.13,0.02,1.7699,False
2013-07-17,AXP,1,Alpha Vantage EARNINGS,2013-07-17,2013-06-30,1.27,1.22,0.05,4.0984,False
2013-10-16,AXP,1,Alpha Vantage EARNINGS,2013-10-16,2013-09-30,1.25,1.22,0.03,2.459,False
2014-01-16,AXP,1,Alpha Vantage EARNINGS,2014-01-16,2013-12-31,1.25,1.25,0.0,0.0,False
2014-04-16,AXP,1,Alpha Vantage EARNINGS,2014-04-16,2014-03-31,1.33,1.3,0.03,2.3077,False
2014-07-29,AXP,1,Alpha Vantage EARNINGS,2014-07-29,2014-06-30,1.43,1.38,0.05,3.6232,False
2014-10-15,AXP,1,Alpha Vantage EARNINGS,2014-10-15,2014-09-30,1.4,1.36,0.04,2.9412,False
2015-01-21,AXP,1,Alpha Vantage EARNINGS,2015-01-21,2014-12-31,1.39,1.39,0.0,0.0,False
2015-04-16,AXP,1,Alpha Vantage EARNINGS,2015-04-16,2015-03-31,1.48,1.36,0.12,8.8235,False
2015-07-22,AXP,1,Alpha Vantage EARNINGS,2015-07-22,2015-06-30,1.42,1.33,0.09,6.7669,False
2015-10-21,AXP,1,Alpha Vantage EARNINGS,2015-10-21,2015-09-30,1.24,1.31,-0.07,-5.3435,False
2016-01-21,AXP,1,Alpha Vantage EARNINGS,2016-01-21,2015-12-31,1.23,1.12,0.11,9.8214,False
2016-04-20,AXP,1,Alpha Vantage EARNINGS,2016-04-20,2016-03-31,1.5,1.35,0.15,11.1111,False
2016-07-20,AXP,1,Alpha Vantage EARNINGS,2016-07-20,2016-06-30,2.26,1.71,0.55,32.1637,False
2016-10-19,AXP,1,Alpha Vantage EARNINGS,2016-10-19,2016-09-30,1.24,0.96,0.28,29.1667,False
2017-01-19,AXP,1,Alpha Vantage EARNINGS,2017-01-19,2016-12-31,0.91,0.99,-0.08,-8.0808,False
2017-04-19,AXP,1,Alpha Vantage EARNINGS,2017-04-19,2017-03-31,1.34,1.26,0.08,6.3492,False
2017-07-19,AXP,1,Alpha Vantage EARNINGS,2017-07-19,2017-06-30,1.47,1.44,0.03,2.0833,False
2017-10-18,AXP,1,Alpha Vantage EARNINGS,2017-10-18,2017-09-30,1.63,1.48,0.15,10.1351,False
2001-01-17,BA,1,Alpha Vantage EARNINGS,2001-01-17,2000-12-31,1.01,0.91,0.1,10.989,False
2001-04-20,BA,1,Alpha Vantage EARNINGS,2001-04-20,2001-03-31,0.89,0.8,0.09,11.25,False
2001-07-18,BA,1,Alpha Vantage EARNINGS,2001-07-18,2001-06-30,0.95,0.91,0.04,4.3956,False
2001-10-18,BA,1,Alpha Vantage EARNINGS,2001-10-18,2001-09-30,0.88,0.87,0.01,1.1494,False
2002-01-23,BA,1,Alpha Vantage EARNINGS,2002-01-23,2001-12-31,0.9,0.89,0.01,1.1236,False
2002-04-17,BA,1,Alpha Vantage EARNINGS,2002-04-17,2002-03-31,0.75,0.84,-0.09,-10.7143,False
2002-07-17,BA,1,Alpha Vantage EARNINGS,2002-07-17,2002-06-30,0.92,0.8,0.12,15.0,False
2002-10-16,BA,1,Alpha Vantage EARNINGS,2002-10-16,2002-09-30,0.46,0.47,-0.01,-2.1277,False
2003-01-30,BA,1,Alpha Vantage EARNINGS,2003-01-30,2002-12-31,0.71,0.71,0.0,0.0,False
2003-04-23,BA,1,Alpha Vantage EARNINGS,2003-04-23,2003-03-31,0.42,0.24,0.18,75.0,False
2003-07-23,BA,1,Alpha Vantage EARNINGS,2003-07-23,2003-06-30,-0.24,-0.43,0.19,44.186,False
2003-10-29,BA,1,Alpha Vantage EARNINGS,2003-10-29,2003-09-30,0.32,0.26,0.06,23.0769,False
2004-01-29,BA,1,Alpha Vantage EARNINGS,2004-01-29,2003-12-31,0.5,0.51,-0.01,-1.9608,False
2004-04-28,BA,1,Alpha Vantage EARNINGS,2004-04-28,2004-03-31,0.65,0.44,0.21,47.7273,False
2004-07-28,BA,1,Alpha Vantage EARNINGS,2004-07-28,2004-06-30,0.5,0.47,0.03,6.383,False
2004-10-27,BA,1,Alpha Vantage EARNINGS,2004-10-27,2004-09-30,0.44,0.41,0.03,7.3171,False
2005-02-02,BA,1,Alpha Vantage EARNINGS,2005-02-02,2004-12-31,0.11,0.11,0.0,0.0,False
2005-04-27,BA,1,Alpha Vantage EARNINGS,2005-04-27,2005-03-31,0.57,0.55,0.02,3.6364,False
2005-07-27,BA,1,Alpha Vantage EARNINGS,2005-07-27,2005-06-30,0.79,0.61,0.18,29.5082,False
2005-10-26,BA,1,Alpha Vantage EARNINGS,2005-10-26,2005-09-30,0.69,0.78,-0.09,-11.5385,False
2006-02-01,BA,1,Alpha Vantage EARNINGS,2006-02-01,2005-12-31,0.59,0.47,0.12,25.5319,False
2006-04-26,BA,1,Alpha Vantage EARNINGS,2006-04-26,2006-03-31,0.85,0.76,0.09,11.8421,False
2006-07-26,BA,1,Alpha Vantage EARNINGS,2006-07-26,2006-06-30,-0.21,-0.2,-0.01,-5.0,False
2006-10-25,BA,1,Alpha Vantage EARNINGS,2006-10-25,2006-09-30,0.89,0.63,0.26,41.2698,False
2007-01-31,BA,1,Alpha Vantage EARNINGS,2007-01-31,2006-12-31,1.16,0.97,0.19,19.5876,False
2007-04-25,BA,1,Alpha Vantage EARNINGS,2007-04-25,2007-03-31,1.12,1.01,0.11,10.8911,False
2007-07-25,BA,1,Alpha Vantage EARNINGS,2007-07-25,2007-06-30,1.35,1.16,0.19,16.3793,False
2007-10-24,BA,1,Alpha Vantage EARNINGS,2007-10-24,2007-09-30,1.43,1.24,0.19,15.3226,False
2008-01-30,BA,1,Alpha Vantage EARNINGS,2008-01-30,2007-12-31,1.36,1.32,0.04,3.0303,False
2008-04-23,BA,1,Alpha Vantage EARNINGS,2008-04-23,2008-03-31,1.61,1.36,0.25,18.3824,False
2008-07-23,BA,1,Alpha Vantage EARNINGS,2008-07-23,2008-06-30,1.16,1.24,-0.08,-6.4516,False
2008-10-22,BA,1,Alpha Vantage EARNINGS,2008-10-22,2008-09-30,0.94,1.0,-0.06,-6.0,False
2009-01-28,BA,1,Alpha Vantage EARNINGS,2009-01-28,2008-12-31,0.62,0.78,-0.16,-20.5128,False
2009-04-22,BA,1,Alpha Vantage EARNINGS,2009-04-22,2009-03-31,0.87,0.91,-0.04,-4.3956,False
2009-07-22,BA,1,Alpha Vantage EARNINGS,2009-07-22,2009-06-30,1.41,1.21,0.2,16.5289,False
2009-10-21,BA,1,Alpha Vantage EARNINGS,2009-10-21,2009-09-30,-2.22,-2.07,-0.15,-7.2464,False
2010-01-27,BA,1,Alpha Vantage EARNINGS,2010-01-27,2009-12-31,1.77,1.36,0.41,30.1471,False
2010-04-21,BA,1,Alpha Vantage EARNINGS,2010-04-21,2010-03-31,0.7,0.73,-0.03,-4.1096,False
2010-07-28,BA,1,Alpha Vantage EARNINGS,2010-07-28,2010-06-30,1.06,1.03,0.03,2.9126,False
2010-10-20,BA,1,Alpha Vantage EARNINGS,2010-10-20,2010-09-30,1.12,1.07,0.05,4.6729,False
2011-01-26,BA,1,Alpha Vantage EARNINGS,2011-01-26,2010-12-31,1.11,1.12,-0.01,-0.8929,False
2011-04-27,BA,1,Alpha Vantage EARNINGS,2011-04-27,2011-03-31,0.78,0.7,0.08,11.4286,False
2011-07-27,BA,1,Alpha Vantage EARNINGS,2011-07-27,2011-06-30,1.25,0.98,0.27,27.551,False
2011-10-26,BA,1,Alpha Vantage EARNINGS,2011-10-26,2011-09-30,1.46,1.11,0.35,31.5315,False
2012-01-25,BA,1,Alpha Vantage EARNINGS,2012-01-25,2011-12-31,1.32,1.02,0.3,29.4118,False
2012-04-25,BA,1,Alpha Vantage EARNINGS,2012-04-25,2012-03-31,1.22,0.95,0.27,28.4211,False
2012-07-25,BA,1,Alpha Vantage EARNINGS,2012-07-25,2012-06-30,1.27,1.11,0.16,14.4144,False
2012-10-24,BA,1,Alpha Vantage EARNINGS,2012-10-24,2012-09-30,1.35,1.12,0.23,20.5357,False
2013-01-30,BA,1,Alpha Vantage EARNINGS,2013-01-30,2012-12-31,1.28,1.2,0.08,6.6667,False
2013-04-24,BA,1,Alpha Vantage EARNINGS,2013-04-24,2013-03-31,1.73,1.49,0.24,16.1074,False
2013-07-24,BA,1,Alpha Vantage EARNINGS,2013-07-24,2013-06-30,1.67,1.55,0.12,7.7419,False
2013-10-23,BA,1,Alpha Vantage EARNINGS,2013-10-23,2013-09-30,1.8,1.55,0.25,16.129,False
2014-01-29,BA,1,Alpha Vantage EARNINGS,2014-01-29,2013-12-31,1.88,1.57,0.31,19.7452,False
2014-04-23,BA,1,Alpha Vantage EARNINGS,2014-04-23,2014-03-31,1.76,1.56,0.2,12.8205,False
2014-07-23,BA,1,Alpha Vantage EARNINGS,2014-07-23,2014-06-30,2.42,1.99,0.43,21.608,False
2014-10-22,BA,1,Alpha Vantage EARNINGS,2014-10-22,2014-09-30,2.14,1.96,0.18,9.1837,False
2015-01-28,BA,1,Alpha Vantage EARNINGS,2015-01-28,2014-12-31,2.31,2.12,0.19,8.9623,False
2015-04-22,BA,1,Alpha Vantage EARNINGS,2015-04-22,2015-03-31,1.97,1.81,0.16,8.8398,False
2015-07-22,BA,1,Alpha Vantage EARNINGS,2015-07-22,2015-06-30,1.62,1.38,0.24,17.3913,False
2015-10-21,BA,1,Alpha Vantage EARNINGS,2015-10-21,2015-09-30,2.52,2.19,0.33,15.0685,False
2016-01-27,BA,1,Alpha Vantage EARNINGS,2016-01-27,2015-12-31,1.6,1.28,0.32,25.0,False
2016-04-27,BA,1,Alpha Vantage EARNINGS,2016-04-27,2016-03-31,1.74,1.85,-0.11,-5.9459,False
2016-07-27,BA,1,Alpha Vantage EARNINGS,2016-07-27,2016-06-30,2.79,2.24,0.55,24.5536,False
2016-10-26,BA,1,Alpha Vantage EARNINGS,2016-10-26,2016-09-30,3.51,2.62,0.89,33.9695,False
2017-01-25,BA,1,Alpha Vantage EARNINGS,2017-01-25,2016-12-31,2.47,2.33,0.14,6.0086,False
2017-04-26,BA,1,Alpha Vantage EARNINGS,2017-04-26,2017-03-31,2.01,1.91,0.1,5.2356,False
2017-07-26,BA,1,Alpha Vantage EARNINGS,2017-07-26,2017-06-30,2.55,2.29,0.26,11.3537,False
2017-10-25,BA,1,Alpha Vantage EARNINGS,2017-10-25,2017-09-30,2.72,2.66,0.06,2.2556,False
2001-01-19,CAT,1,Alpha Vantage EARNINGS,2001-01-18,2000-12-31,0.38,0.32,0.06,18.75,True
2001-04-18,CAT,1,Alpha Vantage EARNINGS,2001-04-17,2001-03-31,0.24,0.25,-0.01,-4.0,True
2001-07-18,CAT,1,Alpha Vantage EARNINGS,2001-07-17,2001-06-30,0.39,0.35,0.04,11.4286,True
2001-10-17,CAT,1,Alpha Vantage EARNINGS,2001-10-16,2001-09-30,0.3,0.31,-0.01,-3.2258,True
2002-01-23,CAT,1,Alpha Vantage EARNINGS,2002-01-23,2001-12-31,0.38,0.38,0.0,0.0,False
2002-04-16,CAT,1,Alpha Vantage EARNINGS,2002-04-16,2002-03-31,0.12,0.12,0.0,0.0,False
2002-07-17,CAT,1,Alpha Vantage EARNINGS,2002-07-16,2002-06-30,0.29,0.36,-0.07,-19.4444,True
2002-10-18,CAT,1,Alpha Vantage EARNINGS,2002-10-16,2002-09-30,0.31,0.28,0.03,10.7143,True
2003-01-23,CAT,1,Alpha Vantage EARNINGS,2003-01-23,2002-12-31,0.44,0.34,0.1,29.4118,False
2003-04-16,CAT,1,Alpha Vantage EARNINGS,2003-04-16,2003-03-31,0.19,0.13,0.06,46.1538,False
2003-07-17,CAT,1,Alpha Vantage EARNINGS,2003-07-17,2003-06-30,0.57,0.33,0.24,72.7273,False
2003-10-16,CAT,1,Alpha Vantage EARNINGS,2003-10-16,2003-09-30,0.37,0.37,0.0,0.0,False
2004-01-27,CAT,1,Alpha Vantage EARNINGS,2004-01-27,2003-12-31,0.49,0.47,0.02,4.2553,False
2004-04-22,CAT,1,Alpha Vantage EARNINGS,2004-04-22,2004-03-31,0.58,0.35,0.23,65.7143,False
2004-07-22,CAT,1,Alpha Vantage EARNINGS,2004-07-22,2004-06-30,0.78,0.86,-0.08,-9.3023,False
2004-10-21,CAT,1,Alpha Vantage EARNINGS,2004-10-21,2004-09-30,0.71,0.68,0.03,4.4118,False
2005-01-27,CAT,1,Alpha Vantage EARNINGS,2005-01-27,2004-12-31,0.78,0.81,-0.03,-3.7037,False
2005-04-20,CAT,1,Alpha Vantage EARNINGS,2005-04-20,2005-03-31,0.82,0.68,0.14,20.5882,False
2005-07-21,CAT,1,Alpha Vantage EARNINGS,2005-07-21,2005-06-30,1.08,1.33,-0.25,-18.797,False
2005-10-21,CAT,1,Alpha Vantage EARNINGS,2005-10-21,2005-09-30,0.94,1.06,-0.12,-11.3208,False
2006-01-26,CAT,1,Alpha Vantage EARNINGS,2006-01-26,2005-12-31,1.2,1.1,0.1,9.0909,False
2006-04-24,CAT,1,Alpha Vantage EARNINGS,2006-04-24,2006-03-31,1.2,1.06,0.14,13.2075,False
2006-07-21,CAT,1,Alpha Vantage EARNINGS,2006-07-21,2006-06-30,1.52,1.42,0.1,7.0423,False
2006-10-20,CAT,1,Alpha Vantage EARNINGS,2006-10-20,2006-09-30,1.14,1.35,-0.21,-15.5556,False
2007-01-26,CAT,1,Alpha Vantage EARNINGS,2007-01-26,2006-12-31,1.32,1.34,-0.02,-1.4925,False
2007-04-20,CAT,1,Alpha Vantage EARNINGS,2007-04-20,2007-03-31,1.23,1.08,0.15,13.8889,False
2007-07-20,CAT,1,Alpha Vantage EARNINGS,2007-07-20,2007-06-30,1.24,1.49,-0.25,-16.7785,False
2007-10-19,CAT,1,Alpha Vantage EARNINGS,2007-10-19,2007-09-30,1.4,1.42,-0.02,-1.4085,False
2008-01-25,CAT,1,Alpha Vantage EARNINGS,2008-01-25,2007-12-31,1.5,1.5,0.0,0.0,False
2008-04-18,CAT,1,Alpha Vantage EARNINGS,2008-04-18,2008-03-31,1.45,1.33,0.12,9.0226,False
2008-07-22,CAT,1,Alpha Vantage EARNINGS,2008-07-22,2008-06-30,1.74,1.54,0.2,12.987,False
2008-10-21,CAT,1,Alpha Vantage EARNINGS,2008-10-21,2008-09-30,1.39,1.41,-0.02,-1.4184,False
2009-01-26,CAT,1,Alpha Vantage EARNINGS,2009-01-26,2008-12-31,1.08,1.28,-0.2,-15.625,False
2009-04-21,CAT,1,Alpha Vantage EARNINGS,2009-04-21,2009-03-31,0.39,0.02,0.37,1850.0,False
2009-07-21,CAT,1,Alpha Vantage EARNINGS,2009-07-21,2009-06-30,0.72,0.22,0.5,227.2727,False
2009-10-20,CAT,1,Alpha Vantage EARNINGS,2009-10-20,2009-09-30,0.64,0.04,0.6,1500.0,False
2010-01-27,CAT,1,Alpha Vantage EARNINGS,2010-01-27,2009-12-31,0.41,0.29,0.12,41.3793,False
2010-04-26,CAT,1,Alpha Vantage EARNINGS,2010-04-26,2010-03-31,0.5,0.39,0.11,28.2051,False
2010-07-22,CAT,1,Alpha Vantage EARNINGS,2010-07-22,2010-06-30,1.09,0.84,0.25,29.7619,False
2010-10-21,CAT,1,Alpha Vantage EARNINGS,2010-10-21,2010-09-30,1.22,1.09,0.13,11.9266,False
2011-01-27,CAT,1,Alpha Vantage EARNINGS,2011-01-27,2010-12-31,1.47,1.27,0.2,15.748,False
2011-04-29,CAT,1,Alpha Vantage EARNINGS,2011-04-29,2011-03-31,1.84,1.28,0.56,43.75,False
2011-07-22,CAT,1,Alpha Vantage EARNINGS,2011-07-22,2011-06-30,1.72,1.74,-0.02,-1.1494,False
2011-10-24,CAT,1,Alpha Vantage EARNINGS,2011-10-24,2011-09-30,1.71,1.68,0.03,1.7857,False
2012-01-26,CAT,1,Alpha Vantage EARNINGS,2012-01-26,2011-12-31,2.25,1.77,0.48,27.1186,False
2012-04-25,CAT,1,Alpha Vantage EARNINGS,2012-04-25,2012-03-31,2.37,2.15,0.22,10.2326,False
2012-07-25,CAT,1,Alpha Vantage EARNINGS,2012-07-25,2012-06-30,2.54,2.3,0.24,10.4348,False
2012-10-22,CAT,1,Alpha Vantage EARNINGS,2012-10-22,2012-09-30,2.26,2.24,0.02,0.8929,False
2013-01-28,CAT,1,Alpha Vantage EARNINGS,2013-01-28,2012-12-31,1.46,1.71,-0.25,-14.6199,False
2013-04-22,CAT,1,Alpha Vantage EARNINGS,2013-04-22,2013-03-31,1.31,1.39,-0.08,-5.7554,False
2013-07-24,CAT,1,Alpha Vantage EARNINGS,2013-07-24,2013-06-30,1.45,1.7,-0.25,-14.7059,False
2013-10-23,CAT,1,Alpha Vantage EARNINGS,2013-10-23,2013-09-30,1.45,1.68,-0.23,-13.6905,False
2014-01-27,CAT,1,Alpha Vantage EARNINGS,2014-01-27,2013-12-31,1.58,1.28,0.3,23.4375,False
2014-04-24,CAT,1,Alpha Vantage EARNINGS,2014-04-24,2014-03-31,1.61,1.22,0.39,31.9672,False
2014-07-24,CAT,1,Alpha Vantage EARNINGS,2014-07-24,2014-06-30,1.69,1.53,0.16,10.4575,False
2014-10-23,CAT,1,Alpha Vantage EARNINGS,2014-10-23,2014-09-30,1.72,1.35,0.37,27.4074,False
2015-01-27,CAT,1,Alpha Vantage EARNINGS,2015-01-27,2014-12-31,1.35,1.57,-0.22,-14.0127,False
2015-04-23,CAT,1,Alpha Vantage EARNINGS,2015-04-23,2015-03-31,1.86,1.36,0.5,36.7647,False
2015-07-23,CAT,1,Alpha Vantage EARNINGS,2015-07-23,2015-06-30,1.27,1.28,-0.01,-0.7813,False
2015-10-22,CAT,1,Alpha Vantage EARNINGS,2015-10-22,2015-09-30,0.75,0.79,-0.04,-5.0633,False
2016-01-28,CAT,1,Alpha Vantage EARNINGS,2016-01-28,2015-12-31,0.74,0.69,0.05,7.2464,False
2016-04-22,CAT,1,Alpha Vantage EARNINGS,2016-04-22,2016-03-31,0.67,0.68,-0.01,-1.4706,False
2016-07-26,CAT,1,Alpha Vantage EARNINGS,2016-07-26,2016-06-30,1.09,0.96,0.13,13.5417,False
2016-10-25,CAT,1,Alpha Vantage EARNINGS,2016-10-25,2016-09-30,0.85,0.76,0.09,11.8421,False
2017-01-26,CAT,1,Alpha Vantage EARNINGS,2017-01-26,2016-12-31,0.83,0.67,0.16,23.8806,False
2017-04-25,CAT,1,Alpha Vantage EARNINGS,2017-04-25,2017-03-31,1.28,0.63,0.65,103.1746,False
2017-07-25,CAT,1,Alpha Vantage EARNINGS,2017-07-25,2017-06-30,1.49,1.26,0.23,18.254,False
2017-10-24,CAT,1,Alpha Vantage EARNINGS,2017-10-24,2017-09-30,1.95,1.28,0.67,52.3438,False
2001-02-06,CSCO,1,Alpha Vantage EARNINGS,2001-02-06,2001-01-31,0.18,0.19,-0.01,-5.2632,False
2001-05-08,CSCO,1,Alpha Vantage EARNINGS,2001-05-08,2001-04-30,0.03,0.01,0.02,200.0,False
2001-08-07,CSCO,1,Alpha Vantage EARNINGS,2001-08-07,2001-07-31,0.02,0.02,0.0,0.0,False
2001-11-05,CSCO,1,Alpha Vantage EARNINGS,2001-11-05,2001-10-31,0.04,0.02,0.02,100.0,False
2002-02-06,CSCO,1,Alpha Vantage EARNINGS,2002-02-06,2002-01-31,0.09,0.05,0.04,80.0,False
2002-05-07,CSCO,1,Alpha Vantage EARNINGS,2002-05-07,2002-04-30,0.11,0.09,0.02,22.2222,False
2002-08-06,CSCO,1,Alpha Vantage EARNINGS,2002-08-06,2002-07-31,0.02,0.02,0.0,0.0,False
2002-11-06,CSCO,1,Alpha Vantage EARNINGS,2002-11-06,2002-10-31,0.14,0.13,0.01,7.6923,False
2003-02-04,CSCO,1,Alpha Vantage EARNINGS,2003-02-04,2003-01-31,0.15,0.13,0.02,15.3846,False
2003-05-06,CSCO,1,Alpha Vantage EARNINGS,2003-05-06,2003-04-30,0.15,0.14,0.01,7.1429,False
2003-08-05,CSCO,1,Alpha Vantage EARNINGS,2003-08-05,2003-07-31,0.15,0.15,0.0,0.0,False
2003-11-05,CSCO,1,Alpha Vantage EARNINGS,2003-11-05,2003-10-31,0.17,0.15,0.02,13.3333,False
2004-02-03,CSCO,1,Alpha Vantage EARNINGS,2004-02-03,2004-01-31,0.18,0.17,0.01,5.8824,False
2004-05-11,CSCO,1,Alpha Vantage EARNINGS,2004-05-11,2004-04-30,0.19,0.18,0.01,5.5556,False
2004-08-10,CSCO,1,Alpha Vantage EARNINGS,2004-08-10,2004-07-31,0.21,0.2,0.01,5.0,False
2004-11-09,CSCO,1,Alpha Vantage EARNINGS,2004-11-09,2004-10-31,0.21,0.21,0.0,0.0,False
2005-02-08,CSCO,1,Alpha Vantage EARNINGS,2005-02-08,2005-01-31,0.22,0.22,0.0,0.0,False
2005-05-10,CSCO,1,Alpha Vantage EARNINGS,2005-05-10,2005-04-30,0.23,0.22,0.01,4.5455,False
2005-08-09,CSCO,1,Alpha Vantage EARNINGS,2005-08-09,2005-07-31,0.25,0.24,0.01,4.1667,False
2005-11-09,CSCO,1,Alpha Vantage EARNINGS,2005-11-09,2005-10-31,0.25,0.24,0.01,4.1667,False
2006-02-07,CSCO,1,Alpha Vantage EARNINGS,2006-02-07,2006-01-31,0.26,0.25,0.01,4.0,False
2006-05-09,CSCO,1,Alpha Vantage EARNINGS,2006-05-09,2006-04-30,0.29,0.26,0.03,11.5385,False
2006-08-08,CSCO,1,Alpha Vantage EARNINGS,2006-08-08,2006-07-31,0.3,0.28,0.02,7.1429,False
2006-11-08,CSCO,1,Alpha Vantage EARNINGS,2006-11-08,2006-10-31,0.31,0.29,0.02,6.8966,False
2007-02-06,CSCO,1,Alpha Vantage EARNINGS,2007-02-06,2007-01-31,0.33,0.31,0.02,6.4516,False
2007-05-08,CSCO,1,Alpha Vantage EARNINGS,2007-05-08,2007-04-30,0.34,0.33,0.01,3.0303,False
2007-08-07,CSCO,1,Alpha Vantage EARNINGS,2007-08-07,2007-07-31,0.36,0.35,0.01,2.8571,False
2007-11-07,CSCO,1,Alpha Vantage EARNINGS,2007-11-07,2007-10-31,0.37,0.36,0.01,2.7778,False
2008-02-06,CSCO,1,Alpha Vantage EARNINGS,2008-02-06,2008-01-31,0.38,0.38,0.0,0.0,False
2008-05-06,CSCO,1,Alpha Vantage EARNINGS,2008-05-06,2008-04-30,0.38,0.36,0.02,5.5556,False
2008-08-05,CSCO,1,Alpha Vantage EARNINGS,2008-08-05,2008-07-31,0.4,0.39,0.01,2.5641,False
2008-11-05,CSCO,1,Alpha Vantage EARNINGS,2008-11-05,2008-10-31,0.42,0.39,0.03,7.6923,False
2009-02-04,CSCO,1,Alpha Vantage EARNINGS,2009-02-04,2009-01-31,0.32,0.3,0.02,6.6667,False
2009-05-06,CSCO,1,Alpha Vantage EARNINGS,2009-05-06,2009-04-30,0.3,0.25,0.05,20.0,False
2009-08-05,CSCO,1,Alpha Vantage EARNINGS,2009-08-05,2009-07-31,0.31,0.29,0.02,6.8966,False
2009-11-04,CSCO,1,Alpha Vantage EARNINGS,2009-11-04,2009-10-31,0.36,0.31,0.05,16.129,False
2010-02-03,CSCO,1,Alpha Vantage EARNINGS,2010-02-03,2010-01-31,0.4,0.35,0.05,14.2857,False
2010-05-12,CSCO,1,Alpha Vantage EARNINGS,2010-05-12,2010-04-30,0.42,0.38,0.04,10.5263,False
2010-08-11,CSCO,1,Alpha Vantage EARNINGS,2010-08-11,2010-07-31,0.43,0.42,0.01,2.381,False
2010-11-10,CSCO,1,Alpha Vantage EARNINGS,2010-11-10,2010-10-31,0.34,0.32,0.02,6.25,False
2011-02-09,CSCO,1,Alpha Vantage EARNINGS,2011-02-09,2011-01-31,0.37,0.35,0.02,5.7143,False
2011-05-11,CSCO,1,Alpha Vantage EARNINGS,2011-05-11,2011-04-30,0.33,0.27,0.06,22.2222,False
2011-08-10,CSCO,1,Alpha Vantage EARNINGS,2011-08-10,2011-07-31,0.4,0.38,0.02,5.2632,False
2011-11-09,CSCO,1,Alpha Vantage EARNINGS,2011-11-09,2011-10-31,0.43,0.39,0.04,10.2564,False
2012-02-08,CSCO,1,Alpha Vantage EARNINGS,2012-02-08,2012-01-31,0.47,0.43,0.04,9.3023,False
2012-05-09,CSCO,1,Alpha Vantage EARNINGS,2012-05-09,2012-04-30,0.48,0.47,0.01,2.1277,False
2012-08-15,CSCO,1,Alpha Vantage EARNINGS,2012-08-15,2012-07-31,0.47,0.45,0.02,4.4444,False
2012-11-13,CSCO,1,Alpha Vantage EARNINGS,2012-11-13,2012-10-31,0.48,0.46,0.02,4.3478,False
2013-02-13,CSCO,1,Alpha Vantage EARNINGS,2013-02-13,2013-01-31,0.51,0.48,0.03,6.25,False
2013-05-15,CSCO,1,Alpha Vantage EARNINGS,2013-05-15,2013-04-30,0.51,0.49,0.02,4.0816,False
2013-08-14,CSCO,1,Alpha Vantage EARNINGS,2013-08-14,2013-07-31,0.52,0.51,0.01,1.9608,False
2013-11-13,CSCO,1,Alpha Vantage EARNINGS,2013-11-13,2013-10-31,0.53,0.51,0.02,3.9216,False
2014-02-12,CSCO,1,Alpha Vantage EARNINGS,2014-02-12,2014-01-31,0.47,0.46,0.01,2.1739,False
2014-05-14,CSCO,1,Alpha Vantage EARNINGS,2014-05-14,2014-04-30,0.42,0.37,0.05,13.5135,False
2014-08-13,CSCO,1,Alpha Vantage EARNINGS,2014-08-13,2014-07-31,0.55,0.53,0.02,3.7736,False
2014-11-12,CSCO,1,Alpha Vantage EARNINGS,2014-11-12,2014-10-31,0.54,0.53,0.01,1.8868,False
2015-02-11,CSCO,1,Alpha Vantage EARNINGS,2015-02-11,2015-01-31,0.53,0.51,0.02,3.9216,False
2015-05-13,CSCO,1,Alpha Vantage EARNINGS,2015-05-13,2015-04-30,0.54,0.53,0.01,1.8868,False
2015-08-12,CSCO,1,Alpha Vantage EARNINGS,2015-08-12,2015-07-31,0.59,0.56,0.03,5.3571,False
2015-11-12,CSCO,1,Alpha Vantage EARNINGS,2015-11-12,2015-10-31,0.59,0.56,0.03,5.3571,False
2016-02-10,CSCO,1,Alpha Vantage EARNINGS,2016-02-10,2016-01-31,0.57,0.54,0.03,5.5556,False
2016-05-18,CSCO,1,Alpha Vantage EARNINGS,2016-05-18,2016-04-30,0.57,0.55,0.02,3.6364,False
2016-08-17,CSCO,1,Alpha Vantage EARNINGS,2016-08-17,2016-07-31,0.63,0.6,0.03,5.0,False
2016-11-16,CSCO,1,Alpha Vantage EARNINGS,2016-11-16,2016-10-31,0.61,0.59,0.02,3.3898,False
2017-02-15,CSCO,1,Alpha Vantage EARNINGS,2017-02-15,2017-01-31,0.57,0.56,0.01,1.7857,False
2017-05-17,CSCO,1,Alpha Vantage EARNINGS,2017-05-17,2017-04-30,0.6,0.58,0.02,3.4483,False
2017-08-16,CSCO,1,Alpha Vantage EARNINGS,2017-08-16,2017-07-31,0.61,0.61,0.0,0.0,False
2017-11-15,CSCO,1,Alpha Vantage EARNINGS,2017-11-15,2017-10-31,0.61,0.6,0.01,1.6667,False
2001-02-06,DIS,1,Alpha Vantage EARNINGS,2001-02-06,2000-12-31,0.28,0.25,0.03,12.0,False
2001-04-24,DIS,1,Alpha Vantage EARNINGS,2001-04-24,2001-03-31,0.17,0.14,0.03,21.4286,False
2001-08-02,DIS,1,Alpha Vantage EARNINGS,2001-08-02,2001-06-30,0.23,0.22,0.01,4.5455,False
2001-11-08,DIS,1,Alpha Vantage EARNINGS,2001-11-08,2001-09-30,0.06,0.07,-0.01,-14.2857,False
2002-01-31,DIS,1,Alpha Vantage EARNINGS,2002-01-31,2001-12-31,0.15,0.11,0.04,36.3636,False
2002-04-25,DIS,1,Alpha Vantage EARNINGS,2002-04-25,2002-03-31,0.13,0.1,0.03,30.0,False
2002-08-01,DIS,1,Alpha Vantage EARNINGS,2002-08-01,2002-06-30,0.17,0.17,0.0,0.0,False
2002-11-07,DIS,1,Alpha Vantage EARNINGS,2002-11-07,2002-09-30,0.11,0.11,0.0,0.0,False
2003-01-30,DIS,1,Alpha Vantage EARNINGS,2003-01-30,2002-12-31,0.17,0.16,0.01,6.25,False
2003-05-01,DIS,1,Alpha Vantage EARNINGS,2003-05-01,2003-03-31,0.11,0.11,0.0,0.0,False
2003-07-31,DIS,1,Alpha Vantage EARNINGS,2003-07-31,2003-06-30,0.19,0.16,0.03,18.75,False
2003-11-20,DIS,1,Alpha Vantage EARNINGS,2003-11-20,2003-09-30,0.17,0.15,0.02,13.3333,False
2004-02-12,DIS,1,Alpha Vantage EARNINGS,2004-02-11,2003-12-31,0.33,0.23,0.1,43.4783,True
2004-05-12,DIS,1,Alpha Vantage EARNINGS,2004-05-12,2004-03-31,0.26,0.21,0.05,23.8095,False
2004-08-10,DIS,1,Alpha Vantage EARNINGS,2004-08-10,2004-06-30,0.31,0.27,0.04,14.8148,False
2004-11-18,DIS,1,Alpha Vantage EARNINGS,2004-11-18,2004-09-30,0.19,0.18,0.01,5.5556,False
2005-01-31,DIS,1,Alpha Vantage EARNINGS,2005-01-31,2004-12-31,0.34,0.29,0.05,17.2414,False
2005-05-12,DIS,1,Alpha Vantage EARNINGS,2005-05-11,2005-03-31,0.32,0.32,0.0,0.0,True
2005-08-09,DIS,1,Alpha Vantage EARNINGS,2005-08-09,2005-06-30,0.42,0.38,0.04,10.5263,False
2005-11-17,DIS,1,Alpha Vantage EARNINGS,2005-11-17,2005-09-30,0.23,0.18,0.05,27.7778,False
2006-02-06,DIS,1,Alpha Vantage EARNINGS,2006-02-06,2005-12-31,0.35,0.3,0.05,16.6667,False
2006-05-09,DIS,1,Alpha Vantage EARNINGS,2006-05-09,2006-03-31,0.37,0.31,0.06,19.3548,False
2006-08-09,DIS,1,Alpha Vantage EARNINGS,2006-08-09,2006-06-30,0.53,0.44,0.09,20.4545,False
2006-11-09,DIS,1,Alpha Vantage EARNINGS,2006-11-09,2006-09-30,0.36,0.34,0.02,5.8824,False
2007-02-07,DIS,1,Alpha Vantage EARNINGS,2007-02-07,2006-12-31,0.49,0.39,0.1,25.641,False
2007-05-08,DIS,1,Alpha Vantage EARNINGS,2007-05-08,2007-03-31,0.43,0.38,0.05,13.1579,False
2007-08-01,DIS,1,Alpha Vantage EARNINGS,2007-08-01,2007-06-30,0.58,0.55,0.03,5.4545,False
2007-11-08,DIS,1,Alpha Vantage EARNINGS,2007-11-08,2007-09-30,0.42,0.41,0.01,2.439,False
2008-02-05,DIS,1,Alpha Vantage EARNINGS,2008-02-05,2007-12-31,0.63,0.52,0.11,21.1538,False
2008-05-06,DIS,1,Alpha Vantage EARNINGS,2008-05-06,2008-03-31,0.58,0.51,0.07,13.7255,False
2008-07-30,DIS,1,Alpha Vantage EARNINGS,2008-07-30,2008-06-30,0.62,0.61,0.01,1.6393,False
2008-11-06,DIS,1,Alpha Vantage EARNINGS,2008-11-06,2008-09-30,0.43,0.49,-0.06,-12.2449,False
2009-02-03,DIS,1,Alpha Vantage EARNINGS,2009-02-03,2008-12-31,0.41,0.51,-0.1,-19.6078,False
2009-05-05,DIS,1,Alpha Vantage EARNINGS,2009-05-05,2009-03-31,0.43,0.4,0.03,7.5,False
2009-07-30,DIS,1,Alpha Vantage EARNINGS,2009-07-30,2009-06-30,0.52,0.5,0.02,4.0,False
2009-11-12,DIS,1,Alpha Vantage EARNINGS,2009-11-12,2009-09-30,0.46,0.41,0.05,12.1951,False
2010-02-09,DIS,1,Alpha Vantage EARNINGS,2010-02-09,2009-12-31,0.47,0.38,0.09,23.6842,False
2010-05-11,DIS,1,Alpha Vantage EARNINGS,2010-05-11,2010-03-31,0.48,0.45,0.03,6.6667,False
2010-08-10,DIS,1,Alpha Vantage EARNINGS,2010-08-10,2010-06-30,0.67,0.58,0.09,15.5172,False
2010-11-11,DIS,1,Alpha Vantage EARNINGS,2010-11-11,2010-09-30,0.45,0.46,-0.01,-2.1739,False
2011-02-08,DIS,1,Alpha Vantage EARNINGS,2011-02-08,2010-12-31,0.68,0.56,0.12,21.4286,False
2011-05-10,DIS,1,Alpha Vantage EARNINGS,2011-05-10,2011-03-31,0.49,0.57,-0.08,-14.0351,False
2011-08-09,DIS,1,Alpha Vantage EARNINGS,2011-08-09,2011-06-30,0.78,0.73,0.05,6.8493,False
2011-11-10,DIS,1,Alpha Vantage EARNINGS,2011-11-10,2011-09-30,0.59,0.54,0.05,9.2593,False
2012-02-07,DIS,1,Alpha Vantage EARNINGS,2012-02-07,2011-12-31,0.8,0.71,0.09,12.6761,False
2012-05-08,DIS,1,Alpha Vantage EARNINGS,2012-05-08,2012-03-31,0.58,0.55,0.03,5.4545,False
2012-08-07,DIS,1,Alpha Vantage EARNINGS,2012-08-07,2012-06-30,1.01,0.93,0.08,8.6022,False
2012-11-08,DIS,1,Alpha Vantage EARNINGS,2012-11-08,2012-09-30,0.68,0.68,0.0,0.0,False
2013-02-05,DIS,1,Alpha Vantage EARNINGS,2013-02-05,2012-12-31,0.79,0.76,0.03,3.9474,False
2013-05-07,DIS,1,Alpha Vantage EARNINGS,2013-05-07,2013-03-31,0.79,0.77,0.02,2.5974,False
2013-08-06,DIS,1,Alpha Vantage EARNINGS,2013-08-06,2013-06-30,1.03,1.01,0.02,1.9802,False
2013-11-07,DIS,1,Alpha Vantage EARNINGS,2013-11-07,2013-09-30,0.77,0.76,0.01,1.3158,False
2014-02-05,DIS,1,Alpha Vantage EARNINGS,2014-02-05,2013-12-31,1.04,0.92,0.12,13.0435,False
2014-05-06,DIS,1,Alpha Vantage EARNINGS,2014-05-06,2014-03-31,1.11,0.96,0.15,15.625,False
2014-08-05,DIS,1,Alpha Vantage EARNINGS,2014-08-05,2014-06-30,1.28,1.17,0.11,9.4017,False
2014-11-06,DIS,1,Alpha Vantage EARNINGS,2014-11-06,2014-09-30,0.89,0.89,0.0,0.0,False
2015-02-03,DIS,1,Alpha Vantage EARNINGS,2015-02-03,2014-12-31,1.27,1.07,0.2,18.6916,False
2015-05-05,DIS,1,Alpha Vantage EARNINGS,2015-05-05,2015-03-31,1.23,1.11,0.12,10.8108,False
2015-08-04,DIS,1,Alpha Vantage EARNINGS,2015-08-04,2015-06-30,1.45,1.42,0.03,2.1127,False
2015-11-05,DIS,1,Alpha Vantage EARNINGS,2015-11-05,2015-09-30,1.2,1.14,0.06,5.2632,False
2016-02-09,DIS,1,Alpha Vantage EARNINGS,2016-02-09,2015-12-31,1.63,1.45,0.18,12.4138,False
2016-05-10,DIS,1,Alpha Vantage EARNINGS,2016-05-10,2016-03-31,1.36,1.4,-0.04,-2.8571,False
2016-08-09,DIS,1,Alpha Vantage EARNINGS,2016-08-09,2016-06-30,1.62,1.61,0.01,0.6211,False
2016-11-10,DIS,1,Alpha Vantage EARNINGS,2016-11-10,2016-09-30,1.1,1.16,-0.06,-5.1724,False
2017-02-07,DIS,1,Alpha Vantage EARNINGS,2017-02-07,2016-12-31,1.55,1.49,0.06,4.0268,False
2017-05-09,DIS,1,Alpha Vantage EARNINGS,2017-05-09,2017-03-31,1.5,1.41,0.09,6.383,False
2017-08-08,DIS,1,Alpha Vantage EARNINGS,2017-08-08,2017-06-30,1.58,1.55,0.03,1.9355,False
2017-11-09,DIS,1,Alpha Vantage EARNINGS,2017-11-09,2017-09-30,1.07,1.13,-0.06,-5.3097,False
2001-01-17,GE,1,Alpha Vantage EARNINGS,2001-01-17,2000-12-31,2.88,2.89,-0.01,-0.346,False
2001-04-12,GE,1,Alpha Vantage EARNINGS,2001-04-12,2001-03-31,2.4,2.39,0.01,0.4184,False
2001-07-12,GE,1,Alpha Vantage EARNINGS,2001-07-12,2001-06-30,3.12,3.1,0.02,0.6452,False
2001-10-11,GE,1,Alpha Vantage EARNINGS,2001-10-11,2001-09-30,2.64,2.7,-0.06,-2.2222,False
2002-01-17,GE,1,Alpha Vantage EARNINGS,2002-01-17,2001-12-31,3.12,3.11,0.01,0.3215,False
2002-04-11,GE,1,Alpha Vantage EARNINGS,2002-04-11,2002-03-31,2.8,2.78,0.02,0.7194,False
2002-07-12,GE,1,Alpha Vantage EARNINGS,2002-07-12,2002-06-30,3.52,3.53,-0.01,-0.2833,False
2002-10-11,GE,1,Alpha Vantage EARNINGS,2002-10-11,2002-09-30,3.28,3.25,0.03,0.9231,False
2003-01-17,GE,1,Alpha Vantage EARNINGS,2003-01-17,2002-12-31,2.48,2.47,0.01,0.4049,False
2003-04-11,GE,1,Alpha Vantage EARNINGS,2003-04-11,2003-03-31,2.56,2.56,0.0,0.0,False
2003-07-11,GE,1,Alpha Vantage EARNINGS,2003-07-11,2003-06-30,3.04,3.01,0.03,0.9967,False
2003-10-10,GE,1,Alpha Vantage EARNINGS,2003-10-10,2003-09-30,3.2,3.17,0.03,0.9464,False
2004-01-16,GE,1,Alpha Vantage EARNINGS,2004-01-16,2003-12-31,3.6,3.63,-0.03,-0.8264,False
2004-04-08,GE,1,Alpha Vantage EARNINGS,2004-04-08,2004-03-31,2.56,2.54,0.02,0.7874,False
2004-07-09,GE,1,Alpha Vantage EARNINGS,2004-07-09,2004-06-30,3.04,3.0,0.04,1.3333,False
2004-10-08,GE,1,Alpha Vantage EARNINGS,2004-10-08,2004-09-30,3.04,3.07,-0.03,-0.9772,False
2005-01-21,GE,1,Alpha Vantage EARNINGS,2005-01-21,2004-12-31,4.08,3.96,0.12,3.0303,False
2005-04-15,GE,1,Alpha Vantage EARNINGS,2005-04-15,2005-03-31,3.04,2.99,0.05,1.6722,False
2005-07-15,GE,1,Alpha Vantage EARNINGS,2005-07-15,2005-06-30,3.52,3.52,0.0,0.0,False
2005-10-14,GE,1,Alpha Vantage EARNINGS,2005-10-14,2005-09-30,3.52,3.52,0.0,0.0,False
2006-01-20,GE,1,Alpha Vantage EARNINGS,2006-01-20,2005-12-31,4.4,4.38,0.02,0.4566,False
2006-04-13,GE,1,Alpha Vantage EARNINGS,2006-04-13,2006-03-31,3.12,3.11,0.01,0.3215,False
2006-07-14,GE,1,Alpha Vantage EARNINGS,2006-07-14,2006-06-30,3.76,3.77,-0.01,-0.2653,False
2006-10-13,GE,1,Alpha Vantage EARNINGS,2006-10-13,2006-09-30,3.92,3.92,0.0,0.0,False
2007-01-19,GE,1,Alpha Vantage EARNINGS,2007-01-19,2006-12-31,5.12,5.09,0.03,0.5894,False
2007-04-13,GE,1,Alpha Vantage EARNINGS,2007-04-13,2007-03-31,3.52,3.53,-0.01,-0.2833,False
2007-07-13,GE,1,Alpha Vantage EARNINGS,2007-07-13,2007-06-30,4.24,4.18,0.06,1.4354,False
2007-10-12,GE,1,Alpha Vantage EARNINGS,2007-10-12,2007-09-30,4.0,4.01,-0.01,-0.2494,False
2008-01-18,GE,1,Alpha Vantage EARNINGS,2008-01-18,2007-12-31,5.44,5.44,0.0,0.0,False
2008-04-11,GE,1,Alpha Vantage EARNINGS,2008-04-11,2008-03-31,3.52,4.09,-0.57,-13.9364,False
2008-07-11,GE,1,Alpha Vantage EARNINGS,2008-07-11,2008-06-30,4.32,4.28,0.04,0.9346,False
2008-10-10,GE,1,Alpha Vantage EARNINGS,2008-10-10,2008-09-30,3.6,3.59,0.01,0.2786,False
2009-01-23,GE,1,Alpha Vantage EARNINGS,2009-01-23,2008-12-31,2.88,2.94,-0.06,-2.0408,False
2009-04-17,GE,1,Alpha Vantage EARNINGS,2009-04-17,2009-03-31,2.08,1.67,0.41,24.5509,False
2009-07-17,GE,1,Alpha Vantage EARNINGS,2009-07-17,2009-06-30,2.08,1.85,0.23,12.4324,False
2009-10-16,GE,1,Alpha Vantage EARNINGS,2009-10-16,2009-09-30,1.76,1.62,0.14,8.642,False
2010-01-22,GE,1,Alpha Vantage EARNINGS,2010-01-22,2009-12-31,2.24,2.09,0.15,7.177,False
2010-04-16,GE,1,Alpha Vantage EARNINGS,2010-04-16,2010-03-31,1.68,1.31,0.37,28.2443,False
2010-07-16,GE,1,Alpha Vantage EARNINGS,2010-07-16,2010-06-30,2.4,2.13,0.27,12.6761,False
2010-10-15,GE,1,Alpha Vantage EARNINGS,2010-10-15,2010-09-30,2.32,2.19,0.13,5.9361,False
2011-01-21,GE,1,Alpha Vantage EARNINGS,2011-01-21,2010-12-31,2.88,2.55,0.33,12.9412,False
2011-04-21,GE,1,Alpha Vantage EARNINGS,2011-04-21,2011-03-31,2.64,2.27,0.37,16.2996,False
2011-07-22,GE,1,Alpha Vantage EARNINGS,2011-07-22,2011-06-30,2.72,2.58,0.14,5.4264,False
2011-10-21,GE,1,Alpha Vantage EARNINGS,2011-10-21,2011-09-30,2.48,2.51,-0.03,-1.1952,False
2012-01-20,GE,1,Alpha Vantage EARNINGS,2012-01-20,2011-12-31,3.12,3.03,0.09,2.9703,False
2012-04-20,GE,1,Alpha Vantage EARNINGS,2012-04-20,2012-03-31,2.72,2.63,0.09,3.4221,False
2012-07-20,GE,1,Alpha Vantage EARNINGS,2012-07-20,2012-06-30,3.04,2.97,0.07,2.3569,False
2012-10-19,GE,1,Alpha Vantage EARNINGS,2012-10-19,2012-09-30,2.88,2.9,-0.02,-0.6897,False
2013-01-18,GE,1,Alpha Vantage EARNINGS,2013-01-18,2012-12-31,3.52,3.45,0.07,2.029,False
2013-04-19,GE,1,Alpha Vantage EARNINGS,2013-04-19,2013-03-31,2.8,2.78,0.02,0.7194,False
2013-07-19,GE,1,Alpha Vantage EARNINGS,2013-07-19,2013-06-30,2.88,2.83,0.05,1.7668,False
2013-10-18,GE,1,Alpha Vantage EARNINGS,2013-10-18,2013-09-30,2.88,2.83,0.05,1.7668,False
2014-01-17,GE,1,Alpha Vantage EARNINGS,2014-01-17,2013-12-31,4.24,4.27,-0.03,-0.7026,False
2014-04-17,GE,1,Alpha Vantage EARNINGS,2014-04-17,2014-03-31,2.64,2.54,0.1,3.937,False
2014-07-18,GE,1,Alpha Vantage EARNINGS,2014-07-18,2014-06-30,3.12,3.15,-0.03,-0.9524,False
2014-10-17,GE,1,Alpha Vantage EARNINGS,2014-10-17,2014-09-30,3.04,2.98,0.06,2.0134,False
2015-01-23,GE,1,Alpha Vantage EARNINGS,2015-01-23,2014-12-31,4.48,4.36,0.12,2.7523,False
2015-04-17,GE,1,Alpha Vantage EARNINGS,2015-04-17,2015-03-31,2.48,2.4,0.08,3.3333,False
2015-07-17,GE,1,Alpha Vantage EARNINGS,2015-07-17,2015-06-30,2.48,2.26,0.22,9.7345,False
2015-10-16,GE,1,Alpha Vantage EARNINGS,2015-10-16,2015-09-30,2.32,2.09,0.23,11.0048,False
2016-01-22,GE,1,Alpha Vantage EARNINGS,2016-01-22,2015-12-31,4.16,3.95,0.21,5.3165,False
2016-04-22,GE,1,Alpha Vantage EARNINGS,2016-04-22,2016-03-31,1.68,1.54,0.14,9.0909,False
2016-07-22,GE,1,Alpha Vantage EARNINGS,2016-07-22,2016-06-30,4.08,3.65,0.43,11.7808,False
2016-10-21,GE,1,Alpha Vantage EARNINGS,2016-10-21,2016-09-30,2.56,2.4,0.16,6.6667,False
2017-01-20,GE,1,Alpha Vantage EARNINGS,2017-01-20,2016-12-31,3.68,3.68,0.0,0.0,False
2017-04-21,GE,1,Alpha Vantage EARNINGS,2017-04-21,2017-03-31,1.68,1.35,0.33,24.4444,False
2017-07-21,GE,1,Alpha Vantage EARNINGS,2017-07-21,2017-06-30,2.24,2.0,0.24,12.0,False
2017-10-20,GE,1,Alpha Vantage EARNINGS,2017-10-20,2017-09-30,2.32,3.95,-1.63,-41.2658,False
2001-03-21,GS,1,Alpha Vantage EARNINGS,2001-03-20,2000-12-31,1.4,1.31,0.09,6.8702,True
2001-06-19,GS,1,Alpha Vantage EARNINGS,2001-06-19,2001-03-31,1.06,1.06,0.0,0.0,False
2001-09-27,GS,1,Alpha Vantage EARNINGS,2001-09-26,2001-06-30,0.87,0.81,0.06,7.4074,True
2001-12-20,GS,1,Alpha Vantage EARNINGS,2001-12-20,2001-09-30,0.93,0.9,0.03,3.3333,False
2002-03-20,GS,1,Alpha Vantage EARNINGS,2002-03-19,2001-12-31,0.98,0.89,0.09,10.1124,True
2002-06-20,GS,1,Alpha Vantage EARNINGS,2002-06-20,2002-03-31,1.06,0.98,0.08,8.1633,False
2002-09-24,GS,1,Alpha Vantage EARNINGS,2002-09-24,2002-06-30,1.0,0.99,0.01,1.0101,False
2002-12-19,GS,1,Alpha Vantage EARNINGS,2002-12-19,2002-09-30,0.98,0.96,0.02,2.0833,False
2003-03-20,GS,1,Alpha Vantage EARNINGS,2003-03-20,2002-12-31,1.29,0.96,0.33,34.375,False
2003-06-25,GS,1,Alpha Vantage EARNINGS,2003-06-25,2003-03-31,1.36,1.19,0.17,14.2857,False
2003-09-23,GS,1,Alpha Vantage EARNINGS,2003-09-23,2003-06-30,1.32,1.23,0.09,7.3171,False
2003-12-18,GS,1,Alpha Vantage EARNINGS,2003-12-18,2003-09-30,1.89,1.54,0.35,22.7273,False
2004-03-23,GS,1,Alpha Vantage EARNINGS,2004-03-23,2003-12-31,2.5,1.62,0.88,54.321,False
2004-06-22,GS,1,Alpha Vantage EARNINGS,2004-06-22,2004-03-31,2.31,1.95,0.36,18.4615,False
2004-09-21,GS,1,Alpha Vantage EARNINGS,2004-09-21,2004-06-30,1.74,1.44,0.3,20.8333,False
2004-12-16,GS,1,Alpha Vantage EARNINGS,2004-12-16,2004-09-30,2.36,2.3,0.06,2.6087,False
2005-03-17,GS,1,Alpha Vantage EARNINGS,2005-03-17,2004-12-31,2.94,2.24,0.7,31.25,False
2005-06-16,GS,1,Alpha Vantage EARNINGS,2005-06-16,2005-03-31,1.71,1.89,-0.18,-9.5238,False
2005-09-20,GS,1,Alpha Vantage EARNINGS,2005-09-20,2005-06-30,3.25,2.36,0.89,37.7119,False
2005-12-15,GS,1,Alpha Vantage EARNINGS,2005-12-15,2005-09-30,3.35,3.49,-0.14,-4.0115,False
2006-03-14,GS,1,Alpha Vantage EARNINGS,2006-03-14,2005-12-31,5.08,3.3,1.78,53.9394,False
2006-06-13,GS,1,Alpha Vantage EARNINGS,2006-06-13,2006-03-31,4.78,4.28,0.5,11.6822,False
2006-09-12,GS,1,Alpha Vantage EARNINGS,2006-09-12,2006-06-30,3.26,2.96,0.3,10.1351,False
2006-12-12,GS,1,Alpha Vantage EARNINGS,2006-12-12,2006-09-30,6.59,5.99,0.6,10.0167,False
2007-03-13,GS,1,Alpha Vantage EARNINGS,2007-03-13,2006-12-31,6.67,4.98,1.69,33.9357,False
2007-06-14,GS,1,Alpha Vantage EARNINGS,2007-06-14,2007-03-31,4.93,4.79,0.14,2.9228,False
2007-09-20,GS,1,Alpha Vantage EARNINGS,2007-09-20,2007-06-30,6.13,4.35,1.78,40.9195,False
2007-12-18,GS,1,Alpha Vantage EARNINGS,2007-12-18,2007-09-30,7.01,6.68,0.33,4.9401,False
2008-03-18,GS,1,Alpha Vantage EARNINGS,2008-03-18,2007-12-31,3.23,2.57,0.66,25.6809,False
2008-06-17,GS,1,Alpha Vantage EARNINGS,2008-06-17,2008-03-31,4.58,3.38,1.2,35.503,False
2008-09-16,GS,1,Alpha Vantage EARNINGS,2008-09-16,2008-06-30,1.81,1.75,0.06,3.4286,False
2008-12-16,GS,1,Alpha Vantage EARNINGS,2008-12-16,2008-09-30,-4.62,-3.92,-0.7,-17.8571,False
2009-04-13,GS,1,Alpha Vantage EARNINGS,2009-04-13,2009-03-31,3.39,1.5,1.89,126.0,False
2009-07-14,GS,1,Alpha Vantage EARNINGS,2009-07-14,2009-06-30,4.93,3.48,1.45,41.6667,False
2009-10-15,GS,1,Alpha Vantage EARNINGS,2009-10-15,2009-09-30,5.25,4.19,1.06,25.2983,False
2010-01-21,GS,1,Alpha Vantage EARNINGS,2010-01-21,2009-12-31,8.2,5.19,3.01,57.9961,False
2010-04-20,GS,1,Alpha Vantage EARNINGS,2010-04-20,2010-03-31,5.59,4.08,1.51,37.0098,False
2010-07-20,GS,1,Alpha Vantage EARNINGS,2010-07-20,2010-06-30,0.78,2.52,-1.74,-69.0476,False
2010-10-19,GS,1,Alpha Vantage EARNINGS,2010-10-19,2010-09-30,2.98,2.41,0.57,23.6515,False
2011-01-19,GS,1,Alpha Vantage EARNINGS,2011-01-19,2010-12-31,3.79,3.82,-0.03,-0.7853,False
2011-04-19,GS,1,Alpha Vantage EARNINGS,2011-04-19,2011-03-31,4.38,3.64,0.74,20.3297,False
2011-07-19,GS,1,Alpha Vantage EARNINGS,2011-07-19,2011-06-30,1.85,2.38,-0.53,-22.2689,False
2011-10-18,GS,1,Alpha Vantage EARNINGS,2011-10-18,2011-09-30,-0.84,-0.1,-0.74,-740.0,False
2012-01-18,GS,1,Alpha Vantage EARNINGS,2012-01-18,2011-12-31,1.84,1.34,0.5,37.3134,False
2012-04-17,GS,1,Alpha Vantage EARNINGS,2012-04-17,2012-03-31,3.92,3.53,0.39,11.0482,False
2012-07-17,GS,1,Alpha Vantage EARNINGS,2012-07-17,2012-06-30,1.78,1.27,0.51,40.1575,False
2012-10-16,GS,1,Alpha Vantage EARNINGS,2012-10-16,2012-09-30,2.85,2.09,0.76,36.3636,False
2013-01-16,GS,1,Alpha Vantage EARNINGS,2013-01-16,2012-12-31,5.6,3.62,1.98,54.6961,False
2013-04-16,GS,1,Alpha Vantage EARNINGS,2013-04-16,2013-03-31,4.29,3.94,0.35,8.8832,False
2013-07-16,GS,1,Alpha Vantage EARNINGS,2013-07-16,2013-06-30,3.7,2.85,0.85,29.8246,False
2013-10-17,GS,1,Alpha Vantage EARNINGS,2013-10-17,2013-09-30,2.88,2.43,0.45,18.5185,False
2014-01-16,GS,1,Alpha Vantage EARNINGS,2014-01-16,2013-12-31,4.6,4.19,0.41,9.7852,False
2014-04-17,GS,1,Alpha Vantage EARNINGS,2014-04-17,2014-03-31,4.02,3.46,0.56,16.185,False
2014-07-15,GS,1,Alpha Vantage EARNINGS,2014-07-15,2014-06-30,4.1,3.08,1.02,33.1169,False
2014-10-16,GS,1,Alpha Vantage EARNINGS,2014-10-16,2014-09-30,4.57,3.21,1.36,42.3676,False
2015-01-16,GS,1,Alpha Vantage EARNINGS,2015-01-16,2014-12-31,4.38,4.31,0.07,1.6241,False
2015-04-16,GS,1,Alpha Vantage EARNINGS,2015-04-16,2015-03-31,5.94,4.27,1.67,39.1101,False
2015-07-16,GS,1,Alpha Vantage EARNINGS,2015-07-16,2015-06-30,4.75,3.95,0.8,20.2532,False
2015-10-15,GS,1,Alpha Vantage EARNINGS,2015-10-15,2015-09-30,2.9,3.13,-0.23,-7.3482,False
2016-01-20,GS,1,Alpha Vantage EARNINGS,2016-01-20,2015-12-31,4.68,3.62,1.06,29.2818,False
2016-04-19,GS,1,Alpha Vantage EARNINGS,2016-04-19,2016-03-31,2.68,2.5,0.18,7.2,False
2016-07-19,GS,1,Alpha Vantage EARNINGS,2016-07-19,2016-06-30,3.72,3.03,0.69,22.7723,False
2016-10-18,GS,1,Alpha Vantage EARNINGS,2016-10-18,2016-09-30,4.88,3.83,1.05,27.4151,False
2017-01-18,GS,1,Alpha Vantage EARNINGS,2017-01-18,2016-12-31,5.08,4.8,0.28,5.8333,False
2017-04-18,GS,1,Alpha Vantage EARNINGS,2017-04-18,2017-03-31,5.15,5.17,-0.02,-0.3868,False
2017-07-18,GS,1,Alpha Vantage EARNINGS,2017-07-18,2017-06-30,3.95,3.41,0.54,15.8358,False
2017-10-17,GS,1,Alpha Vantage EARNINGS,2017-10-17,2017-09-30,5.02,4.15,0.87,20.9639,False
2001-02-20,HD,1,Alpha Vantage EARNINGS,2001-02-20,2001-01-31,0.2,0.2,0.0,0.0,False
2001-05-15,HD,1,Alpha Vantage EARNINGS,2001-05-15,2001-04-30,0.27,0.26,0.01,3.8462,False
2001-08-14,HD,1,Alpha Vantage EARNINGS,2001-08-14,2001-07-31,0.39,0.37,0.02,5.4054,False
2001-11-13,HD,1,Alpha Vantage EARNINGS,2001-11-13,2001-10-31,0.33,0.33,0.0,0.0,False
2002-02-26,HD,1,Alpha Vantage EARNINGS,2002-02-26,2002-01-31,0.3,0.29,0.01,3.4483,False
2002-05-21,HD,1,Alpha Vantage EARNINGS,2002-05-21,2002-04-30,0.36,0.33,0.03,9.0909,False
2002-08-20,HD,1,Alpha Vantage EARNINGS,2002-08-20,2002-07-31,0.5,0.47,0.03,6.383,False
2002-11-19,HD,1,Alpha Vantage EARNINGS,2002-11-19,2002-10-31,0.4,0.4,0.0,0.0,False
2003-02-25,HD,1,Alpha Vantage EARNINGS,2003-02-25,2003-01-31,0.3,0.27,0.03,11.1111,False
2003-05-20,HD,1,Alpha Vantage EARNINGS,2003-05-20,2003-04-30,0.39,0.37,0.02,5.4054,False
2003-08-19,HD,1,Alpha Vantage EARNINGS,2003-08-19,2003-07-31,0.56,0.54,0.02,3.7037,False
2003-11-18,HD,1,Alpha Vantage EARNINGS,2003-11-18,2003-10-31,0.5,0.46,0.04,8.6957,False
2004-02-24,HD,1,Alpha Vantage EARNINGS,2004-02-24,2004-01-31,0.42,0.39,0.03,7.6923,False
2004-05-18,HD,1,Alpha Vantage EARNINGS,2004-05-18,2004-04-30,0.49,0.43,0.06,13.9535,False
2004-08-17,HD,1,Alpha Vantage EARNINGS,2004-08-17,2004-07-31,0.7,0.65,0.05,7.6923,False
2004-11-16,HD,1,Alpha Vantage EARNINGS,2004-11-16,2004-10-31,0.6,0.56,0.04,7.1429,False
2005-02-22,HD,1,Alpha Vantage EARNINGS,2005-02-22,2005-01-31,0.47,0.47,0.0,0.0,False
2005-05-17,HD,1,Alpha Vantage EARNINGS,2005-05-17,2005-04-30,0.57,0.55,0.02,3.6364,False
2005-08-16,HD,1,Alpha Vantage EARNINGS,2005-08-16,2005-07-31,0.82,0.79,0.03,3.7975,False
2005-11-15,HD,1,Alpha Vantage EARNINGS,2005-11-15,2005-10-31,0.72,0.68,0.04,5.8824,False
2006-02-21,HD,1,Alpha Vantage EARNINGS,2006-02-21,2006-01-31,0.6,0.56,0.04,7.1429,False
2006-05-16,HD,1,Alpha Vantage EARNINGS,2006-05-16,2006-04-30,0.7,0.67,0.03,4.4776,False
2006-08-15,HD,1,Alpha Vantage EARNINGS,2006-08-15,2006-07-31,0.93,0.92,0.01,1.087,False
2006-11-14,HD,1,Alpha Vantage EARNINGS,2006-11-14,2006-10-31,0.73,0.75,-0.02,-2.6667,False
2007-02-20,HD,1,Alpha Vantage EARNINGS,2007-02-20,2007-01-31,0.5,0.51,-0.01,-1.9608,False
2007-05-15,HD,1,Alpha Vantage EARNINGS,2007-05-15,2007-04-30,0.53,0.59,-0.06,-10.1695,False
2007-08-14,HD,1,Alpha Vantage EARNINGS,2007-08-14,2007-07-31,0.77,0.74,0.03,4.0541,False
2007-11-13,HD,1,Alpha Vantage EARNINGS,2007-11-13,2007-10-31,0.59,0.6,-0.01,-1.6667,False
2008-02-26,HD,1,Alpha Vantage EARNINGS,2008-02-26,2008-01-31,0.4,0.43,-0.03,-6.9767,False
2008-05-20,HD,1,Alpha Vantage EARNINGS,2008-05-20,2008-04-30,0.41,0.37,0.04,10.8108,False
2008-08-19,HD,1,Alpha Vantage EARNINGS,2008-08-19,2008-07-31,0.71,0.61,0.1,16.3934,False
2008-11-18,HD,1,Alpha Vantage EARNINGS,2008-11-18,2008-10-31,0.45,0.39,0.06,15.3846,False
2009-02-24,HD,1,Alpha Vantage EARNINGS,2009-02-24,2009-01-31,0.19,0.15,0.04,26.6667,False
2009-05-19,HD,1,Alpha Vantage EARNINGS,2009-05-19,2009-04-30,0.35,0.28,0.07,25.0,False
2009-08-18,HD,1,Alpha Vantage EARNINGS,2009-08-18,2009-07-31,0.64,0.59,0.05,8.4746,False
2009-11-17,HD,1,Alpha Vantage EARNINGS,2009-11-17,2009-10-31,0.41,0.35,0.06,17.1429,False
2010-02-23,HD,1,Alpha Vantage EARNINGS,2010-02-23,2010-01-31,0.24,0.17,0.07,41.1765,False
2010-05-18,HD,1,Alpha Vantage EARNINGS,2010-05-18,2010-04-30,0.45,0.39,0.06,15.3846,False
2010-08-17,HD,1,Alpha Vantage EARNINGS,2010-08-17,2010-07-31,0.72,0.7,0.02,2.8571,False
2010-11-16,HD,1,Alpha Vantage EARNINGS,2010-11-16,2010-10-31,0.51,0.48,0.03,6.25,False
2011-02-22,HD,1,Alpha Vantage EARNINGS,2011-02-22,2011-01-31,0.36,0.31,0.05,16.129,False
2011-05-17,HD,1,Alpha Vantage EARNINGS,2011-05-17,2011-04-30,0.5,0.49,0.01,2.0408,False
2011-08-16,HD,1,Alpha Vantage EARNINGS,2011-08-16,2011-07-31,0.86,0.82,0.04,4.878,False
2011-11-15,HD,1,Alpha Vantage EARNINGS,2011-11-15,2011-10-31,0.6,0.58,0.02,3.4483,False
2012-02-21,HD,1,Alpha Vantage EARNINGS,2012-02-21,2012-01-31,0.5,0.42,0.08,19.0476,False
2012-05-15,HD,1,Alpha Vantage EARNINGS,2012-05-15,2012-04-30,0.65,0.64,0.01,1.5625,False
2012-08-14,HD,1,Alpha Vantage EARNINGS,2012-08-14,2012-07-31,1.01,0.97,0.04,4.1237,False
2012-11-13,HD,1,Alpha Vantage EARNINGS,2012-11-13,2012-10-31,0.74,0.7,0.04,5.7143,False
2013-02-26,HD,1,Alpha Vantage EARNINGS,2013-02-26,2013-01-31,0.67,0.64,0.03,4.6875,False
2013-05-21,HD,1,Alpha Vantage EARNINGS,2013-05-21,2013-04-30,0.83,0.76,0.07,9.2105,False
2013-08-20,HD,1,Alpha Vantage EARNINGS,2013-08-20,2013-07-31,1.24,1.21,0.03,2.4793,False
2013-11-19,HD,1,Alpha Vantage EARNINGS,2013-11-19,2013-10-31,0.95,0.89,0.06,6.7416,False
2014-02-25,HD,1,Alpha Vantage EARNINGS,2014-02-25,2014-01-31,0.73,0.71,0.02,2.8169,False
2014-05-20,HD,1,Alpha Vantage EARNINGS,2014-05-20,2014-04-30,0.96,0.98,-0.02,-2.0408,False
2014-08-19,HD,1,Alpha Vantage EARNINGS,2014-08-19,2014-07-31,1.52,1.45,0.07,4.8276,False
2014-11-18,HD,1,Alpha Vantage EARNINGS,2014-11-18,2014-10-31,1.12,1.14,-0.02,-1.7544,False
2015-02-24,HD,1,Alpha Vantage EARNINGS,2015-02-24,2015-01-31,1.0,0.89,0.11,12.3596,False
2015-05-19,HD,1,Alpha Vantage EARNINGS,2015-05-19,2015-04-30,1.16,1.15,0.01,0.8696,False
2015-08-18,HD,1,Alpha Vantage EARNINGS,2015-08-18,2015-07-31,1.71,1.69,0.02,1.1834,False
2015-11-17,HD,1,Alpha Vantage EARNINGS,2015-11-17,2015-10-31,1.36,1.32,0.04,3.0303,False
2016-02-23,HD,1,Alpha Vantage EARNINGS,2016-02-23,2016-01-31,1.17,1.1,0.07,6.3636,False
2016-05-17,HD,1,Alpha Vantage EARNINGS,2016-05-17,2016-04-30,1.44,1.35,0.09,6.6667,False
2016-08-16,HD,1,Alpha Vantage EARNINGS,2016-08-16,2016-07-31,1.97,1.97,0.0,0.0,False
2016-11-15,HD,1,Alpha Vantage EARNINGS,2016-11-15,2016-10-31,1.6,1.58,0.02,1.2658,False
2017-02-21,HD,1,Alpha Vantage EARNINGS,2017-02-21,2017-01-31,1.44,1.34,0.1,7.4627,False
2017-05-16,HD,1,Alpha Vantage EARNINGS,2017-05-16,2017-04-30,1.67,1.61,0.06,3.7267,False
2017-08-15,HD,1,Alpha Vantage EARNINGS,2017-08-15,2017-07-31,2.25,2.22,0.03,1.3514,False
2017-11-14,HD,1,Alpha Vantage EARNINGS,2017-11-14,2017-10-31,1.84,1.82,0.02,1.0989,False
2001-01-17,IBM,1,Alpha Vantage EARNINGS,2001-01-17,2000-12-31,1.48,1.46,0.02,1.3699,False
2001-04-18,IBM,1,Alpha Vantage EARNINGS,2001-04-18,2001-03-31,0.98,0.98,0.0,0.0,False
2001-07-18,IBM,1,Alpha Vantage EARNINGS,2001-07-18,2001-06-30,1.15,1.15,0.0,0.0,False
2001-10-16,IBM,1,Alpha Vantage EARNINGS,2001-10-16,2001-09-30,0.9,0.89,0.01,1.1236,False
2002-01-17,IBM,1,Alpha Vantage EARNINGS,2002-01-17,2001-12-31,1.33,1.32,0.01,0.7576,False
2002-04-17,IBM,1,Alpha Vantage EARNINGS,2002-04-17,2002-03-31,0.68,0.69,-0.01,-1.4493,False
2002-07-17,IBM,1,Alpha Vantage EARNINGS,2002-07-17,2002-06-30,0.89,0.86,0.03,3.4884,False
2002-10-16,IBM,1,Alpha Vantage EARNINGS,2002-10-16,2002-09-30,0.99,0.96,0.03,3.125,False
2003-01-16,IBM,1,Alpha Vantage EARNINGS,2003-01-16,2002-12-31,1.34,1.3,0.04,3.0769,False
2003-04-14,IBM,1,Alpha Vantage EARNINGS,2003-04-14,2003-03-31,0.79,0.8,-0.01,-1.25,False
2003-07-16,IBM,1,Alpha Vantage EARNINGS,2003-07-16,2003-06-30,0.98,0.98,0.0,0.0,False
2003-10-15,IBM,1,Alpha Vantage EARNINGS,2003-10-15,2003-09-30,1.02,1.02,0.0,0.0,False
2004-01-15,IBM,1,Alpha Vantage EARNINGS,2004-01-15,2003-12-31,1.56,1.5,0.06,4.0,False
2004-04-15,IBM,1,Alpha Vantage EARNINGS,2004-04-15,2004-03-31,0.93,0.93,0.0,0.0,False
2004-07-15,IBM,1,Alpha Vantage EARNINGS,2004-07-15,2004-06-30,1.16,1.12,0.04,3.5714,False
2004-10-18,IBM,1,Alpha Vantage EARNINGS,2004-10-18,2004-09-30,1.17,1.14,0.03,2.6316,False
2005-01-18,IBM,1,Alpha Vantage EARNINGS,2005-01-18,2004-12-31,1.81,1.76,0.05,2.8409,False
2005-04-14,IBM,1,Alpha Vantage EARNINGS,2005-04-14,2005-03-31,0.85,0.9,-0.05,-5.5556,False
2005-07-18,IBM,1,Alpha Vantage EARNINGS,2005-07-18,2005-06-30,1.12,1.03,0.09,8.7379,False
2005-10-17,IBM,1,Alpha Vantage EARNINGS,2005-10-17,2005-09-30,1.26,1.13,0.13,11.5044,False
2006-01-17,IBM,1,Alpha Vantage EARNINGS,2006-01-17,2005-12-31,2.11,1.94,0.17,8.7629,False
2006-04-18,IBM,1,Alpha Vantage EARNINGS,2006-04-18,2006-03-31,1.08,1.05,0.03,2.8571,False
2006-07-18,IBM,1,Alpha Vantage EARNINGS,2006-07-18,2006-06-30,1.3,1.29,0.01,0.7752,False
2006-10-17,IBM,1,Alpha Vantage EARNINGS,2006-10-17,2006-09-30,1.45,1.35,0.1,7.4074,False
2007-01-18,IBM,1,Alpha Vantage EARNINGS,2007-01-18,2006-12-31,2.26,2.19,0.07,3.1963,False
2007-04-17,IBM,1,Alpha Vantage EARNINGS,2007-04-17,2007-03-31,1.21,1.21,0.0,0.0,False
2007-07-18,IBM,1,Alpha Vantage EARNINGS,2007-07-18,2007-06-30,1.5,1.47,0.03,2.0408,False
2007-10-16,IBM,1,Alpha Vantage EARNINGS,2007-10-16,2007-09-30,1.68,1.68,0.0,0.0,False
2008-01-14,IBM,1,Alpha Vantage EARNINGS,2008-01-14,2007-12-31,2.8,2.6,0.2,7.6923,False
2008-04-16,IBM,1,Alpha Vantage EARNINGS,2008-04-16,2008-03-31,1.65,1.45,0.2,13.7931,False
2008-07-17,IBM,1,Alpha Vantage EARNINGS,2008-07-17,2008-06-30,1.98,1.82,0.16,8.7912,False
2008-10-16,IBM,1,Alpha Vantage EARNINGS,2008-10-16,2008-09-30,2.05,2.02,0.03,1.4851,False
2009-01-20,IBM,1,Alpha Vantage EARNINGS,2009-01-20,2008-12-31,3.28,3.04,0.24,7.8947,False
2009-04-20,IBM,1,Alpha Vantage EARNINGS,2009-04-20,2009-03-31,1.7,1.66,0.04,2.4096,False
2009-07-16,IBM,1,Alpha Vantage EARNINGS,2009-07-16,2009-06-30,2.32,2.01,0.31,15.4229,False
2009-10-15,IBM,1,Alpha Vantage EARNINGS,2009-10-15,2009-09-30,2.4,2.38,0.02,0.8403,False
2010-01-19,IBM,1,Alpha Vantage EARNINGS,2010-01-19,2009-12-31,3.59,3.47,0.12,3.4582,False
2010-04-19,IBM,1,Alpha Vantage EARNINGS,2010-04-19,2010-03-31,1.97,1.94,0.03,1.5464,False
2010-07-19,IBM,1,Alpha Vantage EARNINGS,2010-07-19,2010-06-30,2.61,2.57,0.04,1.5564,False
2010-10-18,IBM,1,Alpha Vantage EARNINGS,2010-10-18,2010-09-30,2.82,2.75,0.07,2.5455,False
2011-01-18,IBM,1,Alpha Vantage EARNINGS,2011-01-18,2010-12-31,4.18,4.08,0.1,2.451,False
2011-04-19,IBM,1,Alpha Vantage EARNINGS,2011-04-19,2011-03-31,2.41,2.3,0.11,4.7826,False
2011-07-18,IBM,1,Alpha Vantage EARNINGS,2011-07-18,2011-06-30,3.09,3.03,0.06,1.9802,False
2011-10-17,IBM,1,Alpha Vantage EARNINGS,2011-10-17,2011-09-30,3.28,3.22,0.06,1.8634,False
2012-01-19,IBM,1,Alpha Vantage EARNINGS,2012-01-19,2011-12-31,4.71,4.62,0.09,1.9481,False
2012-04-17,IBM,1,Alpha Vantage EARNINGS,2012-04-17,2012-03-31,2.78,2.65,0.13,4.9057,False
2012-07-18,IBM,1,Alpha Vantage EARNINGS,2012-07-18,2012-06-30,3.51,3.43,0.08,2.3324,False
2012-10-16,IBM,1,Alpha Vantage EARNINGS,2012-10-16,2012-09-30,3.62,3.61,0.01,0.277,False
2013-01-22,IBM,1,Alpha Vantage EARNINGS,2013-01-22,2012-12-31,5.39,5.25,0.14,2.6667,False
2013-04-18,IBM,1,Alpha Vantage EARNINGS,2013-04-18,2013-03-31,3.0,3.05,-0.05,-1.6393,False
2013-07-17,IBM,1,Alpha Vantage EARNINGS,2013-07-17,2013-06-30,3.91,3.79,0.12,3.1662,False
2013-10-16,IBM,1,Alpha Vantage EARNINGS,2013-10-16,2013-09-30,3.99,3.96,0.03,0.7576,False
2014-01-21,IBM,1,Alpha Vantage EARNINGS,2014-01-21,2013-12-31,6.13,6.0,0.13,2.1667,False
2014-04-16,IBM,1,Alpha Vantage EARNINGS,2014-04-16,2014-03-31,2.54,2.54,0.0,0.0,False
2014-07-17,IBM,1,Alpha Vantage EARNINGS,2014-07-17,2014-06-30,4.32,4.31,0.01,0.232,False
2014-10-20,IBM,1,Alpha Vantage EARNINGS,2014-10-20,2014-09-30,3.54,4.32,-0.78,-18.0556,False
2015-01-20,IBM,1,Alpha Vantage EARNINGS,2015-01-20,2014-12-31,5.81,5.41,0.4,7.3937,False
2015-04-20,IBM,1,Alpha Vantage EARNINGS,2015-04-20,2015-03-31,2.91,2.84,0.07,2.4648,False
2015-07-20,IBM,1,Alpha Vantage EARNINGS,2015-07-20,2015-06-30,3.84,3.79,0.05,1.3193,False
2015-10-19,IBM,1,Alpha Vantage EARNINGS,2015-10-19,2015-09-30,3.34,3.3,0.04,1.2121,False
2016-01-19,IBM,1,Alpha Vantage EARNINGS,2016-01-19,2015-12-31,4.84,4.81,0.03,0.6237,False
2016-04-18,IBM,1,Alpha Vantage EARNINGS,2016-04-18,2016-03-31,2.35,2.17,0.18,8.2949,False
2016-07-18,IBM,1,Alpha Vantage EARNINGS,2016-07-18,2016-06-30,2.95,2.88,0.07,2.4306,False
2016-10-17,IBM,1,Alpha Vantage EARNINGS,2016-10-17,2016-09-30,3.29,3.23,0.06,1.8576,False
2017-01-19,IBM,1,Alpha Vantage EARNINGS,2017-01-19,2016-12-31,5.01,4.88,0.13,2.6639,False
2017-04-18,IBM,1,Alpha Vantage EARNINGS,2017-04-18,2017-03-31,2.38,2.35,0.03,1.2766,False
2017-07-18,IBM,1,Alpha Vantage EARNINGS,2017-07-18,2017-06-30,2.97,2.74,0.23,8.3942,False
2017-10-17,IBM,1,Alpha Vantage EARNINGS,2017-10-17,2017-09-30,3.3,3.28,0.02,0.6098,False
2001-01-16,INTC,1,Alpha Vantage EARNINGS,2001-01-16,2000-12-31,0.38,0.38,0.0,0.0,False
2001-04-17,INTC,1,Alpha Vantage EARNINGS,2001-04-17,2001-03-31,0.16,0.15,0.01,6.6667,False
2001-07-17,INTC,1,Alpha Vantage EARNINGS,2001-07-17,2001-06-30,0.12,0.11,0.01,9.0909,False
2001-10-16,INTC,1,Alpha Vantage EARNINGS,2001-10-16,2001-09-30,0.1,0.1,0.0,0.0,False
2002-01-15,INTC,1,Alpha Vantage EARNINGS,2002-01-15,2001-12-31,0.15,0.11,0.04,36.3636,False
2002-04-16,INTC,1,Alpha Vantage EARNINGS,2002-04-16,2002-03-31,0.15,0.15,0.0,0.0,False
2002-07-16,INTC,1,Alpha Vantage EARNINGS,2002-07-16,2002-06-30,0.12,0.11,0.01,9.0909,False
2002-10-15,INTC,1,Alpha Vantage EARNINGS,2002-10-15,2002-09-30,0.11,0.13,-0.02,-15.3846,False
2003-01-14,INTC,1,Alpha Vantage EARNINGS,2003-01-14,2002-12-31,0.16,0.14,0.02,14.2857,False
2003-04-15,INTC,1,Alpha Vantage EARNINGS,2003-04-15,2003-03-31,0.14,0.12,0.02,16.6667,False
2003-07-15,INTC,1,Alpha Vantage EARNINGS,2003-07-15,2003-06-30,0.14,0.13,0.01,7.6923,False
2003-10-14,INTC,1,Alpha Vantage EARNINGS,2003-10-14,2003-09-30,0.25,0.23,0.02,8.6957,False
2004-01-14,INTC,1,Alpha Vantage EARNINGS,2004-01-14,2003-12-31,0.27,0.25,0.02,8.0,False
2004-04-14,INTC,1,Alpha Vantage EARNINGS,2004-04-13,2004-03-31,0.28,0.27,0.01,3.7037,True
2004-07-13,INTC,1,Alpha Vantage EARNINGS,2004-07-13,2004-06-30,0.27,0.27,0.0,0.0,False
2004-10-12,INTC,1,Alpha Vantage EARNINGS,2004-10-12,2004-09-30,0.26,0.27,-0.01,-3.7037,False
2005-01-11,INTC,1,Alpha Vantage EARNINGS,2005-01-11,2004-12-31,0.33,0.31,0.02,6.4516,False
2005-04-19,INTC,1,Alpha Vantage EARNINGS,2005-04-19,2005-03-31,0.34,0.31,0.03,9.6774,False
2005-07-19,INTC,1,Alpha Vantage EARNINGS,2005-07-19,2005-06-30,0.33,0.33,0.0,0.0,False
2005-10-18,INTC,1,Alpha Vantage EARNINGS,2005-10-18,2005-09-30,0.38,0.34,0.04,11.7647,False
2006-01-17,INTC,1,Alpha Vantage EARNINGS,2006-01-17,2005-12-31,0.4,0.43,-0.03,-6.9767,False
2006-04-19,INTC,1,Alpha Vantage EARNINGS,2006-04-19,2006-03-31,0.23,0.22,0.01,4.5455,False
2006-07-19,INTC,1,Alpha Vantage EARNINGS,2006-07-19,2006-06-30,0.15,0.13,0.02,15.3846,False
2006-10-17,INTC,1,Alpha Vantage EARNINGS,2006-10-17,2006-09-30,0.21,0.17,0.04,23.5294,False
2007-01-16,INTC,1,Alpha Vantage EARNINGS,2007-01-16,2006-12-31,0.25,0.25,0.0,0.0,False
2007-04-17,INTC,1,Alpha Vantage EARNINGS,2007-04-17,2007-03-31,0.22,0.22,0.0,0.0,False
2007-07-17,INTC,1,Alpha Vantage EARNINGS,2007-07-17,2007-06-30,0.19,0.19,0.0,0.0,False
2007-10-16,INTC,1,Alpha Vantage EARNINGS,2007-10-16,2007-09-30,0.31,0.3,0.01,3.3333,False
2008-01-15,INTC,1,Alpha Vantage EARNINGS,2008-01-15,2007-12-31,0.38,0.4,-0.02,-5.0,False
2008-04-15,INTC,1,Alpha Vantage EARNINGS,2008-04-15,2008-03-31,0.25,0.26,-0.01,-3.8462,False
2008-07-16,INTC,1,Alpha Vantage EARNINGS,2008-07-16,2008-06-30,0.28,0.26,0.02,7.6923,False
2008-10-14,INTC,1,Alpha Vantage EARNINGS,2008-10-14,2008-09-30,0.35,0.34,0.01,2.9412,False
2009-01-15,INTC,1,Alpha Vantage EARNINGS,2009-01-15,2008-12-31,0.04,0.05,-0.01,-20.0,False
2009-04-14,INTC,1,Alpha Vantage EARNINGS,2009-04-14,2009-03-31,0.11,0.03,0.08,266.6667,False
2009-07-14,INTC,1,Alpha Vantage EARNINGS,2009-07-14,2009-06-30,0.18,0.09,0.09,100.0,False
2009-10-13,INTC,1,Alpha Vantage EARNINGS,2009-10-13,2009-09-30,0.33,0.28,0.05,17.8571,False
2010-01-14,INTC,1,Alpha Vantage EARNINGS,2010-01-14,2009-12-31,0.55,0.42,0.13,30.9524,False
2010-04-13,INTC,1,Alpha Vantage EARNINGS,2010-04-13,2010-03-31,0.43,0.38,0.05,13.1579,False
2010-07-13,INTC,1,Alpha Vantage EARNINGS,2010-07-13,2010-06-30,0.51,0.43,0.08,18.6047,False
2010-10-12,INTC,1,Alpha Vantage EARNINGS,2010-10-12,2010-09-30,0.52,0.5,0.02,4.0,False
2011-01-13,INTC,1,Alpha Vantage EARNINGS,2011-01-13,2010-12-31,0.59,0.53,0.06,11.3208,False
2011-04-19,INTC,1,Alpha Vantage EARNINGS,2011-04-19,2011-03-31,0.59,0.46,0.13,28.2609,False
2011-07-20,INTC,1,Alpha Vantage EARNINGS,2011-07-20,2011-06-30,0.59,0.51,0.08,15.6863,False
2011-10-18,INTC,1,Alpha Vantage EARNINGS,2011-10-18,2011-09-30,0.69,0.61,0.08,13.1148,False
2012-01-19,INTC,1,Alpha Vantage EARNINGS,2012-01-19,2011-12-31,0.68,0.63,0.05,7.9365,False
2012-04-17,INTC,1,Alpha Vantage EARNINGS,2012-04-17,2012-03-31,0.56,0.53,0.03,5.6604,False
2012-07-17,INTC,1,Alpha Vantage EARNINGS,2012-07-17,2012-06-30,0.57,0.55,0.02,3.6364,False
2012-10-16,INTC,1,Alpha Vantage EARNINGS,2012-10-16,2012-09-30,0.6,0.52,0.08,15.3846,False
2013-01-17,INTC,1,Alpha Vantage EARNINGS,2013-01-17,2012-12-31,0.51,0.49,0.02,4.0816,False
2013-04-29,INTC,1,Alpha Vantage EARNINGS,2013-04-29,2013-03-31,0.4,0.44,-0.04,-9.0909,False
2013-07-17,INTC,1,Alpha Vantage EARNINGS,2013-07-17,2013-06-30,0.39,0.4,-0.01,-2.5,False
2013-10-15,INTC,1,Alpha Vantage EARNINGS,2013-10-15,2013-09-30,0.58,0.53,0.05,9.434,False
2014-01-16,INTC,1,Alpha Vantage EARNINGS,2014-01-16,2013-12-31,0.51,0.52,-0.01,-1.9231,False
2014-04-15,INTC,1,Alpha Vantage EARNINGS,2014-04-15,2014-03-31,0.38,0.37,0.01,2.7027,False
2014-07-15,INTC,1,Alpha Vantage EARNINGS,2014-07-15,2014-06-30,0.55,0.52,0.03,5.7692,False
2014-10-14,INTC,1,Alpha Vantage EARNINGS,2014-10-14,2014-09-30,0.66,0.65,0.01,1.5385,False
2015-01-15,INTC,1,Alpha Vantage EARNINGS,2015-01-15,2014-12-31,0.74,0.66,0.08,12.1212,False
2015-04-14,INTC,1,Alpha Vantage EARNINGS,2015-04-14,2015-03-31,0.41,0.41,0.0,0.0,False
2015-07-15,INTC,1,Alpha Vantage EARNINGS,2015-07-15,2015-06-30,0.55,0.5,0.05,10.0,False
2015-10-13,INTC,1,Alpha Vantage EARNINGS,2015-10-13,2015-09-30,0.64,0.59,0.05,8.4746,False
2016-01-14,INTC,1,Alpha Vantage EARNINGS,2016-01-14,2015-12-31,0.74,0.63,0.11,17.4603,False
2016-04-19,INTC,1,Alpha Vantage EARNINGS,2016-04-19,2016-03-31,0.54,0.48,0.06,12.5,False
2016-07-20,INTC,1,Alpha Vantage EARNINGS,2016-07-20,2016-06-30,0.59,0.53,0.06,11.3208,False
2016-10-18,INTC,1,Alpha Vantage EARNINGS,2016-10-18,2016-09-30,0.8,0.72,0.08,11.1111,False
2017-01-26,INTC,1,Alpha Vantage EARNINGS,2017-01-26,2016-12-31,0.79,0.75,0.04,5.3333,False
2017-04-27,INTC,1,Alpha Vantage EARNINGS,2017-04-27,2017-03-31,0.66,0.65,0.01,1.5385,False
2017-07-27,INTC,1,Alpha Vantage EARNINGS,2017-07-27,2017-06-30,0.72,0.68,0.04,5.8824,False
2017-10-26,INTC,1,Alpha Vantage EARNINGS,2017-10-26,2017-09-30,1.01,0.8,0.21,26.25,False
2001-01-23,JNJ,1,Alpha Vantage EARNINGS,2001-01-23,2000-12-31,0.33,0.32,0.01,3.125,False
2001-04-17,JNJ,1,Alpha Vantage EARNINGS,2001-04-17,2001-03-31,0.5,0.52,-0.02,-3.8462,False
2001-07-18,JNJ,1,Alpha Vantage EARNINGS,2001-07-17,2001-06-30,0.51,0.52,-0.01,-1.9231,True
2001-10-16,JNJ,1,Alpha Vantage EARNINGS,2001-10-16,2001-09-30,0.5,0.48,0.02,4.1667,False
2002-01-22,JNJ,1,Alpha Vantage EARNINGS,2002-01-22,2001-12-31,0.39,0.38,0.01,2.6316,False
2002-04-16,JNJ,1,Alpha Vantage EARNINGS,2002-04-16,2002-03-31,0.59,0.58,0.01,1.7241,False
2002-07-16,JNJ,1,Alpha Vantage EARNINGS,2002-07-16,2002-06-30,0.6,0.59,0.01,1.6949,False
2002-10-15,JNJ,1,Alpha Vantage EARNINGS,2002-10-15,2002-09-30,0.6,0.59,0.01,1.6949,False
2003-01-21,JNJ,1,Alpha Vantage EARNINGS,2003-01-21,2002-12-31,0.48,0.47,0.01,2.1277,False
2003-04-15,JNJ,1,Alpha Vantage EARNINGS,2003-04-15,2003-03-31,0.69,0.68,0.01,1.4706,False
2003-07-15,JNJ,1,Alpha Vantage EARNINGS,2003-07-15,2003-06-30,0.7,0.69,0.01,1.4493,False
2003-10-14,JNJ,1,Alpha Vantage EARNINGS,2003-10-14,2003-09-30,0.69,0.68,0.01,1.4706,False
2004-01-20,JNJ,1,Alpha Vantage EARNINGS,2004-01-20,2003-12-31,0.57,0.56,0.01,1.7857,False
2004-04-14,JNJ,1,Alpha Vantage EARNINGS,2004-04-13,2004-03-31,0.83,0.8,0.03,3.75,True
2004-07-13,JNJ,1,Alpha Vantage EARNINGS,2004-07-13,2004-06-30,0.82,0.79,0.03,3.7975,False
2004-10-12,JNJ,1,Alpha Vantage EARNINGS,2004-10-12,2004-09-30,0.78,0.76,0.02,2.6316,False
2005-01-25,JNJ,1,Alpha Vantage EARNINGS,2005-01-25,2004-12-31,0.67,0.64,0.03,4.6875,False
2005-04-19,JNJ,1,Alpha Vantage EARNINGS,2005-04-19,2005-03-31,0.97,0.92,0.05,5.4348,False
2005-07-19,JNJ,1,Alpha Vantage EARNINGS,2005-07-19,2005-06-30,0.93,0.91,0.02,2.1978,False
2005-10-18,JNJ,1,Alpha Vantage EARNINGS,2005-10-18,2005-09-30,0.87,0.86,0.01,1.1628,False
2006-01-24,JNJ,1,Alpha Vantage EARNINGS,2006-01-24,2005-12-31,0.73,0.73,0.0,0.0,False
2006-04-18,JNJ,1,Alpha Vantage EARNINGS,2006-04-18,2006-03-31,0.99,0.98,0.01,1.0204,False
2006-07-18,JNJ,1,Alpha Vantage EARNINGS,2006-07-18,2006-06-30,0.98,0.97,0.01,1.0309,False
2006-10-17,JNJ,1,Alpha Vantage EARNINGS,2006-10-17,2006-09-30,0.98,0.93,0.05,5.3763,False
2007-01-23,JNJ,1,Alpha Vantage EARNINGS,2007-01-23,2006-12-31,0.81,0.79,0.02,2.5316,False
2007-04-17,JNJ,1,Alpha Vantage EARNINGS,2007-04-17,2007-03-31,1.16,1.04,0.12,11.5385,False
2007-07-16,JNJ,1,Alpha Vantage EARNINGS,2007-07-16,2007-06-30,1.05,1.0,0.05,5.0,False
2007-10-16,JNJ,1,Alpha Vantage EARNINGS,2007-10-16,2007-09-30,1.06,0.99,0.07,7.0707,False
2008-01-22,JNJ,1,Alpha Vantage EARNINGS,2008-01-22,2007-12-31,0.88,0.86,0.02,2.3256,False
2008-04-15,JNJ,1,Alpha Vantage EARNINGS,2008-04-15,2008-03-31,1.26,1.2,0.06,5.0,False
2008-07-15,JNJ,1,Alpha Vantage EARNINGS,2008-07-15,2008-06-30,1.18,1.12,0.06,5.3571,False
2008-10-14,JNJ,1,Alpha Vantage EARNINGS,2008-10-14,2008-09-30,1.17,1.11,0.06,5.4054,False
2009-01-20,JNJ,1,Alpha Vantage EARNINGS,2009-01-20,2008-12-31,0.94,0.92,0.02,2.1739,False
2009-04-14,JNJ,1,Alpha Vantage EARNINGS,2009-04-14,2009-03-31,1.26,1.22,0.04,3.2787,False
2009-07-14,JNJ,1,Alpha Vantage EARNINGS,2009-07-14,2009-06-30,1.15,1.11,0.04,3.6036,False
2009-10-13,JNJ,1,Alpha Vantage EARNINGS,2009-10-13,2009-09-30,1.2,1.13,0.07,6.1947,False
2010-01-26,JNJ,1,Alpha Vantage EARNINGS,2010-01-26,2009-12-31,1.02,0.97,0.05,5.1546,False
2010-04-20,JNJ,1,Alpha Vantage EARNINGS,2010-04-20,2010-03-31,1.29,1.27,0.02,1.5748,False
2010-07-20,JNJ,1,Alpha Vantage EARNINGS,2010-07-20,2010-06-30,1.21,1.2,0.01,0.8333,False
2010-10-19,JNJ,1,Alpha Vantage EARNINGS,2010-10-19,2010-09-30,1.23,1.15,0.08,6.9565,False
2011-01-25,JNJ,1,Alpha Vantage EARNINGS,2011-01-25,2010-12-31,1.03,1.03,0.0,0.0,False
2011-04-19,JNJ,1,Alpha Vantage EARNINGS,2011-04-19,2011-03-31,1.35,1.26,0.09,7.1429,False
2011-07-19,JNJ,1,Alpha Vantage EARNINGS,2011-07-19,2011-06-30,1.28,1.24,0.04,3.2258,False
2011-10-18,JNJ,1,Alpha Vantage EARNINGS,2011-10-18,2011-09-30,1.24,1.21,0.03,2.4793,False
2012-01-24,JNJ,1,Alpha Vantage EARNINGS,2012-01-24,2011-12-31,1.13,1.09,0.04,3.6697,False
2012-04-17,JNJ,1,Alpha Vantage EARNINGS,2012-04-17,2012-03-31,1.37,1.36,0.01,0.7353,False
2012-07-17,JNJ,1,Alpha Vantage EARNINGS,2012-07-17,2012-06-30,1.3,1.29,0.01,0.7752,False
2012-10-16,JNJ,1,Alpha Vantage EARNINGS,2012-10-16,2012-09-30,1.25,1.21,0.04,3.3058,False
2013-01-22,JNJ,1,Alpha Vantage EARNINGS,2013-01-22,2012-12-31,1.19,1.17,0.02,1.7094,False
2013-04-16,JNJ,1,Alpha Vantage EARNINGS,2013-04-16,2013-03-31,1.44,1.4,0.04,2.8571,False
2013-07-16,JNJ,1,Alpha Vantage EARNINGS,2013-07-16,2013-06-30,1.48,1.39,0.09,6.4748,False
2013-10-15,JNJ,1,Alpha Vantage EARNINGS,2013-10-15,2013-09-30,1.36,1.32,0.04,3.0303,False
2014-01-21,JNJ,1,Alpha Vantage EARNINGS,2014-01-21,2013-12-31,1.24,1.2,0.04,3.3333,False
2014-04-15,JNJ,1,Alpha Vantage EARNINGS,2014-04-15,2014-03-31,1.54,1.48,0.06,4.0541,False
2014-07-15,JNJ,1,Alpha Vantage EARNINGS,2014-07-15,2014-06-30,1.66,1.55,0.11,7.0968,False
2014-10-14,JNJ,1,Alpha Vantage EARNINGS,2014-10-14,2014-09-30,1.5,1.45,0.05,3.4483,False
2015-01-20,JNJ,1,Alpha Vantage EARNINGS,2015-01-20,2014-12-31,1.27,1.26,0.01,0.7937,False
2015-04-14,JNJ,1,Alpha Vantage EARNINGS,2015-04-14,2015-03-31,1.56,1.54,0.02,1.2987,False
2015-07-14,JNJ,1,Alpha Vantage EARNINGS,2015-07-14,2015-06-30,1.71,1.68,0.03,1.7857,False
2015-10-13,JNJ,1,Alpha Vantage EARNINGS,2015-10-13,2015-09-30,1.49,1.45,0.04,2.7586,False
2016-01-26,JNJ,1,Alpha Vantage EARNINGS,2016-01-26,2015-12-31,1.44,1.42,0.02,1.4085,False
2016-04-19,JNJ,1,Alpha Vantage EARNINGS,2016-04-19,2016-03-31,1.68,1.65,0.03,1.8182,False
2016-07-19,JNJ,1,Alpha Vantage EARNINGS,2016-07-19,2016-06-30,1.74,1.68,0.06,3.5714,False
2016-10-18,JNJ,1,Alpha Vantage EARNINGS,2016-10-18,2016-09-30,1.68,1.66,0.02,1.2048,False
2017-01-24,JNJ,1,Alpha Vantage EARNINGS,2017-01-24,2016-12-31,1.58,1.56,0.02,1.2821,False
2017-04-18,JNJ,1,Alpha Vantage EARNINGS,2017-04-18,2017-03-31,1.83,1.77,0.06,3.3898,False
2017-07-18,JNJ,1,Alpha Vantage EARNINGS,2017-07-18,2017-06-30,1.83,1.79,0.04,2.2346,False
2017-10-17,JNJ,1,Alpha Vantage EARNINGS,2017-10-17,2017-09-30,1.9,1.8,0.1,5.5556,False
2001-01-17,JPM,1,Alpha Vantage EARNINGS,2001-01-17,2000-12-31,0.37,0.89,-0.52,-58.427,False
2001-04-18,JPM,1,Alpha Vantage EARNINGS,2001-04-18,2001-03-31,0.7,0.65,0.05,7.6923,False
2001-07-18,JPM,1,Alpha Vantage EARNINGS,2001-07-18,2001-06-30,0.33,0.64,-0.31,-48.4375,False
2001-10-18,JPM,1,Alpha Vantage EARNINGS,2001-10-17,2001-09-30,0.51,0.51,0.0,0.0,True
2002-01-16,JPM,1,Alpha Vantage EARNINGS,2002-01-16,2001-12-31,0.12,0.35,-0.23,-65.7143,False
2002-04-17,JPM,1,Alpha Vantage EARNINGS,2002-04-17,2002-03-31,0.57,0.53,0.04,7.5472,False
2002-07-17,JPM,1,Alpha Vantage EARNINGS,2002-07-17,2002-06-30,0.58,0.65,-0.07,-10.7692,False
2002-10-16,JPM,1,Alpha Vantage EARNINGS,2002-10-16,2002-09-30,0.16,0.07,0.09,128.5714,False
2003-01-22,JPM,1,Alpha Vantage EARNINGS,2003-01-22,2002-12-31,-0.07,-0.07,0.0,0.0,False
2003-04-16,JPM,1,Alpha Vantage EARNINGS,2003-04-16,2003-03-31,0.69,0.5,0.19,38.0,False
2003-07-16,JPM,1,Alpha Vantage EARNINGS,2003-07-16,2003-06-30,0.89,0.62,0.27,43.5484,False
2003-10-22,JPM,1,Alpha Vantage EARNINGS,2003-10-22,2003-09-30,0.78,0.76,0.02,2.6316,False
2004-01-21,JPM,1,Alpha Vantage EARNINGS,2004-01-21,2003-12-31,0.89,0.77,0.12,15.5844,False
2004-04-21,JPM,1,Alpha Vantage EARNINGS,2004-04-21,2004-03-31,0.92,0.87,0.05,5.7471,False
2004-07-21,JPM,1,Alpha Vantage EARNINGS,2004-07-21,2004-06-30,0.85,0.83,0.02,2.4096,False
2004-10-20,JPM,1,Alpha Vantage EARNINGS,2004-10-20,2004-09-30,0.6,0.74,-0.14,-18.9189,False
2005-01-19,JPM,1,Alpha Vantage EARNINGS,2005-01-19,2004-12-31,0.64,0.69,-0.05,-7.2464,False
2005-04-20,JPM,1,Alpha Vantage EARNINGS,2005-04-20,2005-03-31,0.81,0.7,0.11,15.7143,False
2005-07-20,JPM,1,Alpha Vantage EARNINGS,2005-07-20,2005-06-30,0.66,0.65,0.01,1.5385,False
2005-10-19,JPM,1,Alpha Vantage EARNINGS,2005-10-19,2005-09-30,0.75,0.72,0.03,4.1667,False
2006-01-18,JPM,1,Alpha Vantage EARNINGS,2006-01-18,2005-12-31,0.73,0.73,0.0,0.0,False
2006-04-19,JPM,1,Alpha Vantage EARNINGS,2006-04-19,2006-03-31,0.86,0.83,0.03,3.6145,False
2006-07-19,JPM,1,Alpha Vantage EARNINGS,2006-07-19,2006-06-30,0.92,0.87,0.05,5.7471,False
2006-10-18,JPM,1,Alpha Vantage EARNINGS,2006-10-18,2006-09-30,0.91,0.86,0.05,5.814,False
2007-01-17,JPM,1,Alpha Vantage EARNINGS,2007-01-17,2006-12-31,1.01,0.94,0.07,7.4468,False
2007-04-18,JPM,1,Alpha Vantage EARNINGS,2007-04-18,2007-03-31,1.23,1.02,0.21,20.5882,False
2007-07-18,JPM,1,Alpha Vantage EARNINGS,2007-07-18,2007-06-30,1.2,1.08,0.12,11.1111,False
2007-10-17,JPM,1,Alpha Vantage EARNINGS,2007-10-17,2007-09-30,0.97,0.9,0.07,7.7778,False
2008-01-16,JPM,1,Alpha Vantage EARNINGS,2008-01-16,2007-12-31,0.86,0.91,-0.05,-5.4945,False
2008-04-16,JPM,1,Alpha Vantage EARNINGS,2008-04-16,2008-03-31,0.68,0.65,0.03,4.6154,False
2008-07-17,JPM,1,Alpha Vantage EARNINGS,2008-07-17,2008-06-30,0.54,0.44,0.1,22.7273,False
2008-10-15,JPM,1,Alpha Vantage EARNINGS,2008-10-15,2008-09-30,-0.06,-0.29,0.23,79.3103,False
2009-01-15,JPM,1,Alpha Vantage EARNINGS,2009-01-15,2008-12-31,-0.28,0.01,-0.29,-2900.0,False
2009-04-16,JPM,1,Alpha Vantage EARNINGS,2009-04-16,2009-03-31,0.4,0.3,0.1,33.3333,False
2009-07-16,JPM,1,Alpha Vantage EARNINGS,2009-07-16,2009-06-30,0.28,0.06,0.22,366.6667,False
2009-10-14,JPM,1,Alpha Vantage EARNINGS,2009-10-14,2009-09-30,0.82,0.53,0.29,54.717,False
2010-01-15,JPM,1,Alpha Vantage EARNINGS,2010-01-15,2009-12-31,0.74,0.61,0.13,21.3115,False
2010-04-14,JPM,1,Alpha Vantage EARNINGS,2010-04-14,2010-03-31,0.74,0.64,0.1,15.625,False
2010-07-15,JPM,1,Alpha Vantage EARNINGS,2010-07-15,2010-06-30,1.09,0.74,0.35,47.2973,False
2010-10-13,JPM,1,Alpha Vantage EARNINGS,2010-10-13,2010-09-30,1.01,0.9,0.11,12.2222,False
2011-01-14,JPM,1,Alpha Vantage EARNINGS,2011-01-14,2010-12-31,1.12,1.01,0.11,10.8911,False
2011-04-13,JPM,1,Alpha Vantage EARNINGS,2011-04-13,2011-03-31,1.28,1.16,0.12,10.3448,False
2011-07-14,JPM,1,Alpha Vantage EARNINGS,2011-07-14,2011-06-30,1.27,1.2,0.07,5.8333,False
2011-10-13,JPM,1,Alpha Vantage EARNINGS,2011-10-13,2011-09-30,1.02,0.91,0.11,12.0879,False
2012-01-13,JPM,1,Alpha Vantage EARNINGS,2012-01-13,2011-12-31,0.9,0.91,-0.01,-1.0989,False
2012-04-13,JPM,1,Alpha Vantage EARNINGS,2012-04-13,2012-03-31,1.31,1.17,0.14,11.9658,False
2012-07-13,JPM,1,Alpha Vantage EARNINGS,2012-07-13,2012-06-30,1.21,0.82,0.39,47.561,False
2012-10-12,JPM,1,Alpha Vantage EARNINGS,2012-10-12,2012-09-30,1.4,1.23,0.17,13.8211,False
2013-01-16,JPM,1,Alpha Vantage EARNINGS,2013-01-16,2012-12-31,1.39,1.21,0.18,14.876,False
2013-04-12,JPM,1,Alpha Vantage EARNINGS,2013-04-12,2013-03-31,1.59,1.38,0.21,15.2174,False
2013-07-12,JPM,1,Alpha Vantage EARNINGS,2013-07-12,2013-06-30,1.6,1.45,0.15,10.3448,False
2013-10-11,JPM,1,Alpha Vantage EARNINGS,2013-10-11,2013-09-30,1.42,1.28,0.14,10.9375,False
2014-01-14,JPM,1,Alpha Vantage EARNINGS,2014-01-14,2013-12-31,1.4,1.33,0.07,5.2632,False
2014-04-11,JPM,1,Alpha Vantage EARNINGS,2014-04-11,2014-03-31,1.28,1.4,-0.12,-8.5714,False
2014-07-15,JPM,1,Alpha Vantage EARNINGS,2014-07-15,2014-06-30,1.46,1.3,0.16,12.3077,False
2014-10-14,JPM,1,Alpha Vantage EARNINGS,2014-10-14,2014-09-30,1.62,1.38,0.24,17.3913,False
2015-01-14,JPM,1,Alpha Vantage EARNINGS,2015-01-14,2014-12-31,1.19,1.32,-0.13,-9.8485,False
2015-04-14,JPM,1,Alpha Vantage EARNINGS,2015-04-14,2015-03-31,1.45,1.41,0.04,2.8369,False
2015-07-14,JPM,1,Alpha Vantage EARNINGS,2015-07-14,2015-06-30,1.54,1.44,0.1,6.9444,False
2015-10-13,JPM,1,Alpha Vantage EARNINGS,2015-10-13,2015-09-30,1.32,1.37,-0.05,-3.6496,False
2016-01-14,JPM,1,Alpha Vantage EARNINGS,2016-01-14,2015-12-31,1.32,1.26,0.06,4.7619,False
2016-04-13,JPM,1,Alpha Vantage EARNINGS,2016-04-13,2016-03-31,1.35,1.26,0.09,7.1429,False
2016-07-14,JPM,1,Alpha Vantage EARNINGS,2016-07-14,2016-06-30,1.55,1.43,0.12,8.3916,False
2016-10-14,JPM,1,Alpha Vantage EARNINGS,2016-10-14,2016-09-30,1.58,1.39,0.19,13.6691,False
2017-01-13,JPM,1,Alpha Vantage EARNINGS,2017-01-13,2016-12-31,1.58,1.42,0.16,11.2676,False
2017-04-13,JPM,1,Alpha Vantage EARNINGS,2017-04-13,2017-03-31,1.65,1.51,0.14,9.2715,False
2017-07-14,JPM,1,Alpha Vantage EARNINGS,2017-07-14,2017-06-30,1.71,1.59,0.12,7.5472,False
2017-10-12,JPM,1,Alpha Vantage EARNINGS,2017-10-12,2017-09-30,1.76,1.66,0.1,6.0241,False
2001-02-01,KO,1,Alpha Vantage EARNINGS,2001-01-31,2000-12-31,0.19,0.19,0.0,0.0,True
2001-04-18,KO,1,Alpha Vantage EARNINGS,2001-04-18,2001-03-31,0.18,0.17,0.01,5.8824,False
2001-07-18,KO,1,Alpha Vantage EARNINGS,2001-07-18,2001-06-30,0.23,0.22,0.01,4.5455,False
2001-10-18,KO,1,Alpha Vantage EARNINGS,2001-10-18,2001-09-30,0.23,0.2,0.03,15.0,False
2002-01-29,KO,1,Alpha Vantage EARNINGS,2002-01-29,2001-12-31,0.19,0.18,0.01,5.5556,False
2002-04-16,KO,1,Alpha Vantage EARNINGS,2002-04-16,2002-03-31,0.19,0.19,0.0,0.0,False
2002-07-17,KO,1,Alpha Vantage EARNINGS,2002-07-17,2002-06-30,0.26,0.26,0.0,0.0,False
2002-10-16,KO,1,Alpha Vantage EARNINGS,2002-10-16,2002-09-30,0.24,0.24,0.0,0.0,False
2003-02-12,KO,1,Alpha Vantage EARNINGS,2003-02-12,2002-12-31,0.2,0.2,0.0,0.0,False
2003-04-17,KO,1,Alpha Vantage EARNINGS,2003-04-16,2003-03-31,0.19,0.19,0.0,0.0,True
2003-07-17,KO,1,Alpha Vantage EARNINGS,2003-07-17,2003-06-30,0.28,0.27,0.01,3.7037,False
2003-10-16,KO,1,Alpha Vantage EARNINGS,2003-10-16,2003-09-30,0.28,0.26,0.02,7.6923,False
2004-02-11,KO,1,Alpha Vantage EARNINGS,2004-02-11,2003-12-31,0.23,0.22,0.01,4.5455,False
2004-04-21,KO,1,Alpha Vantage EARNINGS,2004-04-21,2004-03-31,0.23,0.22,0.01,4.5455,False
2004-07-22,KO,1,Alpha Vantage EARNINGS,2004-07-22,2004-06-30,0.32,0.32,0.0,0.0,False
2004-10-21,KO,1,Alpha Vantage EARNINGS,2004-10-21,2004-09-30,0.25,0.23,0.02,8.6957,False
2005-02-16,KO,1,Alpha Vantage EARNINGS,2005-02-16,2004-12-31,0.23,0.2,0.03,15.0,False
2005-04-19,KO,1,Alpha Vantage EARNINGS,2005-04-19,2005-03-31,0.24,0.22,0.02,9.0909,False
2005-07-21,KO,1,Alpha Vantage EARNINGS,2005-07-21,2005-06-30,0.34,0.32,0.02,6.25,False
2005-10-20,KO,1,Alpha Vantage EARNINGS,2005-10-20,2005-09-30,0.28,0.26,0.02,7.6923,False
2006-02-07,KO,1,Alpha Vantage EARNINGS,2006-02-07,2005-12-31,0.23,0.22,0.01,4.5455,False
2006-04-19,KO,1,Alpha Vantage EARNINGS,2006-04-19,2006-03-31,0.25,0.24,0.01,4.1667,False
2006-07-18,KO,1,Alpha Vantage EARNINGS,2006-07-18,2006-06-30,0.37,0.36,0.01,2.7778,False
2006-10-19,KO,1,Alpha Vantage EARNINGS,2006-10-19,2006-09-30,0.31,0.3,0.01,3.3333,False
2007-02-14,KO,1,Alpha Vantage EARNINGS,2007-02-14,2006-12-31,0.26,0.25,0.01,4.0,False
2007-04-17,KO,1,Alpha Vantage EARNINGS,2007-04-17,2007-03-31,0.28,0.27,0.01,3.7037,False
2007-07-17,KO,1,Alpha Vantage EARNINGS,2007-07-17,2007-06-30,0.43,0.41,0.02,4.878,False
2007-10-17,KO,1,Alpha Vantage EARNINGS,2007-10-17,2007-09-30,0.36,0.34,0.02,5.8824,False
2008-02-13,KO,1,Alpha Vantage EARNINGS,2008-02-13,2007-12-31,0.29,0.28,0.01,3.5714,False
2008-04-16,KO,1,Alpha Vantage EARNINGS,2008-04-16,2008-03-31,0.34,0.31,0.03,9.6774,False
2008-07-17,KO,1,Alpha Vantage EARNINGS,2008-07-17,2008-06-30,0.51,0.48,0.03,6.25,False
2008-10-15,KO,1,Alpha Vantage EARNINGS,2008-10-15,2008-09-30,0.42,0.38,0.04,10.5263,False
2009-02-12,KO,1,Alpha Vantage EARNINGS,2009-02-12,2008-12-31,0.32,0.31,0.01,3.2258,False
2009-04-21,KO,1,Alpha Vantage EARNINGS,2009-04-21,2009-03-31,0.33,0.32,0.01,3.125,False
2009-07-21,KO,1,Alpha Vantage EARNINGS,2009-07-21,2009-06-30,0.46,0.45,0.01,2.2222,False
2009-10-20,KO,1,Alpha Vantage EARNINGS,2009-10-20,2009-09-30,0.41,0.41,0.0,0.0,False
2010-02-09,KO,1,Alpha Vantage EARNINGS,2010-02-09,2009-12-31,0.33,0.33,0.0,0.0,False
2010-04-20,KO,1,Alpha Vantage EARNINGS,2010-04-20,2010-03-31,0.4,0.37,0.03,8.1081,False
2010-07-21,KO,1,Alpha Vantage EARNINGS,2010-07-21,2010-06-30,0.53,0.51,0.02,3.9216,False
2010-10-19,KO,1,Alpha Vantage EARNINGS,2010-10-19,2010-09-30,0.46,0.45,0.01,2.2222,False
2011-02-09,KO,1,Alpha Vantage EARNINGS,2011-02-09,2010-12-31,0.36,0.36,0.0,0.0,False
2011-04-26,KO,1,Alpha Vantage EARNINGS,2011-04-26,2011-03-31,0.43,0.43,0.0,0.0,False
2011-07-19,KO,1,Alpha Vantage EARNINGS,2011-07-19,2011-06-30,0.59,0.58,0.01,1.7241,False
2011-10-18,KO,1,Alpha Vantage EARNINGS,2011-10-18,2011-09-30,0.52,0.51,0.01,1.9608,False
2012-02-07,KO,1,Alpha Vantage EARNINGS,2012-02-07,2011-12-31,0.4,0.39,0.01,2.5641,False
2012-04-17,KO,1,Alpha Vantage EARNINGS,2012-04-17,2012-03-31,0.45,0.44,0.01,2.2727,False
2012-07-17,KO,1,Alpha Vantage EARNINGS,2012-07-17,2012-06-30,0.61,0.59,0.02,3.3898,False
2012-10-16,KO,1,Alpha Vantage EARNINGS,2012-10-16,2012-09-30,0.51,0.51,0.0,0.0,False
2013-02-12,KO,1,Alpha Vantage EARNINGS,2013-02-12,2012-12-31,0.45,0.44,0.01,2.2727,False
2013-04-16,KO,1,Alpha Vantage EARNINGS,2013-04-16,2013-03-31,0.46,0.45,0.01,2.2222,False
2013-07-16,KO,1,Alpha Vantage EARNINGS,2013-07-16,2013-06-30,0.63,0.63,0.0,0.0,False
2013-10-15,KO,1,Alpha Vantage EARNINGS,2013-10-15,2013-09-30,0.53,0.53,0.0,0.0,False
2014-02-18,KO,1,Alpha Vantage EARNINGS,2014-02-18,2013-12-31,0.46,0.46,0.0,0.0,False
2014-04-15,KO,1,Alpha Vantage EARNINGS,2014-04-15,2014-03-31,0.44,0.44,0.0,0.0,False
2014-07-22,KO,1,Alpha Vantage EARNINGS,2014-07-22,2014-06-30,0.64,0.63,0.01,1.5873,False
2014-10-21,KO,1,Alpha Vantage EARNINGS,2014-10-21,2014-09-30,0.53,0.53,0.0,0.0,False
2015-02-10,KO,1,Alpha Vantage EARNINGS,2015-02-10,2014-12-31,0.44,0.42,0.02,4.7619,False
2015-04-22,KO,1,Alpha Vantage EARNINGS,2015-04-22,2015-03-31,0.48,0.42,0.06,14.2857,False
2015-07-22,KO,1,Alpha Vantage EARNINGS,2015-07-22,2015-06-30,0.63,0.6,0.03,5.0,False
2015-10-21,KO,1,Alpha Vantage EARNINGS,2015-10-21,2015-09-30,0.51,0.5,0.01,2.0,False
2016-02-09,KO,1,Alpha Vantage EARNINGS,2016-02-09,2015-12-31,0.38,0.37,0.01,2.7027,False
2016-04-20,KO,1,Alpha Vantage EARNINGS,2016-04-20,2016-03-31,0.45,0.44,0.01,2.2727,False
2016-07-27,KO,1,Alpha Vantage EARNINGS,2016-07-27,2016-06-30,0.6,0.58,0.02,3.4483,False
2016-10-26,KO,1,Alpha Vantage EARNINGS,2016-10-26,2016-09-30,0.49,0.48,0.01,2.0833,False
2017-02-09,KO,1,Alpha Vantage EARNINGS,2017-02-09,2016-12-31,0.37,0.37,0.0,0.0,False
2017-04-25,KO,1,Alpha Vantage EARNINGS,2017-04-25,2017-03-31,0.43,0.44,-0.01,-2.2727,False
2017-07-26,KO,1,Alpha Vantage EARNINGS,2017-07-26,2017-06-30,0.59,0.57,0.02,3.5088,False
2017-10-25,KO,1,Alpha Vantage EARNINGS,2017-10-25,2017-09-30,0.5,0.49,0.01,2.0408,False
2001-01-25,MCD,1,Alpha Vantage EARNINGS,2001-01-24,2000-12-31,0.34,0.36,-0.02,-5.5556,True
2001-04-19,MCD,1,Alpha Vantage EARNINGS,2001-04-19,2001-03-31,0.29,0.3,-0.01,-3.3333,False
2001-07-24,MCD,1,Alpha Vantage EARNINGS,2001-07-24,2001-06-30,0.34,0.35,-0.01,-2.8571,False
2001-10-18,MCD,1,Alpha Vantage EARNINGS,2001-10-18,2001-09-30,0.39,0.39,0.0,0.0,False
2002-01-24,MCD,1,Alpha Vantage EARNINGS,2002-01-24,2001-12-31,0.34,0.34,0.0,0.0,False
2002-04-19,MCD,1,Alpha Vantage EARNINGS,2002-04-18,2002-03-31,0.31,0.29,0.02,6.8966,True
2002-07-22,MCD,1,Alpha Vantage EARNINGS,2002-07-22,2002-06-30,0.39,0.38,0.01,2.6316,False
2002-10-22,MCD,1,Alpha Vantage EARNINGS,2002-10-22,2002-09-30,0.38,0.38,0.0,0.0,False
2003-01-23,MCD,1,Alpha Vantage EARNINGS,2003-01-23,2002-12-31,0.25,0.25,0.0,0.0,False
2003-04-28,MCD,1,Alpha Vantage EARNINGS,2003-04-28,2003-03-31,0.29,0.28,0.01,3.5714,False
2003-07-29,MCD,1,Alpha Vantage EARNINGS,2003-07-29,2003-06-30,0.37,0.37,0.0,0.0,False
2003-10-22,MCD,1,Alpha Vantage EARNINGS,2003-10-22,2003-09-30,0.43,0.41,0.02,4.878,False
2004-01-26,MCD,1,Alpha Vantage EARNINGS,2004-01-26,2003-12-31,0.35,0.35,0.0,0.0,False
2004-04-27,MCD,1,Alpha Vantage EARNINGS,2004-04-27,2004-03-31,0.4,0.4,0.0,0.0,False
2004-07-22,MCD,1,Alpha Vantage EARNINGS,2004-07-22,2004-06-30,0.47,0.47,0.0,0.0,False
2004-10-19,MCD,1,Alpha Vantage EARNINGS,2004-10-19,2004-09-30,0.61,0.61,0.0,0.0,False
2005-01-28,MCD,1,Alpha Vantage EARNINGS,2005-01-28,2004-12-31,0.45,0.46,-0.01,-2.1739,False
2005-04-21,MCD,1,Alpha Vantage EARNINGS,2005-04-21,2005-03-31,0.43,0.43,0.0,0.0,False
2005-07-21,MCD,1,Alpha Vantage EARNINGS,2005-07-21,2005-06-30,0.51,0.48,0.03,6.25,False
2005-10-20,MCD,1,Alpha Vantage EARNINGS,2005-10-20,2005-09-30,0.58,0.57,0.01,1.7544,False
2006-01-24,MCD,1,Alpha Vantage EARNINGS,2006-01-24,2005-12-31,0.48,0.48,0.0,0.0,False
2006-04-21,MCD,1,Alpha Vantage EARNINGS,2006-04-21,2006-03-31,0.49,0.49,0.0,0.0,False
2006-07-25,MCD,1,Alpha Vantage EARNINGS,2006-07-25,2006-06-30,0.59,0.59,0.0,0.0,False
2006-10-19,MCD,1,Alpha Vantage EARNINGS,2006-10-19,2006-09-30,0.69,0.68,0.01,1.4706,False
2007-01-24,MCD,1,Alpha Vantage EARNINGS,2007-01-24,2006-12-31,0.61,0.61,0.0,0.0,False
2007-04-20,MCD,1,Alpha Vantage EARNINGS,2007-04-20,2007-03-31,0.62,0.62,0.0,0.0,False
2007-07-24,MCD,1,Alpha Vantage EARNINGS,2007-07-24,2007-06-30,0.71,0.71,0.0,0.0,False
2007-10-19,MCD,1,Alpha Vantage EARNINGS,2007-10-19,2007-09-30,0.83,0.83,0.0,0.0,False
2008-01-28,MCD,1,Alpha Vantage EARNINGS,2008-01-28,2007-12-31,0.73,0.71,0.02,2.8169,False
2008-04-22,MCD,1,Alpha Vantage EARNINGS,2008-04-22,2008-03-31,0.81,0.7,0.11,15.7143,False
2008-07-23,MCD,1,Alpha Vantage EARNINGS,2008-07-23,2008-06-30,0.94,0.86,0.08,9.3023,False
2008-10-22,MCD,1,Alpha Vantage EARNINGS,2008-10-22,2008-09-30,1.05,0.98,0.07,7.1429,False
2009-01-26,MCD,1,Alpha Vantage EARNINGS,2009-01-26,2008-12-31,0.87,0.83,0.04,4.8193,False
2009-04-22,MCD,1,Alpha Vantage EARNINGS,2009-04-22,2009-03-31,0.83,0.82,0.01,1.2195,False
2009-07-23,MCD,1,Alpha Vantage EARNINGS,2009-07-23,2009-06-30,0.97,0.97,0.0,0.0,False
2009-10-22,MCD,1,Alpha Vantage EARNINGS,2009-10-22,2009-09-30,1.15,1.11,0.04,3.6036,False
2010-01-22,MCD,1,Alpha Vantage EARNINGS,2010-01-22,2009-12-31,1.03,1.02,0.01,0.9804,False
2010-04-21,MCD,1,Alpha Vantage EARNINGS,2010-04-21,2010-03-31,1.03,0.96,0.07,7.2917,False
2010-07-23,MCD,1,Alpha Vantage EARNINGS,2010-07-23,2010-06-30,1.13,1.12,0.01,0.8929,False
2010-10-21,MCD,1,Alpha Vantage EARNINGS,2010-10-21,2010-09-30,1.29,1.24,0.05,4.0323,False
2011-01-24,MCD,1,Alpha Vantage EARNINGS,2011-01-24,2010-12-31,1.15,1.15,0.0,0.0,False
2011-04-21,MCD,1,Alpha Vantage EARNINGS,2011-04-21,2011-03-31,1.15,1.14,0.01,0.8772,False
2011-07-22,MCD,1,Alpha Vantage EARNINGS,2011-07-22,2011-06-30,1.35,1.28,0.07,5.4688,False
2011-10-21,MCD,1,Alpha Vantage EARNINGS,2011-10-21,2011-09-30,1.45,1.42,0.03,2.1127,False
2012-01-24,MCD,1,Alpha Vantage EARNINGS,2012-01-24,2011-12-31,1.33,1.3,0.03,2.3077,False
2012-04-20,MCD,1,Alpha Vantage EARNINGS,2012-04-20,2012-03-31,1.23,1.23,0.0,0.0,False
2012-07-23,MCD,1,Alpha Vantage EARNINGS,2012-07-23,2012-06-30,1.32,1.38,-0.06,-4.3478,False
2012-10-19,MCD,1,Alpha Vantage EARNINGS,2012-10-19,2012-09-30,1.43,1.47,-0.04,-2.7211,False
2013-01-23,MCD,1,Alpha Vantage EARNINGS,2013-01-23,2012-12-31,1.38,1.33,0.05,3.7594,False
2013-04-19,MCD,1,Alpha Vantage EARNINGS,2013-04-19,2013-03-31,1.26,1.26,0.0,0.0,False
2013-07-22,MCD,1,Alpha Vantage EARNINGS,2013-07-22,2013-06-30,1.38,1.4,-0.02,-1.4286,False
2013-10-21,MCD,1,Alpha Vantage EARNINGS,2013-10-21,2013-09-30,1.52,1.51,0.01,0.6623,False
2014-01-23,MCD,1,Alpha Vantage EARNINGS,2014-01-23,2013-12-31,1.4,1.39,0.01,0.7194,False
2014-04-22,MCD,1,Alpha Vantage EARNINGS,2014-04-22,2014-03-31,1.21,1.24,-0.03,-2.4194,False
2014-07-22,MCD,1,Alpha Vantage EARNINGS,2014-07-22,2014-06-30,1.4,1.44,-0.04,-2.7778,False
2014-10-21,MCD,1,Alpha Vantage EARNINGS,2014-10-21,2014-09-30,1.35,1.37,-0.02,-1.4599,False
2015-01-23,MCD,1,Alpha Vantage EARNINGS,2015-01-23,2014-12-31,1.17,1.22,-0.05,-4.0984,False
2015-04-22,MCD,1,Alpha Vantage EARNINGS,2015-04-22,2015-03-31,1.01,1.06,-0.05,-4.717,False
2015-07-23,MCD,1,Alpha Vantage EARNINGS,2015-07-23,2015-06-30,1.29,1.23,0.06,4.878,False
2015-10-22,MCD,1,Alpha Vantage EARNINGS,2015-10-22,2015-09-30,1.4,1.28,0.12,9.375,False
2016-01-25,MCD,1,Alpha Vantage EARNINGS,2016-01-25,2015-12-31,1.28,1.23,0.05,4.065,False
2016-04-22,MCD,1,Alpha Vantage EARNINGS,2016-04-22,2016-03-31,1.23,1.16,0.07,6.0345,False
2016-07-26,MCD,1,Alpha Vantage EARNINGS,2016-07-26,2016-06-30,1.45,1.38,0.07,5.0725,False
2016-10-21,MCD,1,Alpha Vantage EARNINGS,2016-10-21,2016-09-30,1.62,1.48,0.14,9.4595,False
2017-01-23,MCD,1,Alpha Vantage EARNINGS,2017-01-23,2016-12-31,1.43,1.41,0.02,1.4184,False
2017-04-25,MCD,1,Alpha Vantage EARNINGS,2017-04-25,2017-03-31,1.47,1.33,0.14,10.5263,False
2017-07-25,MCD,1,Alpha Vantage EARNINGS,2017-07-25,2017-06-30,1.73,1.62,0.11,6.7901,False
2017-10-24,MCD,1,Alpha Vantage EARNINGS,2017-10-24,2017-09-30,1.76,1.77,-0.01,-0.565,False
2001-01-16,MMM,1,Alpha Vantage EARNINGS,2001-01-16,2000-12-31,0.56,0.6,-0.04,-6.6667,False
2001-04-23,MMM,1,Alpha Vantage EARNINGS,2001-04-23,2001-03-31,0.58,0.58,0.0,0.0,False
2001-07-23,MMM,1,Alpha Vantage EARNINGS,2001-07-23,2001-06-30,0.56,0.57,-0.01,-1.7544,False
2001-10-22,MMM,1,Alpha Vantage EARNINGS,2001-10-22,2001-09-30,0.55,0.55,0.0,0.0,False
2002-01-23,MMM,1,Alpha Vantage EARNINGS,2002-01-23,2001-12-31,0.49,0.49,0.0,0.0,False
2002-04-23,MMM,1,Alpha Vantage EARNINGS,2002-04-22,2002-03-31,0.62,0.6,0.02,3.3333,True
2002-07-22,MMM,1,Alpha Vantage EARNINGS,2002-07-22,2002-06-30,0.68,0.66,0.02,3.0303,False
2002-10-21,MMM,1,Alpha Vantage EARNINGS,2002-10-21,2002-09-30,0.69,0.69,0.0,0.0,False
2003-01-21,MMM,1,Alpha Vantage EARNINGS,2003-01-21,2002-12-31,0.65,0.64,0.01,1.5625,False
2003-04-21,MMM,1,Alpha Vantage EARNINGS,2003-04-21,2003-03-31,0.71,0.7,0.01,1.4286,False
2003-07-21,MMM,1,Alpha Vantage EARNINGS,2003-07-21,2003-06-30,0.78,0.75,0.03,4.0,False
2003-10-20,MMM,1,Alpha Vantage EARNINGS,2003-10-20,2003-09-30,0.83,0.79,0.04,5.0633,False
2004-01-20,MMM,1,Alpha Vantage EARNINGS,2004-01-20,2003-12-31,0.77,0.76,0.01,1.3158,False
2004-04-19,MMM,1,Alpha Vantage EARNINGS,2004-04-19,2004-03-31,0.9,0.87,0.03,3.4483,False
2004-07-19,MMM,1,Alpha Vantage EARNINGS,2004-07-19,2004-06-30,0.97,0.96,0.01,1.0417,False
2004-10-18,MMM,1,Alpha Vantage EARNINGS,2004-10-18,2004-09-30,0.97,0.98,-0.01,-1.0204,False
2005-01-18,MMM,1,Alpha Vantage EARNINGS,2005-01-18,2004-12-31,0.91,0.91,0.0,0.0,False
2005-04-18,MMM,1,Alpha Vantage EARNINGS,2005-04-18,2005-03-31,1.03,1.01,0.02,1.9802,False
2005-07-18,MMM,1,Alpha Vantage EARNINGS,2005-07-18,2005-06-30,1.09,1.09,0.0,0.0,False
2005-10-18,MMM,1,Alpha Vantage EARNINGS,2005-10-18,2005-09-30,1.12,1.08,0.04,3.7037,False
2006-01-24,MMM,1,Alpha Vantage EARNINGS,2006-01-24,2005-12-31,1.04,1.04,0.0,0.0,False
2006-04-21,MMM,1,Alpha Vantage EARNINGS,2006-04-21,2006-03-31,1.17,1.16,0.01,0.8621,False
2006-07-25,MMM,1,Alpha Vantage EARNINGS,2006-07-25,2006-06-30,1.05,1.07,-0.02,-1.8692,False
2006-10-20,MMM,1,Alpha Vantage EARNINGS,2006-10-20,2006-09-30,1.17,1.13,0.04,3.5398,False
2007-01-30,MMM,1,Alpha Vantage EARNINGS,2007-01-30,2006-12-31,1.1,1.14,-0.04,-3.5088,False
2007-04-26,MMM,1,Alpha Vantage EARNINGS,2007-04-26,2007-03-31,1.28,1.12,0.16,14.2857,False
2007-07-26,MMM,1,Alpha Vantage EARNINGS,2007-07-26,2007-06-30,1.23,1.18,0.05,4.2373,False
2007-10-19,MMM,1,Alpha Vantage EARNINGS,2007-10-19,2007-09-30,1.29,1.27,0.02,1.5748,False
2008-01-29,MMM,1,Alpha Vantage EARNINGS,2008-01-29,2007-12-31,1.19,1.17,0.02,1.7094,False
2008-04-24,MMM,1,Alpha Vantage EARNINGS,2008-04-24,2008-03-31,1.38,1.35,0.03,2.2222,False
2008-07-24,MMM,1,Alpha Vantage EARNINGS,2008-07-24,2008-06-30,1.39,1.35,0.04,2.963,False
2008-10-21,MMM,1,Alpha Vantage EARNINGS,2008-10-21,2008-09-30,1.42,1.38,0.04,2.8986,False
2009-01-29,MMM,1,Alpha Vantage EARNINGS,2009-01-29,2008-12-31,0.97,0.93,0.04,4.3011,False
2009-04-24,MMM,1,Alpha Vantage EARNINGS,2009-04-24,2009-03-31,0.81,0.86,-0.05,-5.814,False
2009-07-23,MMM,1,Alpha Vantage EARNINGS,2009-07-23,2009-06-30,1.2,0.94,0.26,27.6596,False
2009-10-22,MMM,1,Alpha Vantage EARNINGS,2009-10-22,2009-09-30,1.37,1.17,0.2,17.094,False
2010-01-28,MMM,1,Alpha Vantage EARNINGS,2010-01-28,2009-12-31,1.3,1.2,0.1,8.3333,False
2010-04-27,MMM,1,Alpha Vantage EARNINGS,2010-04-27,2010-03-31,1.4,1.19,0.21,17.6471,False
2010-07-22,MMM,1,Alpha Vantage EARNINGS,2010-07-22,2010-06-30,1.54,1.48,0.06,4.0541,False
2010-10-28,MMM,1,Alpha Vantage EARNINGS,2010-10-28,2010-09-30,1.53,1.51,0.02,1.3245,False
2011-01-25,MMM,1,Alpha Vantage EARNINGS,2011-01-25,2010-12-31,1.28,1.28,0.0,0.0,False
2011-04-26,MMM,1,Alpha Vantage EARNINGS,2011-04-26,2011-03-31,1.49,1.44,0.05,3.4722,False
2011-07-26,MMM,1,Alpha Vantage EARNINGS,2011-07-26,2011-06-30,1.6,1.59,0.01,0.6289,False
2011-10-25,MMM,1,Alpha Vantage EARNINGS,2011-10-25,2011-09-30,1.52,1.61,-0.09,-5.5901,False
2012-01-26,MMM,1,Alpha Vantage EARNINGS,2012-01-26,2011-12-31,1.35,1.31,0.04,3.0534,False
2012-04-24,MMM,1,Alpha Vantage EARNINGS,2012-04-24,2012-03-31,1.63,1.48,0.15,10.1351,False
2012-07-26,MMM,1,Alpha Vantage EARNINGS,2012-07-26,2012-06-30,1.66,1.65,0.01,0.6061,False
2012-10-23,MMM,1,Alpha Vantage EARNINGS,2012-10-23,2012-09-30,1.65,1.65,0.0,0.0,False
2013-01-24,MMM,1,Alpha Vantage EARNINGS,2013-01-24,2012-12-31,1.41,1.41,0.0,0.0,False
2013-04-25,MMM,1,Alpha Vantage EARNINGS,2013-04-25,2013-03-31,1.61,1.65,-0.04,-2.4242,False
2013-07-25,MMM,1,Alpha Vantage EARNINGS,2013-07-25,2013-06-30,1.71,1.71,0.0,0.0,False
2013-10-24,MMM,1,Alpha Vantage EARNINGS,2013-10-24,2013-09-30,1.78,1.75,0.03,1.7143,False
2014-01-30,MMM,1,Alpha Vantage EARNINGS,2014-01-30,2013-12-31,1.62,1.62,0.0,0.0,False
2014-04-24,MMM,1,Alpha Vantage EARNINGS,2014-04-24,2014-03-31,1.79,1.8,-0.01,-0.5556,False
2014-07-24,MMM,1,Alpha Vantage EARNINGS,2014-07-24,2014-06-30,1.91,1.91,0.0,0.0,False
2014-10-23,MMM,1,Alpha Vantage EARNINGS,2014-10-23,2014-09-30,1.98,1.96,0.02,1.0204,False
2015-01-27,MMM,1,Alpha Vantage EARNINGS,2015-01-27,2014-12-31,1.81,1.8,0.01,0.5556,False
2015-04-23,MMM,1,Alpha Vantage EARNINGS,2015-04-23,2015-03-31,1.85,1.93,-0.08,-4.1451,False
2015-07-23,MMM,1,Alpha Vantage EARNINGS,2015-07-23,2015-06-30,2.02,1.99,0.03,1.5075,False
2015-10-22,MMM,1,Alpha Vantage EARNINGS,2015-10-22,2015-09-30,2.05,2.01,0.04,1.99,False
2016-01-26,MMM,1,Alpha Vantage EARNINGS,2016-01-26,2015-12-31,1.66,1.62,0.04,2.4691,False
2016-04-26,MMM,1,Alpha Vantage EARNINGS,2016-04-26,2016-03-31,2.05,1.92,0.13,6.7708,False
2016-07-26,MMM,1,Alpha Vantage EARNINGS,2016-07-26,2016-06-30,2.08,2.07,0.01,0.4831,False
2016-10-25,MMM,1,Alpha Vantage EARNINGS,2016-10-25,2016-09-30,2.15,2.14,0.01,0.4673,False
2017-01-24,MMM,1,Alpha Vantage EARNINGS,2017-01-24,2016-12-31,1.88,1.87,0.01,0.5348,False
2017-04-25,MMM,1,Alpha Vantage EARNINGS,2017-04-25,2017-03-31,2.16,2.06,0.1,4.8544,False
2017-07-25,MMM,1,Alpha Vantage EARNINGS,2017-07-25,2017-06-30,2.58,2.59,-0.01,-0.3861,False
2017-10-24,MMM,1,Alpha Vantage EARNINGS,2017-10-24,2017-09-30,2.33,2.21,0.12,5.4299,False
2001-01-23,MRK,1,Alpha Vantage EARNINGS,2001-01-23,2000-12-31,0.75,0.75,0.0,0.0,False
2001-04-23,MRK,1,Alpha Vantage EARNINGS,2001-04-20,2001-03-31,0.71,0.71,0.0,0.0,True
2001-07-20,MRK,1,Alpha Vantage EARNINGS,2001-07-20,2001-06-30,0.78,0.78,0.0,0.0,False
2001-10-19,MRK,1,Alpha Vantage EARNINGS,2001-10-18,2001-09-30,0.84,0.83,0.01,1.2048,True
2002-01-22,MRK,1,Alpha Vantage EARNINGS,2002-01-22,2001-12-31,0.81,0.8,0.01,1.25,False
2002-04-19,MRK,1,Alpha Vantage EARNINGS,2002-04-18,2002-03-31,0.71,0.71,0.0,0.0,True
2002-07-19,MRK,1,Alpha Vantage EARNINGS,2002-07-19,2002-06-30,0.77,0.77,0.0,0.0,False
2002-10-18,MRK,1,Alpha Vantage EARNINGS,2002-10-18,2002-09-30,0.83,0.83,0.0,0.0,False
2003-01-28,MRK,1,Alpha Vantage EARNINGS,2003-01-28,2002-12-31,0.83,0.83,0.0,0.0,False
2003-04-21,MRK,1,Alpha Vantage EARNINGS,2003-04-21,2003-03-31,0.76,0.76,0.0,0.0,False
2003-07-21,MRK,1,Alpha Vantage EARNINGS,2003-07-21,2003-06-30,0.83,0.84,-0.01,-1.1905,False
2003-10-22,MRK,1,Alpha Vantage EARNINGS,2003-10-22,2003-09-30,0.83,0.85,-0.02,-2.3529,False
2004-01-27,MRK,1,Alpha Vantage EARNINGS,2004-01-27,2003-12-31,0.62,0.62,0.0,0.0,False
2004-04-22,MRK,1,Alpha Vantage EARNINGS,2004-04-22,2004-03-31,0.73,0.72,0.01,1.3889,False
2004-07-21,MRK,1,Alpha Vantage EARNINGS,2004-07-21,2004-06-30,0.79,0.79,0.0,0.0,False
2004-10-21,MRK,1,Alpha Vantage EARNINGS,2004-10-21,2004-09-30,0.6,0.71,-0.11,-15.493,False
2005-01-25,MRK,1,Alpha Vantage EARNINGS,2005-01-25,2004-12-31,0.5,0.5,0.0,0.0,False
2005-04-21,MRK,1,Alpha Vantage EARNINGS,2005-04-21,2005-03-31,0.62,0.59,0.03,5.0847,False
2005-07-21,MRK,1,Alpha Vantage EARNINGS,2005-07-21,2005-06-30,0.62,0.62,0.0,0.0,False
2005-10-24,MRK,1,Alpha Vantage EARNINGS,2005-10-24,2005-09-30,0.65,0.62,0.03,4.8387,False
2006-01-31,MRK,1,Alpha Vantage EARNINGS,2006-01-31,2005-12-31,0.64,0.62,0.02,3.2258,False
2006-04-20,MRK,1,Alpha Vantage EARNINGS,2006-04-20,2006-03-31,0.78,0.72,0.06,8.3333,False
2006-07-24,MRK,1,Alpha Vantage EARNINGS,2006-07-24,2006-06-30,0.73,0.65,0.08,12.3077,False
2006-10-20,MRK,1,Alpha Vantage EARNINGS,2006-10-20,2006-09-30,0.51,0.5,0.01,2.0,False
2007-01-30,MRK,1,Alpha Vantage EARNINGS,2007-01-30,2006-12-31,0.5,0.5,0.0,0.0,False
2007-04-19,MRK,1,Alpha Vantage EARNINGS,2007-04-19,2007-03-31,0.84,0.84,0.0,0.0,False
2007-07-23,MRK,1,Alpha Vantage EARNINGS,2007-07-23,2007-06-30,0.82,0.72,0.1,13.8889,False
2007-10-22,MRK,1,Alpha Vantage EARNINGS,2007-10-22,2007-09-30,0.75,0.69,0.06,8.6957,False
2008-01-30,MRK,1,Alpha Vantage EARNINGS,2008-01-30,2007-12-31,0.8,0.74,0.06,8.1081,False
2008-04-21,MRK,1,Alpha Vantage EARNINGS,2008-04-21,2008-03-31,0.89,0.86,0.03,3.4884,False
2008-07-21,MRK,1,Alpha Vantage EARNINGS,2008-07-21,2008-06-30,0.86,0.83,0.03,3.6145,False
2008-10-22,MRK,1,Alpha Vantage EARNINGS,2008-10-22,2008-09-30,0.8,0.79,0.01,1.2658,False
2009-02-03,MRK,1,Alpha Vantage EARNINGS,2009-02-03,2008-12-31,0.87,0.74,0.13,17.5676,False
2009-04-21,MRK,1,Alpha Vantage EARNINGS,2009-04-21,2009-03-31,0.74,0.77,-0.03,-3.8961,False
2009-07-21,MRK,1,Alpha Vantage EARNINGS,2009-07-21,2009-06-30,0.83,0.77,0.06,7.7922,False
2009-10-22,MRK,1,Alpha Vantage EARNINGS,2009-10-22,2009-09-30,0.9,0.82,0.08,9.7561,False
2010-02-16,MRK,1,Alpha Vantage EARNINGS,2010-02-16,2009-12-31,0.79,0.79,0.0,0.0,False
2010-05-04,MRK,1,Alpha Vantage EARNINGS,2010-05-04,2010-03-31,0.83,0.75,0.08,10.6667,False
2010-07-30,MRK,1,Alpha Vantage EARNINGS,2010-07-30,2010-06-30,0.86,0.83,0.03,3.6145,False
2010-10-29,MRK,1,Alpha Vantage EARNINGS,2010-10-29,2010-09-30,0.85,0.82,0.03,3.6585,False
2011-02-03,MRK,1,Alpha Vantage EARNINGS,2011-02-03,2010-12-31,0.88,0.83,0.05,6.0241,False
2011-04-29,MRK,1,Alpha Vantage EARNINGS,2011-04-29,2011-03-31,0.92,0.84,0.08,9.5238,False
2011-07-29,MRK,1,Alpha Vantage EARNINGS,2011-07-29,2011-06-30,0.95,0.95,0.0,0.0,False
2011-10-28,MRK,1,Alpha Vantage EARNINGS,2011-10-28,2011-09-30,0.94,0.91,0.03,3.2967,False
2012-02-02,MRK,1,Alpha Vantage EARNINGS,2012-02-02,2011-12-31,0.97,0.95,0.02,2.1053,False
2012-04-27,MRK,1,Alpha Vantage EARNINGS,2012-04-27,2012-03-31,0.5647,nan,0.0,nan,False
2012-07-27,MRK,1,Alpha Vantage EARNINGS,2012-07-27,2012-06-30,1.05,1.01,0.04,3.9604,False
2012-10-26,MRK,1,Alpha Vantage EARNINGS,2012-10-26,2012-09-30,0.95,0.92,0.03,3.2609,False
2013-02-01,MRK,1,Alpha Vantage EARNINGS,2013-02-01,2012-12-31,0.83,0.81,0.02,2.4691,False
2013-05-01,MRK,1,Alpha Vantage EARNINGS,2013-05-01,2013-03-31,0.85,0.79,0.06,7.5949,False
2013-07-30,MRK,1,Alpha Vantage EARNINGS,2013-07-30,2013-06-30,0.84,0.83,0.01,1.2048,False
2013-10-28,MRK,1,Alpha Vantage EARNINGS,2013-10-28,2013-09-30,0.92,0.88,0.04,4.5455,False
2014-02-05,MRK,1,Alpha Vantage EARNINGS,2014-02-05,2013-12-31,0.88,0.89,-0.01,-1.1236,False
2014-04-29,MRK,1,Alpha Vantage EARNINGS,2014-04-29,2014-03-31,0.88,0.79,0.09,11.3924,False
2014-07-29,MRK,1,Alpha Vantage EARNINGS,2014-07-29,2014-06-30,0.85,0.81,0.04,4.9383,False
2014-10-27,MRK,1,Alpha Vantage EARNINGS,2014-10-27,2014-09-30,0.9,0.88,0.02,2.2727,False
2015-02-04,MRK,1,Alpha Vantage EARNINGS,2015-02-04,2014-12-31,0.87,0.85,0.02,2.3529,False
2015-04-28,MRK,1,Alpha Vantage EARNINGS,2015-04-28,2015-03-31,0.85,0.75,0.1,13.3333,False
2015-07-28,MRK,1,Alpha Vantage EARNINGS,2015-07-28,2015-06-30,0.86,0.81,0.05,6.1728,False
2015-10-27,MRK,1,Alpha Vantage EARNINGS,2015-10-27,2015-09-30,0.96,0.91,0.05,5.4945,False
2016-02-03,MRK,1,Alpha Vantage EARNINGS,2016-02-03,2015-12-31,0.93,0.91,0.02,2.1978,False
2016-05-05,MRK,1,Alpha Vantage EARNINGS,2016-05-05,2016-03-31,0.89,0.85,0.04,4.7059,False
2016-07-29,MRK,1,Alpha Vantage EARNINGS,2016-07-29,2016-06-30,0.93,0.91,0.02,2.1978,False
2016-10-25,MRK,1,Alpha Vantage EARNINGS,2016-10-25,2016-09-30,1.07,0.99,0.08,8.0808,False
2017-02-02,MRK,1,Alpha Vantage EARNINGS,2017-02-02,2016-12-31,0.89,0.89,0.0,0.0,False
2017-05-02,MRK,1,Alpha Vantage EARNINGS,2017-05-02,2017-03-31,0.88,0.83,0.05,6.0241,False
2017-07-28,MRK,1,Alpha Vantage EARNINGS,2017-07-28,2017-06-30,1.01,0.87,0.14,16.092,False
2017-10-27,MRK,1,Alpha Vantage EARNINGS,2017-10-27,2017-09-30,1.11,1.03,0.08,7.767,False
2001-01-18,MSFT,1,Alpha Vantage EARNINGS,2001-01-18,2000-12-31,0.24,0.23,0.01,4.3478,False
2001-04-19,MSFT,1,Alpha Vantage EARNINGS,2001-04-19,2001-03-31,0.22,0.21,0.01,4.7619,False
2001-07-19,MSFT,1,Alpha Vantage EARNINGS,2001-07-19,2001-06-30,0.22,0.21,0.01,4.7619,False
2001-10-18,MSFT,1,Alpha Vantage EARNINGS,2001-10-18,2001-09-30,0.22,0.2,0.02,10.0,False
2002-01-17,MSFT,1,Alpha Vantage EARNINGS,2002-01-17,2001-12-31,0.25,0.22,0.03,13.6364,False
2002-04-18,MSFT,1,Alpha Vantage EARNINGS,2002-04-18,2002-03-31,0.25,0.25,0.0,0.0,False
2002-07-18,MSFT,1,Alpha Vantage EARNINGS,2002-07-18,2002-06-30,0.21,0.21,0.0,0.0,False
2002-10-17,MSFT,1,Alpha Vantage EARNINGS,2002-10-17,2002-09-30,0.28,0.21,0.07,33.3333,False
2003-01-16,MSFT,1,Alpha Vantage EARNINGS,2003-01-16,2002-12-31,0.27,0.23,0.04,17.3913,False
2003-04-15,MSFT,1,Alpha Vantage EARNINGS,2003-04-15,2003-03-31,0.26,0.23,0.03,13.0435,False
2003-07-17,MSFT,1,Alpha Vantage EARNINGS,2003-07-17,2003-06-30,0.23,0.23,0.0,0.0,False
2003-10-23,MSFT,1,Alpha Vantage EARNINGS,2003-10-23,2003-09-30,0.3,0.29,0.01,3.4483,False
2004-01-22,MSFT,1,Alpha Vantage EARNINGS,2004-01-22,2003-12-31,0.34,0.3,0.04,13.3333,False
2004-04-22,MSFT,1,Alpha Vantage EARNINGS,2004-04-22,2004-03-31,0.34,0.29,0.05,17.2414,False
2004-07-22,MSFT,1,Alpha Vantage EARNINGS,2004-07-22,2004-06-30,0.28,0.28,0.0,0.0,False
2004-10-21,MSFT,1,Alpha Vantage EARNINGS,2004-10-21,2004-09-30,0.31,0.3,0.01,3.3333,False
2005-01-27,MSFT,1,Alpha Vantage EARNINGS,2005-01-27,2004-12-31,0.35,0.33,0.02,6.0606,False
2005-04-28,MSFT,1,Alpha Vantage EARNINGS,2005-04-28,2005-03-31,0.23,0.28,-0.05,-17.8571,False
2005-07-21,MSFT,1,Alpha Vantage EARNINGS,2005-07-21,2005-06-30,0.34,0.28,0.06,21.4286,False
2005-10-27,MSFT,1,Alpha Vantage EARNINGS,2005-10-27,2005-09-30,0.31,0.3,0.01,3.3333,False
2006-01-26,MSFT,1,Alpha Vantage EARNINGS,2006-01-26,2005-12-31,0.33,0.33,0.0,0.0,False
2006-04-27,MSFT,1,Alpha Vantage EARNINGS,2006-04-27,2006-03-31,0.32,0.33,-0.01,-3.0303,False
2006-07-20,MSFT,1,Alpha Vantage EARNINGS,2006-07-20,2006-06-30,0.28,0.31,-0.03,-9.6774,False
2006-10-26,MSFT,1,Alpha Vantage EARNINGS,2006-10-26,2006-09-30,0.35,0.31,0.04,12.9032,False
2007-01-25,MSFT,1,Alpha Vantage EARNINGS,2007-01-25,2006-12-31,0.26,0.24,0.02,8.3333,False
2007-04-26,MSFT,1,Alpha Vantage EARNINGS,2007-04-26,2007-03-31,0.5,0.46,0.04,8.6957,False
2007-07-19,MSFT,1,Alpha Vantage EARNINGS,2007-07-19,2007-06-30,0.31,0.34,-0.03,-8.8235,False
2007-10-25,MSFT,1,Alpha Vantage EARNINGS,2007-10-25,2007-09-30,0.45,0.39,0.06,15.3846,False
2008-01-24,MSFT,1,Alpha Vantage EARNINGS,2008-01-24,2007-12-31,0.5,0.46,0.04,8.6957,False
2008-04-24,MSFT,1,Alpha Vantage EARNINGS,2008-04-24,2008-03-31,0.47,0.44,0.03,6.8182,False
2008-07-17,MSFT,1,Alpha Vantage EARNINGS,2008-07-17,2008-06-30,0.46,0.47,-0.01,-2.1277,False
2008-10-23,MSFT,1,Alpha Vantage EARNINGS,2008-10-23,2008-09-30,0.48,0.47,0.01,2.1277,False
2009-01-22,MSFT,1,Alpha Vantage EARNINGS,2009-01-22,2008-12-31,0.47,0.49,-0.02,-4.0816,False
2009-04-23,MSFT,1,Alpha Vantage EARNINGS,2009-04-23,2009-03-31,0.39,0.39,0.0,0.0,False
2009-07-23,MSFT,1,Alpha Vantage EARNINGS,2009-07-23,2009-06-30,0.36,0.36,0.0,0.0,False
2009-10-23,MSFT,1,Alpha Vantage EARNINGS,2009-10-23,2009-09-30,0.4,0.32,0.08,25.0,False
2010-01-28,MSFT,1,Alpha Vantage EARNINGS,2010-01-28,2009-12-31,0.74,0.59,0.15,25.4237,False
2010-04-22,MSFT,1,Alpha Vantage EARNINGS,2010-04-22,2010-03-31,0.45,0.42,0.03,7.1429,False
2010-07-22,MSFT,1,Alpha Vantage EARNINGS,2010-07-22,2010-06-30,0.51,0.47,0.04,8.5106,False
2010-10-28,MSFT,1,Alpha Vantage EARNINGS,2010-10-28,2010-09-30,0.62,0.55,0.07,12.7273,False
2011-01-27,MSFT,1,Alpha Vantage EARNINGS,2011-01-27,2010-12-31,0.77,0.68,0.09,13.2353,False
2011-04-28,MSFT,1,Alpha Vantage EARNINGS,2011-04-28,2011-03-31,0.61,0.56,0.05,8.9286,False
2011-07-21,MSFT,1,Alpha Vantage EARNINGS,2011-07-21,2011-06-30,0.69,0.58,0.11,18.9655,False
2011-10-20,MSFT,1,Alpha Vantage EARNINGS,2011-10-20,2011-09-30,0.68,0.68,0.0,0.0,False
2012-01-19,MSFT,1,Alpha Vantage EARNINGS,2012-01-19,2011-12-31,0.78,0.76,0.02,2.6316,False
2012-04-19,MSFT,1,Alpha Vantage EARNINGS,2012-04-19,2012-03-31,0.6,0.58,0.02,3.4483,False
2012-07-19,MSFT,1,Alpha Vantage EARNINGS,2012-07-19,2012-06-30,0.73,0.62,0.11,17.7419,False
2012-10-18,MSFT,1,Alpha Vantage EARNINGS,2012-10-18,2012-09-30,0.53,0.56,-0.03,-5.3571,False
2013-01-24,MSFT,1,Alpha Vantage EARNINGS,2013-01-24,2012-12-31,0.76,0.76,0.0,0.0,False
2013-04-18,MSFT,1,Alpha Vantage EARNINGS,2013-04-18,2013-03-31,0.72,0.67,0.05,7.4627,False
2013-07-18,MSFT,1,Alpha Vantage EARNINGS,2013-07-18,2013-06-30,0.66,0.74,-0.08,-10.8108,False
2013-10-24,MSFT,1,Alpha Vantage EARNINGS,2013-10-24,2013-09-30,0.62,0.53,0.09,16.9811,False
2014-01-23,MSFT,1,Alpha Vantage EARNINGS,2014-01-23,2013-12-31,0.78,0.68,0.1,14.7059,False
2014-04-24,MSFT,1,Alpha Vantage EARNINGS,2014-04-24,2014-03-31,0.68,0.63,0.05,7.9365,False
2014-07-22,MSFT,1,Alpha Vantage EARNINGS,2014-07-22,2014-06-30,0.55,0.6,-0.05,-8.3333,False
2014-10-23,MSFT,1,Alpha Vantage EARNINGS,2014-10-23,2014-09-30,0.65,0.54,0.11,20.3704,False
2015-01-26,MSFT,1,Alpha Vantage EARNINGS,2015-01-26,2014-12-31,0.77,0.74,0.03,4.0541,False
2015-04-23,MSFT,1,Alpha Vantage EARNINGS,2015-04-23,2015-03-31,0.62,0.53,0.09,16.9811,False
2015-07-21,MSFT,1,Alpha Vantage EARNINGS,2015-07-21,2015-06-30,0.62,0.57,0.05,8.7719,False
2015-10-22,MSFT,1,Alpha Vantage EARNINGS,2015-10-22,2015-09-30,0.57,0.41,0.16,39.0244,False
2016-01-28,MSFT,1,Alpha Vantage EARNINGS,2016-01-28,2015-12-31,0.62,0.53,0.09,16.9811,False
2016-04-21,MSFT,1,Alpha Vantage EARNINGS,2016-04-21,2016-03-31,0.62,0.64,-0.02,-3.125,False
2016-07-19,MSFT,1,Alpha Vantage EARNINGS,2016-07-19,2016-06-30,0.69,0.58,0.11,18.9655,False
2016-10-20,MSFT,1,Alpha Vantage EARNINGS,2016-10-20,2016-09-30,0.76,0.68,0.08,11.7647,False
2017-01-26,MSFT,1,Alpha Vantage EARNINGS,2017-01-26,2016-12-31,0.84,0.79,0.05,6.3291,False
2017-04-27,MSFT,1,Alpha Vantage EARNINGS,2017-04-27,2017-03-31,0.73,0.7,0.03,4.2857,False
2017-07-20,MSFT,1,Alpha Vantage EARNINGS,2017-07-20,2017-06-30,0.98,0.71,0.27,38.0282,False
2017-10-26,MSFT,1,Alpha Vantage EARNINGS,2017-10-26,2017-09-30,0.84,0.69,0.15,21.7391,False
2001-03-21,NKE,1,Alpha Vantage EARNINGS,2001-03-20,2001-02-28,0.04,0.04,0.0,0.0,True
2001-07-05,NKE,1,Alpha Vantage EARNINGS,2001-06-28,2001-05-31,0.08,0.07,0.01,14.2857,True
2001-09-25,NKE,1,Alpha Vantage EARNINGS,2001-09-20,2001-08-31,0.09,0.09,0.0,0.0,True
2001-12-20,NKE,1,Alpha Vantage EARNINGS,2001-12-20,2001-11-30,0.06,0.06,0.0,0.0,False
2002-03-21,NKE,1,Alpha Vantage EARNINGS,2002-03-21,2002-02-28,0.06,0.06,0.0,0.0,False
2002-06-28,NKE,1,Alpha Vantage EARNINGS,2002-06-27,2002-05-31,0.1,0.09,0.01,11.1111,True
2002-09-19,NKE,1,Alpha Vantage EARNINGS,2002-09-18,2002-08-31,0.1,0.1,0.0,0.0,True
2002-12-19,NKE,1,Alpha Vantage EARNINGS,2002-12-19,2002-11-30,0.07,0.07,0.0,0.0,False
2003-03-19,NKE,1,Alpha Vantage EARNINGS,2003-03-19,2003-02-28,0.06,0.06,0.0,0.0,False
2003-06-26,NKE,1,Alpha Vantage EARNINGS,2003-06-26,2003-05-31,0.12,0.12,0.0,0.0,False
2003-09-18,NKE,1,Alpha Vantage EARNINGS,2003-09-18,2003-08-31,0.12,0.11,0.01,9.0909,False
2003-12-18,NKE,1,Alpha Vantage EARNINGS,2003-12-18,2003-11-30,0.08,0.08,0.0,0.0,False
2004-03-18,NKE,1,Alpha Vantage EARNINGS,2004-03-18,2004-02-29,0.09,0.09,0.0,0.0,False
2004-06-24,NKE,1,Alpha Vantage EARNINGS,2004-06-24,2004-05-31,0.14,0.13,0.01,7.6923,False
2004-09-20,NKE,1,Alpha Vantage EARNINGS,2004-09-20,2004-08-31,0.15,0.14,0.01,7.1429,False
2004-12-16,NKE,1,Alpha Vantage EARNINGS,2004-12-16,2004-11-30,0.12,0.11,0.01,9.0909,False
2005-03-17,NKE,1,Alpha Vantage EARNINGS,2005-03-17,2005-02-28,0.13,0.12,0.01,8.3333,False
2005-06-27,NKE,1,Alpha Vantage EARNINGS,2005-06-27,2005-05-31,0.16,0.16,0.0,0.0,False
2005-09-19,NKE,1,Alpha Vantage EARNINGS,2005-09-19,2005-08-31,0.2,0.18,0.02,11.1111,False
2005-12-20,NKE,1,Alpha Vantage EARNINGS,2005-12-20,2005-11-30,0.14,0.13,0.01,7.6923,False
2006-03-21,NKE,1,Alpha Vantage EARNINGS,2006-03-21,2006-02-28,0.16,0.14,0.02,14.2857,False
2006-06-27,NKE,1,Alpha Vantage EARNINGS,2006-06-27,2006-05-31,0.17,0.17,0.0,0.0,False
2006-09-21,NKE,1,Alpha Vantage EARNINGS,2006-09-21,2006-08-31,0.18,0.18,0.0,0.0,False
2006-12-20,NKE,1,Alpha Vantage EARNINGS,2006-12-20,2006-11-30,0.14,0.14,0.0,0.0,False
2007-03-22,NKE,1,Alpha Vantage EARNINGS,2007-03-22,2007-02-28,0.17,0.17,0.0,0.0,False
2007-06-26,NKE,1,Alpha Vantage EARNINGS,2007-06-26,2007-05-31,0.22,0.27,-0.05,-18.5185,False
2007-09-20,NKE,1,Alpha Vantage EARNINGS,2007-09-20,2007-08-31,0.23,0.22,0.01,4.5455,False
2007-12-19,NKE,1,Alpha Vantage EARNINGS,2007-12-19,2007-11-30,0.18,0.16,0.02,12.5,False
2008-03-19,NKE,1,Alpha Vantage EARNINGS,2008-03-19,2008-02-29,0.23,0.2,0.03,15.0,False
2008-06-25,NKE,1,Alpha Vantage EARNINGS,2008-06-25,2008-05-31,0.25,0.24,0.01,4.1667,False
2008-09-24,NKE,1,Alpha Vantage EARNINGS,2008-09-24,2008-08-31,0.26,0.23,0.03,13.0435,False
2008-12-17,NKE,1,Alpha Vantage EARNINGS,2008-12-17,2008-11-30,0.19,0.19,0.0,0.0,False
2009-03-18,NKE,1,Alpha Vantage EARNINGS,2009-03-18,2009-02-28,0.25,0.2,0.05,25.0,False
2009-06-24,NKE,1,Alpha Vantage EARNINGS,2009-06-24,2009-05-31,0.25,0.24,0.01,4.1667,False
2009-09-29,NKE,1,Alpha Vantage EARNINGS,2009-09-29,2009-08-31,0.26,0.24,0.02,8.3333,False
2009-12-17,NKE,1,Alpha Vantage EARNINGS,2009-12-17,2009-11-30,0.19,0.18,0.01,5.5556,False
2010-03-17,NKE,1,Alpha Vantage EARNINGS,2010-03-17,2010-02-28,0.25,0.22,0.03,13.6364,False
2010-06-23,NKE,1,Alpha Vantage EARNINGS,2010-06-23,2010-05-31,0.27,0.26,0.01,3.8462,False
2010-09-23,NKE,1,Alpha Vantage EARNINGS,2010-09-23,2010-08-31,0.28,0.25,0.03,12.0,False
2010-12-21,NKE,1,Alpha Vantage EARNINGS,2010-12-21,2010-11-30,0.24,0.22,0.02,9.0909,False
2011-03-17,NKE,1,Alpha Vantage EARNINGS,2011-03-17,2011-02-28,0.27,0.28,-0.01,-3.5714,False
2011-06-27,NKE,1,Alpha Vantage EARNINGS,2011-06-27,2011-05-31,0.31,0.29,0.02,6.8966,False
2011-09-22,NKE,1,Alpha Vantage EARNINGS,2011-09-22,2011-08-31,0.34,0.3,0.04,13.3333,False
2011-12-20,NKE,1,Alpha Vantage EARNINGS,2011-12-20,2011-11-30,0.25,0.24,0.01,4.1667,False
2012-03-22,NKE,1,Alpha Vantage EARNINGS,2012-03-22,2012-02-29,0.3,0.29,0.01,3.4483,False
2012-06-28,NKE,1,Alpha Vantage EARNINGS,2012-06-28,2012-05-31,0.29,0.34,-0.05,-14.7059,False
2012-09-27,NKE,1,Alpha Vantage EARNINGS,2012-09-27,2012-08-31,0.31,0.28,0.03,10.7143,False
2012-12-20,NKE,1,Alpha Vantage EARNINGS,2012-12-20,2012-11-30,0.28,0.25,0.03,12.0,False
2013-03-21,NKE,1,Alpha Vantage EARNINGS,2013-03-21,2013-02-28,0.37,0.33,0.04,12.1212,False
2013-06-27,NKE,1,Alpha Vantage EARNINGS,2013-06-27,2013-05-31,0.38,0.37,0.01,2.7027,False
2013-09-26,NKE,1,Alpha Vantage EARNINGS,2013-09-26,2013-08-31,0.43,0.39,0.04,10.2564,False
2013-12-19,NKE,1,Alpha Vantage EARNINGS,2013-12-19,2013-11-30,0.3,0.29,0.01,3.4483,False
2014-03-20,NKE,1,Alpha Vantage EARNINGS,2014-03-20,2014-02-28,0.38,0.36,0.02,5.5556,False
2014-06-26,NKE,1,Alpha Vantage EARNINGS,2014-06-26,2014-05-31,0.39,0.38,0.01,2.6316,False
2014-09-25,NKE,1,Alpha Vantage EARNINGS,2014-09-25,2014-08-31,0.55,0.44,0.11,25.0,False
2014-12-18,NKE,1,Alpha Vantage EARNINGS,2014-12-18,2014-11-30,0.37,0.35,0.02,5.7143,False
2015-03-19,NKE,1,Alpha Vantage EARNINGS,2015-03-19,2015-02-28,0.45,0.42,0.03,7.1429,False
2015-06-25,NKE,1,Alpha Vantage EARNINGS,2015-06-25,2015-05-31,0.49,0.42,0.07,16.6667,False
2015-09-24,NKE,1,Alpha Vantage EARNINGS,2015-09-24,2015-08-31,0.67,0.6,0.07,11.6667,False
2015-12-22,NKE,1,Alpha Vantage EARNINGS,2015-12-22,2015-11-30,0.45,0.43,0.02,4.6512,False
2016-03-22,NKE,1,Alpha Vantage EARNINGS,2016-03-22,2016-02-29,0.55,0.48,0.07,14.5833,False
2016-06-28,NKE,1,Alpha Vantage EARNINGS,2016-06-28,2016-05-31,0.49,0.48,0.01,2.0833,False
2016-09-27,NKE,1,Alpha Vantage EARNINGS,2016-09-27,2016-08-31,0.73,0.56,0.17,30.3571,False
2016-12-20,NKE,1,Alpha Vantage EARNINGS,2016-12-20,2016-11-30,0.5,0.43,0.07,16.2791,False
2017-03-21,NKE,1,Alpha Vantage EARNINGS,2017-03-21,2017-02-28,0.68,0.53,0.15,28.3019,False
2017-06-29,NKE,1,Alpha Vantage EARNINGS,2017-06-29,2017-05-31,0.6,0.5,0.1,20.0,False
2017-09-26,NKE,1,Alpha Vantage EARNINGS,2017-09-26,2017-08-31,0.57,0.48,0.09,18.75,False
2017-12-21,NKE,1,Alpha Vantage EARNINGS,2017-12-21,2017-11-30,0.46,0.4,0.06,15.0,False
2001-01-26,PFE,1,Alpha Vantage EARNINGS,2001-01-24,2000-12-31,0.27,0.27,0.0,0.0,True
2001-04-18,PFE,1,Alpha Vantage EARNINGS,2001-04-18,2001-03-31,0.33,0.31,0.02,6.4516,False
2001-07-18,PFE,1,Alpha Vantage EARNINGS,2001-07-17,2001-06-30,0.3,0.3,0.0,0.0,True
2001-10-18,PFE,1,Alpha Vantage EARNINGS,2001-10-17,2001-09-30,0.34,0.33,0.01,3.0303,True
2002-01-24,PFE,1,Alpha Vantage EARNINGS,2002-01-23,2001-12-31,0.34,0.34,0.0,0.0,True
2002-04-17,PFE,1,Alpha Vantage EARNINGS,2002-04-17,2002-03-31,0.39,0.39,0.0,0.0,False
2002-07-15,PFE,1,Alpha Vantage EARNINGS,2002-07-15,2002-06-30,0.33,0.32,0.01,3.125,False
2002-10-16,PFE,1,Alpha Vantage EARNINGS,2002-10-16,2002-09-30,0.39,0.38,0.01,2.6316,False
2003-01-22,PFE,1,Alpha Vantage EARNINGS,2003-01-22,2002-12-31,0.48,0.47,0.01,2.1277,False
2003-04-22,PFE,1,Alpha Vantage EARNINGS,2003-04-22,2003-03-31,0.45,0.44,0.01,2.2727,False
2003-07-25,PFE,1,Alpha Vantage EARNINGS,2003-07-25,2003-06-30,0.3,0.29,0.01,3.4483,False
2003-10-22,PFE,1,Alpha Vantage EARNINGS,2003-10-22,2003-09-30,0.47,0.44,0.03,6.8182,False
2004-01-22,PFE,1,Alpha Vantage EARNINGS,2004-01-22,2003-12-31,0.53,0.51,0.02,3.9216,False
2004-04-20,PFE,1,Alpha Vantage EARNINGS,2004-04-20,2004-03-31,0.52,0.51,0.01,1.9608,False
2004-07-21,PFE,1,Alpha Vantage EARNINGS,2004-07-21,2004-06-30,0.47,0.46,0.01,2.1739,False
2004-10-20,PFE,1,Alpha Vantage EARNINGS,2004-10-20,2004-09-30,0.55,0.54,0.01,1.8519,False
2005-01-19,PFE,1,Alpha Vantage EARNINGS,2005-01-19,2004-12-31,0.58,0.59,-0.01,-1.6949,False
2005-04-19,PFE,1,Alpha Vantage EARNINGS,2005-04-19,2005-03-31,0.54,0.53,0.01,1.8868,False
2005-07-20,PFE,1,Alpha Vantage EARNINGS,2005-07-20,2005-06-30,0.46,0.44,0.02,4.5455,False
2005-10-20,PFE,1,Alpha Vantage EARNINGS,2005-10-20,2005-09-30,0.51,0.48,0.03,6.25,False
2006-01-19,PFE,1,Alpha Vantage EARNINGS,2006-01-19,2005-12-31,0.51,0.42,0.09,21.4286,False
2006-04-19,PFE,1,Alpha Vantage EARNINGS,2006-04-19,2006-03-31,0.61,0.53,0.08,15.0943,False
2006-07-20,PFE,1,Alpha Vantage EARNINGS,2006-07-20,2006-06-30,0.52,0.48,0.04,8.3333,False
2006-10-19,PFE,1,Alpha Vantage EARNINGS,2006-10-19,2006-09-30,0.54,0.45,0.09,20.0,False
2007-01-22,PFE,1,Alpha Vantage EARNINGS,2007-01-22,2006-12-31,0.43,0.42,0.01,2.381,False
2007-04-20,PFE,1,Alpha Vantage EARNINGS,2007-04-20,2007-03-31,0.68,0.57,0.11,19.2982,False
2007-07-18,PFE,1,Alpha Vantage EARNINGS,2007-07-18,2007-06-30,0.42,0.5,-0.08,-16.0,False
2007-10-18,PFE,1,Alpha Vantage EARNINGS,2007-10-18,2007-09-30,0.58,0.52,0.06,11.5385,False
2008-01-23,PFE,1,Alpha Vantage EARNINGS,2008-01-23,2007-12-31,0.52,0.47,0.05,10.6383,False
2008-04-17,PFE,1,Alpha Vantage EARNINGS,2008-04-17,2008-03-31,0.61,0.65,-0.04,-6.1538,False
2008-07-23,PFE,1,Alpha Vantage EARNINGS,2008-07-23,2008-06-30,0.55,0.54,0.01,1.8519,False
2008-10-21,PFE,1,Alpha Vantage EARNINGS,2008-10-21,2008-09-30,0.62,0.6,0.02,3.3333,False
2009-01-26,PFE,1,Alpha Vantage EARNINGS,2009-01-26,2008-12-31,0.64,0.6,0.04,6.6667,False
2009-04-28,PFE,1,Alpha Vantage EARNINGS,2009-04-28,2009-03-31,0.54,0.49,0.05,10.2041,False
2009-07-22,PFE,1,Alpha Vantage EARNINGS,2009-07-22,2009-06-30,0.48,0.46,0.02,4.3478,False
2009-10-20,PFE,1,Alpha Vantage EARNINGS,2009-10-20,2009-09-30,0.51,0.48,0.03,6.25,False
2010-02-03,PFE,1,Alpha Vantage EARNINGS,2010-02-03,2009-12-31,0.49,0.51,-0.02,-3.9216,False
2010-05-04,PFE,1,Alpha Vantage EARNINGS,2010-05-04,2010-03-31,0.6,0.53,0.07,13.2075,False
2010-08-03,PFE,1,Alpha Vantage EARNINGS,2010-08-03,2010-06-30,0.62,0.52,0.1,19.2308,False
2010-11-02,PFE,1,Alpha Vantage EARNINGS,2010-11-02,2010-09-30,0.54,0.51,0.03,5.8824,False
2011-02-01,PFE,1,Alpha Vantage EARNINGS,2011-02-01,2010-12-31,0.47,0.46,0.01,2.1739,False
2011-05-03,PFE,1,Alpha Vantage EARNINGS,2011-05-03,2011-03-31,0.6,0.58,0.02,3.4483,False
2011-08-02,PFE,1,Alpha Vantage EARNINGS,2011-08-02,2011-06-30,0.6,0.59,0.01,1.6949,False
2011-11-01,PFE,1,Alpha Vantage EARNINGS,2011-11-01,2011-09-30,0.62,0.56,0.06,10.7143,False
2012-01-31,PFE,1,Alpha Vantage EARNINGS,2012-01-31,2011-12-31,0.5,0.47,0.03,6.383,False
2012-05-01,PFE,1,Alpha Vantage EARNINGS,2012-05-01,2012-03-31,0.58,0.57,0.01,1.7544,False
2012-07-31,PFE,1,Alpha Vantage EARNINGS,2012-07-31,2012-06-30,0.62,0.55,0.07,12.7273,False
2012-11-01,PFE,1,Alpha Vantage EARNINGS,2012-11-01,2012-09-30,0.53,0.52,0.01,1.9231,False
2013-01-29,PFE,1,Alpha Vantage EARNINGS,2013-01-29,2012-12-31,0.47,0.44,0.03,6.8182,False
2013-04-30,PFE,1,Alpha Vantage EARNINGS,2013-04-30,2013-03-31,0.54,0.55,-0.01,-1.8182,False
2013-07-30,PFE,1,Alpha Vantage EARNINGS,2013-07-30,2013-06-30,0.56,0.55,0.01,1.8182,False
2013-10-29,PFE,1,Alpha Vantage EARNINGS,2013-10-29,2013-09-30,0.58,0.56,0.02,3.5714,False
2014-01-28,PFE,1,Alpha Vantage EARNINGS,2014-01-28,2013-12-31,0.56,0.53,0.03,5.6604,False
2014-05-05,PFE,1,Alpha Vantage EARNINGS,2014-05-05,2014-03-31,0.57,0.55,0.02,3.6364,False
2014-07-29,PFE,1,Alpha Vantage EARNINGS,2014-07-29,2014-06-30,0.58,0.57,0.01,1.7544,False
2014-10-28,PFE,1,Alpha Vantage EARNINGS,2014-10-28,2014-09-30,0.57,0.55,0.02,3.6364,False
2015-01-27,PFE,1,Alpha Vantage EARNINGS,2015-01-27,2014-12-31,0.54,0.53,0.01,1.8868,False
2015-04-28,PFE,1,Alpha Vantage EARNINGS,2015-04-28,2015-03-31,0.51,0.49,0.02,4.0816,False
2015-07-28,PFE,1,Alpha Vantage EARNINGS,2015-07-28,2015-06-30,0.56,0.52,0.04,7.6923,False
2015-10-27,PFE,1,Alpha Vantage EARNINGS,2015-10-27,2015-09-30,0.6,0.51,0.09,17.6471,False
2016-02-02,PFE,1,Alpha Vantage EARNINGS,2016-02-02,2015-12-31,0.53,0.52,0.01,1.9231,False
2016-05-03,PFE,1,Alpha Vantage EARNINGS,2016-05-03,2016-03-31,0.67,0.55,0.12,21.8182,False
2016-08-02,PFE,1,Alpha Vantage EARNINGS,2016-08-02,2016-06-30,0.64,0.62,0.02,3.2258,False
2016-11-01,PFE,1,Alpha Vantage EARNINGS,2016-11-01,2016-09-30,0.61,0.62,-0.01,-1.6129,False
2017-01-31,PFE,1,Alpha Vantage EARNINGS,2017-01-31,2016-12-31,0.47,0.51,-0.04,-7.8431,False
2017-05-02,PFE,1,Alpha Vantage EARNINGS,2017-05-02,2017-03-31,0.69,0.67,0.02,2.9851,False
2017-08-01,PFE,1,Alpha Vantage EARNINGS,2017-08-01,2017-06-30,0.67,0.66,0.01,1.5152,False
2017-10-31,PFE,1,Alpha Vantage EARNINGS,2017-10-31,2017-09-30,0.67,0.65,0.02,3.0769,False
2001-01-31,PG,1,Alpha Vantage EARNINGS,2001-01-30,2000-12-31,0.47,0.46,0.01,2.1739,True
2001-05-01,PG,1,Alpha Vantage EARNINGS,2001-05-01,2001-03-31,0.36,0.35,0.01,2.8571,False
2001-08-07,PG,1,Alpha Vantage EARNINGS,2001-08-07,2001-06-30,0.3,0.3,0.0,0.0,False
2001-10-31,PG,1,Alpha Vantage EARNINGS,2001-10-30,2001-09-30,0.48,0.47,0.01,2.1277,True
2002-02-01,PG,1,Alpha Vantage EARNINGS,2002-01-31,2001-12-31,0.52,0.51,0.01,1.9608,True
2002-04-30,PG,1,Alpha Vantage EARNINGS,2002-04-30,2002-03-31,0.42,0.41,0.01,2.439,False
2002-08-05,PG,1,Alpha Vantage EARNINGS,2002-08-05,2002-06-30,0.39,0.37,0.02,5.4054,False
2002-10-30,PG,1,Alpha Vantage EARNINGS,2002-10-29,2002-09-30,0.56,0.55,0.01,1.8182,True
2003-01-28,PG,1,Alpha Vantage EARNINGS,2003-01-28,2002-12-31,0.56,0.56,0.0,0.0,False
2003-04-28,PG,1,Alpha Vantage EARNINGS,2003-04-28,2003-03-31,0.48,0.48,0.0,0.0,False
2003-07-31,PG,1,Alpha Vantage EARNINGS,2003-07-31,2003-06-30,0.44,0.43,0.01,2.3256,False
2003-10-27,PG,1,Alpha Vantage EARNINGS,2003-10-27,2003-09-30,0.63,0.63,0.0,0.0,False
2004-01-28,PG,1,Alpha Vantage EARNINGS,2004-01-28,2003-12-31,0.65,0.64,0.01,1.5625,False
2004-04-30,PG,1,Alpha Vantage EARNINGS,2004-04-30,2004-03-31,0.55,0.54,0.01,1.8519,False
2004-08-02,PG,1,Alpha Vantage EARNINGS,2004-08-02,2004-06-30,0.5,0.49,0.01,2.0408,False
2004-10-27,PG,1,Alpha Vantage EARNINGS,2004-10-27,2004-09-30,0.73,0.72,0.01,1.3889,False
2005-01-27,PG,1,Alpha Vantage EARNINGS,2005-01-27,2004-12-31,0.74,0.72,0.02,2.7778,False
2005-04-28,PG,1,Alpha Vantage EARNINGS,2005-04-28,2005-03-31,0.63,0.61,0.02,3.2787,False
2005-08-01,PG,1,Alpha Vantage EARNINGS,2005-08-01,2005-06-30,0.56,0.55,0.01,1.8182,False
2005-11-01,PG,1,Alpha Vantage EARNINGS,2005-11-01,2005-09-30,0.77,0.76,0.01,1.3158,False
2006-01-27,PG,1,Alpha Vantage EARNINGS,2006-01-27,2005-12-31,0.72,0.69,0.03,4.3478,False
2006-05-03,PG,1,Alpha Vantage EARNINGS,2006-05-03,2006-03-31,0.62,0.61,0.01,1.6393,False
2006-08-02,PG,1,Alpha Vantage EARNINGS,2006-08-02,2006-06-30,0.55,0.54,0.01,1.8519,False
2006-10-31,PG,1,Alpha Vantage EARNINGS,2006-10-31,2006-09-30,0.79,0.78,0.01,1.2821,False
2007-01-30,PG,1,Alpha Vantage EARNINGS,2007-01-30,2006-12-31,0.84,0.84,0.0,0.0,False
2007-05-01,PG,1,Alpha Vantage EARNINGS,2007-05-01,2007-03-31,0.74,0.74,0.0,0.0,False
2007-08-03,PG,1,Alpha Vantage EARNINGS,2007-08-03,2007-06-30,0.67,0.66,0.01,1.5152,False
2007-10-30,PG,1,Alpha Vantage EARNINGS,2007-10-30,2007-09-30,0.9,0.9,0.0,0.0,False
2008-01-31,PG,1,Alpha Vantage EARNINGS,2008-01-31,2007-12-31,0.98,0.97,0.01,1.0309,False
2008-04-30,PG,1,Alpha Vantage EARNINGS,2008-04-30,2008-03-31,0.82,0.81,0.01,1.2346,False
2008-08-05,PG,1,Alpha Vantage EARNINGS,2008-08-05,2008-06-30,0.8,0.78,0.02,2.5641,False
2008-10-29,PG,1,Alpha Vantage EARNINGS,2008-10-29,2008-09-30,1.03,1.03,0.0,0.0,False
2009-01-30,PG,1,Alpha Vantage EARNINGS,2009-01-30,2008-12-31,0.94,0.99,-0.05,-5.0505,False
2009-04-30,PG,1,Alpha Vantage EARNINGS,2009-04-30,2009-03-31,0.84,0.8,0.04,5.0,False
2009-08-05,PG,1,Alpha Vantage EARNINGS,2009-08-05,2009-06-30,0.8,0.78,0.02,2.5641,False
2009-10-29,PG,1,Alpha Vantage EARNINGS,2009-10-29,2009-09-30,0.97,0.99,-0.02,-2.0202,False
2010-01-28,PG,1,Alpha Vantage EARNINGS,2010-01-28,2009-12-31,1.49,1.43,0.06,4.1958,False
2010-04-29,PG,1,Alpha Vantage EARNINGS,2010-04-29,2010-03-31,0.89,0.82,0.07,8.5366,False
2010-08-03,PG,1,Alpha Vantage EARNINGS,2010-08-03,2010-06-30,0.71,0.73,-0.02,-2.7397,False
2010-10-27,PG,1,Alpha Vantage EARNINGS,2010-10-27,2010-09-30,1.02,1.0,0.02,2.0,False
2011-01-27,PG,1,Alpha Vantage EARNINGS,2011-01-27,2010-12-31,1.13,1.1,0.03,2.7273,False
2011-04-28,PG,1,Alpha Vantage EARNINGS,2011-04-28,2011-03-31,0.96,0.97,-0.01,-1.0309,False
2011-08-05,PG,1,Alpha Vantage EARNINGS,2011-08-05,2011-06-30,0.84,0.82,0.02,2.439,False
2011-10-27,PG,1,Alpha Vantage EARNINGS,2011-10-27,2011-09-30,1.03,1.03,0.0,0.0,False
2012-01-27,PG,1,Alpha Vantage EARNINGS,2012-01-27,2011-12-31,1.1,1.08,0.02,1.8519,False
2012-04-27,PG,1,Alpha Vantage EARNINGS,2012-04-27,2012-03-31,0.94,0.93,0.01,1.0753,False
2012-08-03,PG,1,Alpha Vantage EARNINGS,2012-08-03,2012-06-30,0.82,0.77,0.05,6.4935,False
2012-10-25,PG,1,Alpha Vantage EARNINGS,2012-10-25,2012-09-30,1.06,0.96,0.1,10.4167,False
2013-01-25,PG,1,Alpha Vantage EARNINGS,2013-01-25,2012-12-31,1.22,1.11,0.11,9.9099,False
2013-04-24,PG,1,Alpha Vantage EARNINGS,2013-04-24,2013-03-31,0.99,0.96,0.03,3.125,False
2013-08-01,PG,1,Alpha Vantage EARNINGS,2013-08-01,2013-06-30,0.79,0.77,0.02,2.5974,False
2013-10-25,PG,1,Alpha Vantage EARNINGS,2013-10-25,2013-09-30,1.05,1.05,0.0,0.0,False
2014-01-24,PG,1,Alpha Vantage EARNINGS,2014-01-24,2013-12-31,1.21,1.2,0.01,0.8333,False
2014-04-23,PG,1,Alpha Vantage EARNINGS,2014-04-23,2014-03-31,1.04,1.02,0.02,1.9608,False
2014-08-01,PG,1,Alpha Vantage EARNINGS,2014-08-01,2014-06-30,0.95,0.91,0.04,4.3956,False
2014-10-24,PG,1,Alpha Vantage EARNINGS,2014-10-24,2014-09-30,1.07,1.07,0.0,0.0,False
2015-01-27,PG,1,Alpha Vantage EARNINGS,2015-01-27,2014-12-31,1.06,1.13,-0.07,-6.1947,False
2015-04-23,PG,1,Alpha Vantage EARNINGS,2015-04-23,2015-03-31,0.92,0.92,0.0,0.0,False
2015-07-30,PG,1,Alpha Vantage EARNINGS,2015-07-30,2015-06-30,1.0,0.95,0.05,5.2632,False
2015-10-23,PG,1,Alpha Vantage EARNINGS,2015-10-23,2015-09-30,0.98,0.94,0.04,4.2553,False
2016-01-26,PG,1,Alpha Vantage EARNINGS,2016-01-26,2015-12-31,1.04,0.97,0.07,7.2165,False
2016-04-26,PG,1,Alpha Vantage EARNINGS,2016-04-26,2016-03-31,0.86,0.82,0.04,4.878,False
2016-08-02,PG,1,Alpha Vantage EARNINGS,2016-08-02,2016-06-30,0.79,0.74,0.05,6.7568,False
2016-10-25,PG,1,Alpha Vantage EARNINGS,2016-10-25,2016-09-30,1.03,0.98,0.05,5.102,False
2017-01-20,PG,1,Alpha Vantage EARNINGS,2017-01-20,2016-12-31,1.08,1.06,0.02,1.8868,False
2017-04-26,PG,1,Alpha Vantage EARNINGS,2017-04-26,2017-03-31,0.96,0.94,0.02,2.1277,False
2017-07-27,PG,1,Alpha Vantage EARNINGS,2017-07-27,2017-06-30,0.85,0.78,0.07,8.9744,False
2017-10-20,PG,1,Alpha Vantage EARNINGS,2017-10-20,2017-09-30,1.09,1.08,0.01,0.9259,False
2001-02-05,UNH,1,Alpha Vantage EARNINGS,2001-02-02,2000-12-31,0.14,0.14,0.0,0.0,True
2001-04-27,UNH,1,Alpha Vantage EARNINGS,2001-04-27,2001-03-31,0.16,0.15,0.01,6.6667,False
2001-07-27,UNH,1,Alpha Vantage EARNINGS,2001-07-27,2001-06-30,0.17,0.16,0.01,6.25,False
2001-10-26,UNH,1,Alpha Vantage EARNINGS,2001-10-26,2001-09-30,0.18,0.18,0.0,0.0,False
2002-01-25,UNH,1,Alpha Vantage EARNINGS,2002-01-24,2001-12-31,0.19,0.18,0.01,5.5556,True
2002-04-19,UNH,1,Alpha Vantage EARNINGS,2002-04-18,2002-03-31,0.23,0.21,0.02,9.5238,True
2002-07-18,UNH,1,Alpha Vantage EARNINGS,2002-07-18,2002-06-30,0.25,0.24,0.01,4.1667,False
2002-10-17,UNH,1,Alpha Vantage EARNINGS,2002-10-17,2002-09-30,0.28,0.26,0.02,7.6923,False
2003-01-23,UNH,1,Alpha Vantage EARNINGS,2003-01-23,2002-12-31,0.3,0.29,0.01,3.4483,False
2003-04-16,UNH,1,Alpha Vantage EARNINGS,2003-04-16,2003-03-31,0.32,0.31,0.01,3.2258,False
2003-07-17,UNH,1,Alpha Vantage EARNINGS,2003-07-17,2003-06-30,0.36,0.33,0.03,9.0909,False
2003-10-17,UNH,1,Alpha Vantage EARNINGS,2003-10-16,2003-09-30,0.39,0.37,0.02,5.4054,True
2004-01-22,UNH,1,Alpha Vantage EARNINGS,2004-01-22,2003-12-31,0.42,0.39,0.03,7.6923,False
2004-04-15,UNH,1,Alpha Vantage EARNINGS,2004-04-15,2004-03-31,0.44,0.43,0.01,2.3256,False
2004-07-15,UNH,1,Alpha Vantage EARNINGS,2004-07-15,2004-06-30,0.47,0.46,0.01,2.1739,False
2004-10-14,UNH,1,Alpha Vantage EARNINGS,2004-10-14,2004-09-30,0.52,0.5,0.02,4.0,False
2005-01-21,UNH,1,Alpha Vantage EARNINGS,2005-01-20,2004-12-31,0.55,0.54,0.01,1.8519,True
2005-04-14,UNH,1,Alpha Vantage EARNINGS,2005-04-14,2005-03-31,0.58,0.56,0.02,3.5714,False
2005-07-14,UNH,1,Alpha Vantage EARNINGS,2005-07-14,2005-06-30,0.61,0.75,-0.14,-18.6667,False
2005-10-14,UNH,1,Alpha Vantage EARNINGS,2005-10-14,2005-09-30,0.64,0.67,-0.03,-4.4776,False
2006-01-19,UNH,1,Alpha Vantage EARNINGS,2006-01-19,2005-12-31,0.65,0.64,0.01,1.5625,False
2006-04-18,UNH,1,Alpha Vantage EARNINGS,2006-04-18,2006-03-31,0.68,0.65,0.03,4.6154,False
2006-07-19,UNH,1,Alpha Vantage EARNINGS,2006-07-19,2006-06-30,0.7,0.68,0.02,2.9412,False
2006-10-19,UNH,1,Alpha Vantage EARNINGS,2006-10-19,2006-09-30,0.8,0.76,0.04,5.2632,False
2007-01-18,UNH,1,Alpha Vantage EARNINGS,2007-01-18,2006-12-31,0.86,0.85,0.01,1.1765,False
2007-04-19,UNH,1,Alpha Vantage EARNINGS,2007-04-19,2007-03-31,0.74,0.71,0.03,4.2254,False
2007-07-19,UNH,1,Alpha Vantage EARNINGS,2007-07-19,2007-06-30,0.87,0.81,0.06,7.4074,False
2007-10-18,UNH,1,Alpha Vantage EARNINGS,2007-10-18,2007-09-30,0.95,0.92,0.03,3.2609,False
2008-01-22,UNH,1,Alpha Vantage EARNINGS,2008-01-22,2007-12-31,0.92,0.92,0.0,0.0,False
2008-04-22,UNH,1,Alpha Vantage EARNINGS,2008-04-22,2008-03-31,0.78,0.8,-0.02,-2.5,False
2008-07-22,UNH,1,Alpha Vantage EARNINGS,2008-07-22,2008-06-30,0.67,0.65,0.02,3.0769,False
2008-10-16,UNH,1,Alpha Vantage EARNINGS,2008-10-16,2008-09-30,0.73,0.73,0.0,0.0,False
2009-01-22,UNH,1,Alpha Vantage EARNINGS,2009-01-22,2008-12-31,0.78,0.78,0.0,0.0,False
2009-04-21,UNH,1,Alpha Vantage EARNINGS,2009-04-21,2009-03-31,0.81,0.67,0.14,20.8955,False
2009-07-21,UNH,1,Alpha Vantage EARNINGS,2009-07-21,2009-06-30,0.73,0.7,0.03,4.2857,False
2009-10-20,UNH,1,Alpha Vantage EARNINGS,2009-10-20,2009-09-30,0.89,0.76,0.13,17.1053,False
2010-01-21,UNH,1,Alpha Vantage EARNINGS,2010-01-21,2009-12-31,0.81,0.73,0.08,10.9589,False
2010-04-20,UNH,1,Alpha Vantage EARNINGS,2010-04-20,2010-03-31,1.03,0.69,0.34,49.2754,False
2010-07-20,UNH,1,Alpha Vantage EARNINGS,2010-07-20,2010-06-30,0.99,0.75,0.24,32.0,False
2010-10-19,UNH,1,Alpha Vantage EARNINGS,2010-10-19,2010-09-30,1.14,0.83,0.31,37.3494,False
2011-01-20,UNH,1,Alpha Vantage EARNINGS,2011-01-20,2010-12-31,1.05,0.84,0.21,25.0,False
2011-04-21,UNH,1,Alpha Vantage EARNINGS,2011-04-21,2011-03-31,1.22,0.89,0.33,37.0787,False
2011-07-19,UNH,1,Alpha Vantage EARNINGS,2011-07-19,2011-06-30,1.16,1.01,0.15,14.8515,False
2011-10-18,UNH,1,Alpha Vantage EARNINGS,2011-10-18,2011-09-30,1.17,1.12,0.05,4.4643,False
2012-01-19,UNH,1,Alpha Vantage EARNINGS,2012-01-19,2011-12-31,1.17,1.04,0.13,12.5,False
2012-04-19,UNH,1,Alpha Vantage EARNINGS,2012-04-19,2012-03-31,1.31,1.18,0.13,11.0169,False
2012-07-19,UNH,1,Alpha Vantage EARNINGS,2012-07-19,2012-06-30,1.27,1.19,0.08,6.7227,False
2012-10-16,UNH,1,Alpha Vantage EARNINGS,2012-10-16,2012-09-30,1.5,1.36,0.14,10.2941,False
2013-01-17,UNH,1,Alpha Vantage EARNINGS,2013-01-17,2012-12-31,1.2,1.19,0.01,0.8403,False
2013-04-18,UNH,1,Alpha Vantage EARNINGS,2013-04-18,2013-03-31,1.16,1.15,0.01,0.8696,False
2013-07-18,UNH,1,Alpha Vantage EARNINGS,2013-07-18,2013-06-30,1.4,1.25,0.15,12.0,False
2013-10-17,UNH,1,Alpha Vantage EARNINGS,2013-10-17,2013-09-30,1.53,1.53,0.0,0.0,False
2014-01-16,UNH,1,Alpha Vantage EARNINGS,2014-01-16,2013-12-31,1.41,1.4,0.01,0.7143,False
2014-04-17,UNH,1,Alpha Vantage EARNINGS,2014-04-17,2014-03-31,1.1,1.08,0.02,1.8519,False
2014-07-17,UNH,1,Alpha Vantage EARNINGS,2014-07-17,2014-06-30,1.42,1.26,0.16,12.6984,False
2014-10-16,UNH,1,Alpha Vantage EARNINGS,2014-10-16,2014-09-30,1.63,1.52,0.11,7.2368,False
2015-01-21,UNH,1,Alpha Vantage EARNINGS,2015-01-21,2014-12-31,1.55,1.5,0.05,3.3333,False
2015-04-16,UNH,1,Alpha Vantage EARNINGS,2015-04-16,2015-03-31,1.46,1.34,0.12,8.9552,False
2015-07-16,UNH,1,Alpha Vantage EARNINGS,2015-07-16,2015-06-30,1.64,1.58,0.06,3.7975,False
2015-10-15,UNH,1,Alpha Vantage EARNINGS,2015-10-15,2015-09-30,1.65,1.64,0.01,0.6098,False
2016-01-19,UNH,1,Alpha Vantage EARNINGS,2016-01-19,2015-12-31,1.4,1.37,0.03,2.1898,False
2016-04-19,UNH,1,Alpha Vantage EARNINGS,2016-04-19,2016-03-31,1.81,1.72,0.09,5.2326,False
2016-07-19,UNH,1,Alpha Vantage EARNINGS,2016-07-19,2016-06-30,1.96,1.89,0.07,3.7037,False
2016-10-18,UNH,1,Alpha Vantage EARNINGS,2016-10-18,2016-09-30,2.17,2.08,0.09,4.3269,False
2017-01-17,UNH,1,Alpha Vantage EARNINGS,2017-01-17,2016-12-31,2.11,2.07,0.04,1.9324,False
2017-04-18,UNH,1,Alpha Vantage EARNINGS,2017-04-18,2017-03-31,2.37,2.17,0.2,9.2166,False
2017-07-18,UNH,1,Alpha Vantage EARNINGS,2017-07-18,2017-06-30,2.46,2.38,0.08,3.3613,False
2017-10-17,UNH,1,Alpha Vantage EARNINGS,2017-10-17,2017-09-30,2.66,2.57,0.09,3.5019,False
2001-02-01,VZ,1,Alpha Vantage EARNINGS,2001-02-01,2000-12-31,0.77,0.77,0.0,0.0,False
2001-04-24,VZ,1,Alpha Vantage EARNINGS,2001-04-24,2001-03-31,0.72,0.71,0.01,1.4085,False
2001-07-31,VZ,1,Alpha Vantage EARNINGS,2001-07-31,2001-06-30,0.77,0.77,0.0,0.0,False
2001-10-30,VZ,1,Alpha Vantage EARNINGS,2001-10-30,2001-09-30,0.75,0.77,-0.02,-2.5974,False
2002-02-01,VZ,1,Alpha Vantage EARNINGS,2002-01-31,2001-12-31,0.77,0.77,0.0,0.0,True
2002-04-24,VZ,1,Alpha Vantage EARNINGS,2002-04-23,2002-03-31,0.72,0.72,0.0,0.0,True
2002-07-31,VZ,1,Alpha Vantage EARNINGS,2002-07-31,2002-06-30,0.77,0.77,0.0,0.0,False
2002-10-25,VZ,1,Alpha Vantage EARNINGS,2002-10-25,2002-09-30,0.77,0.77,0.0,0.0,False
2003-01-29,VZ,1,Alpha Vantage EARNINGS,2003-01-29,2002-12-31,0.79,0.79,0.0,0.0,False
2003-04-22,VZ,1,Alpha Vantage EARNINGS,2003-04-22,2003-03-31,0.63,0.63,0.0,0.0,False
2003-07-29,VZ,1,Alpha Vantage EARNINGS,2003-07-29,2003-06-30,0.69,0.68,0.01,1.4706,False
2003-10-28,VZ,1,Alpha Vantage EARNINGS,2003-10-28,2003-09-30,0.67,0.62,0.05,8.0645,False
2004-01-29,VZ,1,Alpha Vantage EARNINGS,2004-01-29,2003-12-31,0.58,0.56,0.02,3.5714,False
2004-04-27,VZ,1,Alpha Vantage EARNINGS,2004-04-27,2004-03-31,0.58,0.57,0.01,1.7544,False
2004-07-27,VZ,1,Alpha Vantage EARNINGS,2004-07-27,2004-06-30,0.64,0.6,0.04,6.6667,False
2004-10-28,VZ,1,Alpha Vantage EARNINGS,2004-10-28,2004-09-30,0.65,0.64,0.01,1.5625,False
2005-01-27,VZ,1,Alpha Vantage EARNINGS,2005-01-27,2004-12-31,0.64,0.63,0.01,1.5873,False
2005-04-27,VZ,1,Alpha Vantage EARNINGS,2005-04-27,2005-03-31,0.63,0.6,0.03,5.0,False
2005-07-26,VZ,1,Alpha Vantage EARNINGS,2005-07-26,2005-06-30,0.63,0.64,-0.01,-1.5625,False
2005-10-27,VZ,1,Alpha Vantage EARNINGS,2005-10-27,2005-09-30,0.66,0.64,0.02,3.125,False
2006-01-26,VZ,1,Alpha Vantage EARNINGS,2006-01-26,2005-12-31,0.64,0.64,0.0,0.0,False
2006-05-02,VZ,1,Alpha Vantage EARNINGS,2006-05-02,2006-03-31,0.6,0.59,0.01,1.6949,False
2006-08-01,VZ,1,Alpha Vantage EARNINGS,2006-08-01,2006-06-30,0.64,0.62,0.02,3.2258,False
2006-10-30,VZ,1,Alpha Vantage EARNINGS,2006-10-30,2006-09-30,0.68,0.66,0.02,3.0303,False
2007-01-29,VZ,1,Alpha Vantage EARNINGS,2007-01-29,2006-12-31,0.62,0.62,0.0,0.0,False
2007-04-30,VZ,1,Alpha Vantage EARNINGS,2007-04-30,2007-03-31,0.54,0.54,0.0,0.0,False
2007-07-30,VZ,1,Alpha Vantage EARNINGS,2007-07-30,2007-06-30,0.58,0.58,0.0,0.0,False
2007-10-29,VZ,1,Alpha Vantage EARNINGS,2007-10-29,2007-09-30,0.63,0.62,0.01,1.6129,False
2008-01-28,VZ,1,Alpha Vantage EARNINGS,2008-01-28,2007-12-31,0.62,0.62,0.0,0.0,False
2008-04-28,VZ,1,Alpha Vantage EARNINGS,2008-04-28,2008-03-31,0.61,0.61,0.0,0.0,False
2008-07-28,VZ,1,Alpha Vantage EARNINGS,2008-07-28,2008-06-30,0.67,0.64,0.03,4.6875,False
2008-10-27,VZ,1,Alpha Vantage EARNINGS,2008-10-27,2008-09-30,0.66,0.65,0.01,1.5385,False
2009-01-27,VZ,1,Alpha Vantage EARNINGS,2009-01-27,2008-12-31,0.61,0.62,-0.01,-1.6129,False
2009-04-27,VZ,1,Alpha Vantage EARNINGS,2009-04-27,2009-03-31,0.63,0.59,0.04,6.7797,False
2009-07-27,VZ,1,Alpha Vantage EARNINGS,2009-07-27,2009-06-30,0.63,0.63,0.0,0.0,False
2009-10-26,VZ,1,Alpha Vantage EARNINGS,2009-10-26,2009-09-30,0.6,0.59,0.01,1.6949,False
2010-01-26,VZ,1,Alpha Vantage EARNINGS,2010-01-26,2009-12-31,0.54,0.54,0.0,0.0,False
2010-04-22,VZ,1,Alpha Vantage EARNINGS,2010-04-22,2010-03-31,0.56,0.56,0.0,0.0,False
2010-07-23,VZ,1,Alpha Vantage EARNINGS,2010-07-23,2010-06-30,0.58,0.56,0.02,3.5714,False
2010-10-22,VZ,1,Alpha Vantage EARNINGS,2010-10-22,2010-09-30,0.56,0.54,0.02,3.7037,False
2011-01-25,VZ,1,Alpha Vantage EARNINGS,2011-01-25,2010-12-31,0.54,0.55,-0.01,-1.8182,False
2011-04-21,VZ,1,Alpha Vantage EARNINGS,2011-04-21,2011-03-31,0.51,0.5,0.01,2.0,False
2011-07-22,VZ,1,Alpha Vantage EARNINGS,2011-07-22,2011-06-30,0.57,0.55,0.02,3.6364,False
2011-10-21,VZ,1,Alpha Vantage EARNINGS,2011-10-21,2011-09-30,0.56,0.56,0.0,0.0,False
2012-01-24,VZ,1,Alpha Vantage EARNINGS,2012-01-24,2011-12-31,0.52,0.53,-0.01,-1.8868,False
2012-04-19,VZ,1,Alpha Vantage EARNINGS,2012-04-19,2012-03-31,0.59,0.57,0.02,3.5088,False
2012-07-19,VZ,1,Alpha Vantage EARNINGS,2012-07-19,2012-06-30,0.64,0.64,0.0,0.0,False
2012-10-18,VZ,1,Alpha Vantage EARNINGS,2012-10-18,2012-09-30,0.64,0.64,0.0,0.0,False
2013-01-22,VZ,1,Alpha Vantage EARNINGS,2013-01-22,2012-12-31,0.38,0.5,-0.12,-24.0,False
2013-04-18,VZ,1,Alpha Vantage EARNINGS,2013-04-18,2013-03-31,0.68,0.66,0.02,3.0303,False
2013-07-18,VZ,1,Alpha Vantage EARNINGS,2013-07-18,2013-06-30,0.73,0.73,0.0,0.0,False
2013-10-17,VZ,1,Alpha Vantage EARNINGS,2013-10-17,2013-09-30,0.77,0.74,0.03,4.0541,False
2014-01-21,VZ,1,Alpha Vantage EARNINGS,2014-01-21,2013-12-31,0.66,0.62,0.04,6.4516,False
2014-04-24,VZ,1,Alpha Vantage EARNINGS,2014-04-24,2014-03-31,0.84,0.86,-0.02,-2.3256,False
2014-07-22,VZ,1,Alpha Vantage EARNINGS,2014-07-22,2014-06-30,0.91,0.9,0.01,1.1111,False
2014-10-21,VZ,1,Alpha Vantage EARNINGS,2014-10-21,2014-09-30,0.89,0.91,-0.02,-2.1978,False
2015-01-22,VZ,1,Alpha Vantage EARNINGS,2015-01-22,2014-12-31,0.71,0.71,0.0,0.0,False
2015-04-21,VZ,1,Alpha Vantage EARNINGS,2015-04-21,2015-03-31,1.02,0.95,0.07,7.3684,False
2015-07-21,VZ,1,Alpha Vantage EARNINGS,2015-07-21,2015-06-30,1.04,1.01,0.03,2.9703,False
2015-10-20,VZ,1,Alpha Vantage EARNINGS,2015-10-20,2015-09-30,1.04,1.02,0.02,1.9608,False
2016-01-21,VZ,1,Alpha Vantage EARNINGS,2016-01-21,2015-12-31,0.89,0.88,0.01,1.1364,False
2016-04-21,VZ,1,Alpha Vantage EARNINGS,2016-04-21,2016-03-31,1.06,1.06,0.0,0.0,False
2016-07-26,VZ,1,Alpha Vantage EARNINGS,2016-07-26,2016-06-30,0.94,0.93,0.01,1.0753,False
2016-10-20,VZ,1,Alpha Vantage EARNINGS,2016-10-20,2016-09-30,1.01,0.99,0.02,2.0202,False
2017-01-24,VZ,1,Alpha Vantage EARNINGS,2017-01-24,2016-12-31,0.86,0.89,-0.03,-3.3708,False
2017-04-20,VZ,1,Alpha Vantage EARNINGS,2017-04-20,2017-03-31,0.95,0.96,-0.01,-1.0417,False
2017-07-27,VZ,1,Alpha Vantage EARNINGS,2017-07-27,2017-06-30,0.96,0.96,0.0,0.0,False
2017-10-19,VZ,1,Alpha Vantage EARNINGS,2017-10-19,2017-09-30,0.98,0.97,0.01,1.0309,False
2001-03-15,WMT,1,Alpha Vantage EARNINGS,2001-03-15,2001-01-31,0.45,0.45,0.0,0.0,False
2001-06-15,WMT,1,Alpha Vantage EARNINGS,2001-06-15,2001-04-30,0.31,0.31,0.0,0.0,False
2001-09-18,WMT,1,Alpha Vantage EARNINGS,2001-09-14,2001-07-31,0.37,0.37,0.0,0.0,True
2001-11-13,WMT,1,Alpha Vantage EARNINGS,2001-11-13,2001-10-31,0.33,0.33,0.0,0.0,False
2002-02-19,WMT,1,Alpha Vantage EARNINGS,2002-02-19,2002-01-31,0.15,0.15,0.0,0.0,False
2002-05-14,WMT,1,Alpha Vantage EARNINGS,2002-05-14,2002-04-30,0.12,0.12,0.0,0.0,False
2002-08-13,WMT,1,Alpha Vantage EARNINGS,2002-08-13,2002-07-31,0.15,0.15,0.0,0.0,False
2002-11-13,WMT,1,Alpha Vantage EARNINGS,2002-11-13,2002-10-31,0.14,0.13,0.01,7.6923,False
2003-02-18,WMT,1,Alpha Vantage EARNINGS,2003-02-18,2003-01-31,0.19,0.19,0.0,0.0,False
2003-05-13,WMT,1,Alpha Vantage EARNINGS,2003-05-13,2003-04-30,0.14,0.14,0.0,0.0,False
2003-08-13,WMT,1,Alpha Vantage EARNINGS,2003-08-13,2003-07-31,0.17,0.17,0.0,0.0,False
2003-11-13,WMT,1,Alpha Vantage EARNINGS,2003-11-13,2003-10-31,0.15,0.16,-0.01,-6.25,False
2004-02-19,WMT,1,Alpha Vantage EARNINGS,2004-02-19,2004-01-31,0.21,0.21,0.0,0.0,False
2004-05-13,WMT,1,Alpha Vantage EARNINGS,2004-05-13,2004-04-30,0.17,0.16,0.01,6.25,False
2004-08-12,WMT,1,Alpha Vantage EARNINGS,2004-08-12,2004-07-31,0.21,0.2,0.01,5.0,False
2004-11-16,WMT,1,Alpha Vantage EARNINGS,2004-11-16,2004-10-31,0.18,0.18,0.0,0.0,False
2005-02-17,WMT,1,Alpha Vantage EARNINGS,2005-02-17,2005-01-31,0.25,0.25,0.0,0.0,False
2005-05-12,WMT,1,Alpha Vantage EARNINGS,2005-05-12,2005-04-30,0.18,0.19,-0.01,-5.2632,False
2005-08-16,WMT,1,Alpha Vantage EARNINGS,2005-08-16,2005-07-31,0.22,0.22,0.0,0.0,False
2005-11-14,WMT,1,Alpha Vantage EARNINGS,2005-11-14,2005-10-31,0.2,0.19,0.01,5.2632,False
2006-02-21,WMT,1,Alpha Vantage EARNINGS,2006-02-21,2006-01-31,0.28,0.28,0.0,0.0,False
2006-05-16,WMT,1,Alpha Vantage EARNINGS,2006-05-16,2006-04-30,0.21,0.2,0.01,5.0,False
2006-08-15,WMT,1,Alpha Vantage EARNINGS,2006-08-15,2006-07-31,0.24,0.24,0.0,0.0,False
2006-11-14,WMT,1,Alpha Vantage EARNINGS,2006-11-14,2006-10-31,0.2,0.2,0.0,0.0,False
2007-02-20,WMT,1,Alpha Vantage EARNINGS,2007-02-20,2007-01-31,0.31,0.3,0.01,3.3333,False
2007-05-15,WMT,1,Alpha Vantage EARNINGS,2007-05-15,2007-04-30,0.23,0.23,0.0,0.0,False
2007-08-14,WMT,1,Alpha Vantage EARNINGS,2007-08-14,2007-07-31,0.24,0.25,-0.01,-4.0,False
2007-11-13,WMT,1,Alpha Vantage EARNINGS,2007-11-13,2007-10-31,0.23,0.22,0.01,4.5455,False
2008-02-19,WMT,1,Alpha Vantage EARNINGS,2008-02-19,2008-01-31,0.35,0.34,0.01,2.9412,False
2008-05-13,WMT,1,Alpha Vantage EARNINGS,2008-05-13,2008-04-30,0.25,0.25,0.0,0.0,False
2008-08-14,WMT,1,Alpha Vantage EARNINGS,2008-08-14,2008-07-31,0.29,0.28,0.01,3.5714,False
2008-11-13,WMT,1,Alpha Vantage EARNINGS,2008-11-13,2008-10-31,0.26,0.25,0.01,4.0,False
2009-02-17,WMT,1,Alpha Vantage EARNINGS,2009-02-17,2009-01-31,0.34,0.32,0.02,6.25,False
2009-05-14,WMT,1,Alpha Vantage EARNINGS,2009-05-14,2009-04-30,0.26,0.26,0.0,0.0,False
2009-08-13,WMT,1,Alpha Vantage EARNINGS,2009-08-13,2009-07-31,0.29,0.28,0.01,3.5714,False
2009-11-12,WMT,1,Alpha Vantage EARNINGS,2009-11-12,2009-10-31,0.28,0.27,0.01,3.7037,False
2010-02-18,WMT,1,Alpha Vantage EARNINGS,2010-02-18,2010-01-31,0.39,0.37,0.02,5.4054,False
2010-05-18,WMT,1,Alpha Vantage EARNINGS,2010-05-18,2010-04-30,0.29,0.29,0.0,0.0,False
2010-08-17,WMT,1,Alpha Vantage EARNINGS,2010-08-17,2010-07-31,0.32,0.32,0.0,0.0,False
2010-11-16,WMT,1,Alpha Vantage EARNINGS,2010-11-16,2010-10-31,0.3,0.3,0.0,0.0,False
2011-02-22,WMT,1,Alpha Vantage EARNINGS,2011-02-22,2011-01-31,0.45,0.44,0.01,2.2727,False
2011-05-17,WMT,1,Alpha Vantage EARNINGS,2011-05-17,2011-04-30,0.33,0.32,0.01,3.125,False
2011-08-16,WMT,1,Alpha Vantage EARNINGS,2011-08-16,2011-07-31,0.36,0.36,0.0,0.0,False
2011-11-15,WMT,1,Alpha Vantage EARNINGS,2011-11-15,2011-10-31,0.32,0.33,-0.01,-3.0303,False
2012-02-21,WMT,1,Alpha Vantage EARNINGS,2012-02-21,2012-01-31,0.48,0.49,-0.01,-2.0408,False
2012-05-17,WMT,1,Alpha Vantage EARNINGS,2012-05-17,2012-04-30,0.36,0.35,0.01,2.8571,False
2012-08-16,WMT,1,Alpha Vantage EARNINGS,2012-08-16,2012-07-31,0.39,0.39,0.0,0.0,False
2012-11-15,WMT,1,Alpha Vantage EARNINGS,2012-11-15,2012-10-31,0.36,0.36,0.0,0.0,False
2013-02-21,WMT,1,Alpha Vantage EARNINGS,2013-02-21,2013-01-31,0.56,0.52,0.04,7.6923,False
2013-05-16,WMT,1,Alpha Vantage EARNINGS,2013-05-16,2013-04-30,0.38,0.38,0.0,0.0,False
2013-08-15,WMT,1,Alpha Vantage EARNINGS,2013-08-15,2013-07-31,1.24,1.17,0.07,5.9829,False
2013-11-14,WMT,1,Alpha Vantage EARNINGS,2013-11-14,2013-10-31,1.14,1.07,0.07,6.5421,False
2014-02-20,WMT,1,Alpha Vantage EARNINGS,2014-02-20,2014-01-31,1.6,1.59,0.01,0.6289,False
2014-05-15,WMT,1,Alpha Vantage EARNINGS,2014-05-15,2014-04-30,1.1,1.15,-0.05,-4.3478,False
2014-08-14,WMT,1,Alpha Vantage EARNINGS,2014-08-14,2014-07-31,1.21,1.25,-0.04,-3.2,False
2014-11-13,WMT,1,Alpha Vantage EARNINGS,2014-11-13,2014-10-31,1.15,1.13,0.02,1.7699,False
2015-04-01,WMT,1,Alpha Vantage EARNINGS,2015-04-01,2015-01-31,1.58,1.53,0.05,3.268,False
2015-05-19,WMT,1,Alpha Vantage EARNINGS,2015-05-19,2015-04-30,1.03,1.15,-0.12,-10.4348,False
2015-08-18,WMT,1,Alpha Vantage EARNINGS,2015-08-18,2015-07-31,0.99,1.21,-0.22,-18.1818,False
2015-11-17,WMT,1,Alpha Vantage EARNINGS,2015-11-17,2015-10-31,0.99,1.12,-0.13,-11.6071,False
2016-03-30,WMT,1,Alpha Vantage EARNINGS,2016-03-30,2016-01-31,1.49,1.46,0.03,2.0548,False
2016-05-19,WMT,1,Alpha Vantage EARNINGS,2016-05-19,2016-04-30,0.98,1.04,-0.06,-5.7692,False
2016-08-18,WMT,1,Alpha Vantage EARNINGS,2016-08-18,2016-07-31,0.98,1.12,-0.14,-12.5,False
2016-11-17,WMT,1,Alpha Vantage EARNINGS,2016-11-17,2016-10-31,0.3267,0.98,-0.6533,-66.6633,False
2017-03-31,WMT,1,Alpha Vantage EARNINGS,2017-03-31,2017-01-31,0.4333,1.29,-0.8567,-66.4109,False
2017-05-18,WMT,1,Alpha Vantage EARNINGS,2017-05-18,2017-04-30,0.3333,0.88,-0.5467,-62.125,False
2017-08-17,WMT,1,Alpha Vantage EARNINGS,2017-08-17,2017-07-31,0.36,1.02,-0.66,-64.7059,False
2017-11-16,WMT,1,Alpha Vantage EARNINGS,2017-11-16,2017-10-31,0.3333,0.96,-0.6267,-65.2813,False
2001-01-23,XOM,1,Alpha Vantage EARNINGS,2001-01-23,2000-12-31,0.73,0.65,0.08,12.3077,False
2001-04-23,XOM,1,Alpha Vantage EARNINGS,2001-04-23,2001-03-31,0.72,0.66,0.06,9.0909,False
2001-07-24,XOM,1,Alpha Vantage EARNINGS,2001-07-24,2001-06-30,0.64,0.66,-0.02,-3.0303,False
2001-10-23,XOM,1,Alpha Vantage EARNINGS,2001-10-23,2001-09-30,0.48,0.5,-0.02,-4.0,False
2002-01-23,XOM,1,Alpha Vantage EARNINGS,2002-01-23,2001-12-31,0.42,0.38,0.04,10.5263,False
2002-04-23,XOM,1,Alpha Vantage EARNINGS,2002-04-23,2002-03-31,0.31,0.39,-0.08,-20.5128,False
2002-08-01,XOM,1,Alpha Vantage EARNINGS,2002-08-01,2002-06-30,0.39,0.45,-0.06,-13.3333,False
2002-10-31,XOM,1,Alpha Vantage EARNINGS,2002-10-31,2002-09-30,0.44,0.42,0.02,4.7619,False
2003-01-30,XOM,1,Alpha Vantage EARNINGS,2003-01-30,2002-12-31,0.56,0.5,0.06,12.0,False
2003-05-01,XOM,1,Alpha Vantage EARNINGS,2003-05-01,2003-03-31,0.71,0.69,0.02,2.8986,False
2003-07-31,XOM,1,Alpha Vantage EARNINGS,2003-07-31,2003-06-30,0.62,0.56,0.06,10.7143,False
2003-10-30,XOM,1,Alpha Vantage EARNINGS,2003-10-30,2003-09-30,0.55,0.62,-0.07,-11.2903,False
2004-01-29,XOM,1,Alpha Vantage EARNINGS,2004-01-29,2003-12-31,0.68,0.58,0.1,17.2414,False
2004-04-29,XOM,1,Alpha Vantage EARNINGS,2004-04-29,2004-03-31,0.83,0.75,0.08,10.6667,False
2004-07-29,XOM,1,Alpha Vantage EARNINGS,2004-07-29,2004-06-30,0.88,0.88,0.0,0.0,False
2004-10-28,XOM,1,Alpha Vantage EARNINGS,2004-10-28,2004-09-30,0.96,0.87,0.09,10.3448,False
2005-01-31,XOM,1,Alpha Vantage EARNINGS,2005-01-31,2004-12-31,1.3,1.05,0.25,23.8095,False
2005-04-28,XOM,1,Alpha Vantage EARNINGS,2005-04-28,2005-03-31,1.15,1.2,-0.05,-4.1667,False
2005-07-28,XOM,1,Alpha Vantage EARNINGS,2005-07-28,2005-06-30,1.23,1.22,0.01,0.8197,False
2005-10-27,XOM,1,Alpha Vantage EARNINGS,2005-10-27,2005-09-30,1.32,1.39,-0.07,-5.036,False
2006-01-30,XOM,1,Alpha Vantage EARNINGS,2006-01-30,2005-12-31,1.65,1.45,0.2,13.7931,False
2006-04-27,XOM,1,Alpha Vantage EARNINGS,2006-04-27,2006-03-31,1.41,1.46,-0.05,-3.4247,False
2006-07-27,XOM,1,Alpha Vantage EARNINGS,2006-07-27,2006-06-30,1.72,1.64,0.08,4.878,False
2006-10-26,XOM,1,Alpha Vantage EARNINGS,2006-10-26,2006-09-30,1.77,1.59,0.18,11.3208,False
2007-02-01,XOM,1,Alpha Vantage EARNINGS,2007-02-01,2006-12-31,1.69,1.52,0.17,11.1842,False
2007-04-26,XOM,1,Alpha Vantage EARNINGS,2007-04-26,2007-03-31,1.62,1.53,0.09,5.8824,False
2007-07-26,XOM,1,Alpha Vantage EARNINGS,2007-07-26,2007-06-30,1.83,1.96,-0.13,-6.6327,False
2007-11-01,XOM,1,Alpha Vantage EARNINGS,2007-11-01,2007-09-30,1.7,1.74,-0.04,-2.2989,False
2008-02-01,XOM,1,Alpha Vantage EARNINGS,2008-02-01,2007-12-31,2.13,1.98,0.15,7.5758,False
2008-05-01,XOM,1,Alpha Vantage EARNINGS,2008-05-01,2008-03-31,2.03,2.11,-0.08,-3.7915,False
2008-07-31,XOM,1,Alpha Vantage EARNINGS,2008-07-31,2008-06-30,2.27,2.53,-0.26,-10.2767,False
2008-10-30,XOM,1,Alpha Vantage EARNINGS,2008-10-30,2008-09-30,2.59,2.38,0.21,8.8235,False
2009-01-30,XOM,1,Alpha Vantage EARNINGS,2009-01-30,2008-12-31,1.55,1.51,0.04,2.649,False
2009-04-30,XOM,1,Alpha Vantage EARNINGS,2009-04-30,2009-03-31,0.92,0.95,-0.03,-3.1579,False
2009-07-30,XOM,1,Alpha Vantage EARNINGS,2009-07-30,2009-06-30,0.84,1.02,-0.18,-17.6471,False
2009-10-29,XOM,1,Alpha Vantage EARNINGS,2009-10-29,2009-09-30,0.98,1.03,-0.05,-4.8544,False
2010-02-01,XOM,1,Alpha Vantage EARNINGS,2010-02-01,2009-12-31,1.27,1.19,0.08,6.7227,False
2010-04-29,XOM,1,Alpha Vantage EARNINGS,2010-04-29,2010-03-31,1.37,1.38,-0.01,-0.7246,False
2010-07-29,XOM,1,Alpha Vantage EARNINGS,2010-07-29,2010-06-30,1.6,1.47,0.13,8.8435,False
2010-10-28,XOM,1,Alpha Vantage EARNINGS,2010-10-28,2010-09-30,1.44,1.39,0.05,3.5971,False
2011-01-31,XOM,1,Alpha Vantage EARNINGS,2011-01-31,2010-12-31,1.85,1.62,0.23,14.1975,False
2011-04-28,XOM,1,Alpha Vantage EARNINGS,2011-04-28,2011-03-31,2.14,2.02,0.12,5.9406,False
2011-07-28,XOM,1,Alpha Vantage EARNINGS,2011-07-28,2011-06-30,2.18,2.33,-0.15,-6.4378,False
2011-10-27,XOM,1,Alpha Vantage EARNINGS,2011-10-27,2011-09-30,2.13,2.13,0.0,0.0,False
2012-01-31,XOM,1,Alpha Vantage EARNINGS,2012-01-31,2011-12-31,1.97,1.98,-0.01,-0.5051,False
2012-04-26,XOM,1,Alpha Vantage EARNINGS,2012-04-26,2012-03-31,2.0,2.11,-0.11,-5.2133,False
2012-07-26,XOM,1,Alpha Vantage EARNINGS,2012-07-26,2012-06-30,1.8,1.96,-0.16,-8.1633,False
2012-11-01,XOM,1,Alpha Vantage EARNINGS,2012-11-01,2012-09-30,2.09,1.93,0.16,8.2902,False
2013-02-01,XOM,1,Alpha Vantage EARNINGS,2013-02-01,2012-12-31,2.2,2.0,0.2,10.0,False
2013-04-25,XOM,1,Alpha Vantage EARNINGS,2013-04-25,2013-03-31,2.12,2.05,0.07,3.4146,False
2013-08-01,XOM,1,Alpha Vantage EARNINGS,2013-08-01,2013-06-30,1.55,1.9,-0.35,-18.4211,False
2013-10-31,XOM,1,Alpha Vantage EARNINGS,2013-10-31,2013-09-30,1.79,1.78,0.01,0.5618,False
2014-01-30,XOM,1,Alpha Vantage EARNINGS,2014-01-30,2013-12-31,1.91,1.92,-0.01,-0.5208,False
2014-05-01,XOM,1,Alpha Vantage EARNINGS,2014-05-01,2014-03-31,2.1,1.88,0.22,11.7021,False
2014-07-31,XOM,1,Alpha Vantage EARNINGS,2014-07-31,2014-06-30,2.05,1.86,0.19,10.2151,False
2014-10-31,XOM,1,Alpha Vantage EARNINGS,2014-10-31,2014-09-30,1.89,1.72,0.17,9.8837,False
2015-02-02,XOM,1,Alpha Vantage EARNINGS,2015-02-02,2014-12-31,1.32,1.34,-0.02,-1.4925,False
2015-04-30,XOM,1,Alpha Vantage EARNINGS,2015-04-30,2015-03-31,1.17,0.83,0.34,40.9639,False
2015-07-31,XOM,1,Alpha Vantage EARNINGS,2015-07-31,2015-06-30,1.06,1.11,-0.05,-4.5045,False
2015-10-30,XOM,1,Alpha Vantage EARNINGS,2015-10-30,2015-09-30,1.01,0.9,0.11,12.2222,False
2016-02-02,XOM,1,Alpha Vantage EARNINGS,2016-02-02,2015-12-31,0.67,0.64,0.03,4.6875,False
2016-04-29,XOM,1,Alpha Vantage EARNINGS,2016-04-29,2016-03-31,0.43,0.31,0.12,38.7097,False
2016-07-29,XOM,1,Alpha Vantage EARNINGS,2016-07-29,2016-06-30,0.41,0.64,-0.23,-35.9375,False
2016-10-28,XOM,1,Alpha Vantage EARNINGS,2016-10-28,2016-09-30,0.63,0.6,0.03,5.0,False
2017-01-31,XOM,1,Alpha Vantage EARNINGS,2017-01-31,2016-12-31,0.89,0.7,0.19,27.1429,False
2017-04-28,XOM,1,Alpha Vantage EARNINGS,2017-04-28,2017-03-31,0.95,0.87,0.08,9.1954,False
2017-07-28,XOM,1,Alpha Vantage EARNINGS,2017-07-28,2017-06-30,0.78,0.85,-0.07,-8.2353,False
2017-10-27,XOM,1,Alpha Vantage EARNINGS,2017-10-27,2017-09-30,0.93,0.87,0.06,6.8966,False
