Date,Close,High,Low,Open,Volume
,^HSI,^HSI,^HSI,^HSI,^HSI
2000-12-01,14441.4296875,14522.3896484375,13920.1103515625,14026.2099609375,0
2000-12-04,14559.240234375,14632.0703125,14403.3798828125,14470.490234375,0
2000-12-05,14573.2099609375,14701.98046875,14507.5,14602.25,0
2000-12-06,15098.9501953125,15178.26953125,14914.5400390625,14914.5400390625,0
2000-12-07,15011.51953125,15032.26953125,14839.3798828125,14982.919921875,0
2000-12-08,15189.330078125,15281.8095703125,14968.6396484375,15008.7998046875,0
2000-12-11,15408.5400390625,15438.8896484375,15193.490234375,15274.0703125,0
2000-12-12,15329.599609375,15548.259765625,15319.83984375,15498.4501953125,0
2000-12-13,15621.73046875,15637.7802734375,14986.080078125,14986.080078125,0
2000-12-14,15496.990234375,15597.6298828125,15441.580078125,15543.849609375,0
2000-12-15,14975.5302734375,15290.599609375,14914.0498046875,15290.599609375,0
2000-12-18,15024.5302734375,15039.4599609375,14766.849609375,14901.4296875,0
2000-12-19,15188.0400390625,15192.2197265625,15014.76953125,15074.3603515625,0
2000-12-20,14930.7197265625,15048.509765625,14839.490234375,15048.509765625,0
2000-12-21,14659.3203125,14775.9697265625,14476.7900390625,14775.9697265625,0
2000-12-22,14738.2099609375,14851.8603515625,14707.75,14730.509765625,0
2000-12-27,14748.3603515625,14941.23046875,14727.4501953125,14811.9501953125,0
2000-12-28,14796.5498046875,14900.1396484375,14737.9501953125,14785.150390625,0
2000-12-29,15095.5302734375,15154.919921875,14785.009765625,14864.0400390625,0
2001-01-02,14869.9404296875,15089.849609375,14865.66015625,15089.849609375,0
2001-01-03,14589.580078125,14751.330078125,14512.7099609375,14751.330078125,0
2001-01-04,15235.0302734375,15312.6103515625,15060.599609375,15060.599609375,0
2001-01-05,15447.6103515625,15494.5595703125,15275.900390625,15354.16015625,0
2001-01-08,15436.5302734375,15451.7197265625,15200.51953125,15328.1201171875,0
2001-01-09,15500.58984375,15555.9697265625,15336.6201171875,15438.2998046875,0
2001-01-10,15435.7900390625,15539.2998046875,15327.7001953125,15395.9697265625,0
2001-01-11,15090.76953125,15481.759765625,15060.8095703125,15441.2998046875,0
2001-01-12,15295.419921875,15330.150390625,15157.3701171875,15157.3701171875,0
2001-01-15,15293.759765625,15388.01953125,15146.650390625,15288.8095703125,0
2001-01-16,15363.150390625,15430.9501953125,15241.900390625,15290.7001953125,0
2001-01-17,15261.48046875,15451.3896484375,15154.01953125,15409.3798828125,0
2001-01-18,15528.75,15553.509765625,15292.83984375,15292.83984375,0
2001-01-19,15933.5498046875,15964.9296875,15682.349609375,15682.349609375,0
2001-01-22,16099.26953125,16106.16015625,15906.580078125,15967.66015625,0
2001-01-23,16044.2099609375,16099.0595703125,15940.259765625,16053.2197265625,0
2001-01-29,16099.8203125,16255.1103515625,15980.509765625,16176.099609375,0
2001-01-30,15893.0703125,16167.9501953125,15877.23046875,16145.2802734375,0
2001-01-31,16102.349609375,16106.7099609375,15905.509765625,15916.419921875,0
2001-02-01,16163.990234375,16193.169921875,15913.0703125,16055.6396484375,0
2001-02-02,16071.2900390625,16274.669921875,16056.2001953125,16165.4296875,0
2001-02-05,15830.83984375,16013.4599609375,15753.9697265625,16013.4599609375,0
2001-02-06,15913.240234375,15936.48046875,15819.6396484375,15864.4697265625,0
2001-02-07,16049.4697265625,16060.3203125,15871.3798828125,15909.01953125,0
2001-02-08,15909.400390625,15987.5703125,15794.4404296875,15987.5703125,0
2001-02-09,15873.2802734375,15899.240234375,15782.8798828125,15882.9296875,0
2001-02-12,15693.1103515625,15807.6396484375,15586.4599609375,15807.6396484375,0
2001-02-13,15842.7197265625,15915.0595703125,15792.759765625,15801.6904296875,0
2001-02-14,15860.419921875,16021.2197265625,15750.9599609375,15821.7900390625,0
2001-02-15,15756.3701171875,15870.98046875,15714.76953125,15865.4697265625,0
2001-02-16,15630.3095703125,15813.150390625,15544.6201171875,15777.400390625,0
2001-02-19,15490.9599609375,15573.740234375,15458.4296875,15552.9404296875,0
2001-02-20,15527.3603515625,15613.4404296875,15437.509765625,15499.01953125,0
2001-02-21,15351.509765625,15484.349609375,15298.75,15484.349609375,0
2001-02-22,15098.6396484375,15202.16015625,15039.080078125,15202.16015625,0
2001-02-23,15280.5595703125,15302.7001953125,15042.8095703125,15135.2998046875,0
2001-02-26,15230.2197265625,15304.66015625,15177.7998046875,15278.150390625,0
2001-02-27,14834.73046875,15059.169921875,14771.08984375,14933.58984375,0
2001-02-28,14787.8701171875,14842.6904296875,14573.5400390625,14702.9599609375,0
2001-03-01,14360.5595703125,14696.4697265625,14330.5703125,14696.4697265625,0
2001-03-02,13966.4296875,14285.2998046875,13951.4296875,14285.2998046875,0
2001-03-05,14135.259765625,14200.900390625,13908.0703125,14011.2998046875,0
2001-03-06,14321.0498046875,14346.6904296875,14165.66015625,14229.169921875,0
2001-03-07,14177.3603515625,14432.2197265625,14141.41015625,14369.5,0
2001-03-08,14208.9501953125,14247.169921875,13966.9697265625,14177.8603515625,0
2001-03-09,14194.349609375,14288.580078125,14148.73046875,14216.990234375,0
2001-03-12,13776.7197265625,13969.0498046875,13671.990234375,13969.0498046875,0
2001-03-13,13493.0302734375,13517.080078125,13277.51953125,13419.919921875,0
2001-03-14,13330.83984375,13616.6796875,13306.9404296875,13485.75,0
2001-03-15,13504.169921875,13553.2197265625,12947.58984375,13056.9296875,0
2001-03-16,13522.0400390625,13560.3095703125,13321.080078125,13506.73046875,0
2001-03-19,13457.6904296875,13537.75,13308.41015625,13383.8095703125,0
2001-03-20,13223.8603515625,13565.9697265625,13200.5498046875,13516.849609375,0
2001-03-21,13154.4404296875,13243.650390625,12866.400390625,13160.3701171875,0
2001-03-22,12621.849609375,12992.2900390625,12585.76953125,12992.2900390625,0
2001-03-23,12583.3603515625,12705.1201171875,12396.9697265625,12570.4501953125,0
2001-03-26,12950.490234375,12991.8798828125,12678.900390625,12678.900390625,0
2001-03-27,12707.900390625,13056.3203125,12662.5703125,12959.5400390625,0
2001-03-28,12851.41015625,13015.73046875,12779.33984375,12824.2197265625,0
2001-03-29,12677.8896484375,12768.669921875,12523.6103515625,12729.7900390625,0
2001-03-30,12760.6396484375,12802.51953125,12578.3603515625,12689.1103515625,0
2001-04-02,12727.2998046875,12843.900390625,12634.2802734375,12750.3095703125,0
2001-04-03,12584.2197265625,12688.2197265625,12532.5302734375,12688.2197265625,0
2001-04-04,12063.7099609375,12427.7900390625,12062.83984375,12427.7900390625,0
2001-04-06,12386.6103515625,12606.150390625,12374.5302734375,12446.240234375,0
2001-04-09,12202.099609375,12355.6103515625,12061.5498046875,12355.6103515625,0
2001-04-10,12213.669921875,12321.509765625,12110.0,12263.58984375,0
2001-04-11,12706.4296875,12728.599609375,12429.8798828125,12429.8798828125,0
2001-04-12,12989.4697265625,13018.5703125,12769.25,12778.66015625,0
2001-04-17,12606.4501953125,12881.51953125,12597.3603515625,12881.51953125,0
2001-04-18,12972.7998046875,12988.150390625,12761.41015625,12761.41015625,0
2001-04-19,13548.9501953125,13621.7998046875,13425.5595703125,13446.0595703125,0
2001-04-20,13448.1298828125,13570.6904296875,13412.2900390625,13570.6904296875,0
2001-04-23,13311.5,13444.41015625,13282.9599609375,13444.41015625,0
2001-04-24,13274.6103515625,13279.330078125,13157.400390625,13250.8896484375,0
2001-04-25,13249.5498046875,13346.2001953125,13139.08984375,13275.58984375,0
2001-04-26,13293.1103515625,13408.7001953125,13237.1796875,13324.5498046875,0
2001-04-27,13386.0400390625,13391.4697265625,13125.3603515625,13282.33984375,0
2001-05-02,13814.240234375,13841.41015625,13596.26953125,13596.26953125,0
2001-05-03,13718.1396484375,13844.3603515625,13646.2197265625,13768.5703125,0
2001-05-04,13390.990234375,13599.4697265625,13319.3896484375,13599.4697265625,0
2001-05-07,13600.7802734375,13652.150390625,13437.01953125,13464.33984375,0
2001-05-08,13540.8095703125,13599.6298828125,13445.98046875,13599.6298828125,0
2001-05-09,13585.1396484375,13643.490234375,13408.990234375,13527.0,0
2001-05-10,13604.7998046875,13726.4501953125,13462.240234375,13540.8701171875,0
2001-05-11,13636.6103515625,13689.6796875,13579.2099609375,13602.150390625,0
2001-05-14,13259.169921875,13608.83984375,13239.150390625,13608.83984375,0
2001-05-15,13250.08984375,13350.58984375,13209.5498046875,13232.759765625,0
2001-05-16,13335.9501953125,13566.3798828125,13228.919921875,13257.76953125,0
2001-05-17,13637.8701171875,13713.0595703125,13550.7802734375,13550.7802734375,0
2001-05-18,13459.1796875,13631.400390625,13449.0400390625,13631.400390625,0
2001-05-21,13721.26953125,13732.400390625,13465.7197265625,13465.7197265625,0
2001-05-22,13877.9501953125,13929.4697265625,13775.349609375,13775.349609375,0
2001-05-23,13839.099609375,13989.16015625,13798.3203125,13873.2197265625,0
2001-05-24,13810.599609375,13813.259765625,13649.7099609375,13770.009765625,0
2001-05-25,13753.990234375,13956.6904296875,13732.8896484375,13853.5,0
2001-05-28,13739.0703125,13756.8095703125,13674.73046875,13738.0703125,0
2001-05-29,13629.6103515625,13767.4501953125,13506.4501953125,13739.0703125,0
2001-05-30,13420.1298828125,13567.5400390625,13348.400390625,13567.5400390625,0
2001-05-31,13174.41015625,13310.419921875,13091.509765625,13310.419921875,0
2001-06-01,13141.3798828125,13282.8603515625,13121.2099609375,13244.099609375,0
2001-06-04,13207.490234375,13272.099609375,13167.01953125,13167.01953125,0
2001-06-05,13451.8701171875,13482.8896484375,13146.7197265625,13232.2197265625,0
2001-06-06,13576.009765625,13670.830078125,13490.8896484375,13490.8896484375,0
2001-06-07,13703.4296875,13714.650390625,13478.740234375,13537.7001953125,0
2001-06-08,13808.8896484375,13900.6796875,13716.9697265625,13716.9697265625,0
2001-06-11,13675.490234375,13846.330078125,13628.3095703125,13748.4296875,0
2001-06-12,13526.6796875,13628.2099609375,13443.66015625,13628.2099609375,0
2001-06-13,13523.3095703125,13598.1796875,13429.23046875,13515.5400390625,0
2001-06-14,13248.8896484375,13519.240234375,13223.099609375,13511.8203125,0
2001-06-15,13102.5,13135.6904296875,12949.0703125,13132.1396484375,0
2001-06-18,12948.7802734375,13092.76953125,12891.2001953125,13092.76953125,0
2001-06-19,13133.66015625,13149.8896484375,12900.66015625,12980.0595703125,0
2001-06-20,12918.7099609375,13127.830078125,12895.8203125,13127.830078125,0
2001-06-21,13187.4501953125,13253.33984375,12977.400390625,13024.2802734375,0
2001-06-22,13174.01953125,13243.33984375,13126.98046875,13193.1298828125,0
2001-06-26,12961.9697265625,13142.4296875,12942.5595703125,13142.4296875,0
2001-06-27,13004.2099609375,13019.990234375,12890.6201171875,12956.169921875,0
2001-06-28,12827.8203125,12967.6796875,12787.009765625,12967.6796875,0
2001-06-29,13042.5302734375,13088.75,12966.6796875,12966.6796875,0
2001-07-03,13184.75,13198.1904296875,13068.2998046875,13068.2998046875,0
2001-07-04,13207.5302734375,13208.75,13090.4599609375,13201.7802734375,0
2001-07-05,12999.48046875,13236.98046875,12986.58984375,13209.3603515625,0
2001-07-09,12690.6796875,12768.6201171875,12583.330078125,12768.6201171875,257000000
2001-07-10,12713.900390625,12731.9697265625,12634.990234375,12701.1396484375,134400000
2001-07-11,12527.900390625,12625.4501953125,12457.509765625,12625.4501953125,195100000
2001-07-12,12660.2001953125,12693.2998046875,12533.3896484375,12533.3896484375,174800000
2001-07-13,12612.7900390625,12820.849609375,12518.1904296875,12779.7197265625,211200000
2001-07-16,12624.5302734375,12692.08984375,12582.009765625,12663.4599609375,113900000
2001-07-17,12495.25,12591.2900390625,12433.1796875,12591.2900390625,139900000
2001-07-18,12427.1904296875,12554.1904296875,12338.9404296875,12480.91015625,134500000
2001-07-19,12279.8203125,12381.41015625,12191.5703125,12376.4404296875,205000000
2001-07-20,12301.6796875,12359.6201171875,12238.01953125,12305.1201171875,147700000
2001-07-23,12236.4501953125,12257.580078125,12171.9296875,12232.75,166100000
2001-07-24,12214.099609375,12238.7099609375,12137.3203125,12213.9296875,139900000
2001-07-26,12039.8203125,12229.58984375,12003.16015625,12195.9501953125,221000000
2001-07-27,12182.169921875,12191.669921875,12069.5302734375,12069.5302734375,124400000
2001-07-30,12086.66015625,12110.76953125,12007.669921875,12103.5595703125,153100000
2001-07-31,12316.6904296875,12317.1201171875,12125.9599609375,12125.9599609375,227100000
2001-08-01,12478.740234375,12481.8896484375,12277.8798828125,12376.3095703125,243100000
2001-08-02,12466.3701171875,12544.6396484375,12438.5,12493.4296875,194500000
2001-08-03,12269.080078125,12515.5,12256.7802734375,12487.990234375,168700000
2001-08-06,12148.8095703125,12255.5302734375,12091.2099609375,12255.5302734375,141800000
2001-08-07,12007.1904296875,12260.23046875,11924.9599609375,12260.23046875,208400000
2001-08-08,11958.009765625,12082.1796875,11942.7802734375,12035.98046875,178200000
2001-08-09,11716.76953125,11822.259765625,11605.0400390625,11822.259765625,231900000
2001-08-10,11765.8095703125,11794.48046875,11662.8203125,11746.849609375,148600000
2001-08-13,11694.2900390625,11779.8603515625,11624.990234375,11779.4599609375,137200000
2001-08-14,11991.009765625,12007.759765625,11718.1904296875,11718.1904296875,172700000
2001-08-15,12141.6298828125,12156.8798828125,11897.4697265625,12031.08984375,191100000
2001-08-16,11832.4404296875,12195.080078125,11827.01953125,12071.7099609375,422800000
2001-08-17,11754.8095703125,11809.759765625,11643.83984375,11713.400390625,330700000
2001-08-20,11458.7001953125,11573.4599609375,11375.4599609375,11573.4599609375,257000000
2001-08-21,11440.349609375,11512.2802734375,11363.8203125,11495.2099609375,225200000
2001-08-22,11188.5703125,11365.6103515625,11161.509765625,11339.51953125,272500000
2001-08-23,11345.3798828125,11370.080078125,11220.1103515625,11259.01953125,215500000
2001-08-24,11110.2998046875,11372.400390625,11049.4501953125,11372.400390625,241000000
2001-08-27,11234.7197265625,11342.9296875,11212.830078125,11307.1796875,145000000
2001-08-28,11300.5302734375,11372.2900390625,11046.8203125,11213.66015625,179300000
2001-08-29,11242.41015625,11258.26953125,11173.7998046875,11228.8603515625,188300000
2001-08-30,11315.6298828125,11335.16015625,11115.4404296875,11241.6298828125,246500000
2001-08-31,11090.48046875,11229.76953125,11003.9501953125,11204.4697265625,265700000
2001-09-03,10902.6396484375,11071.73046875,10897.83984375,11058.7998046875,185100000
2001-09-04,11136.8603515625,11180.7900390625,10772.099609375,10941.9501953125,303700000
2001-09-05,10943.1396484375,11053.650390625,10859.75,11053.650390625,206600000
2001-09-06,10664.3203125,10932.2197265625,10652.0400390625,10929.2802734375,239100000
2001-09-07,10384.2001953125,10556.1796875,10346.8798828125,10556.1796875,399700000
2001-09-10,10366.3203125,10413.509765625,10177.509765625,10227.4697265625,367200000
2001-09-11,10417.3603515625,10427.2900390625,10272.25,10352.6298828125,0
2001-09-12,9493.6201171875,9704.1796875,9170.240234375,9687.3798828125,0
2001-09-13,9569.2099609375,9700.7998046875,9548.419921875,9565.4697265625,0
2001-09-14,9655.4501953125,9696.4404296875,9478.669921875,9622.8603515625,0
2001-09-17,9319.349609375,9411.650390625,9251.7099609375,9397.240234375,0
2001-09-18,9307.900390625,9608.509765625,9224.0498046875,9509.080078125,0
2001-09-19,9558.150390625,9560.9404296875,9377.5595703125,9402.650390625,333300000
2001-09-20,9317.98046875,9415.099609375,9249.16015625,9415.099609375,285000000
2001-09-21,8934.2001953125,9039.650390625,8894.3603515625,9039.650390625,519900000
2001-09-24,9284.5,9292.26953125,8971.4697265625,8971.4697265625,442200000
2001-09-25,9210.0595703125,9440.26953125,9166.1201171875,9411.349609375,367500000
2001-09-26,9371.75,9416.9501953125,9251.3095703125,9307.759765625,390900000
2001-09-27,9600.7900390625,9602.349609375,9302.0,9387.7998046875,296700000
2001-09-28,9950.7001953125,9959.349609375,9663.080078125,9682.349609375,320800000
2001-10-03,9897.1396484375,10098.6904296875,9883.759765625,9995.2197265625,333200000
2001-10-04,10286.3896484375,10293.6396484375,10082.75,10082.75,358800000
2001-10-05,10277.3798828125,10315.009765625,10120.2802734375,10221.759765625,576200000
2001-10-08,9967.830078125,10153.5595703125,9904.9296875,10153.5595703125,511500000
2001-10-09,10358.9296875,10361.9697265625,10053.8798828125,10053.8798828125,409500000
2001-10-10,10298.240234375,10425.3798828125,10184.599609375,10335.5703125,370700000
2001-10-11,10522.6103515625,10638.580078125,10475.3603515625,10475.3603515625,398500000
2001-10-12,10274.1298828125,10614.6904296875,10243.6796875,10614.6904296875,388500000
2001-10-15,10130.58984375,10232.0703125,10081.2802734375,10195.6396484375,275200000
2001-10-16,10148.490234375,10229.16015625,10056.830078125,10164.6396484375,192800000
2001-10-17,10260.8095703125,10331.8203125,10091.9404296875,10118.1396484375,414800000
2001-10-18,9880.6103515625,10101.900390625,9817.919921875,10101.900390625,365700000
2001-10-19,9825.83984375,9948.0,9801.6298828125,9894.419921875,297200000
2001-10-22,9797.5400390625,9874.3896484375,9758.98046875,9832.1103515625,236600000
2001-10-23,10219.83984375,10224.1201171875,9935.900390625,9935.900390625,344000000
2001-10-24,10243.4599609375,10280.08984375,10158.73046875,10231.3896484375,287400000
2001-10-26,10404.740234375,10475.1904296875,10330.4404296875,10330.4404296875,346800000
2001-10-29,10178.08984375,10406.9296875,10079.0302734375,10406.9296875,294600000
2001-10-30,10076.4296875,10139.7099609375,9927.41015625,10064.0703125,250700000
2001-10-31,10073.9697265625,10091.650390625,9945.5400390625,10025.8203125,222900000
2001-11-01,10158.849609375,10189.5595703125,10107.08984375,10110.919921875,203400000
2001-11-02,10186.0595703125,10333.8798828125,10097.6396484375,10238.099609375,251100000
2001-11-05,10430.7197265625,10434.7802734375,10165.509765625,10202.2998046875,244400000
2001-11-06,10356.0498046875,10556.7197265625,10303.0595703125,10528.169921875,265700000
2001-11-07,10269.7900390625,10454.6904296875,10216.509765625,10419.240234375,257100000
2001-11-08,10538.6201171875,10594.5498046875,10280.8603515625,10295.9599609375,413400000
2001-11-09,10609.25,10716.5498046875,10465.669921875,10516.4599609375,403200000
2001-11-12,10592.4501953125,10699.5400390625,10541.01953125,10618.0703125,239100000
2001-11-13,10662.83984375,10713.6103515625,10462.01953125,10536.58984375,215000000
2001-11-14,10950.0400390625,10954.740234375,10781.7099609375,10781.7099609375,380500000
2001-11-15,11239.3896484375,11280.26953125,10936.7099609375,10958.66015625,755800000
2001-11-16,11287.3701171875,11393.490234375,11170.2998046875,11220.1201171875,404900000
2001-11-19,11360.259765625,11396.3603515625,11292.98046875,11292.98046875,288400000
2001-11-20,11225.7900390625,11501.0400390625,11148.259765625,11347.3095703125,611300000
2001-11-21,11173.919921875,11311.7998046875,11149.509765625,11208.2802734375,363400000
2001-11-22,11253.2998046875,11261.76953125,11114.5400390625,11162.8203125,270400000
2001-11-23,11322.3603515625,11346.330078125,11271.0302734375,11289.33984375,234500000
2001-11-26,11391.9599609375,11525.259765625,11316.740234375,11380.0,338000000
2001-11-27,11261.5400390625,11428.490234375,11216.5302734375,11402.0302734375,269400000
2001-11-28,11066.1904296875,11225.41015625,11012.4697265625,11225.41015625,362400000
2001-11-29,11090.740234375,11120.740234375,10905.0400390625,10974.66015625,350900000
2001-11-30,11279.25,11359.1201171875,11116.33984375,11116.33984375,407000000
2001-12-03,11155.150390625,11257.7099609375,11049.150390625,11253.98046875,357700000
2001-12-04,11427.2802734375,11429.6796875,11076.3203125,11169.259765625,441400000
2001-12-05,11678.4404296875,11706.08984375,11505.1103515625,11505.1103515625,544700000
2001-12-06,11745.83984375,11957.830078125,11672.5498046875,11818.990234375,700300000
2001-12-07,11832.1796875,11848.08984375,11697.08984375,11782.4697265625,309700000
2001-12-10,11784.919921875,11836.2099609375,11709.3701171875,11786.91015625,238000000
2001-12-11,11693.0498046875,11756.5302734375,11633.2197265625,11756.5302734375,226800000
2001-12-12,11847.0595703125,11865.169921875,11592.4697265625,11698.7099609375,321000000
2001-12-13,11529.5400390625,11875.0302734375,11515.1298828125,11803.01953125,349900000
2001-12-14,11466.1103515625,11521.0400390625,11349.509765625,11497.58984375,323400000
2001-12-17,11465.7802734375,11576.3095703125,11361.349609375,11464.3798828125,175400000
2001-12-18,11486.9296875,11599.5703125,11391.330078125,11521.6796875,189500000
2001-12-19,11565.23046875,11597.1298828125,11523.919921875,11523.919921875,147100000
2001-12-20,11601.1396484375,11639.2197265625,11447.73046875,11547.919921875,259900000
2001-12-21,11158.099609375,11500.2900390625,11122.2001953125,11500.2900390625,277000000
2001-12-24,11209.7802734375,11249.900390625,11182.4501953125,11189.51953125,79400000
2001-12-27,11359.5,11415.0400390625,11208.4697265625,11250.0498046875,130000000
2001-12-28,11431.58984375,11432.2900390625,11309.01953125,11359.5,148900000
2001-12-31,11397.2099609375,11451.7900390625,11347.7900390625,11431.58984375,64700000
2002-01-02,11350.849609375,11368.1298828125,11241.6298828125,11368.1298828125,106100000
2002-01-03,11423.51953125,11447.0,11348.7998046875,11348.7998046875,274600000
2002-01-04,11702.150390625,11727.8095703125,11547.009765625,11547.009765625,362600000
2002-01-07,11892.6396484375,11905.5498046875,11687.4296875,11687.4296875,442400000
2002-01-08,11713.7099609375,11806.25,11678.0595703125,11781.1904296875,279500000
2002-01-09,11440.7197265625,11783.7001953125,11369.6298828125,11711.76953125,428700000
2002-01-10,11256.0703125,11361.08984375,11168.8896484375,11361.08984375,354800000
2002-01-11,11166.4599609375,11351.75,11085.4697265625,11278.8603515625,316200000
2002-01-14,11209.4296875,11213.8603515625,11029.2197265625,11081.3798828125,210100000
2002-01-15,11013.58984375,11071.490234375,10965.240234375,11071.490234375,230500000
2002-01-16,10964.08984375,11080.5498046875,10910.75,11035.490234375,194600000
2002-01-17,11013.83984375,11020.2099609375,10808.0,10888.1103515625,221600000
2002-01-18,10972.9599609375,11065.5302734375,10934.009765625,11023.7900390625,373800000
2002-01-21,11000.25,11083.169921875,10941.4697265625,10967.08984375,213200000
2002-01-22,10797.6904296875,10997.900390625,10778.7802734375,10991.400390625,251500000
2002-01-23,10762.1396484375,10793.0703125,10689.0595703125,10750.98046875,225200000
2002-01-24,10741.4599609375,10847.5302734375,10690.6298828125,10796.8095703125,199500000
2002-01-25,10772.9599609375,10842.4697265625,10718.26953125,10789.0,290700000
2002-01-28,10767.4599609375,10891.58984375,10748.099609375,10749.080078125,257600000
2002-01-29,11014.240234375,11041.8203125,10744.1396484375,10774.6103515625,378800000
2002-01-30,10756.9599609375,10895.7001953125,10699.9404296875,10895.7001953125,295200000
2002-01-31,10725.2998046875,10953.5703125,10671.76953125,10797.990234375,267600000
2002-02-01,10691.25,10827.3896484375,10673.66015625,10764.0302734375,192200000
2002-02-04,10721.3203125,10806.6796875,10661.1298828125,10680.3203125,267900000
2002-02-05,10609.1904296875,10636.23046875,10541.2802734375,10627.849609375,292100000
2002-02-06,10592.3896484375,10633.1201171875,10542.2900390625,10590.259765625,238600000
2002-02-07,10409.6796875,10601.2998046875,10393.830078125,10556.2900390625,419400000
2002-02-08,10518.990234375,10526.75,10421.48046875,10441.1904296875,259200000
2002-02-11,10832.740234375,10843.259765625,10596.0595703125,10596.0595703125,184700000
2002-02-15,10961.8798828125,11108.48046875,10914.7099609375,11005.849609375,292400000
2002-02-18,11002.8095703125,11007.0,10867.8203125,10905.490234375,181000000
2002-02-19,10840.490234375,10997.900390625,10794.2001953125,10997.900390625,167300000
2002-02-20,10749.0595703125,10777.3896484375,10685.3798828125,10777.3896484375,193500000
2002-02-21,10788.900390625,10871.099609375,10732.6298828125,10807.9296875,186400000
2002-02-22,10664.9404296875,10730.2099609375,10579.8095703125,10730.2099609375,155800000
2002-02-25,10496.01953125,10683.6396484375,10468.9501953125,10679.0,192000000
2002-02-26,10547.1298828125,10667.5703125,10536.740234375,10581.7900390625,207600000
2002-02-27,10648.7099609375,10757.1103515625,10524.76953125,10541.1904296875,268300000
2002-02-28,10482.5498046875,10677.16015625,10415.650390625,10660.759765625,258700000
2002-03-01,10425.3095703125,10473.01953125,10387.490234375,10453.8798828125,186700000
2002-03-04,10704.1201171875,10720.1201171875,10561.3798828125,10593.76953125,279600000
2002-03-05,10985.83984375,11004.0400390625,10883.2900390625,10883.2900390625,350200000
2002-03-06,11003.0,11040.75,10933.4296875,10954.75,270700000
2002-03-07,11188.0703125,11246.3095703125,11102.3603515625,11102.3603515625,483100000
2002-03-08,11233.23046875,11331.1201171875,11201.2802734375,11201.2802734375,360900000
2002-03-11,11318.8701171875,11334.3095703125,11178.6796875,11234.5302734375,264300000
2002-03-12,11273.8603515625,11381.849609375,11242.23046875,11304.91015625,275700000
2002-03-13,11217.5,11306.8896484375,11185.509765625,11214.849609375,239700000
2002-03-14,11303.7001953125,11333.51953125,11163.1103515625,11202.8603515625,273100000
2002-03-15,11210.25,11363.7099609375,11150.5,11280.990234375,230500000
2002-03-18,11230.6396484375,11317.75,11168.3203125,11224.3203125,240800000
2002-03-19,11222.830078125,11302.3896484375,11195.0703125,11242.25,305400000
2002-03-20,11036.599609375,11176.58984375,10996.3603515625,11136.2998046875,254300000
2002-03-21,10829.73046875,10950.7802734375,10810.900390625,10950.7802734375,345800000
2002-03-22,10863.0703125,10919.4599609375,10811.8798828125,10839.8701171875,211500000
2002-03-25,10836.6396484375,10867.01953125,10785.6201171875,10855.23046875,201900000
2002-03-26,10786.919921875,10792.830078125,10715.0498046875,10781.16015625,180500000
2002-03-27,10987.8798828125,11022.830078125,10819.849609375,10819.849609375,250600000
2002-03-28,11032.919921875,11075.400390625,10972.1103515625,11025.0302734375,214900000
2002-04-02,10878.0400390625,11055.98046875,10816.73046875,11032.3603515625,274300000
2002-04-03,10833.9599609375,10853.8798828125,10783.0,10831.23046875,144400000
2002-04-04,10831.3701171875,10838.2197265625,10747.990234375,10766.5595703125,170800000
2002-04-08,10723.6796875,10856.6396484375,10702.4404296875,10833.16015625,227900000
2002-04-09,10733.6904296875,10791.08984375,10688.6904296875,10711.080078125,144600000
2002-04-10,10643.1396484375,10692.9501953125,10610.759765625,10692.9501953125,201400000
2002-04-11,10744.91015625,10829.0400390625,10720.66015625,10748.4501953125,167100000
2002-04-12,10710.48046875,10717.5498046875,10630.41015625,10653.8203125,159100000
2002-04-15,10727.98046875,10764.48046875,10697.4697265625,10720.41015625,139500000
2002-04-16,10788.5302734375,10797.1396484375,10690.4697265625,10745.2001953125,166400000
2002-04-17,11090.580078125,11090.580078125,10929.0703125,10938.6904296875,352600000
2002-04-18,11217.150390625,11222.3896484375,11070.7998046875,11102.6796875,347400000
2002-04-19,11252.1796875,11285.0498046875,11135.0400390625,11166.5,322100000
2002-04-22,11139.419921875,11301.669921875,11134.169921875,11259.0400390625,271800000
2002-04-23,11345.1796875,11355.1103515625,11102.23046875,11102.23046875,361000000
2002-04-24,11396.5703125,11417.4697265625,11305.650390625,11362.650390625,301600000
2002-04-25,11409.2900390625,11439.58984375,11351.7900390625,11394.0400390625,297900000
2002-04-26,11385.080078125,11461.58984375,11348.8095703125,11449.400390625,269900000
2002-04-29,11361.490234375,11371.1201171875,11260.8798828125,11329.91015625,205000000
2002-04-30,11497.580078125,11497.580078125,11317.66015625,11337.8896484375,229600000
2002-05-02,11780.1103515625,11800.830078125,11577.5703125,11577.5703125,433600000
2002-05-03,11797.2197265625,11863.6201171875,11729.849609375,11855.900390625,450400000
2002-05-06,11736.2001953125,11845.099609375,11671.3798828125,11771.080078125,247900000
2002-05-07,11795.98046875,11813.900390625,11591.259765625,11639.509765625,272500000
2002-05-08,11768.3095703125,11890.7197265625,11699.330078125,11873.25,278500000
2002-05-09,11700.759765625,11962.099609375,11677.5498046875,11957.16015625,336800000
2002-05-10,11645.900390625,11752.9599609375,11630.0400390625,11720.4599609375,201900000
2002-05-13,11733.4296875,11772.9296875,11650.6201171875,11653.5498046875,199700000
2002-05-14,11690.3095703125,11824.9296875,11662.009765625,11824.9296875,163900000
2002-05-15,11838.3603515625,11902.7099609375,11738.080078125,11791.5302734375,258900000
2002-05-16,11832.76953125,11839.5703125,11762.25,11838.5302734375,184900000
2002-05-17,11974.6103515625,12021.7197265625,11867.3896484375,11924.6201171875,321200000
2002-05-21,11753.2900390625,12006.919921875,11687.26953125,11959.650390625,308000000
2002-05-22,11795.2001953125,11797.849609375,11698.1201171875,11745.759765625,166900000
2002-05-23,11624.75,11761.6796875,11586.51953125,11754.4599609375,313300000
2002-05-24,11626.7802734375,11672.990234375,11595.58984375,11636.8603515625,218800000
2002-05-27,11564.73046875,11612.5302734375,11526.58984375,11608.3798828125,188000000
2002-05-28,11581.580078125,11610.9697265625,11544.099609375,11568.740234375,135400000
2002-05-29,11430.66015625,11581.669921875,11404.2998046875,11480.9501953125,248900000
2002-05-30,11380.6103515625,11413.849609375,11268.5400390625,11413.849609375,228200000
2002-05-31,11301.9404296875,11429.0595703125,11260.2001953125,11385.1904296875,302300000
2002-06-03,11359.7998046875,11397.3701171875,11282.759765625,11339.2001953125,176400000
2002-06-04,11312.5498046875,11317.5595703125,11204.8603515625,11279.0498046875,149700000
2002-06-05,11402.3798828125,11407.58984375,11297.9599609375,11328.51953125,141800000
2002-06-06,11380.76953125,11475.1904296875,11345.6103515625,11438.6103515625,167700000
2002-06-07,11284.7099609375,11325.5400390625,11236.1904296875,11274.58984375,191800000
2002-06-10,11288.83984375,11326.4296875,11228.990234375,11270.099609375,148000000
2002-06-11,11215.01953125,11306.4296875,11176.0,11304.73046875,179700000
2002-06-12,11147.9697265625,11167.1796875,11117.2998046875,11167.1796875,183400000
2002-06-13,11119.330078125,11191.490234375,11105.400390625,11173.76953125,161200000
2002-06-14,10955.51953125,11066.75,10940.23046875,11024.58984375,196400000
2002-06-17,10832.259765625,10900.48046875,10811.6201171875,10871.509765625,193000000
2002-06-18,10852.0400390625,10983.7197265625,10838.8603515625,10963.3701171875,216400000
2002-06-19,10673.1103515625,10865.0400390625,10612.0302734375,10843.009765625,310900000
2002-06-20,10754.41015625,10768.0302734375,10583.2802734375,10668.76953125,225400000
2002-06-21,10591.8603515625,10639.4599609375,10574.0302734375,10608.9404296875,212600000
2002-06-24,10657.33984375,10674.51953125,10509.23046875,10544.4501953125,190400000
2002-06-25,10608.98046875,10687.0400390625,10553.5400390625,10633.5595703125,195100000
2002-06-26,10355.919921875,10493.1298828125,10291.16015625,10493.1298828125,371800000
2002-06-27,10518.08984375,10531.509765625,10411.150390625,10472.849609375,269400000
2002-06-28,10598.5498046875,10699.3203125,10584.0302734375,10615.1396484375,221700000
2002-07-02,10491.759765625,10511.1201171875,10436.4599609375,10511.1201171875,188700000
2002-07-03,10579.1904296875,10627.0703125,10407.580078125,10407.580078125,198700000
2002-07-04,10765.580078125,10769.5302734375,10566.5498046875,10578.2001953125,222400000
2002-07-05,10806.16015625,10845.8798828125,10754.2802734375,10810.3896484375,160900000
2002-07-08,10803.4501953125,10939.5595703125,10766.98046875,10923.5,153700000
2002-07-09,10843.150390625,10860.6396484375,10786.3701171875,10831.1201171875,124200000
2002-07-10,10787.5400390625,10829.5400390625,10747.919921875,10774.349609375,156600000
2002-07-11,10558.8095703125,10655.23046875,10482.73046875,10637.599609375,269000000
2002-07-12,10648.2998046875,10655.2802734375,10529.919921875,10582.5703125,208000000
2002-07-15,10581.66015625,10597.349609375,10499.099609375,10556.5,126500000
2002-07-16,10421.490234375,10573.0703125,10399.669921875,10516.6396484375,182100000
2002-07-17,10335.1201171875,10362.4599609375,10213.01953125,10336.7802734375,258100000
2002-07-18,10452.5498046875,10461.330078125,10350.25,10414.580078125,169200000
2002-07-19,10325.4599609375,10377.400390625,10280.4599609375,10370.8203125,186100000
2002-07-22,10110.25,10182.2001953125,10080.1201171875,10166.259765625,225000000
2002-07-23,10313.8896484375,10322.490234375,9977.76953125,9980.2900390625,256200000
2002-07-24,9971.990234375,10133.650390625,9912.9599609375,10133.650390625,268200000
2002-07-25,9884.7802734375,10165.830078125,9872.2900390625,10143.01953125,251100000
2002-07-26,9773.1201171875,9894.6396484375,9687.5,9801.58984375,262100000
2002-07-29,9975.990234375,9983.0400390625,9829.5498046875,9873.4404296875,170400000
2002-07-30,10155.25,10285.48046875,10151.6103515625,10240.419921875,264100000
2002-07-31,10267.3603515625,10290.0703125,10123.2001953125,10169.2802734375,161400000
2002-08-01,10180.01953125,10329.0498046875,10175.080078125,10244.5302734375,173700000
2002-08-02,9991.7197265625,10058.48046875,9968.919921875,10026.650390625,180700000
2002-08-05,9862.330078125,9976.6904296875,9823.9501953125,9913.080078125,188000000
2002-08-06,9700.6904296875,9782.8896484375,9632.98046875,9780.1796875,228500000
2002-08-07,9977.740234375,10007.9501953125,9851.2802734375,9883.6796875,177200000
2002-08-08,9962.240234375,9997.1796875,9895.2802734375,9960.6796875,160000000
2002-08-09,10014.0595703125,10149.900390625,10007.4296875,10128.7099609375,173100000
2002-08-12,9959.919921875,10039.76953125,9929.3798828125,10039.76953125,135700000
2002-08-13,10100.0595703125,10132.400390625,9958.0595703125,9962.580078125,150900000
2002-08-14,9961.349609375,10064.6298828125,9883.08984375,10064.6298828125,195500000
2002-08-15,10219.7099609375,10264.66015625,10123.0703125,10123.0703125,257100000
2002-08-16,10265.0400390625,10299.7197265625,10205.51953125,10240.599609375,211200000
2002-08-19,10246.9599609375,10279.25,10166.5400390625,10250.400390625,126500000
2002-08-20,10408.009765625,10431.76953125,10373.509765625,10390.3095703125,187400000
2002-08-21,10402.259765625,10409.3095703125,10293.7099609375,10317.7197265625,190600000
2002-08-22,10424.0,10456.6103515625,10367.0,10452.5,155800000
2002-08-23,10245.6904296875,10478.650390625,10241.1796875,10472.7001953125,167800000
2002-08-26,10226.330078125,10263.830078125,10192.009765625,10232.8798828125,106900000
2002-08-27,10185.51953125,10266.759765625,10125.2001953125,10233.7197265625,105900000
2002-08-28,10130.25,10158.6904296875,10070.2802734375,10130.3798828125,174700000
2002-08-29,10061.150390625,10075.26953125,9988.8603515625,10034.1796875,183800000
2002-08-30,10043.8701171875,10089.6904296875,10004.8701171875,10034.2197265625,164400000
2002-09-02,9896.98046875,10044.5703125,9861.8701171875,10039.669921875,172500000
2002-09-03,9790.6796875,9873.1103515625,9748.1796875,9862.3896484375,203400000
2002-09-04,9820.330078125,9830.4501953125,9629.2197265625,9643.1904296875,247500000
2002-09-05,9726.0302734375,9833.6796875,9710.2900390625,9823.740234375,191400000
2002-09-06,9720.8603515625,9750.900390625,9631.73046875,9650.9404296875,219300000
2002-09-09,9723.669921875,9783.4404296875,9672.1904296875,9781.5400390625,165400000
2002-09-10,9885.76953125,9906.849609375,9761.099609375,9762.83984375,181800000
2002-09-11,9882.349609375,9946.009765625,9845.0,9927.73046875,63900000
2002-09-12,9896.330078125,9954.8203125,9807.5400390625,9871.3203125,170800000
2002-09-13,9650.9697265625,9784.0,9609.76953125,9773.6201171875,283800000
2002-09-16,9505.1298828125,9639.4697265625,9454.919921875,9624.83984375,322800000
2002-09-17,9707.25,9732.330078125,9563.1904296875,9605.3203125,296900000
2002-09-18,9474.0703125,9517.419921875,9401.490234375,9517.419921875,225000000
2002-09-19,9427.7900390625,9511.2900390625,9389.8701171875,9485.5498046875,186600000
2002-09-20,9328.2197265625,9337.8603515625,9210.9404296875,9260.4697265625,220900000
2002-09-23,9314.8701171875,9322.3603515625,9219.080078125,9295.6904296875,141900000
2002-09-24,9197.6796875,9213.2802734375,9141.1201171875,9167.759765625,173100000
2002-09-25,9124.91015625,9193.8095703125,9014.580078125,9076.830078125,205100000
2002-09-26,9270.7099609375,9286.26953125,9206.900390625,9251.240234375,171300000
2002-09-27,9294.4599609375,9368.1396484375,9245.8798828125,9338.66015625,207100000
2002-09-30,9072.2099609375,9125.9296875,9046.9599609375,9098.9296875,221700000
2002-10-02,9109.349609375,9241.8603515625,9062.490234375,9227.3798828125,282000000
2002-10-03,8984.3203125,9106.900390625,8915.0,9054.5703125,263400000
2002-10-04,9051.3701171875,9065.51953125,8971.919921875,8989.650390625,236700000
2002-10-07,8931.400390625,8936.33984375,8844.1103515625,8844.6904296875,241000000
2002-10-08,8977.41015625,8989.6796875,8883.16015625,8910.080078125,247100000
2002-10-09,8977.349609375,8986.009765625,8876.6201171875,8945.9599609375,223000000
2002-10-10,8858.6904296875,8863.4599609375,8772.48046875,8808.349609375,244700000
2002-10-11,8965.73046875,8990.759765625,8863.4599609375,8956.330078125,221100000
2002-10-15,9336.3896484375,9348.6796875,9131.41015625,9153.25,403500000
2002-10-16,9459.1396484375,9515.0703125,9416.8203125,9515.0703125,341500000
2002-10-17,9576.150390625,9598.490234375,9465.6103515625,9465.6103515625,268200000
2002-10-18,9613.0703125,9744.6396484375,9603.73046875,9741.0498046875,426700000
2002-10-21,9570.3603515625,9641.080078125,9549.08984375,9593.650390625,186200000
2002-10-22,9548.9404296875,9656.900390625,9507.990234375,9633.509765625,195700000
2002-10-23,9804.650390625,9809.509765625,9545.66015625,9545.66015625,398400000
2002-10-24,9787.490234375,9803.2998046875,9712.900390625,9774.7802734375,300300000
2002-10-25,9722.5400390625,9728.5595703125,9655.0,9715.669921875,201100000
2002-10-28,9853.740234375,9860.8701171875,9730.0,9732.599609375,208800000
2002-10-29,9634.669921875,9812.150390625,9626.990234375,9799.8701171875,198900000
2002-10-30,9560.4599609375,9652.150390625,9546.580078125,9605.6396484375,212700000
2002-10-31,9441.25,9625.7197265625,9418.8798828125,9609.16015625,174800000
2002-11-01,9407.6796875,9495.150390625,9388.349609375,9467.8896484375,199100000
2002-11-04,9720.830078125,9739.1298828125,9565.7900390625,9587.9697265625,213300000
2002-11-05,9655.3603515625,9751.9296875,9606.6796875,9751.9296875,194000000
2002-11-06,9773.98046875,9822.0703125,9751.6796875,9788.3095703125,254500000
2002-11-07,9844.3798828125,9880.1298828125,9719.6396484375,9758.66015625,335500000
2002-11-08,9770.6796875,9796.4697265625,9708.1904296875,9714.1904296875,313300000
2002-11-11,9580.8798828125,9699.75,9527.830078125,9699.75,264700000
2002-11-12,9613.83984375,9650.08984375,9522.4501953125,9530.4599609375,228400000
2002-11-13,9616.6201171875,9645.8798828125,9533.5,9645.8798828125,200900000
2002-11-14,9740.83984375,9806.080078125,9644.2099609375,9644.2099609375,345700000
2002-11-15,9865.650390625,9885.98046875,9721.8603515625,9721.8603515625,424900000
2002-11-18,9920.08984375,10006.0703125,9843.08984375,9994.2900390625,250300000
2002-11-19,9965.0302734375,9996.8896484375,9856.9501953125,9882.3896484375,236900000
2002-11-20,9971.150390625,10011.5302734375,9947.5400390625,9952.4501953125,189900000
2002-11-21,10003.5400390625,10081.01953125,9989.7900390625,10081.01953125,214200000
2002-11-22,10065.3203125,10128.6904296875,10038.009765625,10112.509765625,205500000
2002-11-25,10100.76953125,10118.8701171875,10028.98046875,10031.330078125,246000000
2002-11-26,9995.51953125,10057.759765625,9976.4501953125,10052.4404296875,225900000
2002-11-27,9944.58984375,10013.650390625,9912.01953125,9912.83984375,299000000
2002-11-28,10147.83984375,10168.91015625,10082.6904296875,10090.4296875,417500000
2002-11-29,10069.8701171875,10170.2998046875,10061.8896484375,10170.2998046875,324400000
2002-12-02,10205.16015625,10205.16015625,10079.509765625,10107.9599609375,320700000
2002-12-03,10227.009765625,10246.8603515625,10179.6396484375,10187.849609375,288800000
2002-12-04,9995.73046875,10123.259765625,9941.9296875,10123.259765625,400200000
2002-12-05,10009.8798828125,10036.51953125,9940.25,9997.6201171875,177300000
2002-12-06,9973.75,9978.849609375,9890.6201171875,9940.599609375,201900000
2002-12-09,9868.48046875,9999.3896484375,9821.5595703125,9988.6904296875,528100000
2002-12-10,9857.990234375,9868.740234375,9763.7900390625,9763.7900390625,398300000
2002-12-11,9784.5703125,9884.16015625,9742.0,9874.9296875,304200000
2002-12-12,9813.7802734375,9852.5703125,9772.7998046875,9816.990234375,167600000
2002-12-13,9728.4296875,9754.8603515625,9695.740234375,9743.1904296875,194700000
2002-12-16,9656.4599609375,9677.849609375,9627.7099609375,9644.6396484375,150200000
2002-12-17,9715.740234375,9787.6396484375,9682.01953125,9787.240234375,225200000
2002-12-18,9548.650390625,9657.4501953125,9527.490234375,9652.76953125,232400000
2002-12-19,9557.8603515625,9590.2099609375,9477.8203125,9544.900390625,264000000
2002-12-20,9628.6904296875,9631.5302734375,9478.919921875,9499.76953125,225100000
2002-12-23,9570.9296875,9640.919921875,9552.0703125,9640.919921875,226100000
2002-12-24,9561.6298828125,9593.9296875,9554.3095703125,9586.259765625,103200000
2002-12-27,9445.259765625,9550.58984375,9426.0595703125,9542.490234375,137700000
2002-12-30,9272.330078125,9362.7001953125,9244.900390625,9345.669921875,220700000
2002-12-31,9321.2900390625,9332.01953125,9291.76953125,9298.7802734375,76200000
2003-01-02,9365.51953125,9378.349609375,9294.5302734375,9333.6396484375,126900000
2003-01-03,9583.849609375,9585.66015625,9520.849609375,9523.25,291500000
2003-01-06,9665.9599609375,9683.8603515625,9560.8203125,9605.08984375,234900000
2003-01-07,9652.400390625,9710.7900390625,9592.2900390625,9710.7900390625,267000000
2003-01-08,9688.2099609375,9781.080078125,9624.0400390625,9632.3603515625,202400000
2003-01-09,9675.41015625,9677.58984375,9599.240234375,9626.1396484375,129600000
2003-01-10,9721.5,9778.2802734375,9688.990234375,9711.759765625,172900000
2003-01-13,9834.080078125,9834.080078125,9752.2998046875,9752.2998046875,198000000
2003-01-14,9796.3095703125,9843.8095703125,9780.5400390625,9812.91015625,168200000
2003-01-15,9873.490234375,9892.7001953125,9807.4296875,9807.4296875,215200000
2003-01-16,9743.23046875,9823.6298828125,9727.2998046875,9798.16015625,190000000
2003-01-17,9614.58984375,9733.4404296875,9597.23046875,9730.5498046875,171700000
2003-01-20,9552.01953125,9560.3896484375,9501.51953125,9551.5595703125,176200000
2003-01-21,9568.4697265625,9595.259765625,9548.1396484375,9558.2001953125,143000000
2003-01-22,9560.2900390625,9581.240234375,9456.66015625,9484.8896484375,177700000
2003-01-23,9584.7001953125,9606.8701171875,9513.580078125,9513.580078125,143700000
2003-01-24,9460.599609375,9575.26953125,9416.1201171875,9558.48046875,220200000
2003-01-27,9298.669921875,9326.759765625,9253.3603515625,9326.759765625,192100000
2003-01-28,9325.599609375,9341.1103515625,9237.4501953125,9244.2998046875,132800000
2003-01-29,9240.7900390625,9281.990234375,9203.6796875,9272.2802734375,179600000
2003-01-30,9258.9501953125,9266.150390625,9179.240234375,9251.9404296875,151900000
2003-02-04,9252.7099609375,9331.9501953125,9208.23046875,9327.3203125,157100000
2003-02-05,9180.4697265625,9238.919921875,9156.3095703125,9214.6396484375,156400000
2003-02-06,9126.150390625,9184.759765625,9094.8603515625,9178.259765625,191500000
2003-02-07,9150.9501953125,9163.669921875,9072.669921875,9099.41015625,153300000
2003-02-10,9232.1396484375,9232.1396484375,9131.6201171875,9135.099609375,145600000
2003-02-11,9194.91015625,9285.0595703125,9151.2197265625,9237.1904296875,201700000
2003-02-12,9314.900390625,9334.900390625,9162.51953125,9169.8603515625,173400000
2003-02-13,9173.4296875,9283.23046875,9142.9404296875,9273.3798828125,182300000
2003-02-14,9201.759765625,9253.8701171875,9191.009765625,9201.1103515625,127100000
2003-02-17,9383.6796875,9392.8603515625,9311.650390625,9311.650390625,193100000
2003-02-18,9397.0498046875,9417.7001953125,9342.0498046875,9367.9404296875,123400000
2003-02-19,9427.6298828125,9463.990234375,9389.400390625,9461.1298828125,171200000
2003-02-20,9390.48046875,9460.8896484375,9381.1396484375,9415.2099609375,157100000
2003-02-21,9250.8603515625,9364.830078125,9231.3701171875,9361.0498046875,175500000
2003-02-24,9239.4697265625,9313.8095703125,9231.009765625,9302.73046875,119600000
2003-02-25,9148.48046875,9154.419921875,9103.2900390625,9140.0595703125,188600000
2003-02-26,9116.2802734375,9163.330078125,9097.490234375,9156.7998046875,129900000
2003-02-27,9134.240234375,9175.3203125,9029.9501953125,9072.8701171875,189200000
2003-02-28,9122.66015625,9185.8095703125,9111.169921875,9146.6298828125,149300000
2003-03-03,9268.76953125,9316.26953125,9141.4599609375,9141.4599609375,213800000
2003-03-04,9181.8896484375,9247.830078125,9164.099609375,9218.3701171875,123200000
2003-03-05,9109.1796875,9135.009765625,9059.0703125,9105.3701171875,177300000
2003-03-06,8962.259765625,9103.5595703125,8952.01953125,9097.4501953125,197000000
2003-03-07,8907.099609375,8941.23046875,8869.6103515625,8917.1201171875,177000000
2003-03-10,8861.8701171875,8901.66015625,8821.669921875,8894.0400390625,205200000
2003-03-11,8859.9296875,8860.509765625,8757.2197265625,8776.990234375,216900000
2003-03-12,8874.990234375,8914.580078125,8825.4404296875,8825.4404296875,186300000
2003-03-13,8787.4501953125,8863.6396484375,8764.400390625,8857.3095703125,202500000
2003-03-14,8956.169921875,8996.0498046875,8933.240234375,8976.759765625,194100000
2003-03-17,8804.16015625,8901.2197265625,8795.080078125,8901.2197265625,143300000
2003-03-18,9041.509765625,9045.1796875,8976.580078125,9003.9599609375,226400000
2003-03-19,9158.58984375,9197.9296875,8913.0498046875,8973.1904296875,358900000
2003-03-20,9194.5595703125,9281.599609375,9127.58984375,9243.900390625,310900000
2003-03-21,9179.1904296875,9227.2001953125,9146.2900390625,9220.9501953125,239100000
2003-03-24,9108.4501953125,9262.76953125,9087.6396484375,9214.650390625,248300000
2003-03-25,9062.150390625,9081.3896484375,9008.6201171875,9012.0400390625,165800000
2003-03-26,9047.08984375,9096.080078125,9027.6103515625,9096.080078125,144600000
2003-03-27,8872.3203125,9027.990234375,8850.4296875,9027.990234375,249800000
2003-03-28,8863.3603515625,8893.5703125,8812.3203125,8864.1201171875,205900000
2003-03-31,8634.4501953125,8755.8095703125,8586.7001953125,8755.8095703125,324800000
2003-04-01,8596.8896484375,8612.419921875,8465.7900390625,8608.7900390625,312600000
2003-04-02,8706.1904296875,8716.099609375,8550.4599609375,8586.6904296875,256100000
2003-04-03,8648.16015625,8774.580078125,8639.08984375,8769.41015625,222000000
2003-04-04,8822.4501953125,8845.7998046875,8662.8095703125,8669.73046875,235700000
2003-04-07,8962.2099609375,8973.8095703125,8754.509765625,8838.830078125,221600000
2003-04-08,8806.66015625,8906.990234375,8786.3603515625,8885.6201171875,206000000
2003-04-09,8636.849609375,8755.150390625,8588.4501953125,8755.150390625,275300000
2003-04-10,8625.7197265625,8647.75,8559.76953125,8597.8603515625,240900000
2003-04-11,8645.650390625,8660.8798828125,8552.6796875,8627.5703125,254700000
2003-04-14,8533.5498046875,8598.080078125,8493.4599609375,8598.080078125,190900000
2003-04-15,8632.099609375,8639.3603515625,8549.83984375,8600.5,166000000
2003-04-16,8675.1396484375,8705.26953125,8609.4599609375,8653.58984375,172000000
2003-04-17,8579.1396484375,8603.2998046875,8558.7197265625,8600.0498046875,188200000
2003-04-22,8571.91015625,8574.7900390625,8479.3798828125,8531.1103515625,193200000
2003-04-23,8519.599609375,8654.6201171875,8493.9501953125,8641.400390625,320200000
2003-04-24,8442.1103515625,8490.080078125,8403.490234375,8482.599609375,332800000
2003-04-25,8409.009765625,8430.6201171875,8331.8701171875,8351.58984375,290400000
2003-04-28,8435.0400390625,8453.6904296875,8354.66015625,8354.66015625,237500000
2003-04-29,8744.2197265625,8757.58984375,8577.73046875,8577.73046875,366800000
2003-04-30,8717.2197265625,8777.080078125,8700.1201171875,8758.240234375,329400000
2003-05-02,8808.1796875,8817.740234375,8707.4296875,8707.4296875,270800000
2003-05-05,8916.490234375,8925.1904296875,8875.150390625,8895.3896484375,203100000
2003-05-06,8889.2197265625,8949.0595703125,8863.2099609375,8906.6904296875,219900000
2003-05-07,8901.0498046875,8950.33984375,8834.6904296875,8946.33984375,218000000
2003-05-09,9084.16015625,9084.16015625,8878.58984375,8903.66015625,339100000
2003-05-12,9155.5703125,9209.759765625,9150.9404296875,9164.099609375,286400000
2003-05-13,9119.0400390625,9175.6904296875,9101.3896484375,9165.5400390625,202500000
2003-05-14,9103.6904296875,9217.259765625,9069.240234375,9135.509765625,234800000
2003-05-15,9126.0703125,9166.5498046875,9055.7197265625,9068.2998046875,214700000
2003-05-16,9093.1796875,9190.73046875,9052.25,9148.099609375,176200000
2003-05-19,9087.3701171875,9106.9404296875,9029.7998046875,9074.33984375,143200000
2003-05-20,9050.400390625,9068.98046875,8973.66015625,8980.26953125,150000000
2003-05-21,9059.7998046875,9086.3603515625,9020.76953125,9069.33984375,201100000
2003-05-22,9131.490234375,9148.1396484375,9025.2998046875,9045.83984375,210100000
2003-05-23,9303.73046875,9313.98046875,9208.740234375,9217.2099609375,305200000
2003-05-26,9492.7099609375,9505.7900390625,9411.3203125,9412.73046875,327700000
2003-05-27,9420.8095703125,9490.5703125,9417.0400390625,9490.5703125,276200000
2003-05-28,9510.6201171875,9560.8603515625,9483.08984375,9558.2197265625,321300000
2003-05-29,9508.5498046875,9587.169921875,9483.6201171875,9520.8095703125,276400000
2003-05-30,9487.3798828125,9557.5400390625,9461.83984375,9482.099609375,250600000
2003-06-02,9637.5302734375,9647.3603515625,9580.08984375,9582.009765625,257600000
2003-06-03,9662.8203125,9683.009765625,9563.7197265625,9633.4296875,294900000
2003-06-05,9639.009765625,9780.849609375,9634.9296875,9779.1796875,385900000
2003-06-06,9694.6298828125,9752.76953125,9610.849609375,9662.6904296875,518100000
2003-06-09,9733.509765625,9734.349609375,9660.669921875,9698.2900390625,253500000
2003-06-10,9703.7197265625,9714.73046875,9625.4697265625,9642.4599609375,236400000
2003-06-11,9662.0595703125,9773.5400390625,9645.25,9756.5,273700000
2003-06-12,9736.83984375,9754.6298828125,9684.41015625,9734.76953125,213800000
2003-06-13,9855.6396484375,9866.66015625,9692.830078125,9728.2001953125,343500000
2003-06-16,9862.2802734375,9883.1904296875,9819.8798828125,9821.3896484375,225100000
2003-06-17,10030.3701171875,10041.9599609375,9975.4404296875,10026.8203125,349200000
2003-06-18,9970.2998046875,10067.8603515625,9935.6298828125,10057.75,399700000
2003-06-19,9980.1103515625,10015.4501953125,9935.6103515625,9981.7099609375,251200000
2003-06-20,9930.3095703125,9931.580078125,9885.5302734375,9907.080078125,164800000
2003-06-23,9734.2900390625,9935.849609375,9727.76953125,9918.76953125,234100000
2003-06-24,9629.349609375,9686.669921875,9571.5498046875,9686.669921875,256000000
2003-06-25,9628.990234375,9670.490234375,9605.990234375,9637.2001953125,146100000
2003-06-26,9606.1103515625,9614.73046875,9526.919921875,9551.0400390625,175700000
2003-06-27,9657.2099609375,9711.2197265625,9613.6396484375,9626.8603515625,165700000
2003-06-30,9577.1201171875,9641.6201171875,9564.0703125,9594.9404296875,189500000
2003-07-02,9602.6201171875,9650.3896484375,9512.2001953125,9613.5703125,263500000
2003-07-03,9646.099609375,9705.6298828125,9593.419921875,9689.1396484375,278700000
2003-07-04,9636.8095703125,9670.419921875,9569.849609375,9628.3896484375,156400000
2003-07-07,9892.400390625,9905.4697265625,9637.900390625,9683.8095703125,268000000
2003-07-08,9992.8701171875,10086.4501953125,9983.759765625,10010.4599609375,386300000
2003-07-09,10027.41015625,10069.7099609375,9997.669921875,10028.23046875,283500000
2003-07-10,9983.3095703125,10051.75,9946.4599609375,10035.9599609375,211600000
2003-07-11,9911.5,9936.1796875,9854.0302734375,9883.51953125,203900000
2003-07-14,10122.400390625,10122.5703125,9980.25,9990.8896484375,225200000
2003-07-15,10135.5498046875,10179.6103515625,10030.759765625,10163.26953125,262600000
2003-07-16,10207.169921875,10236.8896484375,10093.7099609375,10116.009765625,203000000
2003-07-17,10096.7197265625,10198.9501953125,10035.2001953125,10136.7099609375,207200000
2003-07-18,10140.83984375,10145.51953125,10012.3203125,10022.4697265625,1086900000
2003-07-21,10102.8603515625,10203.349609375,10081.1396484375,10189.150390625,245600000
2003-07-22,10008.7099609375,10062.8701171875,9957.98046875,10059.25,192200000
2003-07-23,9900.5595703125,10031.150390625,9897.6904296875,10018.0703125,207400000
2003-07-24,9923.1396484375,10008.41015625,9900.5595703125,9900.5595703125,145700000
2003-07-25,9939.2001953125,9952.1904296875,9864.4501953125,9885.4599609375,145600000
2003-07-28,10134.8798828125,10164.7900390625,10031.240234375,10031.240234375,242300000
2003-07-29,10198.599609375,10222.830078125,10125.8095703125,10133.7197265625,282400000
2003-07-30,10121.2197265625,10206.4404296875,10055.509765625,10180.8701171875,287500000
2003-07-31,10134.830078125,10171.2802734375,10065.3095703125,10103.16015625,287600000
2003-08-01,10248.599609375,10292.76953125,10183.3701171875,10184.4296875,313500000
2003-08-04,10183.1396484375,10291.0,10153.330078125,10208.1298828125,207500000
2003-08-05,10177.3798828125,10285.6796875,10174.599609375,10283.8701171875,177500000
2003-08-06,9987.5400390625,10084.419921875,9966.7001953125,10084.419921875,294300000
2003-08-07,9958.0498046875,10011.16015625,9937.9697265625,9998.599609375,227700000
2003-08-08,9945.2197265625,10026.6904296875,9924.1396484375,9997.9404296875,229200000
2003-08-11,10093.5400390625,10099.9599609375,9978.990234375,9983.8798828125,154500000
2003-08-12,10184.169921875,10187.0400390625,10104.5,10125.8095703125,220300000
2003-08-13,10301.4697265625,10365.419921875,10257.1796875,10273.0302734375,368300000
2003-08-14,10374.01953125,10374.23046875,10283.9296875,10352.08984375,250000000
2003-08-15,10424.5595703125,10434.490234375,10312.51953125,10427.150390625,224200000
2003-08-18,10525.0400390625,10527.349609375,10424.3896484375,10457.349609375,345800000
2003-08-19,10509.2900390625,10617.7197265625,10477.580078125,10569.0498046875,335800000
2003-08-20,10475.330078125,10576.1904296875,10447.740234375,10462.26953125,272300000
2003-08-21,10643.6298828125,10655.2099609375,10474.2802734375,10490.5703125,407500000
2003-08-22,10760.73046875,10768.6396484375,10623.6904296875,10665.5595703125,396000000
2003-08-25,10764.2197265625,10845.759765625,10718.8798828125,10733.1201171875,364100000
2003-08-26,10753.9296875,10753.9296875,10629.8896484375,10709.599609375,291600000
2003-08-27,10678.5498046875,10797.9599609375,10659.0,10749.8798828125,264300000
2003-08-28,10760.1201171875,10770.4404296875,10675.98046875,10693.5400390625,231100000
2003-08-29,10908.990234375,10934.51953125,10804.4599609375,10812.8701171875,406800000
2003-09-01,10903.400390625,11039.4296875,10899.9296875,10937.7900390625,298900000
2003-09-02,10939.9404296875,10967.51953125,10879.4404296875,10940.33984375,143400000
2003-09-03,11102.3603515625,11114.5,10989.75,11027.5595703125,385800000
2003-09-04,11138.6201171875,11196.1796875,11062.23046875,11145.73046875,467700000
2003-09-05,11170.6103515625,11198.9599609375,11104.3203125,11164.650390625,292800000
2003-09-08,11165.2802734375,11177.400390625,11076.7099609375,11126.3095703125,331100000
2003-09-09,11046.8203125,11242.150390625,11029.4501953125,11219.7197265625,303200000
2003-09-10,10810.3095703125,10948.0302734375,10784.8603515625,10948.0302734375,325000000
2003-09-11,10883.51953125,10889.0498046875,10762.0302734375,10762.0302734375,226800000
2003-09-15,10992.73046875,11008.8798828125,10871.58984375,10952.580078125,259600000
2003-09-16,11071.3798828125,11074.9404296875,10873.3798828125,10908.7099609375,273400000
2003-09-17,11140.0498046875,11189.91015625,11075.6396484375,11165.8095703125,423100000
2003-09-18,11069.2197265625,11129.9501953125,10984.7802734375,11104.3203125,269300000
2003-09-19,10968.419921875,11204.8701171875,10949.23046875,11170.349609375,422600000
2003-09-22,10873.26953125,11010.1396484375,10822.5595703125,10920.0302734375,275200000
2003-09-23,10944.3603515625,10998.1904296875,10841.7099609375,10877.9501953125,247100000
2003-09-24,11295.8896484375,11298.9599609375,11008.4296875,11008.4296875,465200000
2003-09-25,11286.51953125,11444.7197265625,11230.240234375,11273.1201171875,627800000
2003-09-26,11290.150390625,11345.0,11215.7099609375,11302.150390625,381100000
2003-09-29,11141.2802734375,11256.0595703125,11104.33984375,11256.0595703125,398300000
2003-09-30,11229.8701171875,11325.9599609375,11196.98046875,11227.0400390625,364100000
2003-10-02,11546.1201171875,11548.4404296875,11372.5302734375,11372.5302734375,510400000
2003-10-03,11608.7197265625,11652.400390625,11541.6796875,11581.509765625,469500000
2003-10-06,11734.48046875,11838.240234375,11715.599609375,11715.91015625,455900000
2003-10-07,11723.919921875,11737.0302734375,11624.3701171875,11709.240234375,468200000
2003-10-08,11720.7998046875,11885.240234375,11648.6103515625,11754.7099609375,464100000
2003-10-09,11800.3701171875,11821.1796875,11710.080078125,11762.259765625,323000000
2003-10-10,11935.830078125,11958.3896484375,11831.9599609375,11943.509765625,326100000
2003-10-13,11961.9697265625,11992.91015625,11831.580078125,11957.3798828125,261800000
2003-10-14,11856.01953125,12065.349609375,11834.2099609375,12065.349609375,318500000
2003-10-15,12056.1796875,12056.75,11884.7099609375,11900.0,279700000
2003-10-16,12027.5703125,12104.8896484375,11952.01953125,12041.830078125,349400000
2003-10-17,12044.490234375,12088.6201171875,11915.41015625,12070.7197265625,348700000
2003-10-20,12147.8896484375,12156.75,11958.4697265625,11985.400390625,405900000
2003-10-21,12250.6904296875,12297.4599609375,12161.25,12190.080078125,373100000
2003-10-22,12238.6298828125,12283.8798828125,12199.23046875,12240.5400390625,411500000
2003-10-23,11737.1796875,12051.1396484375,11712.1396484375,12027.91015625,496900000
2003-10-24,11736.3701171875,11819.2001953125,11558.1103515625,11792.8701171875,381000000
2003-10-27,11749.7197265625,11803.1796875,11678.2001953125,11749.8701171875,215700000
2003-10-28,12091.8798828125,12123.73046875,11844.01953125,11844.01953125,352300000
2003-10-29,12130.509765625,12304.5703125,12117.0,12294.91015625,321300000
2003-10-30,12143.349609375,12202.4599609375,11989.009765625,12202.4599609375,395300000
2003-10-31,12190.099609375,12205.83984375,12065.6396484375,12139.9697265625,336000000
2003-11-03,12386.8095703125,12412.1796875,12222.4404296875,12222.4404296875,309000000
2003-11-04,12440.7197265625,12537.1904296875,12406.6396484375,12503.580078125,295200000
2003-11-05,12438.919921875,12470.91015625,12330.5703125,12391.740234375,253700000
2003-11-06,12150.08984375,12381.23046875,12059.9697265625,12341.0400390625,363900000
2003-11-07,12215.169921875,12256.419921875,12129.16015625,12205.1904296875,185300000
2003-11-10,12156.6796875,12281.349609375,12070.009765625,12224.7900390625,196600000
2003-11-11,12003.6201171875,12105.26953125,11946.5302734375,12011.3603515625,227100000
2003-11-12,11971.48046875,12060.1396484375,11872.4404296875,12021.3603515625,221400000
2003-11-13,12227.5703125,12234.849609375,12082.51953125,12116.8603515625,235400000
2003-11-14,12203.5302734375,12267.08984375,12164.26953125,12219.580078125,159500000
2003-11-17,11997.01953125,12010.419921875,11911.849609375,11950.48046875,238900000
2003-11-18,12027.259765625,12049.5302734375,11828.650390625,11966.9599609375,294200000
2003-11-19,11872.990234375,11913.349609375,11797.669921875,11839.2998046875,286100000
2003-11-20,11845.41015625,11949.2900390625,11807.2998046875,11926.0400390625,225200000
2003-11-21,11839.7998046875,11840.1904296875,11661.4697265625,11718.509765625,248200000
2003-11-24,11848.5595703125,11889.4697265625,11793.8203125,11854.9697265625,130600000
2003-11-25,12008.0703125,12064.75,11974.009765625,12006.3095703125,199000000
2003-11-26,12086.669921875,12099.150390625,11943.9404296875,12010.7099609375,181100000
2003-11-27,12075.990234375,12131.6904296875,12015.3896484375,12075.9697265625,157300000
2003-11-28,12317.4697265625,12339.9404296875,12091.5302734375,12108.7900390625,304800000
2003-12-01,12456.990234375,12481.2802734375,12306.259765625,12306.259765625,304000000
2003-12-02,12412.23046875,12539.0,12403.6796875,12526.23046875,277400000
2003-12-03,12361.1796875,12480.599609375,12334.0498046875,12386.009765625,211500000
2003-12-04,12342.650390625,12400.599609375,12286.650390625,12379.9404296875,136300000
2003-12-05,12314.73046875,12367.150390625,12236.240234375,12309.5703125,156000000
2003-12-08,12177.4404296875,12214.6103515625,12124.0,12214.1904296875,149200000
2003-12-09,12393.6396484375,12418.7802734375,12227.83984375,12244.66015625,192300000
2003-12-10,12398.3798828125,12428.490234375,12310.08984375,12321.58984375,212700000
2003-12-11,12554.580078125,12590.23046875,12337.8203125,12343.8896484375,286300000
2003-12-12,12594.419921875,12674.080078125,12566.2802734375,12631.6298828125,250000000
2003-12-15,12520.169921875,12740.5,12504.2900390625,12705.419921875,258600000
2003-12-16,12260.330078125,12456.009765625,12166.98046875,12400.849609375,1664400000
2003-12-17,12193.1201171875,12337.5703125,12111.23046875,12315.23046875,364600000
2003-12-18,12240.25,12310.4404296875,12163.2001953125,12225.7802734375,238400000
2003-12-19,12371.75,12443.9697265625,12299.7001953125,12385.1904296875,220700000
2003-12-22,12487.990234375,12498.8798828125,12405.6396484375,12422.3203125,202400000
2003-12-23,12420.509765625,12545.0400390625,12416.009765625,12515.5,200900000
2003-12-24,12456.7001953125,12507.2802734375,12446.6103515625,12468.73046875,120800000
2003-12-29,12464.2900390625,12466.400390625,12336.73046875,12443.5595703125,153200000
2003-12-30,12526.740234375,12643.7998046875,12504.9697265625,12560.33984375,266800000
2003-12-31,12575.9404296875,12631.6904296875,12529.4296875,12529.830078125,138300000
2004-01-02,12801.48046875,12815.080078125,12664.990234375,12664.990234375,305600000
2004-01-05,13005.330078125,13009.400390625,12763.099609375,12844.58984375,363000000
2004-01-06,13036.3203125,13128.73046875,12975.5,13063.4501953125,440100000
2004-01-07,13157.6796875,13216.3603515625,13095.58984375,13122.990234375,381700000
2004-01-08,13203.58984375,13255.8095703125,13063.26953125,13184.4404296875,486100000
2004-01-09,13385.7998046875,13405.33984375,13233.26953125,13326.0498046875,651700000
2004-01-12,13352.2197265625,13414.650390625,13263.6103515625,13315.2900390625,391800000
2004-01-13,13396.650390625,13446.759765625,13162.490234375,13384.2998046875,372300000
2004-01-14,13320.8798828125,13398.6298828125,13282.1103515625,13289.1103515625,312600000
2004-01-15,13249.8095703125,13385.25,13198.919921875,13336.1796875,251500000
2004-01-16,13167.759765625,13290.3896484375,13136.919921875,13229.8896484375,307000000
2004-01-19,13253.3095703125,13253.3095703125,13098.259765625,13187.0,223100000
2004-01-20,13570.4296875,13584.1201171875,13268.6298828125,13280.26953125,406900000
2004-01-21,13750.580078125,13776.849609375,13631.419921875,13631.419921875,359300000
2004-01-26,13727.26953125,13764.5400390625,13666.08984375,13756.759765625,349400000
2004-01-27,13761.8798828125,13780.7099609375,13550.76953125,13737.5595703125,503600000
2004-01-28,13431.7802734375,13669.8798828125,13400.2900390625,13668.4296875,463600000
2004-01-29,13334.009765625,13340.91015625,13168.4296875,13226.8798828125,486000000
2004-01-30,13289.3701171875,13353.849609375,13225.330078125,13315.01953125,365200000
2004-02-02,12999.98046875,13158.259765625,12985.7001953125,13158.259765625,321600000
2004-02-03,13090.009765625,13094.8798828125,12877.08984375,12921.7802734375,344300000
2004-02-04,13086.73046875,13168.5,13036.1103515625,13058.0703125,247100000
2004-02-05,13030.9404296875,13116.98046875,12982.75,13063.0,196500000
2004-02-06,13309.599609375,13320.849609375,13070.2197265625,13070.2197265625,281000000
2004-02-09,13576.6796875,13586.259765625,13437.2099609375,13437.2099609375,356700000
2004-02-10,13515.66015625,13623.2998046875,13490.349609375,13558.2802734375,370000000
2004-02-11,13524.759765625,13659.3603515625,13478.6904296875,13592.6904296875,259000000
2004-02-12,13625.1298828125,13680.5498046875,13585.41015625,13680.5498046875,256100000
2004-02-13,13739.7998046875,13744.3798828125,13526.16015625,13587.41015625,422500000
2004-02-16,13831.5302734375,13857.98046875,13712.599609375,13727.9697265625,301100000
2004-02-17,13815.4404296875,13887.66015625,13713.7099609375,13854.490234375,278300000
2004-02-18,13928.3798828125,13984.3798828125,13879.5302734375,13948.740234375,324400000
2004-02-19,13867.2197265625,13940.2197265625,13813.3701171875,13871.330078125,359400000
2004-02-20,13868.3701171875,13925.580078125,13810.33984375,13889.6796875,273600000
2004-02-23,13765.0703125,13851.8203125,13691.08984375,13849.6796875,249700000
2004-02-24,13756.41015625,13889.8203125,13692.8896484375,13743.0703125,263200000
2004-02-25,13599.4697265625,13810.2197265625,13560.849609375,13773.1201171875,270200000
2004-02-26,13674.6396484375,13714.759765625,13601.9296875,13618.0595703125,211200000
2004-02-27,13907.0302734375,13934.75,13674.2900390625,13722.7099609375,352000000
2004-03-01,13918.650390625,14058.2099609375,13896.5703125,14021.3603515625,273000000
2004-03-02,13731.349609375,13906.4404296875,13706.099609375,13906.4404296875,265200000
2004-03-03,13454.08984375,13567.2099609375,13418.3896484375,13553.08984375,326800000
2004-03-04,13451.5595703125,13526.6796875,13402.669921875,13472.8896484375,266700000
2004-03-05,13454.759765625,13499.919921875,13402.8203125,13434.4404296875,220600000
2004-03-08,13573.5400390625,13677.6796875,13541.4697265625,13549.9404296875,372500000
2004-03-09,13397.25,13544.669921875,13360.1298828125,13544.669921875,285900000
2004-03-10,13214.2001953125,13312.0,13129.2001953125,13312.0,383100000
2004-03-11,13024.0595703125,13079.73046875,12979.759765625,12996.759765625,435800000
2004-03-12,12932.23046875,12932.75,12730.490234375,12809.669921875,424600000
2004-03-15,12919.41015625,13075.9599609375,12912.5498046875,13002.3203125,274400000
2004-03-16,12932.6201171875,12947.5,12791.41015625,12820.3701171875,203200000
2004-03-17,12975.7197265625,13033.75,12889.3701171875,12948.490234375,249000000
2004-03-18,12816.1904296875,13017.0595703125,12787.3203125,12998.6904296875,259700000
2004-03-19,12790.580078125,12851.1201171875,12715.9697265625,12792.669921875,349100000
2004-03-22,12550.91015625,12631.26953125,12529.48046875,12593.419921875,300500000
2004-03-23,12588.3603515625,12665.990234375,12424.3798828125,12437.169921875,298800000
2004-03-24,12678.1298828125,12699.33984375,12612.7802734375,12618.8701171875,295500000
2004-03-25,12520.2099609375,12611.58984375,12480.58984375,12579.919921875,335200000
2004-03-26,12483.240234375,12650.919921875,12470.8701171875,12647.7197265625,393400000
2004-03-29,12427.33984375,12505.849609375,12400.349609375,12493.3603515625,247500000
2004-03-30,12641.3896484375,12695.6298828125,12469.849609375,12555.9296875,322000000
2004-03-31,12681.669921875,12740.2197265625,12580.51953125,12706.7001953125,243900000
2004-04-01,12676.25,12701.6103515625,12609.7900390625,12679.4296875,217600000
2004-04-02,12731.759765625,12763.0498046875,12680.169921875,12727.1298828125,329000000
2004-04-06,12886.9697265625,12941.91015625,12833.2802734375,12886.1103515625,384400000
2004-04-07,12920.0498046875,12946.8701171875,12869.6201171875,12909.73046875,262000000
2004-04-08,12909.3701171875,12979.740234375,12858.8798828125,12919.0400390625,223500000
2004-04-13,13031.8095703125,13126.150390625,13014.5,13015.240234375,410200000
2004-04-14,12669.8603515625,12912.75,12664.240234375,12891.6796875,342200000
2004-04-15,12479.259765625,12657.009765625,12358.4599609375,12648.6396484375,565100000
2004-04-16,12458.3798828125,12510.099609375,12404.16015625,12422.169921875,361400000
2004-04-19,12450.0,12458.2197265625,12324.8095703125,12452.0,282100000
2004-04-20,12394.3701171875,12514.849609375,12346.8603515625,12492.990234375,315200000
2004-04-21,12227.2998046875,12303.169921875,12182.8203125,12290.900390625,361900000
2004-04-22,12167.7001953125,12318.8603515625,12091.259765625,12235.990234375,335100000
2004-04-23,12383.9404296875,12386.1396484375,12243.580078125,12296.7197265625,315100000
2004-04-26,12132.6796875,12309.4599609375,12091.01953125,12304.8701171875,346200000
2004-04-27,12154.91015625,12245.759765625,12064.5498046875,12141.8203125,238400000
2004-04-28,12165.3095703125,12245.3701171875,12143.669921875,12148.5,223900000
2004-04-29,12005.580078125,12042.0703125,11898.1796875,11969.41015625,385500000
2004-04-30,11942.9599609375,11987.150390625,11856.33984375,11898.5302734375,424700000
2004-05-03,11950.6201171875,11970.0498046875,11871.2802734375,11876.2001953125,176600000
2004-05-04,12098.2998046875,12154.1796875,11988.740234375,11988.740234375,343100000
2004-05-05,11950.4599609375,12115.23046875,11860.26953125,12115.23046875,324800000
2004-05-06,12010.3095703125,12128.900390625,11954.9697265625,11985.7197265625,289700000
2004-05-07,11910.759765625,11955.349609375,11835.259765625,11902.8701171875,246300000
2004-05-10,11485.5,11704.25,11448.75,11704.25,454100000
2004-05-11,11508.08984375,11530.419921875,11331.6904296875,11420.75,334600000
2004-05-12,11528.1796875,11662.2099609375,11495.3798828125,11590.91015625,412000000
2004-05-13,11396.9404296875,11535.990234375,11354.3603515625,11498.0302734375,299200000
2004-05-14,11276.8603515625,11450.8896484375,11245.66015625,11421.919921875,279500000
2004-05-17,10967.650390625,11265.26953125,10917.650390625,11207.25,424600000
2004-05-18,11072.3896484375,11132.6904296875,10981.2900390625,11033.419921875,364100000
2004-05-19,11469.41015625,11478.0703125,11227.4697265625,11227.4697265625,492300000
2004-05-20,11339.6201171875,11495.6103515625,11235.7900390625,11414.75,368100000
2004-05-21,11576.009765625,11602.26953125,11334.0703125,11350.2001953125,287200000
2004-05-24,11662.9697265625,11687.3798828125,11563.5400390625,11584.4296875,221400000
2004-05-25,11692.5595703125,11700.58984375,11512.6103515625,11616.5595703125,238800000
2004-05-27,11983.900390625,11993.580078125,11839.2900390625,11904.75,377500000
2004-05-28,12116.8701171875,12222.259765625,11999.6103515625,12089.5400390625,438700000
2004-05-31,12198.240234375,12199.400390625,11990.6298828125,12081.6796875,231400000
2004-06-01,12105.5498046875,12253.259765625,12076.919921875,12172.23046875,207000000
2004-06-02,12201.75,12234.7099609375,12064.1396484375,12075.0302734375,227600000
2004-06-03,11929.9296875,12236.2001953125,11844.7099609375,12200.51953125,361600000
2004-06-04,12022.6396484375,12034.509765625,11908.73046875,11965.599609375,213500000
2004-06-07,12326.849609375,12360.8095703125,12233.8896484375,12258.7197265625,346200000
2004-06-08,12344.16015625,12463.259765625,12319.919921875,12412.1298828125,292600000
2004-06-09,12339.9404296875,12426.6904296875,12283.5703125,12356.3798828125,247000000
2004-06-10,12422.8701171875,12458.9599609375,12235.5400390625,12283.7001953125,350400000
2004-06-11,12396.3896484375,12440.83984375,12336.5498046875,12439.1904296875,221700000
2004-06-14,12076.5703125,12538.650390625,12053.650390625,12430.2001953125,349800000
2004-06-15,12050.6904296875,12165.91015625,12001.91015625,12039.240234375,242400000
2004-06-16,12161.7802734375,12260.3798828125,12095.7001953125,12245.7099609375,198900000
2004-06-17,12082.8603515625,12201.830078125,12036.7197265625,12135.5703125,220800000
2004-06-18,11855.5498046875,11960.0498046875,11789.4501953125,11960.0498046875,346800000
2004-06-21,11845.58984375,11999.48046875,11781.8203125,11997.3203125,227300000
2004-06-23,11849.76953125,11919.6796875,11786.6396484375,11860.23046875,245700000
2004-06-24,12163.6796875,12177.349609375,11904.419921875,11923.990234375,363400000
2004-06-25,12185.51953125,12207.1201171875,12070.759765625,12159.8701171875,226900000
2004-06-28,12194.599609375,12229.7998046875,12092.8203125,12142.3603515625,178200000
2004-06-29,12116.2998046875,12190.5703125,12037.9599609375,12167.8203125,200200000
2004-06-30,12285.75,12328.48046875,12199.1796875,12199.1796875,317100000
2004-07-02,12220.1298828125,12246.75,12051.0498046875,12052.3603515625,256900000
2004-07-05,12252.1103515625,12258.099609375,12130.01953125,12160.2197265625,140200000
2004-07-06,12284.080078125,12336.6201171875,12210.3798828125,12274.1103515625,224300000
2004-07-07,12320.259765625,12343.6904296875,12166.0595703125,12174.599609375,258500000
2004-07-08,12119.75,12345.1796875,12114.91015625,12295.4697265625,222700000
2004-07-09,12202.259765625,12213.91015625,12117.4599609375,12157.25,183300000
2004-07-12,12191.009765625,12267.91015625,12170.169921875,12227.5498046875,175000000
2004-07-13,12078.330078125,12191.7197265625,12012.740234375,12191.7197265625,213600000
2004-07-14,11932.830078125,12133.2197265625,11915.4697265625,12062.41015625,259400000
2004-07-15,11939.41015625,11957.0498046875,11883.9296875,11931.8896484375,182500000
2004-07-16,12059.2001953125,12109.58984375,11862.6796875,11868.2001953125,189800000
2004-07-19,12166.9501953125,12172.9697265625,12033.2197265625,12079.4296875,190200000
2004-07-20,12123.6298828125,12137.8798828125,12051.9697265625,12098.1103515625,199200000
2004-07-21,12395.1103515625,12399.3701171875,12248.099609375,12248.099609375,416100000
2004-07-22,12320.2099609375,12344.7802734375,12245.8203125,12295.2001953125,211900000
2004-07-23,12352.990234375,12387.9599609375,12286.01953125,12286.01953125,191700000
2004-07-26,12319.830078125,12322.33984375,12218.58984375,12242.599609375,149500000
2004-07-27,12301.3203125,12358.6103515625,12250.169921875,12273.650390625,222400000
2004-07-28,12320.26953125,12382.0302734375,12292.33984375,12378.08984375,156800000
2004-07-29,12183.099609375,12284.3203125,12084.6796875,12265.51953125,233000000
2004-07-30,12238.0302734375,12344.9599609375,12223.8701171875,12290.5703125,277500000
2004-08-02,12201.3896484375,12236.830078125,12131.759765625,12233.6298828125,178900000
2004-08-03,12357.1201171875,12425.4296875,12279.6396484375,12405.2998046875,254500000
2004-08-04,12280.259765625,12322.33984375,12174.08984375,12269.98046875,304800000
2004-08-05,12491.919921875,12518.5498046875,12315.6396484375,12319.330078125,311300000
2004-08-06,12478.6796875,12503.2197265625,12391.8701171875,12403.0,268400000
2004-08-09,12467.41015625,12534.6396484375,12415.099609375,12420.73046875,161500000
2004-08-10,12408.0400390625,12503.4697265625,12367.6796875,12455.490234375,200400000
2004-08-11,12343.1298828125,12482.7900390625,12324.01953125,12477.41015625,231500000
2004-08-12,12413.4296875,12431.01953125,12271.8896484375,12342.3203125,283300000
2004-08-13,12359.830078125,12367.33984375,12278.9296875,12347.3603515625,273000000
2004-08-16,12219.75,12338.8603515625,12150.7099609375,12320.76953125,257900000
2004-08-17,12256.1201171875,12319.5703125,12220.5703125,12278.6904296875,166200000
2004-08-18,12228.5400390625,12269.3603515625,12194.41015625,12209.51953125,142500000
2004-08-19,12396.669921875,12428.76953125,12289.8798828125,12296.580078125,308400000
2004-08-20,12376.900390625,12418.3095703125,12320.419921875,12358.5595703125,211600000
2004-08-23,12431.76953125,12452.0703125,12385.75,12413.76953125,220500000
2004-08-24,12646.490234375,12657.41015625,12409.3798828125,12424.33984375,348600000
2004-08-25,12793.0302734375,12819.6396484375,12666.759765625,12666.759765625,459600000
2004-08-26,12784.3896484375,12843.8603515625,12720.76953125,12793.080078125,331200000
2004-08-27,12818.419921875,12898.01953125,12765.080078125,12765.080078125,325600000
2004-08-30,12877.7802734375,12901.08984375,12802.1298828125,12806.6396484375,230500000
2004-08-31,12850.2802734375,12904.240234375,12806.849609375,12833.349609375,203300000
2004-09-01,13023.8701171875,13042.58984375,12924.1298828125,12924.1298828125,318800000
2004-09-02,12999.0703125,13088.419921875,12979.8701171875,13026.7099609375,271300000
2004-09-03,12948.099609375,13074.849609375,12934.919921875,13060.5595703125,268500000
2004-09-06,13104.33984375,13107.3701171875,12942.669921875,12964.7001953125,335600000
2004-09-07,13136.0400390625,13146.419921875,13058.01953125,13102.9697265625,250700000
2004-09-08,13049.9599609375,13190.3896484375,13013.650390625,13161.8095703125,367400000
2004-09-09,12942.2001953125,13080.7001953125,12905.849609375,13019.9599609375,286500000
2004-09-10,13003.990234375,13008.0,12865.0595703125,12945.5,337600000
2004-09-13,13139.5703125,13143.4501953125,13059.1796875,13079.3896484375,267800000
2004-09-14,13148.0595703125,13172.0703125,13090.23046875,13147.9501953125,232100000
2004-09-15,13084.400390625,13127.9404296875,13007.6298828125,13127.3896484375,249000000
2004-09-16,13209.83984375,13223.509765625,13044.419921875,13044.419921875,329000000
2004-09-17,13224.9296875,13254.2099609375,13184.3798828125,13243.150390625,892800000
2004-09-20,13221.330078125,13284.009765625,13173.51953125,13236.48046875,464500000
2004-09-21,13304.48046875,13311.3603515625,13154.990234375,13212.349609375,416900000
2004-09-22,13272.23046875,13356.8798828125,13265.169921875,13314.080078125,569700000
2004-09-23,13280.4296875,13282.8603515625,13179.1298828125,13198.7900390625,371500000
2004-09-24,13066.83984375,13253.330078125,13035.16015625,13236.25,404200000
2004-09-27,13021.900390625,13067.759765625,12908.099609375,13053.599609375,318900000
2004-09-28,12950.7998046875,12967.0703125,12884.400390625,12933.3203125,299300000
2004-09-30,13120.0302734375,13154.91015625,13052.3798828125,13056.7998046875,361000000
2004-10-04,13359.25,13402.9599609375,13323.2900390625,13347.169921875,546700000
2004-10-05,13331.099609375,13366.8701171875,13304.169921875,13366.8701171875,307400000
2004-10-06,13271.5703125,13398.76953125,13271.5498046875,13378.3701171875,269400000
2004-10-07,13321.73046875,13334.6103515625,13268.76953125,13333.330078125,204200000
2004-10-08,13241.4599609375,13380.51953125,13186.2099609375,13291.2802734375,391200000
2004-10-11,13305.1298828125,13321.5400390625,13158.5400390625,13240.849609375,276800000
2004-10-12,13251.58984375,13286.080078125,13186.9697265625,13244.400390625,271600000
2004-10-13,13171.580078125,13301.330078125,13093.98046875,13242.0302734375,386300000
2004-10-14,13035.3798828125,13068.7099609375,12982.2900390625,13024.83984375,281200000
2004-10-15,13059.4296875,13094.5595703125,13012.83984375,13021.580078125,190300000
2004-10-18,13034.740234375,13089.4404296875,12989.830078125,13074.73046875,158300000
2004-10-19,13154.5498046875,13155.3701171875,13042.6201171875,13108.2197265625,191000000
2004-10-20,12999.1298828125,13095.8798828125,12954.8701171875,13094.150390625,266300000
2004-10-21,13015.2001953125,13037.75,12945.2998046875,12997.4404296875,243000000
2004-10-25,12818.099609375,12846.75,12743.419921875,12816.080078125,435000000
2004-10-26,12852.349609375,12867.509765625,12810.759765625,12841.080078125,281100000
2004-10-27,12838.7099609375,12918.4501953125,12836.490234375,12880.990234375,240900000
2004-10-28,13113.150390625,13141.2998046875,12973.3603515625,12973.66015625,412800000
2004-10-29,13054.66015625,13098.5400390625,13025.0703125,13027.1201171875,409100000
2004-11-01,13094.25,13105.080078125,13001.3203125,13039.400390625,198400000
2004-11-02,13308.740234375,13313.169921875,13160.080078125,13160.080078125,386300000
2004-11-03,13397.669921875,13427.3701171875,13270.2001953125,13316.1201171875,352700000
2004-11-04,13369.08984375,13485.8896484375,13319.6904296875,13485.8896484375,308500000
2004-11-05,13494.9501953125,13536.8701171875,13461.1103515625,13497.9501953125,362400000
2004-11-08,13561.490234375,13573.8701171875,13463.7197265625,13536.2099609375,258300000
2004-11-09,13516.669921875,13579.400390625,13486.2900390625,13542.0498046875,256300000
2004-11-10,13672.3701171875,13672.3701171875,13530.330078125,13563.4697265625,388800000
2004-11-11,13624.509765625,13684.8798828125,13587.23046875,13657.0400390625,431500000
2004-11-12,13784.4599609375,13822.1103515625,13747.5595703125,13750.23046875,433000000
2004-11-15,13932.2197265625,13950.9404296875,13887.91015625,13906.990234375,458200000
2004-11-16,13746.080078125,13926.6201171875,13726.7900390625,13926.6201171875,559100000
2004-11-17,13824.98046875,13858.6298828125,13770.26953125,13787.3896484375,469000000
2004-11-18,13799.8203125,13882.6904296875,13784.8603515625,13853.73046875,346000000
2004-11-19,13787.6796875,13870.7099609375,13751.2998046875,13853.330078125,289200000
2004-11-22,13800.599609375,13803.5,13629.7802734375,13646.8095703125,296800000
2004-11-23,14023.2900390625,14048.6904296875,13784.0498046875,13809.3798828125,429600000
2004-11-24,13997.01953125,14091.8896484375,13942.349609375,14001.0302734375,435100000
2004-11-25,13926.6103515625,14054.7099609375,13867.9599609375,14009.0703125,357200000
2004-11-26,13895.0302734375,14009.1298828125,13856.099609375,13922.169921875,396700000
2004-11-29,14066.91015625,14111.3203125,13975.1904296875,13979.330078125,314600000
2004-11-30,14060.0498046875,14137.3203125,14015.7099609375,14059.849609375,764500000
2004-12-01,14162.7998046875,14162.7998046875,13936.509765625,14005.91015625,338000000
2004-12-02,14261.7900390625,14339.0595703125,14226.2001953125,14311.9501953125,456500000
2004-12-03,14211.83984375,14282.1796875,14149.6904296875,14264.4404296875,419000000
2004-12-06,14256.8603515625,14287.5498046875,14165.650390625,14256.009765625,308200000
2004-12-07,14235.7802734375,14317.3095703125,14184.0,14196.58984375,364400000
2004-12-08,14022.3203125,14214.009765625,13984.2099609375,14156.7099609375,400500000
2004-12-09,14008.8203125,14063.66015625,13910.150390625,14009.240234375,421000000
2004-12-10,13901.8095703125,14025.0703125,13869.5302734375,13965.0595703125,317600000
2004-12-13,13886.16015625,13906.669921875,13760.1103515625,13875.3701171875,315200000
2004-12-14,14043.51953125,14059.330078125,13950.509765625,13965.0703125,421600000
2004-12-15,14078.5400390625,14133.2099609375,13997.009765625,14054.009765625,437600000
2004-12-16,14024.6298828125,14137.3798828125,13977.419921875,14104.25,290400000
2004-12-17,13992.4404296875,14032.4296875,13905.400390625,14013.490234375,236600000
2004-12-20,14214.0400390625,14229.669921875,13957.25,14000.1796875,318400000
2004-12-21,14180.7900390625,14259.9404296875,14135.73046875,14235.3798828125,217400000
2004-12-22,14151.080078125,14219.330078125,14117.2998046875,14212.7001953125,200200000
2004-12-23,14235.2998046875,14254.849609375,14134.1396484375,14165.6396484375,187800000
2004-12-24,14194.900390625,14230.16015625,14178.400390625,14215.75,102200000
2004-12-28,14196.9501953125,14234.58984375,14096.8203125,14147.9296875,228500000
2004-12-29,14266.3798828125,14333.240234375,14226.6103515625,14277.5302734375,201200000
2004-12-30,14163.5498046875,14304.580078125,14158.73046875,14262.33984375,230200000
2004-12-31,14230.1396484375,14248.6396484375,14168.240234375,14184.830078125,149800000
2005-01-03,14237.419921875,14267.2099609375,14150.01953125,14216.0400390625,145600000
2005-01-04,14045.900390625,14198.509765625,13991.2001953125,14198.509765625,397500000
2005-01-05,13764.3603515625,13941.1298828125,13709.580078125,13939.01953125,530200000
2005-01-06,13712.0400390625,13789.150390625,13672.5595703125,13718.7900390625,418800000
2005-01-07,13574.8603515625,13771.4501953125,13403.0,13698.16015625,571200000
2005-01-10,13531.3896484375,13605.01953125,13435.4296875,13573.419921875,317400000
2005-01-11,13509.25,13649.4296875,13455.3095703125,13609.3095703125,340800000
2005-01-12,13565.3095703125,13565.3095703125,13352.7099609375,13456.5400390625,337000000
2005-01-13,13573.2802734375,13631.41015625,13533.009765625,13570.2197265625,396300000
2005-01-14,13494.7802734375,13582.5400390625,13411.3095703125,13509.4599609375,473400000
2005-01-17,13621.650390625,13636.76953125,13528.1103515625,13529.080078125,261000000
2005-01-18,13604.2197265625,13621.9599609375,13489.990234375,13621.9599609375,289800000
2005-01-19,13678.6298828125,13700.9404296875,13586.33984375,13634.009765625,304000000
2005-01-20,13543.58984375,13585.669921875,13500.580078125,13550.98046875,460300000
2005-01-21,13481.01953125,13518.6904296875,13432.4599609375,13495.9296875,476200000
2005-01-24,13386.990234375,13483.1298828125,13320.5302734375,13449.8798828125,450800000
2005-01-25,13584.0595703125,13594.8603515625,13356.240234375,13378.83984375,319800000
2005-01-26,13623.6796875,13652.4501953125,13558.0302734375,13599.2001953125,365600000
2005-01-27,13628.91015625,13750.48046875,13596.41015625,13636.740234375,374400000
2005-01-28,13650.0595703125,13679.3095703125,13559.98046875,13633.6796875,268400000
2005-01-31,13721.6904296875,13762.8603515625,13581.1904296875,13625.23046875,352600000
2005-02-01,13578.259765625,13736.6396484375,13522.4296875,13714.419921875,407300000
2005-02-02,13555.7998046875,13607.8798828125,13454.400390625,13573.6396484375,321800000
2005-02-03,13515.330078125,13586.849609375,13456.1396484375,13525.8896484375,404900000
2005-02-04,13585.169921875,13623.599609375,13470.48046875,13495.7099609375,425700000
2005-02-07,13795.0,13816.8603515625,13749.080078125,13749.080078125,383200000
2005-02-08,13845.6298828125,13863.990234375,13788.330078125,13806.5595703125,218200000
2005-02-14,14017.23046875,14043.9404296875,13943.4599609375,14006.5400390625,426000000
2005-02-15,13995.830078125,14065.66015625,13978.240234375,14042.3798828125,304100000
2005-02-16,14015.490234375,14044.830078125,13962.48046875,14029.5,302000000
2005-02-17,13967.8203125,14037.6201171875,13936.6298828125,14024.1298828125,256400000
2005-02-18,14087.8701171875,14093.4296875,13898.919921875,13933.919921875,323300000
2005-02-21,14111.650390625,14113.9296875,14045.7099609375,14072.41015625,282800000
2005-02-22,14090.51953125,14118.23046875,14022.0595703125,14095.8896484375,296100000
2005-02-23,13957.9404296875,13964.759765625,13907.5400390625,13933.7197265625,357000000
2005-02-24,14060.91015625,14060.91015625,13956.1396484375,13970.6396484375,301500000
2005-02-25,14157.08984375,14207.5302734375,14103.1201171875,14103.1201171875,418000000
2005-02-28,14195.349609375,14272.5400390625,14141.7802734375,14204.8603515625,398300000
2005-03-01,14061.150390625,14085.849609375,13954.580078125,14031.2197265625,274500000
2005-03-02,13850.7802734375,14066.759765625,13817.4599609375,14039.849609375,375800000
2005-03-03,13892.3701171875,13909.1103515625,13785.3896484375,13816.8203125,277100000
2005-03-04,13730.7802734375,13922.4296875,13692.3896484375,13906.009765625,395800000
2005-03-07,13771.9501953125,13872.6201171875,13749.25,13829.83984375,250700000
2005-03-08,13881.7099609375,13889.4296875,13736.1796875,13763.1396484375,303200000
2005-03-09,13941.4697265625,13996.4599609375,13871.26953125,13915.3603515625,299300000
2005-03-10,13856.01953125,13874.2099609375,13742.240234375,13811.3603515625,482500000
2005-03-11,13890.9296875,13909.2900390625,13781.419921875,13859.8896484375,350900000
2005-03-14,13906.849609375,13935.1103515625,13816.25,13832.9404296875,286100000
2005-03-15,13816.75,13886.830078125,13763.5400390625,13886.830078125,316200000
2005-03-16,13832.51953125,13838.23046875,13647.0595703125,13709.849609375,344700000
2005-03-17,13817.990234375,13858.419921875,13699.7099609375,13723.25,340100000
2005-03-18,13828.3701171875,13907.0595703125,13779.76953125,13865.0498046875,281000000
2005-03-21,13834.349609375,13865.1201171875,13786.7900390625,13822.9501953125,171000000
2005-03-22,13776.4697265625,13822.8798828125,13757.650390625,13800.830078125,264300000
2005-03-23,13603.6103515625,13643.990234375,13564.6103515625,13602.900390625,387000000
2005-03-24,13597.099609375,13612.98046875,13547.83984375,13591.9404296875,300000000
2005-03-29,13411.8798828125,13552.099609375,13380.91015625,13552.099609375,401300000
2005-03-30,13425.75,13460.009765625,13357.169921875,13404.599609375,312000000
2005-03-31,13516.8798828125,13556.1396484375,13482.490234375,13515.3798828125,427800000
2005-04-01,13491.349609375,13518.6298828125,13397.599609375,13495.66015625,323900000
2005-04-04,13513.41015625,13545.3095703125,13436.9599609375,13474.3603515625,287600000
2005-04-06,13562.259765625,13612.0400390625,13505.7802734375,13537.3798828125,355900000
2005-04-07,13602.349609375,13619.8701171875,13538.400390625,13605.419921875,264300000
2005-04-08,13666.7197265625,13686.990234375,13636.349609375,13670.7900390625,245700000
2005-04-11,13659.9296875,13668.0,13606.3896484375,13614.0498046875,242400000
2005-04-12,13658.0498046875,13678.6396484375,13622.7099609375,13660.650390625,165600000
2005-04-13,13799.6201171875,13808.509765625,13665.400390625,13695.6796875,230200000
2005-04-14,13772.400390625,13788.6796875,13707.669921875,13741.169921875,323500000
2005-04-15,13638.75,13672.740234375,13579.16015625,13672.740234375,299400000
2005-04-18,13355.23046875,13424.66015625,13337.4404296875,13382.01953125,502100000
2005-04-19,13444.08984375,13503.2900390625,13428.3896484375,13430.150390625,224700000
2005-04-20,13501.6298828125,13567.9404296875,13489.1298828125,13534.240234375,187100000
2005-04-21,13597.3095703125,13639.8603515625,13401.8603515625,13407.5703125,312400000
2005-04-22,13693.5498046875,13727.4404296875,13649.5,13684.58984375,300300000
2005-04-25,13750.23046875,13802.4296875,13711.3896484375,13744.4501953125,256000000
2005-04-26,13859.580078125,13919.51953125,13719.8095703125,13768.73046875,389300000
2005-04-27,13839.6396484375,13847.3896484375,13799.650390625,13832.8095703125,177700000
2005-04-28,13909.419921875,13956.51953125,13813.6796875,13813.6796875,339900000
2005-04-29,13908.9697265625,13913.099609375,13801.1796875,13829.4501953125,309000000
2005-05-03,13893.98046875,13994.66015625,13877.919921875,13969.6396484375,231400000
2005-05-04,13945.0498046875,13981.7802734375,13917.7001953125,13958.1796875,245300000
2005-05-05,14061.7001953125,14110.2900390625,14021.9296875,14056.9296875,313200000
2005-05-06,14033.9599609375,14095.849609375,14004.0703125,14041.2900390625,272600000
2005-05-09,14085.08984375,14106.5302734375,14006.849609375,14068.259765625,283400000
2005-05-10,14018.3798828125,14112.6103515625,13991.1904296875,14097.1904296875,235400000
2005-05-11,13939.7998046875,13973.6201171875,13895.26953125,13959.2900390625,207000000
2005-05-12,13968.2802734375,13984.349609375,13928.0703125,13968.9501953125,194100000
2005-05-13,13866.8095703125,13921.419921875,13841.8603515625,13907.16015625,223800000
2005-05-17,13667.0302734375,13863.16015625,13626.6396484375,13861.599609375,401400000
2005-05-18,13627.009765625,13668.4296875,13590.0498046875,13648.259765625,271600000
2005-05-19,13698.9296875,13747.9697265625,13645.080078125,13676.8701171875,253500000
2005-05-20,13717.419921875,13723.8203125,13642.83984375,13715.650390625,201000000
2005-05-23,13699.1298828125,13730.08984375,13632.23046875,13730.08984375,164000000
2005-05-24,13719.3203125,13726.150390625,13677.33984375,13703.1396484375,158200000
2005-05-25,13562.0595703125,13717.0703125,13542.48046875,13715.08984375,294300000
2005-05-26,13569.990234375,13590.6103515625,13541.76953125,13569.259765625,182600000
2005-05-27,13714.7802734375,13739.2001953125,13669.2001953125,13671.6396484375,218400000
2005-05-30,13845.099609375,13851.330078125,13684.51953125,13741.2802734375,255900000
2005-05-31,13867.0703125,13932.919921875,13779.7998046875,13815.73046875,348600000
2005-06-01,13873.0703125,13895.330078125,13813.6904296875,13817.26953125,302400000
2005-06-02,13814.580078125,13946.009765625,13779.7998046875,13942.9599609375,325200000
2005-06-03,13818.4501953125,13870.490234375,13792.650390625,13821.9501953125,297800000
2005-06-06,13860.5498046875,13862.6201171875,13745.6796875,13768.0302734375,265800000
2005-06-07,13837.2900390625,13846.2998046875,13800.08984375,13806.0,258100000
2005-06-08,13898.5498046875,13938.7900390625,13842.009765625,13868.1396484375,421800000
2005-06-09,13898.3095703125,13984.33984375,13876.580078125,13884.2197265625,419300000
2005-06-10,13934.759765625,13972.7099609375,13916.8603515625,13927.009765625,326600000
2005-06-13,13952.01953125,13978.6396484375,13898.4599609375,13948.419921875,209900000
2005-06-14,13904.8095703125,13999.0595703125,13901.490234375,13954.740234375,299700000
2005-06-15,13914.2998046875,13953.0302734375,13870.23046875,13932.849609375,285000000
2005-06-16,13833.5302734375,13909.75,13801.419921875,13909.75,258600000
2005-06-17,13912.0302734375,13926.58984375,13847.5,13866.7900390625,412300000
2005-06-20,13945.76953125,13966.91015625,13908.7001953125,13928.7099609375,246100000
2005-06-21,13979.349609375,13983.48046875,13890.7802734375,13935.2900390625,276500000
2005-06-22,14161.01953125,14183.3896484375,13995.6396484375,13995.6396484375,666200000
2005-06-23,14190.4404296875,14233.8095703125,14157.009765625,14197.009765625,543900000
2005-06-24,14230.2900390625,14230.2900390625,14108.3896484375,14141.66015625,536800000
2005-06-27,14176.0400390625,14202.98046875,14142.1396484375,14142.490234375,319800000
2005-06-28,14287.4404296875,14287.4404296875,14174.7900390625,14206.8095703125,602400000
2005-06-29,14277.2802734375,14365.0498046875,14247.0400390625,14313.990234375,543700000
2005-06-30,14201.0595703125,14310.76953125,14154.7001953125,14281.4697265625,406400000
2005-07-04,14177.8701171875,14188.4697265625,14122.9697265625,14188.349609375,362900000
2005-07-05,14124.7998046875,14161.0,14101.5595703125,14146.4404296875,333200000
2005-07-06,14149.9296875,14202.08984375,14126.8603515625,14170.7099609375,427300000
2005-07-07,14030.8095703125,14156.919921875,14006.75,14146.240234375,482300000
2005-07-08,13964.4697265625,14053.2099609375,13920.8701171875,14014.7998046875,340700000
2005-07-11,14157.240234375,14157.240234375,14047.009765625,14065.33984375,339000000
2005-07-12,14146.9501953125,14215.48046875,14094.7001953125,14214.8798828125,332200000
2005-07-13,14307.2998046875,14308.3701171875,14140.400390625,14170.3095703125,378500000
2005-07-14,14491.5400390625,14497.4296875,14389.3701171875,14389.3701171875,616900000
2005-07-15,14504.2900390625,14550.169921875,14444.580078125,14489.83984375,658500000
2005-07-18,14567.0,14578.6904296875,14487.8701171875,14496.5498046875,325600000
2005-07-19,14567.740234375,14625.080078125,14493.26953125,14493.26953125,454200000
2005-07-20,14602.7001953125,14673.830078125,14567.01953125,14584.0595703125,428100000
2005-07-21,14620.1396484375,14691.740234375,14560.4599609375,14660.759765625,404300000
2005-07-22,14786.4599609375,14800.3095703125,14655.4404296875,14744.51953125,593100000
2005-07-25,14794.0302734375,14841.580078125,14768.7802734375,14794.9296875,388300000
2005-07-26,14769.9296875,14840.4404296875,14744.3896484375,14818.7900390625,289100000
2005-07-27,14801.8603515625,14828.01953125,14743.6904296875,14786.9501953125,374500000
2005-07-28,14813.3203125,14899.7099609375,14771.16015625,14836.2998046875,352600000
2005-07-29,14880.98046875,14892.2900390625,14838.16015625,14863.509765625,413000000
2005-08-01,14978.8798828125,14989.4697265625,14841.1201171875,14892.73046875,331900000
2005-08-02,15137.080078125,15167.7197265625,15046.83984375,15068.2197265625,555000000
2005-08-03,15118.5,15201.8203125,15035.3701171875,15197.0595703125,537300000
2005-08-04,15111.5400390625,15186.1103515625,15076.4501953125,15101.599609375,412100000
2005-08-05,15051.3203125,15083.509765625,14972.51953125,15054.6298828125,342400000
2005-08-08,15108.9404296875,15117.91015625,15024.5400390625,15033.98046875,226900000
2005-08-09,15047.83984375,15161.7900390625,15029.3896484375,15137.6396484375,339800000
2005-08-10,15346.41015625,15346.41015625,15095.9599609375,15113.8603515625,479400000
2005-08-11,15445.2001953125,15477.1396484375,15330.9501953125,15432.740234375,615200000
2005-08-12,15450.9501953125,15480.7998046875,15398.2998046875,15459.169921875,412000000
2005-08-15,15466.0595703125,15482.150390625,15391.5703125,15435.490234375,282300000
2005-08-16,15443.6201171875,15508.5703125,15394.73046875,15455.7099609375,322900000
2005-08-17,15449.580078125,15449.580078125,15309.5,15331.08984375,398700000
2005-08-18,15148.08984375,15455.169921875,15101.73046875,15442.509765625,516700000
2005-08-19,15038.6103515625,15173.5,15001.4404296875,15123.259765625,391600000
2005-08-22,15218.6298828125,15225.58984375,15049.91015625,15093.1796875,277300000
2005-08-23,14973.8896484375,15244.900390625,14938.0498046875,15222.490234375,364400000
2005-08-24,14873.849609375,14969.5,14861.4296875,14934.98046875,286600000
2005-08-25,14889.099609375,14963.73046875,14832.0,14844.1796875,289200000
2005-08-26,14982.8896484375,14991.6396484375,14863.0400390625,14942.8203125,274600000
2005-08-29,14836.9697265625,14861.48046875,14734.4296875,14851.6796875,317400000
2005-08-30,14922.2197265625,14976.4697265625,14831.900390625,14870.1904296875,240300000
2005-08-31,14903.5498046875,14927.0498046875,14796.509765625,14853.6396484375,382700000
2005-09-01,15143.75,15149.6103515625,15014.76953125,15031.51953125,412200000
2005-09-02,15221.8896484375,15249.150390625,15131.0400390625,15197.8701171875,285900000
2005-09-05,15227.830078125,15244.0400390625,15179.759765625,15231.76953125,159700000
2005-09-06,15160.7802734375,15307.650390625,15038.650390625,15287.7001953125,248200000
2005-09-07,15224.5703125,15271.2099609375,15205.990234375,15247.919921875,242800000
2005-09-08,15166.169921875,15257.5302734375,15156.91015625,15257.5302734375,286600000
2005-09-09,15165.76953125,15188.4296875,15081.2802734375,15168.5703125,246400000
2005-09-12,15199.7900390625,15240.8896484375,15186.5703125,15240.400390625,183500000
2005-09-13,15070.5595703125,15192.919921875,15052.580078125,15159.0,259700000
2005-09-14,15086.6201171875,15097.2998046875,14979.650390625,15059.91015625,272600000
2005-09-15,15041.01953125,15129.58984375,14990.0498046875,15092.4296875,238100000
2005-09-16,14983.2001953125,15035.4501953125,14965.98046875,15033.080078125,281700000
2005-09-20,15241.8603515625,15252.83984375,14943.6103515625,14994.76953125,424600000
2005-09-21,15223.6201171875,15271.91015625,15162.599609375,15207.080078125,338200000
2005-09-22,15179.9501953125,15194.009765625,15119.990234375,15144.5498046875,297800000
2005-09-23,15143.9697265625,15169.8798828125,15045.5400390625,15169.0400390625,269900000
2005-09-26,15274.3095703125,15279.0400390625,15127.990234375,15166.16015625,293100000
2005-09-27,15189.8798828125,15312.3603515625,15163.669921875,15286.51953125,253600000
2005-09-28,15221.4599609375,15269.0400390625,15164.8603515625,15186.1298828125,312600000
2005-09-29,15431.25,15432.9501953125,15241.490234375,15248.8701171875,378800000
2005-09-30,15428.51953125,15470.509765625,15394.6796875,15449.2998046875,351300000
2005-10-03,15394.3896484375,15452.2802734375,15369.23046875,15399.8701171875,270500000
2005-10-04,15382.2099609375,15493.0,15382.2099609375,15397.3798828125,317200000
2005-10-05,15161.0302734375,15317.080078125,15137.51953125,15317.080078125,427000000
2005-10-06,14839.2998046875,14945.9697265625,14823.0,14943.2197265625,553000000
2005-10-07,14847.7900390625,14899.23046875,14798.91015625,14857.1904296875,453700000
2005-10-10,14898.76953125,14933.9296875,14852.330078125,14898.83984375,280200000
2005-10-12,14575.01953125,14933.1201171875,14557.51953125,14880.4599609375,547700000
2005-10-13,14621.830078125,14644.66015625,14508.5400390625,14527.01953125,339500000
2005-10-14,14485.8798828125,14577.3701171875,14439.1298828125,14577.3701171875,433300000
2005-10-17,14541.349609375,14572.6796875,14449.3798828125,14551.740234375,310200000
2005-10-18,14597.400390625,14649.7099609375,14563.51953125,14585.849609375,281000000
2005-10-19,14372.759765625,14463.0703125,14345.8701171875,14434.73046875,439400000
2005-10-20,14408.9404296875,14524.66015625,14398.9697265625,14477.5400390625,357200000
2005-10-21,14487.849609375,14491.9404296875,14308.6103515625,14364.6796875,507700000
2005-10-24,14402.349609375,14505.5595703125,14321.6103515625,14470.669921875,290200000
2005-10-25,14424.8798828125,14566.099609375,14422.400390625,14566.0498046875,319800000
2005-10-26,14458.1396484375,14474.16015625,14361.759765625,14446.9697265625,394400000
2005-10-27,14381.0595703125,14484.3203125,14376.8603515625,14475.66015625,271000000
2005-10-28,14215.830078125,14295.8896484375,14189.4697265625,14282.08984375,382700000
2005-10-31,14386.3701171875,14393.2802734375,14255.9296875,14313.419921875,268500000
2005-11-01,14572.259765625,14591.419921875,14470.580078125,14485.349609375,395000000
2005-11-02,14597.48046875,14604.5,14544.650390625,14583.08984375,270300000
2005-11-03,14601.58984375,14649.8603515625,14546.8798828125,14626.6103515625,264700000
2005-11-04,14585.7900390625,14668.5302734375,14536.2802734375,14660.33984375,254600000
2005-11-07,14365.7900390625,14503.4697265625,14353.900390625,14498.83984375,310800000
2005-11-08,14403.2001953125,14435.240234375,14317.509765625,14420.5498046875,259500000
2005-11-09,14597.5498046875,14626.599609375,14417.4697265625,14440.6103515625,329400000
2005-11-10,14633.330078125,14642.849609375,14567.5498046875,14586.009765625,251800000
2005-11-11,14740.599609375,14808.4697265625,14655.73046875,14668.23046875,322700000
2005-11-14,14629.490234375,14772.9296875,14541.990234375,14760.400390625,273000000
2005-11-15,14627.41015625,14671.01953125,14518.75,14573.51953125,254900000
2005-11-16,14650.5400390625,14683.990234375,14603.7001953125,14632.400390625,217700000
2005-11-17,14787.98046875,14788.6201171875,14620.419921875,14672.7998046875,331400000
2005-11-18,14883.3203125,14924.6201171875,14865.8095703125,14915.0,381000000
2005-11-21,14885.5703125,14942.0703125,14843.8701171875,14939.7001953125,242600000
2005-11-22,14885.650390625,14897.7998046875,14806.9599609375,14881.919921875,197100000
2005-11-23,15062.349609375,15071.23046875,14925.7197265625,14961.9296875,393800000
2005-11-24,15084.3896484375,15117.8798828125,15042.2998046875,15111.0302734375,262100000
2005-11-25,15081.4697265625,15100.9404296875,15027.759765625,15053.919921875,231700000
2005-11-28,15100.0,15133.8798828125,15073.5498046875,15099.6298828125,183600000
2005-11-29,15028.759765625,15062.01953125,14958.7802734375,15058.990234375,226500000
2005-11-30,14937.1396484375,15072.83984375,14936.900390625,15028.740234375,304300000
2005-12-01,15068.0302734375,15068.0302734375,14866.099609375,14881.2197265625,412200000
2005-12-02,15200.3798828125,15232.3203125,15129.2900390625,15178.099609375,377900000
2005-12-05,15158.8203125,15208.8603515625,15145.150390625,15208.8603515625,222800000
2005-12-06,14990.6103515625,15161.8798828125,14967.7802734375,15156.83984375,376200000
2005-12-07,15134.9501953125,15134.9501953125,14960.2197265625,15026.919921875,335200000
2005-12-08,14879.16015625,15095.1796875,14860.5400390625,15095.1796875,348500000
2005-12-09,14910.509765625,14953.33984375,14870.9599609375,14905.5703125,232200000
2005-12-12,14984.400390625,15079.9599609375,14972.0595703125,14991.6201171875,199300000
2005-12-13,14942.6201171875,14995.6298828125,14863.83984375,14981.23046875,330100000
2005-12-14,14976.259765625,14981.4501953125,14867.7197265625,14981.4501953125,278900000
2005-12-15,15059.01953125,15078.919921875,15025.5400390625,15039.6298828125,318900000
2005-12-16,15029.8095703125,15078.3701171875,14967.7802734375,15077.98046875,306400000
2005-12-19,15182.8896484375,15200.1103515625,15044.900390625,15044.900390625,310400000
2005-12-20,15169.169921875,15200.7001953125,15128.58984375,15172.1298828125,251000000
2005-12-21,15221.419921875,15272.7197265625,15210.9296875,15219.26953125,243300000
2005-12-22,15182.5302734375,15252.4501953125,15170.919921875,15251.099609375,243700000
2005-12-23,15183.580078125,15226.0302734375,15182.6396484375,15208.83984375,164200000
2005-12-28,15101.5400390625,15173.48046875,15049.41015625,15076.9404296875,215900000
2005-12-29,15045.58984375,15151.3203125,15028.2802734375,15146.5498046875,266300000
2005-12-30,14876.4296875,14972.2001953125,14811.6396484375,14959.419921875,448900000
2006-01-03,14944.76953125,14945.0498046875,14843.9697265625,14843.9697265625,250400000
2006-01-04,15200.0595703125,15208.8603515625,15085.4404296875,15112.759765625,565200000
2006-01-05,15271.1298828125,15373.7900390625,15261.8203125,15313.849609375,514300000
2006-01-06,15344.4404296875,15347.0,15252.48046875,15327.2900390625,397700000
2006-01-09,15547.4296875,15602.8798828125,15497.7197265625,15497.9697265625,581500000
2006-01-10,15569.91015625,15658.91015625,15500.16015625,15638.400390625,581700000
2006-01-11,15650.8798828125,15725.4697265625,15584.5400390625,15584.5400390625,576600000
2006-01-12,15719.3701171875,15791.2998046875,15651.9599609375,15767.9404296875,503100000
2006-01-13,15787.9697265625,15792.3603515625,15670.76953125,15672.3896484375,380800000
2006-01-16,15777.7197265625,15816.5400390625,15745.0400390625,15787.26953125,393700000
2006-01-17,15576.2001953125,15798.51953125,15550.23046875,15798.51953125,506300000
2006-01-18,15481.2099609375,15525.599609375,15376.4501953125,15426.919921875,437300000
2006-01-19,15670.419921875,15675.26953125,15549.6796875,15555.7802734375,418400000
2006-01-20,15662.080078125,15788.0703125,15565.509765625,15700.7099609375,556300000
2006-01-23,15464.76953125,15497.9296875,15412.259765625,15454.7998046875,512900000
2006-01-24,15530.5703125,15551.66015625,15463.1103515625,15540.919921875,335000000
2006-01-25,15520.3896484375,15572.3798828125,15487.6796875,15560.66015625,376000000
2006-01-26,15520.0703125,15563.400390625,15469.240234375,15550.330078125,361600000
2006-01-27,15753.1396484375,15770.4501953125,15650.6904296875,15659.2099609375,900100000
2006-02-01,15742.2998046875,15808.1796875,15653.900390625,15798.4404296875,541000000
2006-02-02,15691.6904296875,15775.650390625,15666.9404296875,15771.33984375,510800000
2006-02-03,15429.73046875,15486.740234375,15420.66015625,15472.0302734375,565000000
2006-02-06,15548.0595703125,15564.9599609375,15374.8896484375,15415.8798828125,473100000
2006-02-07,15517.009765625,15560.400390625,15466.4697265625,15558.51953125,526500000
2006-02-08,15373.4404296875,15469.509765625,15327.0703125,15451.2099609375,612400000
2006-02-09,15413.4296875,15467.669921875,15371.73046875,15443.4296875,398000000
2006-02-10,15425.9501953125,15443.4501953125,15355.4404296875,15365.3896484375,411900000
2006-02-13,15312.08984375,15355.3896484375,15267.9501953125,15303.0400390625,406300000
2006-02-14,15420.3203125,15445.0703125,15240.9501953125,15241.66015625,417400000
2006-02-15,15423.259765625,15514.9296875,15316.6298828125,15449.1396484375,436300000
2006-02-16,15450.8798828125,15495.7998046875,15436.5302734375,15495.7998046875,373300000
2006-02-17,15475.6904296875,15520.599609375,15437.5400390625,15517.919921875,354200000
2006-02-20,15598.669921875,15627.0498046875,15525.740234375,15525.740234375,326200000
2006-02-21,15627.240234375,15661.2001953125,15567.6298828125,15651.740234375,359700000
2006-02-22,15635.7197265625,15641.7802734375,15584.26953125,15613.8603515625,285400000
2006-02-23,15812.5302734375,15849.8603515625,15611.5498046875,15651.7802734375,527700000
2006-02-24,15856.0498046875,15875.330078125,15779.7900390625,15848.5,350500000
2006-02-27,15949.8896484375,15999.3095703125,15890.7998046875,15943.6396484375,417500000
2006-02-28,15918.48046875,15928.080078125,15824.4501953125,15920.490234375,357400000
2006-03-01,15818.08984375,15887.6298828125,15768.2099609375,15768.2099609375,296400000
2006-03-02,15882.4501953125,15922.9501953125,15836.3603515625,15905.9404296875,294900000
2006-03-03,15802.0,15896.5595703125,15802.0,15887.669921875,399000000
2006-03-06,15811.830078125,15845.2001953125,15777.0,15812.7197265625,280700000
2006-03-07,15602.3603515625,15835.4697265625,15560.6201171875,15835.4697265625,503900000
2006-03-08,15493.08984375,15555.8203125,15348.2197265625,15545.419921875,496800000
2006-03-09,15510.1298828125,15555.6103515625,15458.7802734375,15526.08984375,371000000
2006-03-10,15445.0498046875,15521.400390625,15397.1796875,15521.400390625,227900000
2006-03-13,15542.0703125,15545.849609375,15469.76953125,15542.7900390625,213700000
2006-03-14,15519.759765625,15548.26953125,15461.8095703125,15548.1298828125,285600000
2006-03-15,15720.3603515625,15762.1103515625,15647.0,15647.4296875,324200000
2006-03-16,15729.0400390625,15773.73046875,15668.33984375,15753.3603515625,237200000
2006-03-17,15801.66015625,15845.9697265625,15715.41015625,15778.48046875,431000000
2006-03-20,15929.9501953125,15973.009765625,15862.900390625,15868.490234375,428100000
2006-03-21,15922.75,15936.1796875,15870.73046875,15911.490234375,249800000
2006-03-22,15642.8095703125,15840.1396484375,15619.1396484375,15790.4501953125,383500000
2006-03-23,15771.169921875,15772.9296875,15669.4697265625,15689.6103515625,315600000
2006-03-24,15716.4599609375,15792.0400390625,15671.6298828125,15778.1796875,290900000
2006-03-27,15815.8701171875,15847.75,15694.1103515625,15743.669921875,416000000
2006-03-28,15856.580078125,15920.0703125,15787.0,15824.5302734375,563200000
2006-03-29,15745.1103515625,15843.099609375,15729.259765625,15790.4296875,365500000
2006-03-30,15880.6904296875,15954.91015625,15819.419921875,15819.419921875,422500000
2006-03-31,15805.0400390625,15964.349609375,15739.1904296875,15942.73046875,424500000
2006-04-03,16063.75,16076.740234375,15877.4404296875,15904.9697265625,340200000
2006-04-04,16100.08984375,16121.2197265625,16039.509765625,16107.2197265625,380700000
2006-04-06,16411.130859375,16423.310546875,16190.5498046875,16222.2900390625,575500000
2006-04-07,16471.779296875,16534.830078125,16328.6298828125,16415.51953125,450400000
2006-04-10,16521.58984375,16527.939453125,16374.58984375,16383.580078125,335400000
2006-04-11,16475.810546875,16505.759765625,16381.009765625,16480.859375,295600000
2006-04-12,16310.759765625,16427.560546875,16260.8798828125,16414.369140625,448200000
2006-04-13,16429.44921875,16446.669921875,16308.76953125,16360.16015625,337600000
2006-04-18,16637.529296875,16643.80078125,16533.0703125,16534.900390625,422700000
2006-04-19,16830.439453125,16897.810546875,16780.529296875,16858.029296875,564100000
2006-04-20,16944.33984375,16953.25,16753.189453125,16888.880859375,436400000
2006-04-21,16912.150390625,16991.51953125,16808.619140625,16893.51953125,414200000
2006-04-24,16705.669921875,16930.009765625,16678.310546875,16917.609375,479600000
2006-04-25,16577.76953125,16746.310546875,16547.30078125,16734.830078125,495600000
2006-04-26,16672.66015625,16739.26953125,16539.0703125,16628.599609375,397500000
2006-04-27,16742.849609375,16856.970703125,16728.849609375,16749.48046875,293000000
2006-04-28,16661.30078125,16672.41015625,16429.5,16461.599609375,362500000
2006-05-02,16868.0390625,16896.859375,16744.16015625,16764.58984375,594200000
2006-05-03,17026.98046875,17099.48046875,16970.400390625,17066.98046875,530600000
2006-05-04,17013.9296875,17076.919921875,16966.240234375,16966.240234375,357900000
2006-05-08,17301.7890625,17328.4296875,17204.25,17204.25,552300000
2006-05-09,17133.990234375,17278.869140625,17118.220703125,17278.869140625,470000000
2006-05-10,17080.58984375,17239.2109375,17018.169921875,17205.349609375,388100000
2006-05-11,17140.779296875,17185.7890625,17010.400390625,17065.9609375,513900000
2006-05-12,16901.849609375,16967.0390625,16845.849609375,16868.859375,405800000
2006-05-15,16494.83984375,16673.529296875,16455.4609375,16623.349609375,469500000
2006-05-16,16393.109375,16435.55078125,16247.580078125,16400.66015625,582700000
2006-05-17,16615.55078125,16626.7109375,16421.08984375,16497.91015625,482800000
2006-05-18,16266.51953125,16363.33984375,16177.1796875,16232.16015625,503700000
2006-05-19,16313.3603515625,16361.9404296875,16155.76953125,16169.7802734375,360000000
2006-05-22,15805.51953125,16304.9501953125,15790.4404296875,16295.3701171875,472600000
2006-05-23,15864.5595703125,15888.48046875,15691.1298828125,15747.400390625,561400000
2006-05-24,15822.6396484375,15930.169921875,15673.75,15857.2099609375,468300000
2006-05-25,15696.8896484375,15764.7197265625,15626.9501953125,15741.8095703125,426500000
2006-05-26,15895.099609375,15932.259765625,15814.9296875,15897.2802734375,438500000
2006-05-29,15963.76953125,16006.0703125,15919.1298828125,15976.26953125,307300000
2006-05-30,15857.8896484375,15976.3701171875,15840.33984375,15976.3701171875,393300000
2006-06-01,15645.26953125,15923.73046875,15605.9599609375,15817.8203125,488700000
2006-06-02,15912.7099609375,15920.0595703125,15677.0400390625,15731.8203125,473200000
2006-06-05,16016.23046875,16062.26953125,15943.419921875,15964.3095703125,307800000
2006-06-06,15973.1103515625,15985.990234375,15824.1904296875,15844.919921875,318100000
2006-06-07,15816.5498046875,15944.48046875,15776.3701171875,15916.76953125,320000000
2006-06-08,15450.1103515625,15611.51953125,15419.419921875,15603.1103515625,560600000
2006-06-09,15628.6904296875,15640.3095703125,15405.7900390625,15468.830078125,441300000
2006-06-12,15621.4404296875,15680.3203125,15498.26953125,15560.7099609375,282400000
2006-06-13,15234.419921875,15437.259765625,15204.8603515625,15417.240234375,487700000
2006-06-14,15247.919921875,15396.5,15214.6904296875,15238.580078125,411000000
2006-06-15,15435.080078125,15455.5703125,15355.4296875,15419.6796875,461500000
2006-06-16,15842.650390625,15851.509765625,15749.4599609375,15807.3701171875,562500000
2006-06-19,15768.8603515625,15781.5595703125,15723.3603515625,15759.9599609375,192500000
2006-06-20,15608.9697265625,15709.0,15555.240234375,15709.0,450000000
2006-06-21,15659.3603515625,15667.7001953125,15520.419921875,15599.8603515625,251900000
2006-06-22,15826.7001953125,15885.7099609375,15798.599609375,15859.849609375,330900000
2006-06-23,15808.8095703125,15828.490234375,15682.8095703125,15729.5498046875,339200000
2006-06-26,15804.8095703125,15841.1396484375,15726.8095703125,15756.6796875,306800000
2006-06-27,15774.7001953125,15892.919921875,15770.919921875,15827.849609375,294400000
2006-06-28,15742.66015625,15742.66015625,15613.2001953125,15632.4404296875,303100000
2006-06-29,15865.2197265625,15916.0,15844.1103515625,15890.2001953125,364700000
2006-06-30,16267.6201171875,16273.740234375,16125.259765625,16170.7900390625,555000000
2006-07-03,16326.66015625,16364.23046875,16234.8798828125,16288.58984375,296000000
2006-07-04,16368.98046875,16379.0302734375,16312.169921875,16363.150390625,271800000
2006-07-05,16267.1796875,16377.66015625,16254.6904296875,16364.0,226100000
2006-07-06,16440.990234375,16445.1796875,16129.650390625,16141.669921875,256700000
2006-07-07,16459.779296875,16497.900390625,16399.48046875,16497.900390625,216800000
2006-07-10,16603.810546875,16606.619140625,16338.900390625,16376.8203125,223300000
2006-07-11,16490.130859375,16568.619140625,16477.4609375,16512.240234375,343600000
2006-07-12,16522.2109375,16552.640625,16435.609375,16507.720703125,197600000
2006-07-13,16305.48046875,16557.970703125,16288.4296875,16490.48046875,324500000
2006-07-14,16135.7099609375,16159.08984375,16062.599609375,16123.9599609375,296700000
2006-07-17,16064.8203125,16104.150390625,15948.759765625,15980.5,231700000
2006-07-18,16043.9404296875,16109.7001953125,15966.4404296875,16035.0,240500000
2006-07-19,16097.5400390625,16171.1201171875,16062.580078125,16069.7998046875,169500000
2006-07-20,16472.619140625,16481.169921875,16390.279296875,16418.140625,316300000
2006-07-21,16464.1796875,16483.23046875,16376.0302734375,16406.779296875,375700000
2006-07-24,16480.58984375,16484.970703125,16354.4404296875,16376.3798828125,251900000
2006-07-25,16583.859375,16671.390625,16580.640625,16668.630859375,318900000
2006-07-26,16617.240234375,16623.4609375,16566.390625,16584.490234375,235000000
2006-07-27,16916.76953125,16924.220703125,16713.0390625,16713.0390625,426100000
2006-07-28,16955.0390625,17034.55078125,16918.7890625,16935.0,325900000
2006-07-31,16971.33984375,17114.19921875,16965.19921875,17103.439453125,263500000
2006-08-01,16911.369140625,16990.220703125,16907.380859375,16990.220703125,211900000
2006-08-02,17032.75,17085.650390625,16872.7109375,16887.6796875,335400000
2006-08-03,17048.419921875,17097.83984375,17011.609375,17073.439453125,314800000
2006-08-04,16887.80078125,17096.41015625,16867.94921875,17049.9609375,290800000
2006-08-07,16953.55078125,16961.259765625,16811.419921875,16927.740234375,216700000
2006-08-08,17048.19921875,17066.44921875,16994.560546875,17056.5703125,265400000
2006-08-09,17346.580078125,17349.990234375,16959.009765625,16996.0,354000000
2006-08-10,17222.140625,17349.80078125,17211.9609375,17322.51953125,291500000
2006-08-11,17249.94921875,17323.490234375,17211.470703125,17255.23046875,240500000
2006-08-14,17290.009765625,17303.169921875,17215.009765625,17280.0703125,205400000
2006-08-15,17274.0703125,17295.30078125,17242.83984375,17274.509765625,190000000
2006-08-16,17451.029296875,17473.73046875,17349.880859375,17406.619140625,319300000
2006-08-17,17373.05078125,17506.2109375,17329.05078125,17501.94921875,358900000
2006-08-18,17330.69921875,17413.9609375,17316.130859375,17381.419921875,260800000
2006-08-21,17007.880859375,17329.6796875,16996.759765625,17326.380859375,317400000
2006-08-22,17149.75,17155.599609375,17037.23046875,17096.509765625,244700000
2006-08-23,17088.390625,17111.75,17010.310546875,17101.119140625,194200000
2006-08-24,16883.0390625,17040.220703125,16870.69921875,16970.98046875,322900000
2006-08-25,16955.44921875,17005.439453125,16894.119140625,16958.279296875,261200000
2006-08-28,16922.2890625,16998.7109375,16911.51953125,16955.880859375,203500000
2006-08-29,17083.279296875,17102.44921875,16998.990234375,17003.560546875,250200000
2006-08-30,17284.7109375,17289.259765625,17134.919921875,17147.759765625,430800000
2006-08-31,17392.26953125,17422.830078125,17356.830078125,17395.5390625,487200000
2006-09-01,17423.720703125,17514.310546875,17311.41015625,17373.169921875,390000000
2006-09-04,17513.880859375,17538.58984375,17476.599609375,17504.330078125,307000000
2006-09-05,17438.80078125,17523.810546875,17404.669921875,17523.810546875,228700000
2006-09-06,17258.509765625,17445.98046875,17208.9296875,17445.98046875,318500000
2006-09-07,17096.439453125,17133.51953125,17044.9296875,17099.91015625,399300000
2006-09-08,17145.759765625,17171.5390625,17070.91015625,17071.1796875,396300000
2006-09-11,16948.58984375,17158.220703125,16929.7109375,17141.609375,822600000
2006-09-12,17075.400390625,17128.869140625,16921.529296875,16932.2890625,428800000
2006-09-13,17210.0390625,17235.41015625,17173.8203125,17221.0,538800000
2006-09-14,17183.44921875,17304.740234375,17142.7109375,17274.669921875,748000000
2006-09-15,17237.650390625,17246.890625,17143.240234375,17179.08984375,497800000
2006-09-18,17387.2109375,17423.900390625,17253.01953125,17253.69921875,527400000
2006-09-19,17346.69921875,17426.470703125,17314.630859375,17411.9296875,604400000
2006-09-20,17512.9609375,17523.48046875,17220.779296875,17232.19921875,921300000
2006-09-21,17619.970703125,17663.439453125,17539.560546875,17546.560546875,1161300000
2006-09-22,17600.650390625,17639.130859375,17511.9609375,17526.33984375,816900000
2006-09-25,17546.0390625,17683.44921875,17539.810546875,17546.0390625,554100000
2006-09-26,17308.080078125,17614.2890625,17277.75,17614.2890625,553700000
2006-09-27,17521.509765625,17540.669921875,17402.130859375,17478.25,563800000
2006-09-28,17530.5703125,17604.91015625,17506.240234375,17565.9296875,815700000
2006-09-29,17543.05078125,17589.5703125,17350.7890625,17559.669921875,585300000
2006-10-03,17606.529296875,17648.7109375,17428.099609375,17490.509765625,1356800000
2006-10-04,17629.2109375,17687.19921875,17535.830078125,17637.19921875,1023500000
2006-10-05,17907.669921875,17940.490234375,17810.0703125,17897.9296875,803500000
2006-10-06,17903.390625,17931.73046875,17848.720703125,17901.060546875,578800000
2006-10-09,17675.240234375,17876.0390625,17589.119140625,17876.0390625,561400000
2006-10-10,17823.69921875,17852.359375,17751.94921875,17780.30078125,503700000
2006-10-11,17862.7890625,17875.619140625,17740.7890625,17856.599609375,721700000
2006-10-12,17873.08984375,17948.130859375,17835.650390625,17896.4296875,1102500000
2006-10-13,17988.859375,18067.580078125,17949.58984375,18049.830078125,1719400000
2006-10-16,18010.19921875,18069.490234375,17958.099609375,18067.19921875,760900000
2006-10-17,18014.83984375,18074.2890625,17823.330078125,17965.349609375,744400000
2006-10-18,18048.08984375,18048.08984375,17881.779296875,17910.009765625,452400000
2006-10-19,17986.970703125,18070.759765625,17938.009765625,18053.900390625,439100000
2006-10-20,18113.55078125,18148.0390625,18012.609375,18012.609375,815400000
2006-10-23,18089.849609375,18170.330078125,18066.109375,18170.220703125,620700000
2006-10-24,18153.41015625,18173.4296875,18121.69921875,18136.1796875,508900000
2006-10-25,18157.939453125,18168.990234375,18106.109375,18150.890625,524800000
2006-10-26,18353.740234375,18378.83984375,18240.599609375,18267.419921875,771000000
2006-10-27,18297.55078125,18465.5390625,18232.640625,18400.810546875,997600000
2006-10-31,18324.349609375,18336.44921875,18152.91015625,18196.0390625,576800000
2006-11-01,18453.650390625,18494.94921875,18376.390625,18376.390625,603400000
2006-11-02,18714.779296875,18724.91015625,18397.330078125,18495.2890625,619300000
2006-11-03,18749.689453125,18771.009765625,18646.16015625,18696.580078125,536200000
2006-11-06,18936.55078125,18940.80078125,18694.130859375,18702.25,502700000
2006-11-07,18939.310546875,19161.380859375,18855.880859375,19102.880859375,838400000
2006-11-08,18811.240234375,18994.98046875,18750.779296875,18933.470703125,1143000000
2006-11-09,18952.859375,18993.400390625,18866.009765625,18885.220703125,1000800000
2006-11-10,18891.140625,18976.150390625,18861.939453125,18958.060546875,1046600000
2006-11-13,18868.5390625,18902.19921875,18717.609375,18763.439453125,1176700000
2006-11-14,18878.419921875,18989.509765625,18759.33984375,18889.919921875,1532400000
2006-11-15,19093.0,19106.830078125,18926.310546875,18940.01953125,1532400000
2006-11-16,19154.0703125,19237.73046875,19048.0390625,19162.900390625,1201300000
2006-11-17,19182.7109375,19214.599609375,19097.3203125,19125.919921875,918600000
2006-11-20,18954.630859375,19133.51953125,18928.580078125,19030.359375,826200000
2006-11-21,19008.30078125,19064.0703125,18959.810546875,19002.0703125,586500000
2006-11-22,19250.7890625,19256.990234375,19075.3203125,19102.259765625,915500000
2006-11-23,19265.3203125,19404.009765625,19244.3203125,19345.029296875,970000000
2006-11-24,19260.30078125,19315.73046875,19195.900390625,19206.44921875,644900000
2006-11-27,19204.009765625,19328.119140625,19122.390625,19263.859375,806300000
2006-11-28,18639.529296875,18998.080078125,18618.66015625,18996.83984375,1284500000
2006-11-29,18780.9296875,18843.48046875,18687.26953125,18730.490234375,1154400000
2006-11-30,18960.48046875,19033.400390625,18923.630859375,18944.560546875,761600000
2006-12-01,18690.8203125,18945.400390625,18650.5,18922.529296875,815000000
2006-12-04,18702.73046875,18768.630859375,18587.720703125,18654.0703125,1166500000
2006-12-05,18944.189453125,18949.919921875,18794.1796875,18880.810546875,1097000000
2006-12-06,19026.359375,19131.220703125,18937.609375,18988.140625,1335000000
2006-12-07,18842.990234375,19048.41015625,18783.30078125,19023.75,930200000
2006-12-08,18739.990234375,18799.25,18666.890625,18775.470703125,915200000
2006-12-11,18924.66015625,18965.73046875,18811.849609375,18811.849609375,991800000
2006-12-12,18907.169921875,19015.69921875,18819.990234375,19010.16015625,796700000
2006-12-13,18718.189453125,18870.44921875,18623.609375,18867.669921875,1071900000
2006-12-14,18919.400390625,18954.939453125,18774.4296875,18806.7109375,850300000
2006-12-15,19110.650390625,19126.69921875,19014.26953125,19080.2890625,1016400000
2006-12-18,19192.91015625,19216.5390625,19046.919921875,19094.630859375,1099100000
2006-12-19,18964.55078125,19180.30078125,18905.439453125,19162.98046875,1018200000
2006-12-20,19240.119140625,19273.76953125,19108.44921875,19109.849609375,1225300000
2006-12-21,19222.83984375,19276.3203125,19157.849609375,19249.189453125,1329800000
2006-12-22,19320.51953125,19320.51953125,19197.73046875,19227.240234375,821800000
2006-12-27,19725.73046875,19728.0,19512.4609375,19620.529296875,0
2006-12-28,20001.91015625,20038.23046875,19686.810546875,19742.7890625,1749900000
2006-12-29,19964.720703125,20049.029296875,19885.25,20049.029296875,1391000000
2007-01-02,20310.1796875,20323.58984375,19990.279296875,20004.83984375,1264600000
2007-01-03,20413.390625,20554.580078125,20249.609375,20353.419921875,1674000000
2007-01-04,20025.580078125,20463.1796875,19948.01953125,20415.669921875,2130500000
2007-01-05,20211.279296875,20213.640625,19757.240234375,19890.150390625,1959100000
2007-01-08,20029.66015625,20085.580078125,19844.310546875,19915.0,1438600000
2007-01-09,19898.080078125,20173.060546875,19794.2890625,20162.5390625,1524400000
2007-01-10,19568.33984375,19693.69921875,19507.970703125,19665.400390625,1684200000
2007-01-11,19385.369140625,19697.580078125,19350.5,19653.01953125,1436300000
2007-01-12,19613.41015625,19680.630859375,19523.759765625,19628.8203125,1486000000
2007-01-15,20068.560546875,20073.2890625,19746.0703125,19776.130859375,1252400000
2007-01-16,20027.94921875,20133.490234375,19938.19921875,20130.55078125,1026800000
2007-01-17,20064.5703125,20122.4296875,19841.16015625,19917.490234375,1117700000
2007-01-18,20277.509765625,20297.41015625,20002.76953125,20064.75,1354200000
2007-01-19,20327.720703125,20337.9296875,20189.359375,20215.55078125,1025900000
2007-01-22,20772.220703125,20779.51953125,20487.599609375,20501.44921875,1019000000
2007-01-23,20769.69921875,20810.7890625,20589.419921875,20743.849609375,1409600000
2007-01-24,20821.05078125,20971.4609375,20725.48046875,20950.939453125,1053400000
2007-01-25,20669.830078125,20897.55078125,20610.220703125,20889.740234375,918300000
2007-01-26,20281.130859375,20457.48046875,20204.669921875,20457.48046875,1539100000
2007-01-29,20236.6796875,20366.7109375,20197.599609375,20317.390625,680500000
2007-01-30,20460.4609375,20465.4609375,20165.220703125,20281.9296875,626600000
2007-01-31,20106.419921875,20507.6796875,20008.599609375,20463.8203125,997400000
2007-02-01,20430.16015625,20496.810546875,20176.619140625,20251.5703125,1071600000
2007-02-02,20563.6796875,20704.099609375,20468.83984375,20544.330078125,945600000
2007-02-05,20455.619140625,20645.8203125,20409.16015625,20514.830078125,819100000
2007-02-06,20655.19921875,20712.3203125,20438.359375,20511.779296875,848200000
2007-02-07,20679.689453125,20739.009765625,20598.029296875,20716.58984375,1088500000
2007-02-08,20735.05078125,20763.5703125,20318.990234375,20475.880859375,1525200000
2007-02-09,20677.66015625,20771.08984375,20593.759765625,20746.94921875,772400000
2007-02-12,20593.41015625,20696.650390625,20488.8203125,20534.4296875,813600000
2007-02-13,20132.25,20523.91015625,20127.119140625,20523.91015625,953700000
2007-02-14,20209.91015625,20330.369140625,20184.689453125,20302.19921875,686800000
2007-02-15,20538.419921875,20570.140625,20398.44921875,20466.650390625,845100000
2007-02-16,20567.91015625,20588.1796875,20458.009765625,20545.9296875,709900000
2007-02-21,20651.419921875,20677.2890625,20540.3203125,20649.720703125,750000000
2007-02-22,20809.23046875,20829.66015625,20740.330078125,20748.4609375,795300000
2007-02-23,20711.650390625,20844.25,20547.439453125,20844.25,874100000
2007-02-26,20507.94921875,20581.419921875,20474.41015625,20520.44921875,782300000
2007-02-27,20147.869140625,20500.880859375,20042.30078125,20500.880859375,1412400000
2007-02-28,19651.509765625,19749.58984375,19381.880859375,19426.94921875,2038300000
2007-03-01,19346.599609375,19643.41015625,19346.599609375,19581.859375,1474400000
2007-03-02,19442.009765625,19560.51953125,19355.630859375,19386.5703125,1132400000
2007-03-05,18664.880859375,19164.349609375,18659.23046875,19137.359375,1986000000
2007-03-06,19058.560546875,19080.33984375,18876.619140625,18899.2109375,1606500000
2007-03-07,18918.640625,19239.919921875,18910.240234375,19188.220703125,1453800000
2007-03-08,19175.169921875,19191.099609375,18909.0703125,18924.279296875,1240700000
2007-03-09,19134.880859375,19259.099609375,19065.029296875,19259.099609375,1765800000
2007-03-12,19442.419921875,19470.369140625,19220.509765625,19252.369140625,1720500000
2007-03-13,19333.140625,19442.51953125,19251.19921875,19397.0390625,1336200000
2007-03-14,18836.9296875,18888.400390625,18738.509765625,18803.0703125,2054900000
2007-03-15,18969.439453125,19054.939453125,18932.4609375,19029.2109375,898700000
2007-03-16,18953.5,19130.099609375,18770.279296875,18846.490234375,0
2007-03-19,19266.740234375,19267.830078125,18967.41015625,19006.150390625,1292300000
2007-03-20,19356.900390625,19463.900390625,19332.599609375,19430.69921875,1021300000
2007-03-21,19516.41015625,19537.08984375,19270.720703125,19380.98046875,977800000
2007-03-22,19690.25,19813.2109375,19621.259765625,19757.73046875,1650400000
2007-03-23,19692.640625,19729.490234375,19634.109375,19665.05078125,1073200000
2007-03-26,19765.849609375,19819.0390625,19653.73046875,19719.880859375,780600000
2007-03-27,19706.7890625,19768.3203125,19661.859375,19749.810546875,920300000
2007-03-28,19553.869140625,19729.310546875,19459.189453125,19664.880859375,1198500000
2007-03-29,19821.779296875,19832.140625,19460.359375,19470.419921875,1914500000
2007-03-30,19800.9296875,19880.259765625,19705.560546875,19810.859375,938600000
2007-04-02,19809.69921875,19976.810546875,19672.939453125,19900.009765625,848500000
2007-04-03,20002.69921875,20021.029296875,19903.890625,19903.890625,837000000
2007-04-04,20209.7109375,20210.83984375,20099.849609375,20187.669921875,1526200000
2007-04-10,20347.869140625,20416.5390625,20248.0390625,20416.5390625,1327700000
2007-04-11,20449.4296875,20502.169921875,20278.83984375,20427.94921875,1485600000
2007-04-12,20380.2109375,20428.599609375,20293.330078125,20360.3203125,1723300000
2007-04-13,20340.970703125,20432.009765625,20264.990234375,20413.48046875,1643700000
2007-04-16,20757.529296875,20765.400390625,20489.91015625,20493.259765625,1761300000
2007-04-17,20788.609375,20816.109375,20635.630859375,20804.919921875,1813700000
2007-04-18,20777.08984375,20868.0703125,20718.720703125,20868.0703125,1990600000
2007-04-19,20299.7109375,20634.900390625,20232.810546875,20615.419921875,2153200000
2007-04-20,20566.58984375,20567.33984375,20474.310546875,20495.830078125,1825300000
2007-04-23,20556.5703125,20757.41015625,20529.0703125,20710.380859375,1269200000
2007-04-24,20572.80078125,20618.009765625,20396.369140625,20455.349609375,1220500000
2007-04-25,20536.779296875,20621.6796875,20417.58984375,20484.1796875,1111500000
2007-04-26,20667.2890625,20778.439453125,20651.2890625,20672.490234375,1328000000
2007-04-27,20526.5,20619.109375,20425.5703125,20557.0703125,1115600000
2007-04-30,20318.98046875,20525.9609375,20130.109375,20525.9609375,1232500000
2007-05-02,20388.490234375,20483.240234375,20351.259765625,20384.029296875,1118200000
2007-05-03,20681.580078125,20739.029296875,20555.5703125,20582.41015625,1119200000
2007-05-04,20841.080078125,20883.2109375,20714.8203125,20865.060546875,1261900000
2007-05-07,20896.640625,21070.2109375,20891.060546875,20933.990234375,1355000000
2007-05-08,20706.349609375,20880.69921875,20662.599609375,20850.0703125,1137000000
2007-05-09,20844.779296875,20844.779296875,20677.810546875,20704.369140625,912600000
2007-05-10,20746.26953125,20821.859375,20683.30078125,20729.51953125,1187400000
2007-05-11,20468.2109375,20552.560546875,20420.119140625,20469.490234375,1440600000
2007-05-14,20979.240234375,21065.58984375,20870.009765625,21036.619140625,2746200000
2007-05-15,20868.150390625,21088.859375,20826.9296875,20985.9296875,1830100000
2007-05-16,20937.259765625,20953.240234375,20784.25,20854.08984375,1083000000
2007-05-17,20994.609375,21084.23046875,20944.150390625,21042.669921875,1084700000
2007-05-18,20904.83984375,20904.83984375,20769.099609375,20882.869140625,1294100000
2007-05-21,20927.75,21055.109375,20922.349609375,20963.51953125,1483100000
2007-05-22,20843.919921875,21020.419921875,20782.380859375,20996.990234375,1351400000
2007-05-23,20798.970703125,20888.140625,20767.6796875,20838.359375,920800000
2007-05-25,20520.66015625,20566.259765625,20474.029296875,20553.779296875,1601200000
2007-05-28,20529.759765625,20619.16015625,20503.869140625,20594.140625,998500000
2007-05-29,20469.58984375,20565.25,20395.099609375,20518.349609375,0
2007-05-30,20293.759765625,20403.359375,20184.48046875,20342.9609375,1831400000
2007-05-31,20634.470703125,20673.400390625,20354.66015625,20405.94921875,1885300000
2007-06-01,20602.869140625,20793.380859375,20598.849609375,20717.26953125,1668100000
2007-06-04,20729.58984375,20821.91015625,20638.69921875,20698.990234375,1385400000
2007-06-05,20842.150390625,20878.08984375,20615.9609375,20820.48046875,1628200000
2007-06-06,20818.609375,20943.939453125,20803.220703125,20850.259765625,1225400000
2007-06-07,20800.16015625,20838.439453125,20600.369140625,20637.900390625,1456500000
2007-06-08,20509.150390625,20536.169921875,20433.51953125,20531.849609375,1947600000
2007-06-11,20615.490234375,20673.900390625,20591.419921875,20649.05078125,1034100000
2007-06-12,20636.390625,20664.849609375,20511.029296875,20654.470703125,989100000
2007-06-13,20578.75,20628.060546875,20520.669921875,20527.26953125,1040500000
2007-06-14,20867.259765625,20924.810546875,20714.859375,20714.859375,2314400000
2007-06-15,21017.05078125,21052.94921875,20917.640625,21024.3203125,2894000000
2007-06-18,21582.890625,21585.029296875,21256.2890625,21256.2890625,3890400000
2007-06-20,21684.669921875,21897.580078125,21644.119140625,21645.060546875,3363800000
2007-06-21,21954.669921875,21969.259765625,21714.94921875,21784.119140625,2357800000
2007-06-22,21999.91015625,22052.849609375,21788.150390625,21879.5,2095700000
2007-06-25,21822.349609375,22085.58984375,21814.4609375,21884.099609375,1598800000
2007-06-26,21803.5703125,21950.01953125,21755.2890625,21800.76953125,1552700000
2007-06-27,21705.560546875,21800.490234375,21562.0,21775.1796875,2007400000
2007-06-28,21938.220703125,22035.419921875,21885.529296875,21912.7890625,2522400000
2007-06-29,21772.73046875,22044.6796875,21768.759765625,21997.25,1621400000
2007-07-03,22151.140625,22159.51953125,21960.759765625,22004.140625,1882500000
2007-07-04,22218.55078125,22307.599609375,22131.240234375,22279.830078125,1891000000
2007-07-05,22252.990234375,22328.609375,22126.970703125,22272.810546875,2014900000
2007-07-06,22531.740234375,22565.4296875,22081.349609375,22217.4609375,2258600000
2007-07-09,22817.4296875,22818.3203125,22601.650390625,22719.990234375,2780800000
2007-07-10,22885.83984375,22889.609375,22718.130859375,22833.470703125,3951100000
2007-07-11,22607.01953125,22850.400390625,22539.69921875,22655.380859375,3298300000
2007-07-12,22809.01953125,22975.810546875,22773.7109375,22797.75,2265800000
2007-07-13,23099.2890625,23239.919921875,23048.689453125,23199.060546875,1952500000
2007-07-16,22953.939453125,23128.560546875,22932.30078125,23098.66015625,1338800000
2007-07-17,23057.30078125,23148.259765625,22915.7890625,22915.7890625,1557900000
2007-07-18,22841.919921875,23035.80078125,22782.630859375,22956.970703125,2212000000
2007-07-19,23016.19921875,23024.5,22817.919921875,22864.75,1915800000
2007-07-20,23291.900390625,23301.9296875,23118.669921875,23195.41015625,1810900000
2007-07-23,23365.560546875,23389.939453125,23152.5390625,23170.349609375,1564600000
2007-07-24,23472.880859375,23534.380859375,23410.5390625,23459.740234375,1757500000
2007-07-25,23362.1796875,23439.830078125,23228.560546875,23228.560546875,1877600000
2007-07-26,23211.689453125,23557.740234375,23127.80078125,23494.0390625,1718400000
2007-07-27,22570.41015625,22854.5390625,22443.099609375,22647.109375,2901400000
2007-07-30,22739.900390625,22759.490234375,22473.919921875,22478.76953125,1662300000
2007-07-31,23184.939453125,23199.900390625,22881.970703125,23023.4296875,1757700000
2007-08-01,22455.359375,23025.140625,22209.7890625,23018.19921875,2848100000
2007-08-02,22443.25,22767.470703125,22144.73046875,22730.400390625,2099200000
2007-08-03,22538.439453125,22644.580078125,22356.30078125,22625.380859375,1787600000
2007-08-06,21936.73046875,22147.419921875,21916.69921875,22128.060546875,2154500000
2007-08-07,21907.990234375,22177.80078125,21833.140625,22171.900390625,1593400000
2007-08-08,22536.669921875,22540.30078125,22100.33984375,22102.759765625,1987100000
2007-08-09,22439.359375,22796.73046875,22425.0703125,22715.080078125,1874300000
2007-08-10,21792.7109375,21860.130859375,21661.05078125,21797.390625,1987800000
2007-08-13,21891.099609375,21969.44921875,21692.16015625,21932.0,1535600000
2007-08-14,22007.3203125,22012.0390625,21836.099609375,21886.259765625,1157000000
2007-08-15,21375.720703125,21637.5,21303.349609375,21637.5,2057800000
2007-08-16,20672.390625,20841.23046875,20435.150390625,20841.23046875,3139800000
2007-08-17,20387.130859375,20761.310546875,19386.720703125,20761.310546875,4215400000
2007-08-20,21595.630859375,21608.33984375,20901.640625,21140.73046875,3730000000
2007-08-21,21729.349609375,22616.849609375,21651.400390625,22228.240234375,4533200000
2007-08-22,22346.880859375,22360.029296875,21854.220703125,21949.390625,2207500000
2007-08-23,22966.970703125,23063.9296875,22771.849609375,23055.119140625,3440600000
2007-08-24,22921.890625,22933.80078125,22629.490234375,22718.5390625,3329000000
2007-08-27,23577.73046875,23582.66015625,23285.7109375,23358.380859375,3614900000
2007-08-28,23363.759765625,23750.25,23304.640625,23750.25,2876800000
2007-08-29,23020.599609375,23110.259765625,22686.83984375,22802.830078125,2609900000
2007-08-30,23484.5390625,23583.490234375,23376.6796875,23509.98046875,2371600000
2007-08-31,23984.140625,24089.0,23487.0703125,23584.66015625,3266700000
2007-09-03,23904.08984375,23915.05078125,23611.01953125,23611.01953125,1703300000
2007-09-04,23886.0703125,24127.16015625,23855.109375,23937.4609375,1982800000
2007-09-05,24069.169921875,24283.150390625,23839.0,24196.58984375,1817500000
2007-09-06,24050.400390625,24089.060546875,23853.05078125,23857.970703125,1588700000
2007-09-07,23982.609375,24135.240234375,23881.720703125,24036.359375,2604900000
2007-09-10,23999.69921875,24123.66015625,23578.109375,23584.0703125,2092800000
2007-09-11,23952.240234375,24157.359375,23753.349609375,24000.1796875,1687600000
2007-09-12,24310.140625,24329.19921875,24088.109375,24195.380859375,1734000000
2007-09-13,24537.01953125,24552.1796875,24216.41015625,24475.970703125,1378300000
2007-09-14,24898.109375,24978.609375,24715.740234375,24750.0390625,2032500000
2007-09-17,24599.33984375,24977.419921875,24544.740234375,24977.419921875,1338800000
2007-09-18,24576.849609375,24599.310546875,24368.650390625,24503.830078125,1397500000
2007-09-19,25554.640625,25648.439453125,25286.919921875,25511.359375,3122500000
2007-09-20,25701.130859375,25773.599609375,25571.150390625,25638.310546875,3257500000
2007-09-21,25843.779296875,25893.19921875,25554.5390625,25659.9609375,2553600000
2007-09-24,26551.939453125,26635.26953125,25994.779296875,26002.099609375,3199800000
2007-09-25,26430.2890625,26667.240234375,26236.73046875,26388.859375,2863200000
2007-09-27,27065.150390625,27166.009765625,26664.7890625,26664.7890625,3126900000
2007-09-28,27142.470703125,27254.970703125,26899.48046875,27126.130859375,3152600000
2007-10-02,28199.75,28256.80078125,27795.55078125,27816.919921875,4002000000
2007-10-03,27479.939453125,28871.0390625,27245.48046875,28163.26953125,4924100000
2007-10-04,26973.98046875,27423.109375,26746.630859375,27108.26953125,2888200000
2007-10-05,27831.51953125,27843.58984375,27203.91015625,27329.650390625,2411400000
2007-10-08,27770.2890625,28482.419921875,27651.2109375,28233.30078125,3766200000
2007-10-09,28228.0390625,28238.310546875,27491.9296875,27817.109375,2439200000
2007-10-10,28569.330078125,28771.470703125,28292.900390625,28654.94921875,4380300000
2007-10-11,29133.01953125,29133.759765625,28609.6796875,28689.73046875,3820200000
2007-10-12,28838.369140625,28935.669921875,28368.689453125,28773.060546875,3267000000
2007-10-15,29540.779296875,29561.98046875,28767.41015625,29147.83984375,2642600000
2007-10-16,28954.55078125,29920.25,28884.23046875,29238.2890625,3997700000
2007-10-17,29298.7109375,29310.779296875,28484.19921875,28674.26953125,2589900000
2007-10-18,29465.05078125,30025.0703125,29265.470703125,30013.48046875,2831300000
2007-10-22,28373.630859375,28760.55078125,28336.970703125,28336.970703125,3018800000
2007-10-23,29376.859375,29418.990234375,28718.55078125,28726.9609375,2795800000
2007-10-24,29333.529296875,29997.009765625,29290.720703125,29810.380859375,3174400000
2007-10-25,29854.490234375,29943.390625,29314.220703125,29660.470703125,3462800000
2007-10-26,30405.220703125,30562.630859375,29932.640625,30215.19921875,3197400000
2007-10-29,31586.900390625,31604.5,30986.220703125,30986.220703125,3541600000
2007-10-30,31638.220703125,31958.41015625,31361.91015625,31361.91015625,4108600000
2007-10-31,31352.580078125,31556.05078125,31159.5390625,31530.9609375,3478800000
2007-11-01,31492.880859375,31897.490234375,31342.05078125,31783.470703125,3724600000
2007-11-02,30468.33984375,30922.310546875,30366.689453125,30580.0703125,3254900000
2007-11-05,28942.3203125,30356.7890625,28920.30078125,30165.779296875,3222300000
2007-11-06,29438.130859375,29470.970703125,28479.029296875,29220.0390625,3051500000
2007-11-07,29708.9296875,30195.640625,29596.1796875,30054.080078125,2510200000
2007-11-08,28760.220703125,29009.369140625,28545.69921875,28758.720703125,2681600000
2007-11-09,28783.41015625,29249.94921875,28408.529296875,28510.529296875,2419000000
2007-11-12,27665.73046875,28071.529296875,27468.0,28061.44921875,2892800000
2007-11-13,27803.349609375,28010.970703125,26952.939453125,27561.5703125,3266000000
2007-11-14,29166.009765625,29175.259765625,28622.970703125,28787.400390625,2952900000
2007-11-15,28751.2109375,29249.990234375,28730.30078125,29078.2109375,1852800000
2007-11-16,27614.4296875,28120.419921875,27496.150390625,28037.1796875,2922800000
2007-11-19,27460.169921875,27801.529296875,27300.2890625,27628.970703125,1637300000
2007-11-20,27771.2109375,27851.310546875,26404.279296875,26583.640625,2942600000
2007-11-21,26618.189453125,27303.91015625,26500.5390625,27277.720703125,2568000000
2007-11-22,26004.919921875,27003.869140625,25861.73046875,26318.2109375,2503400000
2007-11-23,26541.08984375,26723.33984375,26305.44921875,26484.740234375,1759700000
2007-11-26,27626.619140625,27643.560546875,27311.880859375,27398.529296875,2287900000
2007-11-27,27210.2109375,27552.33984375,26637.609375,26704.759765625,3300500000
2007-11-28,27371.240234375,27455.810546875,27028.669921875,27315.9296875,1596700000
2007-11-29,28482.5390625,28667.26953125,28114.6796875,28337.109375,3118200000
2007-11-30,28643.609375,28792.30078125,28436.7109375,28604.6796875,1761200000
2007-12-03,28658.419921875,29119.73046875,28658.419921875,28825.029296875,1481700000
2007-12-04,28879.58984375,29020.7890625,28544.1796875,28544.1796875,1117800000
2007-12-05,29345.44921875,29411.390625,28712.470703125,28942.23046875,2070400000
2007-12-06,29558.919921875,29889.349609375,29530.3203125,29769.150390625,2528800000
2007-12-07,28842.470703125,29962.9296875,28838.939453125,29890.640625,2621600000
2007-12-10,28501.099609375,29137.890625,28445.669921875,29017.69921875,2767000000
2007-12-11,29226.83984375,29235.2109375,28726.130859375,28947.69921875,1822500000
2007-12-12,28521.060546875,28777.279296875,28343.2109375,28611.640625,2741100000
2007-12-13,27744.44921875,28604.169921875,27606.23046875,28518.779296875,2963000000
2007-12-14,27563.640625,27813.8203125,27245.169921875,27708.310546875,2426900000
2007-12-17,26596.580078125,27245.509765625,26551.369140625,27236.44921875,2406700000
2007-12-18,26732.869140625,26912.2890625,26093.9609375,26515.08984375,2245700000
2007-12-19,27029.259765625,27214.650390625,26670.849609375,26880.08984375,1637100000
2007-12-20,27017.08984375,27203.890625,26957.650390625,27034.599609375,1421500000
2007-12-21,27626.919921875,27670.310546875,27192.80078125,27192.80078125,1608500000
2007-12-24,28128.80078125,28191.259765625,27954.279296875,27965.25,1238100000
2007-12-27,27842.9296875,28343.390625,27842.9296875,28337.470703125,1551900000
2007-12-28,27370.599609375,27678.400390625,27296.859375,27511.5390625,1772100000
2007-12-31,27812.650390625,27820.140625,27437.939453125,27437.939453125,853800000
2008-01-02,27560.51953125,27853.599609375,27299.44921875,27632.19921875,1232100000
2008-01-03,26887.279296875,27223.7109375,26864.130859375,27050.029296875,2442700000
2008-01-04,27519.689453125,27596.859375,26994.849609375,27004.33984375,2375500000
2008-01-07,27179.490234375,27186.0703125,26698.5390625,26962.5390625,2452900000
2008-01-08,27112.900390625,27637.599609375,27088.69921875,27466.9609375,2492400000
2008-01-09,27615.849609375,27625.830078125,26757.029296875,26847.490234375,2714700000
2008-01-10,27230.859375,27596.5,27115.8203125,27426.419921875,2704600000
2008-01-11,26867.009765625,27593.69921875,26725.94921875,27435.509765625,2950300000
2008-01-14,26468.130859375,27142.880859375,26464.640625,27019.130859375,2050200000
2008-01-15,25837.779296875,26800.51953125,25823.5,26728.9296875,2333400000
2008-01-16,24450.849609375,25131.109375,24320.029296875,25131.109375,4294600000
2008-01-17,25114.98046875,25381.91015625,23957.609375,24705.080078125,3535100000
2008-01-18,25201.869140625,25378.240234375,24134.25,24247.169921875,3155100000
2008-01-21,23818.859375,24650.279296875,23770.130859375,24459.01953125,3252100000
2008-01-22,21757.630859375,22713.689453125,21709.630859375,22624.2890625,5979700000
2008-01-23,24090.169921875,24239.98046875,22647.279296875,23359.19921875,5350500000
2008-01-24,23539.26953125,24966.169921875,23478.869140625,24396.849609375,4254000000
2008-01-25,25122.369140625,25243.580078125,24483.9296875,24801.4609375,3929000000
2008-01-28,24053.609375,24384.26953125,23586.51953125,24342.390625,3088000000
2008-01-29,24291.80078125,24736.80078125,24229.140625,24640.099609375,1953200000
2008-01-30,23653.689453125,24631.58984375,23586.369140625,24605.150390625,2550800000
2008-01-31,23455.740234375,23887.169921875,23052.94921875,23789.720703125,2460000000
2008-02-01,24123.580078125,24238.30078125,23322.05078125,23791.919921875,3429300000
2008-02-04,25032.080078125,25101.41015625,24728.5,24885.0703125,3259200000
2008-02-05,24808.69921875,24961.98046875,24504.529296875,24710.099609375,1704100000
2008-02-06,23469.4609375,23592.310546875,23283.970703125,23458.150390625,2714600000
2008-02-11,22616.109375,23404.740234375,22569.529296875,23404.740234375,2369900000
2008-02-12,22921.669921875,23146.439453125,22891.220703125,22953.779296875,1584800000
2008-02-13,23169.55078125,23534.490234375,22938.05078125,23330.08984375,2066000000
2008-02-14,24021.6796875,24140.2890625,23756.44921875,23893.509765625,2799200000
2008-02-15,24148.4296875,24208.509765625,23446.369140625,23511.470703125,1920000000
2008-02-18,23759.25,24413.890625,23735.869140625,24344.26953125,1666300000
2008-02-19,24123.169921875,24402.640625,24025.05078125,24040.66015625,2524500000
2008-02-20,23590.580078125,24265.3203125,23481.060546875,24265.3203125,2652400000
2008-02-21,23623.0,24003.599609375,23500.94921875,23957.640625,1680700000
2008-02-22,23305.0390625,23420.349609375,23077.509765625,23233.900390625,1760200000
2008-02-25,23269.140625,23552.990234375,23164.970703125,23546.099609375,1323800000
2008-02-26,23714.75,23762.400390625,23395.259765625,23564.76953125,1621000000
2008-02-27,24483.83984375,24610.41015625,24111.599609375,24161.189453125,3009500000
2008-02-28,24591.689453125,24841.23046875,24205.009765625,24373.900390625,2194400000
2008-02-29,24331.669921875,24370.689453125,24010.48046875,24226.830078125,1997900000
2008-03-03,23584.970703125,23738.669921875,23458.94921875,23491.5703125,2409000000
2008-03-04,23119.869140625,23923.19921875,23060.900390625,23858.0390625,2208700000
2008-03-05,23114.33984375,23268.44921875,22873.310546875,23066.640625,1977000000
2008-03-06,23342.73046875,23615.1796875,23254.310546875,23360.6796875,1691900000
2008-03-07,22501.330078125,22836.759765625,22447.83984375,22694.23046875,2764200000
2008-03-10,22705.05078125,22725.2109375,22034.759765625,22387.25,2510400000
2008-03-11,22995.349609375,22995.349609375,22263.359375,22634.7109375,2261200000
2008-03-12,23422.759765625,23737.650390625,23139.400390625,23737.650390625,2637000000
2008-03-13,22301.640625,23007.609375,22251.240234375,22925.419921875,2546500000
2008-03-14,22237.109375,22747.140625,22151.509765625,22536.119140625,2340200000
2008-03-17,21084.609375,21473.400390625,21041.259765625,21318.029296875,3369500000
2008-03-18,21384.609375,21467.1796875,20572.919921875,21444.609375,3676800000
2008-03-19,21866.939453125,22191.880859375,21779.83984375,22191.880859375,2951800000
2008-03-20,21108.220703125,21471.669921875,20896.140625,21173.30078125,2784800000
2008-03-25,22464.51953125,22529.80078125,21691.55078125,21841.779296875,3281200000
2008-03-26,22617.009765625,22811.349609375,22428.4296875,22581.75,2754500000
2008-03-27,22664.220703125,22758.939453125,22205.19921875,22312.5703125,2271900000
2008-03-28,23285.94921875,23313.880859375,22721.220703125,22750.310546875,3177600000
2008-03-31,22849.19921875,23077.83984375,22700.83984375,22997.0390625,1817000000
2008-04-01,23137.4609375,23305.7109375,22700.5,23084.9296875,2122800000
2008-04-02,23872.4296875,24195.3203125,23858.890625,24133.76953125,3980900000
2008-04-03,24264.630859375,24334.189453125,23937.310546875,23947.55078125,2489100000
2008-04-07,24578.759765625,24642.01953125,24269.55078125,24484.830078125,2084000000
2008-04-08,24311.689453125,24557.4296875,24212.599609375,24507.0703125,1980400000
2008-04-09,23984.5703125,24492.029296875,23921.150390625,24293.419921875,2280700000
2008-04-10,24187.099609375,24214.5703125,23905.580078125,24101.41015625,2034500000
2008-04-11,24667.7890625,24681.4609375,24322.109375,24442.26953125,2777500000
2008-04-14,23811.19921875,24070.259765625,23753.0390625,23968.0390625,2289900000
2008-04-15,23901.330078125,24043.890625,23613.490234375,23950.400390625,1951900000
2008-04-16,23878.349609375,24194.1796875,23749.6796875,24075.6796875,1510800000
2008-04-17,24258.9609375,24442.0703125,24150.509765625,24369.859375,1972000000
2008-04-18,24197.779296875,24400.869140625,24107.240234375,24234.529296875,2314100000
2008-04-21,24721.669921875,24887.109375,24668.279296875,24821.0,2069800000
2008-04-22,24939.150390625,24965.740234375,24413.25,24460.640625,2474600000
2008-04-23,25289.240234375,25361.2890625,24919.73046875,25000.490234375,2661200000
2008-04-24,25680.779296875,25861.6796875,25603.5703125,25776.2890625,3261400000
2008-04-25,25516.779296875,25852.970703125,25437.8203125,25852.970703125,2047800000
2008-04-28,25666.2890625,25717.4296875,25567.58984375,25613.169921875,2082900000
2008-04-29,25914.150390625,26038.580078125,25633.470703125,25661.9609375,2901800000
2008-04-30,25755.349609375,26066.5,25731.640625,25998.26953125,2282500000
2008-05-02,26241.01953125,26374.08984375,26173.8203125,26324.970703125,2749000000
2008-05-05,26183.94921875,26387.369140625,26118.609375,26321.609375,1900600000
2008-05-06,26262.130859375,26314.990234375,26072.619140625,26084.609375,1696800000
2008-05-07,25610.2109375,26377.990234375,25471.189453125,26377.990234375,2539300000
2008-05-08,25449.7890625,25616.94921875,25353.509765625,25442.51953125,1846300000
2008-05-09,25063.169921875,25483.759765625,24911.330078125,25401.91015625,2068000000
2008-05-13,25552.76953125,25601.55078125,25032.169921875,25190.1796875,2460700000
2008-05-14,25533.48046875,25546.779296875,25108.060546875,25461.369140625,1855800000
2008-05-15,25513.7109375,25736.560546875,25208.220703125,25719.01953125,2137000000
2008-05-16,25618.859375,25748.330078125,25533.599609375,25665.640625,2457700000
2008-05-19,25742.23046875,25822.0,25592.2109375,25592.2109375,1587600000
2008-05-20,25169.4609375,25702.869140625,25042.08984375,25692.26953125,2068800000
2008-05-21,25460.2890625,25498.08984375,24820.169921875,24828.0390625,2106300000
2008-05-22,25043.119140625,25057.5390625,24700.490234375,24984.279296875,2061200000
2008-05-23,24714.0703125,25128.439453125,24693.55078125,25085.349609375,1574800000
2008-05-26,24127.310546875,24331.689453125,24100.310546875,24234.349609375,1780700000
2008-05-27,24282.0390625,24441.0703125,24221.279296875,24239.05078125,1144900000
2008-05-28,24249.509765625,24338.6796875,24178.7109375,24209.029296875,1445200000
2008-05-29,24383.990234375,24542.099609375,24222.05078125,24542.099609375,1779300000
2008-05-30,24533.119140625,24585.779296875,24289.849609375,24448.369140625,2117200000
2008-06-02,24831.359375,24923.279296875,24453.7890625,24542.2890625,1827000000
2008-06-03,24375.759765625,24590.599609375,24254.9296875,24556.1796875,2556800000
2008-06-04,24123.25,24462.580078125,24123.25,24327.720703125,1965700000
2008-06-05,24255.2890625,24321.66015625,24003.98046875,24150.529296875,1718600000
2008-06-06,24402.1796875,24524.58984375,24392.8203125,24505.599609375,1723100000
2008-06-10,23375.51953125,23741.08984375,23343.189453125,23689.16015625,2721500000
2008-06-11,23327.599609375,23486.169921875,23178.01953125,23288.9609375,1655600000
2008-06-12,23023.859375,23023.859375,22695.099609375,22820.890625,2122600000
2008-06-13,22592.30078125,22984.08984375,22592.30078125,22920.76953125,1499600000
2008-06-16,23029.689453125,23232.990234375,22814.169921875,22814.169921875,1493200000
2008-06-17,23057.990234375,23128.580078125,22872.330078125,23008.080078125,1172400000
2008-06-18,23325.80078125,23492.2109375,22946.9609375,23114.44921875,2194500000
2008-06-19,22797.609375,22999.669921875,22733.779296875,22849.359375,1847300000
2008-06-20,22745.599609375,23411.630859375,22745.599609375,22817.990234375,2389600000
2008-06-23,22714.9609375,22830.4296875,22384.580078125,22407.08984375,1772600000
2008-06-24,22456.01953125,22731.490234375,22456.01953125,22697.259765625,1738800000
2008-06-25,22635.16015625,22827.560546875,22567.9296875,22745.169921875,1404600000
2008-06-26,22455.669921875,22885.349609375,22441.470703125,22742.5390625,1858500000
2008-06-27,22042.349609375,22201.470703125,21773.669921875,21901.26953125,2215900000
2008-06-30,22102.009765625,22237.919921875,21997.689453125,22237.919921875,1489400000
2008-07-02,21704.44921875,21938.19921875,21555.529296875,21785.390625,2548600000
2008-07-03,21242.779296875,21742.0703125,21163.5703125,21389.490234375,2725300000
2008-07-04,21423.8203125,21534.05078125,21344.849609375,21402.169921875,1796300000
2008-07-07,21913.060546875,21916.2109375,21402.69921875,21402.69921875,1964600000
2008-07-08,21220.810546875,21684.2109375,21098.83984375,21632.69921875,2015200000
2008-07-09,21805.810546875,21954.169921875,21531.970703125,21740.859375,2691200000
2008-07-10,21821.779296875,22020.66015625,21498.869140625,21562.0703125,2512100000
2008-07-11,22184.55078125,22225.380859375,21761.0390625,21834.640625,2163700000
2008-07-14,22014.4609375,22360.2890625,21871.599609375,22205.0,1494900000
2008-07-15,21174.76953125,21644.0390625,21077.240234375,21644.0390625,2140100000
2008-07-16,21223.5,21334.380859375,20988.740234375,20988.740234375,1784100000
2008-07-17,21734.720703125,21892.529296875,21672.26953125,21825.240234375,2289900000
2008-07-18,21874.189453125,22010.939453125,21677.150390625,22010.939453125,1842100000
2008-07-21,22532.900390625,22645.51953125,22455.009765625,22523.279296875,2571600000
2008-07-22,22527.48046875,22690.740234375,22393.140625,22430.58984375,1505900000
2008-07-23,23134.55078125,23134.55078125,22871.0390625,22900.76953125,2586700000
2008-07-24,23087.720703125,23369.05078125,23062.619140625,23330.890625,2589700000
2008-07-25,22740.7109375,22843.19921875,22542.080078125,22751.509765625,1917700000
2008-07-28,22687.2109375,22862.029296875,22619.23046875,22801.849609375,1081800000
2008-07-29,22258.0,22265.9296875,22089.08984375,22265.9296875,1403200000
2008-07-30,22690.599609375,22751.0390625,22573.1796875,22637.330078125,1968700000
2008-07-31,22731.099609375,22878.759765625,22695.73046875,22878.759765625,1572700000
2008-08-01,22862.599609375,22881.26953125,22207.310546875,22497.900390625,1800200000
2008-08-04,22514.919921875,22713.580078125,22425.130859375,22630.58984375,1293100000
2008-08-05,21949.75,22225.060546875,21739.220703125,22225.060546875,1946700000
2008-08-07,22104.19921875,22424.5390625,21915.279296875,22403.259765625,2172200000
2008-08-08,21885.2109375,22230.55078125,21690.599609375,21997.640625,1737900000
2008-08-11,21859.33984375,22235.509765625,21859.33984375,22020.5390625,1549100000
2008-08-12,21640.890625,22309.330078125,21640.890625,21992.1796875,1868400000
2008-08-13,21293.3203125,21665.75,21223.380859375,21270.859375,3083100000
2008-08-14,21392.7109375,21453.48046875,21109.009765625,21302.69921875,2250400000
2008-08-15,21160.580078125,21383.7109375,20994.5390625,21383.7109375,1450500000
2008-08-18,20930.669921875,21206.599609375,20751.140625,21163.009765625,1318400000
2008-08-19,20484.369140625,20902.509765625,20484.369140625,20675.75,1387900000
2008-08-20,20931.259765625,20971.189453125,20388.7890625,20388.7890625,1839000000
2008-08-21,20392.060546875,20762.650390625,20350.48046875,20762.650390625,1711500000
2008-08-25,21104.7890625,21108.25,20739.48046875,20739.48046875,1915400000
2008-08-26,21056.66015625,21173.560546875,20785.80078125,20849.080078125,1382900000
2008-08-27,21464.720703125,21464.720703125,21104.560546875,21104.560546875,1945700000
2008-08-28,20972.2890625,21546.939453125,20857.029296875,21546.939453125,2187600000
2008-08-29,21261.890625,21474.310546875,21223.990234375,21289.69921875,2047900000
2008-09-01,20906.310546875,21031.080078125,20844.150390625,20999.3203125,1213900000
2008-09-02,21042.4609375,21066.580078125,20595.58984375,20956.939453125,1618400000
2008-09-03,20585.060546875,20964.75,20526.73046875,20964.75,1666100000
2008-09-04,20389.48046875,20621.48046875,20356.509765625,20545.380859375,1561100000
2008-09-05,19933.279296875,19987.150390625,19708.390625,19833.869140625,2582600000
2008-09-08,20794.26953125,20840.689453125,20637.990234375,20840.689453125,3035300000
2008-09-09,20491.109375,20543.150390625,20299.970703125,20439.470703125,1942600000
2008-09-10,19999.779296875,20283.990234375,19951.359375,20114.859375,2697600000
2008-09-11,19388.720703125,19854.8203125,19220.279296875,19854.8203125,2913100000
2008-09-12,19352.900390625,19525.55078125,19157.73046875,19432.720703125,2445800000
2008-09-16,18300.609375,18538.509765625,18019.19921875,18325.650390625,5213600000
2008-09-17,17637.189453125,18699.1796875,17637.189453125,18691.30078125,4390100000
2008-09-18,17632.4609375,17849.970703125,16283.7197265625,17120.23046875,6237700000
2008-09-19,19327.73046875,19327.73046875,18588.109375,18878.259765625,6690200000
2008-09-22,19632.19921875,19869.01953125,19137.669921875,19869.01953125,3731600000
2008-09-23,18872.849609375,19302.759765625,18872.849609375,19178.490234375,2546600000
2008-09-24,18961.990234375,19291.01953125,18862.900390625,18954.3203125,2084500000
2008-09-25,18934.4296875,19248.720703125,18870.109375,19003.220703125,1682500000
2008-09-26,18682.08984375,18936.939453125,18500.109375,18909.58984375,1895400000
2008-09-29,17880.6796875,18742.25,17796.33984375,18742.25,2578500000
2008-09-30,18016.2109375,18029.76953125,16799.2890625,16898.330078125,3226900000
2008-10-02,18211.109375,18285.6796875,17631.69921875,17870.4296875,2476200000
2008-10-03,17682.400390625,17926.140625,17682.400390625,17788.990234375,2074900000
2008-10-06,16803.759765625,17241.779296875,16790.859375,17156.2109375,2234400000
2008-10-08,15431.73046875,16422.51953125,15431.73046875,16107.98046875,4925700000
2008-10-09,15943.240234375,15990.2001953125,15550.8603515625,15550.8603515625,3388900000
2008-10-10,14796.8701171875,14910.5498046875,14398.5400390625,14717.51953125,4705200000
2008-10-13,16312.16015625,16376.419921875,14754.6396484375,15156.16015625,4305100000
2008-10-14,16832.880859375,17141.05078125,16615.009765625,17141.05078125,4018100000
2008-10-15,15998.2998046875,16609.08984375,15961.919921875,16609.08984375,2561700000
2008-10-16,15230.51953125,15230.51953125,14578.5400390625,14902.33984375,4412600000
2008-10-17,14554.2099609375,15300.0703125,14554.2099609375,15081.4599609375,3950800000
2008-10-20,15323.009765625,15472.6796875,14691.7900390625,14691.900390625,3013300000
2008-10-21,15041.169921875,15616.9599609375,14884.0703125,15616.9599609375,2354300000
2008-10-22,14266.599609375,15161.6904296875,14038.41015625,14878.2099609375,3102100000
2008-10-23,13760.490234375,14032.25,13403.349609375,13596.3095703125,3545900000
2008-10-24,12618.3798828125,13478.6298828125,12618.3798828125,13478.6298828125,3538900000
2008-10-27,11015.83984375,12736.849609375,10676.2900390625,12372.75,4834400000
2008-10-28,12596.2900390625,12596.2900390625,11133.9404296875,11154.5703125,5810900000
2008-10-29,12702.0703125,13307.419921875,12333.9404296875,12807.349609375,4183600000
2008-10-30,14329.849609375,14329.849609375,13280.4404296875,13280.4404296875,5338300000
2008-10-31,13968.669921875,14122.7802734375,13517.419921875,14037.3701171875,3531200000
2008-11-03,14344.3701171875,14889.1298828125,14272.169921875,14436.0302734375,2971300000
2008-11-04,14384.33984375,14539.58984375,13853.16015625,14337.6201171875,2387900000
2008-11-05,14840.16015625,15317.830078125,14750.0400390625,15045.5302734375,3458900000
2008-11-06,13790.0400390625,14081.759765625,13674.0703125,14081.759765625,2739100000
2008-11-07,14243.4296875,14254.2197265625,13273.08984375,13273.08984375,2750300000
2008-11-10,14744.6298828125,15147.9599609375,14453.6201171875,15033.1796875,2801000000
2008-11-11,14040.900390625,14853.830078125,13926.7099609375,14322.9501953125,2453800000
2008-11-12,13939.08984375,14256.0595703125,13626.3095703125,14155.259765625,2071500000
2008-11-13,13221.349609375,13373.1103515625,12943.1103515625,13068.9296875,2813700000
2008-11-14,13542.66015625,13749.5302734375,13493.8603515625,13749.5302734375,2182700000
2008-11-17,13529.5302734375,13738.1201171875,13277.6396484375,13584.349609375,1604600000
2008-11-18,12915.8896484375,13363.5703125,12676.2802734375,13298.8798828125,2489000000
2008-11-19,12815.7998046875,13179.330078125,12738.5302734375,12827.3701171875,2060800000
2008-11-20,12298.5595703125,12298.5595703125,11976.8798828125,12170.98046875,3096100000
2008-11-21,12659.2001953125,13048.5,11814.8095703125,11814.8095703125,3106000000
2008-11-24,12457.9404296875,12707.23046875,12239.490234375,12239.490234375,1769100000
2008-11-25,12878.599609375,13090.8798828125,12767.4404296875,13012.0,2466300000
2008-11-26,13369.4501953125,13369.4501953125,12990.349609375,12990.349609375,2394600000
2008-11-27,13552.0595703125,13930.91015625,13332.9296875,13901.4501953125,2776100000
2008-11-28,13888.240234375,13896.490234375,13550.2900390625,13550.2900390625,2150300000
2008-12-01,14108.83984375,14253.66015625,13659.4404296875,13775.2802734375,2041600000
2008-12-02,13405.849609375,13513.5,13344.599609375,13373.01953125,1961200000
2008-12-03,13588.66015625,13778.0498046875,13573.4296875,13598.599609375,1811400000
2008-12-04,13509.7802734375,13883.8701171875,13459.6103515625,13857.2900390625,1862600000
2008-12-05,13846.08984375,13875.1396484375,13656.919921875,13718.919921875,1750600000
2008-12-08,15044.8701171875,15044.8701171875,14303.25,14303.25,3219400000
2008-12-09,14753.2197265625,15205.3203125,14717.4697265625,15032.330078125,2440300000
2008-12-10,15577.740234375,15578.9599609375,14946.0,14946.0,2684200000
2008-12-11,15613.900390625,15781.0498046875,15337.73046875,15533.6201171875,2477400000
2008-12-12,14758.3896484375,15393.08984375,14479.23046875,15287.7001953125,2916300000
2008-12-15,15046.9501953125,15386.900390625,15007.419921875,15363.490234375,2021400000
2008-12-16,15130.2099609375,15217.25,14819.73046875,15018.4599609375,1661600000
2008-12-17,15460.51953125,15557.4501953125,15179.3798828125,15544.9697265625,2180500000
2008-12-18,15497.8095703125,15548.259765625,15301.16015625,15335.2998046875,1883000000
2008-12-19,15127.509765625,15444.2802734375,15014.98046875,15235.2197265625,2420200000
2008-12-22,14622.3896484375,15227.4296875,14622.3896484375,15177.1201171875,1413000000
2008-12-23,14220.7900390625,14491.75,14084.8603515625,14472.0302734375,1494200000
2008-12-24,14184.1396484375,14300.7001953125,13855.8896484375,13855.8896484375,865500000
2008-12-29,14328.48046875,14332.01953125,13924.3203125,14080.8603515625,1046600000
2008-12-30,14235.5,14513.48046875,14189.080078125,14476.740234375,1441700000
2008-12-31,14387.48046875,14527.099609375,14302.150390625,14377.509765625,1612200000
2009-01-02,15042.8095703125,15042.8095703125,14412.1201171875,14448.2197265625,1752400000
2009-01-05,15563.3095703125,15563.3095703125,15128.3203125,15349.330078125,2172600000
2009-01-06,15509.509765625,15651.6103515625,15367.9296875,15612.4697265625,2484500000
2009-01-07,14987.4599609375,15763.5498046875,14976.740234375,15759.5302734375,9799100000
2009-01-08,14415.91015625,14755.8095703125,14334.150390625,14755.8095703125,4374400000
2009-01-09,14377.4404296875,14673.599609375,14297.41015625,14530.830078125,3332500000
2009-01-12,13971.0,14312.259765625,13895.0400390625,14312.259765625,4111600000
2009-01-13,13668.0498046875,14118.9296875,13644.5400390625,13930.26953125,3480900000
2009-01-14,13704.6103515625,14019.0302734375,13674.9599609375,13807.0302734375,1537700000
2009-01-15,13242.9599609375,13300.75,12904.0498046875,13136.23046875,4146200000
2009-01-16,13255.509765625,13423.240234375,13113.4501953125,13278.9697265625,3467100000
2009-01-19,13339.990234375,13519.1796875,13097.5,13414.08984375,2194400000
2009-01-20,12959.76953125,13160.8701171875,12816.25,12854.400390625,2521600000
2009-01-21,12583.6298828125,12762.5400390625,12439.1298828125,12534.599609375,3303900000
2009-01-22,12657.990234375,12895.25,12657.099609375,12844.3701171875,1878300000
2009-01-23,12578.599609375,12734.7998046875,12469.83984375,12542.009765625,2198200000
2009-01-29,13154.4296875,13560.0703125,13109.26953125,13560.0703125,2662300000
2009-01-30,13278.2099609375,13390.1201171875,12899.5703125,12958.080078125,3689300000
2009-02-02,12861.490234375,13239.5,12733.349609375,13194.0,2005500000
2009-02-03,12776.8896484375,13065.9697265625,12729.0400390625,12991.490234375,1562200000
2009-02-04,13063.8896484375,13108.740234375,12975.2998046875,13029.419921875,2070900000
2009-02-05,13178.900390625,13492.5302734375,13018.6396484375,13084.7900390625,3385000000
2009-02-06,13655.0400390625,13660.240234375,13322.6201171875,13535.759765625,2428200000
2009-02-09,13769.0595703125,13865.58984375,13561.5400390625,13865.58984375,2693000000
2009-02-10,13880.6396484375,13976.3095703125,13663.41015625,13787.1201171875,1957900000
2009-02-11,13539.2099609375,13600.01953125,13363.0595703125,13546.1396484375,1808300000
2009-02-12,13228.2998046875,13478.66015625,13174.009765625,13439.580078125,1756000000
2009-02-13,13554.669921875,13576.3203125,13314.01953125,13314.8095703125,1546700000
2009-02-16,13455.8798828125,13559.8203125,13257.349609375,13559.8203125,1357600000
2009-02-17,12945.400390625,13195.509765625,12933.91015625,13195.509765625,2353200000
2009-02-18,13016.0,13031.2802734375,12712.330078125,12783.7900390625,2274500000
2009-02-19,13023.3603515625,13055.7197265625,12788.080078125,12873.099609375,1587100000
2009-02-20,12699.169921875,12816.7900390625,12669.5703125,12719.1396484375,2053300000
2009-02-23,13175.099609375,13207.98046875,12777.9599609375,12777.9599609375,1931100000
2009-02-24,12798.51953125,12814.3701171875,12634.83984375,12789.2900390625,2134800000
2009-02-25,13005.080078125,13148.3095703125,12858.2802734375,12979.8603515625,1779100000
2009-02-26,12894.9404296875,13071.580078125,12691.9599609375,13070.41015625,1974600000
2009-02-27,12811.5703125,13032.2998046875,12799.8095703125,12929.990234375,2698400000
2009-03-02,12317.4599609375,12576.4501953125,12296.8603515625,12522.6103515625,2194800000
2009-03-03,12033.8798828125,12192.349609375,11849.169921875,11967.0703125,2342800000
2009-03-04,12331.150390625,12423.6904296875,11880.169921875,11880.169921875,2882800000
2009-03-05,12211.240234375,12488.330078125,12163.5498046875,12488.330078125,2668000000
2009-03-06,11921.51953125,12146.16015625,11921.51953125,12041.8203125,4178100000
2009-03-09,11344.580078125,11927.8896484375,11344.580078125,11872.4599609375,2071500000
2009-03-10,11694.0498046875,11747.1103515625,11542.8798828125,11542.8798828125,1845700000
2009-03-11,11930.66015625,12228.2197265625,11904.6103515625,12228.2197265625,2685800000
2009-03-12,12001.5302734375,12040.83984375,11848.5,11905.4697265625,1457500000
2009-03-13,12525.7998046875,12525.7998046875,12303.7001953125,12395.1796875,2857800000
2009-03-16,12976.7099609375,12976.7099609375,12615.4501953125,12657.8701171875,2779300000
2009-03-17,12878.08984375,13226.3095703125,12854.0498046875,12948.849609375,2897000000
2009-03-18,13117.169921875,13167.2001953125,13020.7998046875,13052.9501953125,1768500000
2009-03-19,13130.919921875,13205.169921875,12947.900390625,13205.169921875,2041000000
2009-03-20,12833.509765625,13157.900390625,12797.099609375,13157.900390625,2073300000
2009-03-23,13447.419921875,13451.01953125,13001.5498046875,13001.5498046875,2679900000
2009-03-24,13910.33984375,13952.98046875,13538.16015625,13773.169921875,2913000000
2009-03-25,13622.1103515625,13892.8798828125,13567.4501953125,13754.76953125,3186100000
2009-03-26,14108.98046875,14132.08984375,13819.099609375,13821.2802734375,4821700000
2009-03-27,14119.5,14257.5595703125,13955.66015625,14257.5595703125,3396900000
2009-03-30,13456.330078125,13893.150390625,13413.48046875,13893.150390625,2885500000
2009-03-31,13576.01953125,13696.6904296875,13428.3095703125,13545.3603515625,2854900000
2009-04-01,13519.5400390625,13788.41015625,13411.7900390625,13746.1796875,2753400000
2009-04-02,14521.9697265625,14533.33984375,13953.5595703125,13963.33984375,3402800000
2009-04-03,14545.6904296875,14644.8203125,14392.1904296875,14547.51953125,3078700000
2009-04-06,14998.0400390625,15147.0595703125,14778.509765625,14920.83984375,2555300000
2009-04-07,14928.9697265625,14994.759765625,14743.7099609375,14922.08984375,2558900000
2009-04-08,14474.8603515625,14715.7001953125,14276.349609375,14715.7001953125,2944800000
2009-04-09,14901.41015625,14987.41015625,14656.16015625,14686.48046875,2609300000
2009-04-14,15580.16015625,15596.33984375,15140.3896484375,15302.1396484375,3643000000
2009-04-15,15669.6201171875,15669.849609375,15213.3896484375,15344.58984375,2529500000
2009-04-16,15582.990234375,15977.1298828125,15517.3896484375,15928.8203125,2685000000
2009-04-17,15601.26953125,15956.4599609375,15541.3095703125,15956.4599609375,3095800000
2009-04-20,15750.91015625,15878.400390625,15382.9599609375,15574.3203125,2566000000
2009-04-21,15285.8896484375,15332.26953125,15065.58984375,15065.58984375,2426800000
2009-04-22,14878.4501953125,15396.2802734375,14830.58984375,15328.830078125,3069800000
2009-04-23,15214.4599609375,15222.2001953125,14867.58984375,14958.240234375,2008300000
2009-04-24,15258.849609375,15367.48046875,15062.2900390625,15217.3701171875,1792000000
2009-04-27,14840.419921875,15160.6904296875,14798.900390625,15160.6904296875,2331700000
2009-04-28,14555.1103515625,15078.6298828125,14457.990234375,15057.25,2818500000
2009-04-29,14956.9501953125,14983.66015625,14714.509765625,14767.919921875,2413700000
2009-04-30,15520.990234375,15587.2900390625,15204.099609375,15369.1103515625,2932900000
2009-05-04,16381.0498046875,16387.119140625,15855.240234375,15869.2802734375,3325000000
2009-05-05,16430.080078125,16580.5390625,16295.8603515625,16572.0,2520500000
2009-05-06,16834.5703125,16885.919921875,16268.0302734375,16348.759765625,3042100000
2009-05-07,17217.890625,17327.51953125,16880.599609375,17278.310546875,4411500000
2009-05-08,17389.869140625,17442.9609375,16970.19921875,17149.310546875,3886300000
2009-05-11,17087.94921875,17685.640625,17032.439453125,17381.0,3722400000
2009-05-12,17153.640625,17239.650390625,16908.060546875,16996.2109375,4029500000
2009-05-13,17059.619140625,17372.150390625,17014.859375,17097.8203125,2043300000
2009-05-14,16541.689453125,16630.330078125,16422.279296875,16630.330078125,2962200000
2009-05-15,16790.69921875,16953.41015625,16736.1796875,16818.810546875,1985000000
2009-05-18,17022.91015625,17062.490234375,16334.3603515625,16468.7109375,2397300000
2009-05-19,17544.029296875,17588.9296875,17376.4296875,17454.23046875,2813000000
2009-05-20,17475.83984375,17611.0,17362.369140625,17486.390625,2308500000
2009-05-21,17199.490234375,17415.259765625,17172.640625,17291.439453125,1539000000
2009-05-22,17062.51953125,17299.259765625,16740.26953125,17169.5703125,1938400000
2009-05-25,17121.8203125,17264.419921875,16789.0,16999.05078125,1950200000
2009-05-26,16991.560546875,17283.890625,16977.7109375,17050.33984375,2052200000
2009-05-27,17885.26953125,17984.01953125,17347.890625,17395.609375,4564300000
2009-05-29,18171.0,18227.7890625,17833.740234375,18027.9296875,4358600000
2009-06-01,18888.58984375,18895.80078125,18415.41015625,18499.919921875,4124700000
2009-06-02,18389.080078125,18916.609375,18300.619140625,18916.609375,3931100000
2009-06-03,18576.470703125,18967.390625,18508.30078125,18616.939453125,3094600000
2009-06-04,18502.76953125,18522.390625,18108.80078125,18417.900390625,2683300000
2009-06-05,18679.529296875,18722.490234375,18406.859375,18674.48046875,2501300000
2009-06-08,18253.390625,18636.150390625,18236.05078125,18521.7890625,1987400000
2009-06-09,18058.490234375,18475.509765625,17710.44921875,18450.640625,2174900000
2009-06-10,18785.66015625,18789.849609375,18258.16015625,18339.91015625,4432200000
2009-06-11,18791.029296875,18883.240234375,18564.869140625,18578.890625,3642000000
2009-06-12,18889.6796875,19161.970703125,18707.189453125,19034.7890625,3599400000
2009-06-15,18498.9609375,18872.740234375,18433.30078125,18712.060546875,2357600000
2009-06-16,18165.5,18314.9609375,17859.740234375,18235.970703125,2924100000
2009-06-17,18084.599609375,18255.130859375,17833.76953125,17984.830078125,2914100000
2009-06-18,17776.66015625,18069.759765625,17655.8203125,17955.6796875,2355700000
2009-06-19,17920.9296875,18015.109375,17759.859375,17936.330078125,3085700000
2009-06-22,18059.55078125,18398.919921875,17906.390625,17906.390625,2592000000
2009-06-23,17538.369140625,17682.869140625,17375.9609375,17577.73046875,2865900000
2009-06-24,17892.150390625,17912.0703125,17484.060546875,17583.349609375,2222000000
2009-06-25,18275.029296875,18340.91015625,18069.369140625,18140.16015625,2319800000
2009-06-26,18600.259765625,18688.109375,18360.7109375,18408.369140625,2258500000
2009-06-29,18528.509765625,18687.359375,18451.759765625,18561.109375,1634700000
2009-06-30,18378.73046875,18883.240234375,18364.810546875,18883.240234375,2417100000
2009-07-02,18178.05078125,18780.9609375,18053.099609375,18780.9609375,2287400000
2009-07-03,18203.400390625,18234.240234375,17894.810546875,17961.1796875,1540800000
2009-07-06,17979.41015625,18258.259765625,17897.6796875,18020.099609375,1780100000
2009-07-07,17862.26953125,18159.990234375,17821.7109375,17943.490234375,1497800000
2009-07-08,17721.0703125,17819.310546875,17493.619140625,17652.98046875,2001900000
2009-07-09,17790.58984375,17836.94921875,17509.279296875,17793.609375,2157000000
2009-07-10,17708.419921875,17851.220703125,17645.55078125,17800.05078125,1605600000
2009-07-13,17254.630859375,17612.44921875,17185.9609375,17612.44921875,2006200000
2009-07-14,17885.73046875,17896.359375,17581.4296875,17631.669921875,1845700000
2009-07-15,18258.66015625,18289.0,18030.099609375,18042.58984375,1762600000
2009-07-16,18361.869140625,18700.599609375,18303.580078125,18688.869140625,1949800000
2009-07-17,18805.66015625,18855.859375,18457.419921875,18551.91015625,2505100000
2009-07-20,19502.369140625,19506.419921875,18960.5390625,19005.189453125,2442700000
2009-07-21,19501.73046875,19601.859375,19295.23046875,19601.859375,1844300000
2009-07-22,19248.169921875,19641.75,19224.05078125,19560.419921875,2064200000
2009-07-23,19817.69921875,19824.1796875,19415.369140625,19431.919921875,2305700000
2009-07-24,19982.7890625,20063.9296875,19715.150390625,20063.9296875,2234900000
2009-07-27,20251.619140625,20385.689453125,20096.169921875,20170.73046875,2201500000
2009-07-28,20624.5390625,20664.48046875,20109.55078125,20261.939453125,2356200000
2009-07-29,20135.5,20542.609375,19787.48046875,20404.509765625,2523100000
2009-07-30,20234.080078125,20359.7890625,19955.3203125,20150.259765625,1990200000
2009-07-31,20573.330078125,20712.66015625,20474.05078125,20546.0703125,1930500000
2009-08-03,20807.259765625,20816.609375,20449.189453125,20582.6796875,1928400000
2009-08-04,20796.4296875,21196.75,20748.609375,21196.75,2573900000
2009-08-05,20494.76953125,20995.810546875,20436.650390625,20779.76953125,2263900000
2009-08-06,20899.240234375,20904.9296875,20339.869140625,20484.33984375,2427900000
2009-08-07,20375.369140625,20759.560546875,20316.779296875,20708.119140625,2809800000
2009-08-10,20929.51953125,21010.470703125,20730.41015625,20758.51953125,2169100000
2009-08-11,21074.2109375,21088.0703125,20733.33984375,20774.970703125,1627800000
2009-08-12,20435.240234375,20725.900390625,20417.759765625,20725.900390625,2251800000
2009-08-13,20861.30078125,20943.859375,20746.919921875,20767.859375,1934500000
2009-08-14,20893.330078125,21037.169921875,20639.560546875,21023.9609375,1744600000
2009-08-17,20137.650390625,20471.76953125,20058.099609375,20467.30078125,2556900000
2009-08-18,20306.26953125,20409.189453125,19916.279296875,20125.55078125,2038100000
2009-08-19,19954.23046875,20352.939453125,19824.859375,20195.08984375,2101200000
2009-08-20,20328.859375,20465.220703125,20196.330078125,20282.720703125,1799800000
2009-08-21,20199.01953125,20439.419921875,20002.779296875,20288.560546875,1665100000
2009-08-24,20535.939453125,20649.9609375,20433.609375,20649.9609375,1935000000
2009-08-25,20435.240234375,20476.25,20143.509765625,20246.7890625,1531400000
2009-08-26,20456.3203125,20576.599609375,20401.740234375,20542.759765625,1435000000
2009-08-27,20242.75,20364.400390625,20147.33984375,20289.33984375,1672600000
2009-08-28,20098.619140625,20409.130859375,20004.69921875,20409.130859375,1764700000
2009-08-31,19724.189453125,19827.130859375,19592.0703125,19827.130859375,2268100000
2009-09-01,19872.30078125,19961.740234375,19734.26953125,19961.740234375,1403800000
2009-09-02,19522.0,19611.0703125,19425.859375,19560.26953125,1666600000
2009-09-03,19761.6796875,19823.029296875,19526.890625,19526.890625,1580100000
2009-09-04,20318.619140625,20413.609375,19744.44921875,19830.01953125,3108500000
2009-09-07,20629.310546875,20667.580078125,20446.16015625,20502.849609375,2267300000
2009-09-08,21069.810546875,21133.7109375,20617.400390625,20617.400390625,2797300000
2009-09-09,20851.0390625,21085.08984375,20825.16015625,21085.08984375,1540900000
2009-09-10,21069.560546875,21322.55078125,21020.919921875,21131.080078125,2224500000
2009-09-11,21161.419921875,21306.109375,20980.150390625,21122.310546875,1774000000
2009-09-14,20932.19921875,21045.0,20821.58984375,20841.509765625,1253300000
2009-09-15,20866.369140625,21049.220703125,20819.9296875,21049.220703125,713500000
2009-09-16,21402.919921875,21403.130859375,20950.380859375,21086.75,2263700000
2009-09-17,21768.509765625,21929.7890625,21636.51953125,21674.7109375,2512400000
2009-09-18,21623.44921875,21765.98046875,21515.9296875,21640.970703125,2002600000
2009-09-21,21472.849609375,21730.7109375,21457.349609375,21574.939453125,1525100000
2009-09-22,21701.140625,21704.140625,21491.689453125,21594.33984375,1130700000
2009-09-23,21595.51953125,21742.390625,21524.330078125,21655.619140625,1171900000
2009-09-24,21050.73046875,21399.23046875,20963.369140625,21386.470703125,2069900000
2009-09-25,21024.400390625,21065.73046875,20766.4609375,20810.810546875,1265700000
2009-09-28,20588.41015625,20829.509765625,20534.8203125,20798.51953125,1258600000
2009-09-29,21013.169921875,21087.25,20889.810546875,20889.810546875,1303100000
2009-09-30,20955.25,21090.490234375,20792.98046875,21036.1796875,1120800000
2009-10-02,20375.490234375,20470.919921875,20323.58984375,20380.23046875,1855200000
2009-10-05,20429.0703125,20489.94921875,20305.060546875,20342.580078125,1232000000
2009-10-06,20811.529296875,20824.130859375,20509.640625,20509.640625,1441100000
2009-10-07,21241.58984375,21343.75,21072.58984375,21074.98046875,2029100000
2009-10-08,21492.900390625,21524.05078125,21284.419921875,21418.26953125,1407600000
2009-10-09,21499.439453125,21572.69921875,21421.76953125,21572.69921875,1390700000
2009-10-12,21299.349609375,21623.330078125,21262.7109375,21623.330078125,1010800000
2009-10-13,21467.359375,21679.150390625,21371.8203125,21371.8203125,1822000000
2009-10-14,21886.48046875,21893.419921875,21562.66015625,21564.330078125,2012500000
2009-10-15,21999.080078125,22250.349609375,21971.48046875,22209.189453125,2154500000
2009-10-16,21929.900390625,22143.009765625,21899.169921875,22138.060546875,2142500000
2009-10-19,22200.4609375,22250.23046875,21761.830078125,21761.830078125,1527500000
2009-10-20,22384.9609375,22451.619140625,22260.41015625,22260.41015625,1847000000
2009-10-21,22318.109375,22407.140625,22200.640625,22299.650390625,1399500000
2009-10-22,22210.51953125,22266.740234375,22002.7890625,22237.369140625,1706800000
2009-10-23,22589.73046875,22620.009765625,22407.400390625,22438.900390625,2119000000
2009-10-27,22169.58984375,22277.060546875,22016.7890625,22016.7890625,1680300000
2009-10-28,21761.580078125,22149.0390625,21740.330078125,22004.55078125,1739900000
2009-10-29,21264.990234375,21346.55078125,21134.330078125,21290.08984375,2279700000
2009-10-30,21752.869140625,21953.58984375,21720.41015625,21720.41015625,2177400000
2009-11-02,21620.189453125,21632.900390625,21130.900390625,21194.119140625,1722600000
2009-11-03,21240.060546875,21684.73046875,21223.419921875,21598.630859375,1458900000
2009-11-04,21614.76953125,21699.83984375,21360.66015625,21396.5,1403200000
2009-11-05,21479.080078125,21549.099609375,21372.990234375,21405.060546875,1262000000
2009-11-06,21829.720703125,21931.359375,21780.5703125,21866.720703125,1524100000
2009-11-09,22207.55078125,22214.849609375,21941.619140625,22004.509765625,1663000000
2009-11-10,22268.16015625,22556.560546875,22200.240234375,22556.560546875,1699800000
2009-11-11,22627.2109375,22643.66015625,22396.0390625,22534.140625,1321300000
2009-11-12,22397.5703125,22707.359375,22359.08984375,22660.470703125,1416000000
2009-11-13,22553.630859375,22585.529296875,22343.990234375,22381.33984375,1424400000
2009-11-16,22943.98046875,22998.849609375,22770.689453125,22789.990234375,1663700000
2009-11-17,22914.150390625,23000.369140625,22798.01953125,23000.369140625,1263500000
2009-11-18,22840.330078125,23099.5703125,22645.740234375,22974.359375,1646300000
2009-11-19,22643.16015625,22894.83984375,22587.1796875,22894.83984375,1302300000
2009-11-20,22455.83984375,22584.55078125,22376.359375,22486.560546875,1445000000
2009-11-23,22771.390625,22794.130859375,22490.33984375,22541.689453125,1136300000
2009-11-24,22423.140625,22813.9296875,22395.380859375,22697.619140625,1781000000
2009-11-25,22611.80078125,22638.890625,22336.0703125,22505.9296875,2905100000
2009-11-26,22210.41015625,22580.25,22108.259765625,22580.25,2298800000
2009-11-27,21134.5,21685.130859375,21002.490234375,21623.919921875,3974800000
2009-11-30,21821.5,21924.080078125,21687.689453125,21687.689453125,2028600000
2009-12-01,22113.150390625,22130.75,21789.41015625,21813.419921875,1442600000
2009-12-02,22289.5703125,22439.359375,22266.689453125,22402.509765625,1617600000
2009-12-03,22553.869140625,22593.720703125,22333.669921875,22503.6796875,1437800000
2009-12-04,22498.150390625,22528.83984375,22240.859375,22400.490234375,1417700000
2009-12-07,22324.9609375,22476.619140625,22256.109375,22387.23046875,1121000000
2009-12-08,22060.51953125,22306.169921875,22055.01953125,22306.169921875,1317600000
2009-12-09,21741.759765625,22034.810546875,21658.26953125,21905.80078125,1563800000
2009-12-10,21700.0390625,21981.380859375,21565.580078125,21939.119140625,1620500000
2009-12-11,21902.109375,22143.83984375,21796.830078125,21796.830078125,1537400000
2009-12-14,22085.75,22225.76953125,21546.529296875,21638.970703125,1895300000
2009-12-15,21813.919921875,22032.16015625,21779.919921875,22032.16015625,1767700000
2009-12-16,21611.740234375,21907.2890625,21517.58984375,21840.25,1781800000
2009-12-17,21347.630859375,21665.7890625,21218.900390625,21665.7890625,1787900000
2009-12-18,21175.880859375,21281.91015625,21078.19921875,21162.4296875,1872800000
2009-12-21,20948.099609375,21178.44921875,20932.76953125,21110.240234375,1201800000
2009-12-22,21092.0390625,21229.7109375,21029.279296875,21151.849609375,1273400000
2009-12-23,21328.740234375,21339.1796875,21017.01953125,21115.880859375,992700000
2009-12-24,21517.0,21591.990234375,21357.2890625,21378.7890625,688200000
2009-12-28,21480.220703125,21739.390625,21474.109375,21622.130859375,851800000
2009-12-29,21499.439453125,21608.98046875,21392.900390625,21544.439453125,775500000
2009-12-30,21496.619140625,21620.740234375,21320.109375,21469.330078125,1494200000
2009-12-31,21872.5,21886.3203125,21587.48046875,21654.25,792400000
2010-01-04,21823.279296875,22024.830078125,21689.220703125,21860.0390625,1006200000
2010-01-05,22279.580078125,22297.0390625,21987.26953125,22092.150390625,1965600000
2010-01-06,22416.669921875,22514.7890625,22277.130859375,22357.4609375,2100200000
2010-01-07,22269.44921875,22548.029296875,22169.609375,22548.029296875,1495400000
2010-01-08,22296.75,22443.220703125,22206.16015625,22282.75,1626000000
2010-01-11,22411.51953125,22671.919921875,22373.9609375,22524.1796875,1744600000
2010-01-12,22326.640625,22476.119140625,22192.98046875,22378.23046875,2204800000
2010-01-13,21748.599609375,22012.0390625,21688.169921875,21990.6796875,3414200000
2010-01-14,21716.94921875,21988.9296875,21707.099609375,21871.009765625,2338700000
2010-01-15,21654.16015625,21788.849609375,21581.0703125,21715.08984375,2659800000
2010-01-18,21460.009765625,21645.6796875,21320.970703125,21418.33984375,1867400000
2010-01-19,21677.98046875,21681.689453125,21335.599609375,21481.109375,1913400000
2010-01-20,21286.169921875,21561.560546875,21171.30078125,21543.25,2197600000
2010-01-21,20862.669921875,21272.259765625,20828.240234375,21192.830078125,2465600000
2010-01-22,20726.1796875,20738.990234375,20250.359375,20527.19921875,3220400000
2010-01-25,20598.55078125,20619.69921875,20422.669921875,20447.7890625,1909800000
2010-01-26,20109.330078125,20560.109375,20046.599609375,20560.109375,2270000000
2010-01-27,20033.0703125,20340.8203125,19923.55078125,20185.80078125,1822400000
2010-01-28,20356.369140625,20437.560546875,20170.150390625,20202.330078125,1880600000
2010-01-29,20121.990234375,20327.689453125,19916.33984375,20026.51953125,1784300000
2010-02-01,20243.75,20254.240234375,19845.9296875,19987.669921875,1702000000
2010-02-02,20272.1796875,20533.9609375,20181.279296875,20432.9609375,1561600000
2010-02-03,20722.080078125,20780.5,20315.310546875,20486.150390625,1922100000
2010-02-04,20341.640625,20554.19921875,20316.330078125,20534.740234375,1607700000
2010-02-05,19665.080078125,19822.9296875,19655.880859375,19706.240234375,2515400000
2010-02-08,19550.890625,19673.109375,19423.05078125,19614.849609375,1751000000
2010-02-09,19790.279296875,19843.869140625,19461.19921875,19493.5,1495200000
2010-02-10,19922.220703125,19976.66015625,19681.5390625,19914.83984375,1581400000
2010-02-11,20290.689453125,20310.7890625,20095.529296875,20095.529296875,1338900000
2010-02-12,20268.689453125,20428.3203125,20212.55078125,20240.669921875,1193600000
2010-02-17,20534.009765625,20684.220703125,20471.359375,20657.859375,1111700000
2010-02-18,20422.150390625,20569.609375,20381.30078125,20534.76953125,720600000
2010-02-19,19894.01953125,20261.490234375,19874.55078125,20261.490234375,1329500000
2010-02-22,20377.26953125,20427.08984375,20313.150390625,20407.83984375,1067700000
2010-02-23,20623.0,20711.75,20120.099609375,20218.509765625,1469300000
2010-02-24,20467.740234375,20583.83984375,20351.05078125,20357.419921875,1508100000
2010-02-25,20399.5703125,20644.26953125,20261.98046875,20512.380859375,1980200000
2010-02-26,20608.69921875,20662.83984375,20567.580078125,20657.830078125,1492500000
2010-03-01,21056.9296875,21056.9296875,20853.080078125,20853.080078125,2586000000
2010-03-02,20906.109375,20961.830078125,20847.4609375,20921.439453125,2296300000
2010-03-03,20876.7890625,21016.2890625,20845.16015625,21016.2890625,1674100000
2010-03-04,20575.779296875,21000.130859375,20575.779296875,20983.810546875,1910800000
2010-03-05,20787.970703125,20820.970703125,20654.939453125,20820.970703125,2875200000
2010-03-08,21196.869140625,21257.08984375,21080.759765625,21099.7109375,2052900000
2010-03-09,21207.55078125,21277.66015625,21128.9296875,21153.619140625,1421000000
2010-03-10,21208.2890625,21293.51953125,21156.08984375,21293.51953125,1257700000
2010-03-11,21228.19921875,21333.060546875,21059.060546875,21333.060546875,1402200000
2010-03-12,21209.740234375,21260.0703125,21116.83984375,21249.80078125,1164400000
2010-03-15,21079.099609375,21116.5,20964.310546875,21036.419921875,1143300000
2010-03-16,21022.9296875,21196.830078125,20986.689453125,21135.7890625,1027800000
2010-03-17,21384.490234375,21440.1796875,21159.4296875,21183.599609375,1612100000
2010-03-18,21330.669921875,21440.810546875,21287.369140625,21429.689453125,1342000000
2010-03-19,21370.8203125,21389.0,21257.80078125,21359.55078125,1347400000
2010-03-22,20933.25,21120.4296875,20899.689453125,21120.4296875,1572500000
2010-03-23,20987.779296875,21211.080078125,20971.560546875,21070.650390625,1253200000
2010-03-24,21008.619140625,21205.5,20974.05078125,21203.5,1282100000
2010-03-25,20778.55078125,20800.94921875,20659.279296875,20799.05078125,1456700000
2010-03-26,21053.109375,21126.75,20679.650390625,20679.650390625,1863900000
2010-03-29,21237.4296875,21318.23046875,21125.91015625,21148.05078125,1394400000
2010-03-30,21374.7890625,21450.98046875,21202.169921875,21230.529296875,1749800000
2010-03-31,21239.349609375,21446.80078125,21230.2890625,21366.619140625,2159400000
2010-04-01,21537.0,21547.66015625,21373.16015625,21390.890625,2059400000
2010-04-07,21928.76953125,21935.41015625,21747.5703125,21828.349609375,2868700000
2010-04-08,21867.0390625,21949.25,21813.349609375,21836.419921875,1712300000
2010-04-09,22208.5,22249.23046875,21963.779296875,22014.73046875,2129100000
2010-04-12,22138.169921875,22388.76953125,22131.9296875,22388.76953125,1580100000
2010-04-13,22103.529296875,22290.669921875,22008.05078125,22216.109375,1868200000
2010-04-14,22121.4296875,22192.330078125,22061.76953125,22183.05078125,1302100000
2010-04-15,22157.8203125,22337.890625,22113.2109375,22265.359375,1459700000
2010-04-16,21865.259765625,22111.990234375,21788.880859375,22059.30078125,2496700000
2010-04-19,21405.169921875,21582.130859375,21283.30078125,21557.779296875,2348800000
2010-04-20,21623.380859375,21647.75,21507.470703125,21519.259765625,1422000000
2010-04-21,21510.9296875,21740.640625,21475.98046875,21732.759765625,1624200000
2010-04-22,21454.939453125,21471.109375,21206.740234375,21283.9296875,1352000000
2010-04-23,21244.490234375,21442.76953125,21232.150390625,21385.16015625,1306500000
2010-04-26,21587.060546875,21617.849609375,21489.05078125,21501.2109375,1140600000
2010-04-27,21261.7890625,21383.2109375,21224.05078125,21341.48046875,1327500000
2010-04-28,20949.400390625,21021.669921875,20853.830078125,20853.830078125,1788300000
2010-04-29,20778.919921875,21007.560546875,20763.33984375,20994.369140625,1617100000
2010-04-30,21108.58984375,21121.51953125,20920.150390625,20934.0703125,2387300000
2010-05-03,20811.359375,20886.849609375,20773.970703125,20799.7890625,1312400000
2010-05-04,20763.05078125,21011.94921875,20743.490234375,20935.900390625,1291200000
2010-05-05,20327.5390625,20505.66015625,20293.23046875,20390.119140625,2384500000
2010-05-06,20133.41015625,20303.220703125,19888.490234375,20177.470703125,2153800000
2010-05-07,19920.2890625,20037.599609375,19699.5,19699.5,2324800000
2010-05-10,20426.640625,20491.94921875,20035.599609375,20118.94921875,1821000000
2010-05-11,20146.509765625,20398.4296875,19977.099609375,20346.5390625,1888700000
2010-05-12,20212.490234375,20237.859375,20003.490234375,20175.740234375,1157900000
2010-05-13,20422.4609375,20526.580078125,20273.990234375,20411.55078125,1340600000
2010-05-14,20145.4296875,20352.80078125,20130.779296875,20258.44921875,1366500000
2010-05-17,19715.19921875,19832.029296875,19593.5,19832.029296875,1728600000
2010-05-18,19944.939453125,20013.330078125,19672.390625,19768.80078125,1350100000
2010-05-19,19578.98046875,19785.859375,19546.220703125,19552.16015625,1293400000
2010-05-20,19545.830078125,19747.16015625,19276.4609375,19694.470703125,1585500000
2010-05-24,19667.759765625,19757.439453125,19470.279296875,19470.279296875,1641700000
2010-05-25,18985.5,19328.359375,18974.51953125,19317.240234375,2165700000
2010-05-26,19196.44921875,19242.060546875,19047.69921875,19177.33984375,2264600000
2010-05-27,19431.369140625,19555.779296875,18971.51953125,19015.890625,2136800000
2010-05-28,19766.7109375,19910.060546875,19710.859375,19816.390625,2068700000
2010-05-31,19765.189453125,19823.990234375,19629.830078125,19705.529296875,1075800000
2010-06-01,19496.94921875,19805.599609375,19463.349609375,19600.5703125,1098800000
2010-06-02,19471.80078125,19656.220703125,19372.130859375,19651.55078125,1231900000
2010-06-03,19786.7109375,19859.80078125,19744.3203125,19822.890625,1270600000
2010-06-04,19780.0703125,19841.6796875,19658.66015625,19765.25,1011300000
2010-06-07,19378.150390625,19389.91015625,19211.669921875,19211.669921875,1583700000
2010-06-08,19487.48046875,19510.08984375,19333.099609375,19459.740234375,904500000
2010-06-09,19621.240234375,19792.279296875,19383.890625,19488.19921875,1263100000
2010-06-10,19632.69921875,19729.150390625,19517.609375,19517.609375,962200000
2010-06-11,19872.380859375,19995.640625,19834.23046875,19995.640625,1146600000
2010-06-14,20051.91015625,20102.55078125,20024.0390625,20102.55078125,954800000
2010-06-15,20062.150390625,20142.099609375,19970.91015625,19998.529296875,996100000
2010-06-17,20138.400390625,20201.810546875,20078.58984375,20201.810546875,1034900000
2010-06-18,20286.7109375,20315.419921875,20138.349609375,20199.220703125,1413400000
2010-06-21,20912.1796875,20938.330078125,20571.400390625,20571.400390625,3171200000
2010-06-22,20819.080078125,20957.08984375,20796.380859375,20861.470703125,1597800000
2010-06-23,20856.609375,20866.880859375,20689.150390625,20718.66015625,1362800000
2010-06-24,20733.490234375,20901.150390625,20710.150390625,20797.439453125,1067900000
2010-06-25,20690.7890625,20732.30078125,20563.9296875,20615.919921875,1338500000
2010-06-28,20726.6796875,20862.380859375,20687.26953125,20718.080078125,1171400000
2010-06-29,20248.900390625,20738.150390625,20190.880859375,20727.44921875,1781400000
2010-06-30,20128.990234375,20143.16015625,19971.26953125,19985.720703125,1588100000
2010-07-02,19905.3203125,20161.990234375,19803.220703125,20059.560546875,1374600000
2010-07-05,19842.19921875,19913.400390625,19793.470703125,19809.060546875,1251600000
2010-07-06,20084.119140625,20084.119140625,19777.830078125,19777.830078125,1204500000
2010-07-07,19857.0703125,19948.150390625,19800.23046875,19948.150390625,1083600000
2010-07-08,20050.560546875,20236.1796875,20002.009765625,20231.150390625,1137900000
2010-07-09,20378.66015625,20418.310546875,20116.51953125,20142.779296875,1673600000
2010-07-12,20467.4296875,20539.609375,20368.619140625,20476.01953125,1675500000
2010-07-13,20431.060546875,20529.41015625,20378.990234375,20485.109375,1309300000
2010-07-14,20560.810546875,20722.220703125,20512.240234375,20722.220703125,1563000000
2010-07-15,20255.619140625,20665.619140625,20226.259765625,20530.2890625,1591200000
2010-07-16,20250.16015625,20313.740234375,20173.490234375,20293.609375,1648100000
2010-07-19,20090.94921875,20127.560546875,20007.880859375,20007.880859375,1040700000
2010-07-20,20264.58984375,20403.009765625,20075.720703125,20075.720703125,1168000000
2010-07-21,20487.23046875,20494.1796875,20334.349609375,20377.599609375,1115600000
2010-07-22,20589.69921875,20592.4609375,20384.73046875,20487.490234375,951800000
2010-07-23,20815.330078125,20847.849609375,20728.41015625,20847.849609375,1641300000
2010-07-26,20839.91015625,20963.080078125,20826.98046875,20944.630859375,1139700000
2010-07-27,20973.390625,21008.779296875,20824.05078125,20965.5390625,1118100000
2010-07-28,21091.1796875,21199.55078125,20902.16015625,20961.55078125,1350400000
2010-07-29,21093.8203125,21130.740234375,20970.9296875,21091.169921875,1014300000
2010-07-30,21029.810546875,21095.900390625,20945.630859375,21008.4609375,947200000
2010-08-02,21412.7890625,21439.220703125,21221.4296875,21221.4296875,1646300000
2010-08-03,21457.66015625,21610.1796875,21409.810546875,21610.1796875,1419700000
2010-08-04,21549.880859375,21621.8203125,21427.509765625,21567.330078125,1243000000
2010-08-05,21551.720703125,21618.580078125,21462.23046875,21577.130859375,940900000
2010-08-06,21678.80078125,21722.380859375,21456.740234375,21575.94921875,1309200000
2010-08-09,21801.58984375,21805.939453125,21622.119140625,21640.529296875,999900000
2010-08-10,21473.599609375,21765.580078125,21446.80078125,21764.23046875,1257200000
2010-08-11,21294.5390625,21643.240234375,21239.169921875,21542.26953125,1475900000
2010-08-12,21105.7109375,21124.98046875,20926.48046875,21039.419921875,1695700000
2010-08-13,21071.5703125,21205.6796875,21012.509765625,21095.169921875,1230400000
2010-08-16,21112.119140625,21209.4609375,20881.94921875,20881.94921875,1053800000
2010-08-17,21137.4296875,21161.73046875,21015.009765625,21081.310546875,671700000
2010-08-18,21022.73046875,21277.119140625,20968.69921875,21167.880859375,1282600000
2010-08-19,21072.4609375,21297.619140625,21023.30078125,21094.69921875,1336400000
2010-08-20,20981.8203125,20997.390625,20868.240234375,20929.720703125,1096900000
2010-08-23,20889.009765625,21035.009765625,20845.69921875,20963.25,857900000
2010-08-24,20658.7109375,20937.529296875,20651.26953125,20759.349609375,1243900000
2010-08-25,20634.98046875,20667.30078125,20512.779296875,20603.5703125,1224500000
2010-08-26,20612.060546875,20664.759765625,20567.330078125,20603.1796875,1026600000
2010-08-27,20597.349609375,20670.5703125,20552.55078125,20563.08984375,1212700000
2010-08-30,20737.220703125,20832.359375,20668.810546875,20797.009765625,1056600000
2010-08-31,20536.490234375,20608.55078125,20372.2890625,20539.220703125,1329300000
2010-09-01,20623.830078125,20649.44921875,20529.869140625,20570.51953125,1114900000
2010-09-02,20868.919921875,20938.2890625,20819.609375,20864.400390625,1272300000
2010-09-03,20971.5,21028.66015625,20860.890625,20918.810546875,1340900000
2010-09-06,21355.76953125,21398.08984375,21139.7890625,21155.91015625,1599600000
2010-09-07,21401.7890625,21435.580078125,21313.259765625,21419.91015625,1163800000
2010-09-08,21088.859375,21214.810546875,21066.689453125,21213.19921875,1956600000
2010-09-09,21167.26953125,21248.580078125,21122.73046875,21169.8203125,1086600000
2010-09-10,21257.390625,21332.439453125,21092.810546875,21310.720703125,1125400000
2010-09-13,21658.349609375,21714.359375,21395.5703125,21396.900390625,2035200000
2010-09-14,21696.0390625,21763.73046875,21656.44921875,21760.73046875,1515500000
2010-09-15,21725.640625,21819.94921875,21633.0703125,21819.94921875,1104100000
2010-09-16,21691.44921875,21726.009765625,21525.7109375,21694.2109375,1482300000
2010-09-17,21970.859375,21988.869140625,21713.669921875,21744.529296875,1889400000
2010-09-20,21977.33984375,22009.099609375,21874.419921875,21918.44921875,1215100000
2010-09-21,22002.58984375,22118.580078125,21950.689453125,22118.580078125,1279500000
2010-09-22,22047.7109375,22229.1796875,22021.599609375,22077.380859375,1308400000
2010-09-24,22119.4296875,22155.669921875,21956.759765625,21972.880859375,1297400000
2010-09-27,22340.83984375,22407.23046875,22292.5390625,22351.330078125,1522300000
2010-09-28,22109.94921875,22371.599609375,22091.130859375,22329.8203125,1534400000
2010-09-29,22378.669921875,22439.189453125,22300.08984375,22314.560546875,1945600000
2010-09-30,22358.169921875,22381.330078125,22202.4296875,22287.080078125,2329900000
2010-10-04,22618.66015625,22734.880859375,22542.359375,22542.359375,2592000000
2010-10-05,22639.140625,22670.810546875,22504.05078125,22532.0390625,1820400000
2010-10-06,22880.41015625,23023.130859375,22872.419921875,23006.19921875,3266500000
2010-10-07,22884.3203125,22996.73046875,22824.05078125,22996.73046875,2175200000
2010-10-08,22944.1796875,23093.76953125,22861.150390625,22861.150390625,1559400000
2010-10-11,23207.310546875,23302.2890625,23151.619140625,23169.130859375,2067000000
2010-10-12,23121.69921875,23254.140625,23055.609375,23161.2109375,1655500000
2010-10-13,23457.689453125,23471.66015625,23035.5703125,23329.3203125,2514500000
2010-10-14,23852.169921875,23866.869140625,23614.400390625,23685.259765625,4144500000
2010-10-15,23757.630859375,23862.5390625,23650.30078125,23733.7890625,3595000000
2010-10-18,23469.380859375,23716.48046875,23467.44921875,23693.119140625,2263800000
2010-10-19,23763.73046875,23768.08984375,23551.310546875,23551.310546875,1616100000
2010-10-20,23556.5,23689.990234375,23307.490234375,23423.8203125,2639400000
2010-10-21,23649.48046875,23736.7890625,23450.830078125,23736.7890625,1713500000
2010-10-22,23517.5390625,23667.419921875,23465.759765625,23647.3203125,1259300000
2010-10-25,23627.91015625,23781.880859375,23519.16015625,23551.140625,1441700000
2010-10-26,23601.240234375,23727.630859375,23546.330078125,23727.630859375,1401300000
2010-10-27,23164.580078125,23708.669921875,23148.1796875,23543.73046875,1882700000
2010-10-28,23210.859375,23290.5390625,23136.970703125,23290.5390625,1333700000
2010-10-29,23096.3203125,23222.349609375,22880.6796875,23177.689453125,1905000000
2010-11-01,23652.939453125,23656.650390625,23366.8203125,23366.8203125,1709500000
2010-11-02,23671.419921875,23724.869140625,23566.880859375,23608.1796875,1622200000
2010-11-03,24144.669921875,24163.83984375,23684.990234375,23802.060546875,2699600000
2010-11-04,24535.630859375,24550.080078125,24345.9296875,24377.0703125,2315800000
2010-11-05,24876.8203125,24931.849609375,24732.900390625,24905.4296875,2815100000
2010-11-08,24964.369140625,24988.5703125,24732.51953125,24838.220703125,1811300000
2010-11-09,24710.599609375,24963.259765625,24687.30078125,24858.33984375,2258200000
2010-11-10,24500.609375,24692.5390625,24421.029296875,24672.5,1945400000
2010-11-11,24700.30078125,24887.580078125,24505.150390625,24598.810546875,1795700000
2010-11-12,24222.580078125,24608.66015625,24187.26953125,24404.91015625,2093400000
2010-11-15,24027.1796875,24382.140625,24002.650390625,24371.76953125,1668500000
2010-11-16,23693.01953125,24085.23046875,23578.869140625,24009.83984375,1923800000
2010-11-17,23214.4609375,23618.240234375,23192.490234375,23432.23046875,2171400000
2010-11-18,23637.390625,23671.509765625,23327.2890625,23437.80078125,1718300000
2010-11-19,23605.7109375,23686.419921875,23252.330078125,23625.310546875,1903800000
2010-11-22,23524.01953125,23592.76953125,23419.41015625,23499.630859375,1649700000
2010-11-23,22896.140625,23322.169921875,22871.109375,23290.279296875,2174800000
2010-11-24,23023.859375,23166.689453125,22971.2109375,23107.439453125,1464300000
2010-11-25,23054.6796875,23283.220703125,23037.859375,23110.01953125,1278400000
2010-11-26,22877.25,23107.669921875,22782.98046875,23033.0,1134000000
2010-11-29,23166.220703125,23187.75,22785.279296875,22832.05078125,1211600000
2010-11-30,23007.990234375,23199.439453125,22844.529296875,23122.400390625,1711400000
2010-12-01,23249.80078125,23325.7890625,22842.119140625,22973.80078125,1622200000
2010-12-02,23448.779296875,23575.380859375,23388.740234375,23554.75,1727100000
2010-12-03,23320.51953125,23611.0390625,23286.5390625,23555.759765625,1638300000
2010-12-06,23237.689453125,23612.25,23213.7109375,23507.19921875,1448300000
2010-12-07,23428.150390625,23475.2890625,23101.810546875,23177.400390625,1395000000
2010-12-08,23092.51953125,23374.369140625,22998.33984375,23362.66015625,1469100000
2010-12-09,23171.80078125,23269.359375,23083.16015625,23167.869140625,1359000000
2010-12-10,23162.91015625,23202.2890625,22965.900390625,23091.51953125,1352000000
2010-12-13,23317.609375,23490.1796875,23233.400390625,23362.3203125,1108600000
2010-12-14,23431.189453125,23453.419921875,23328.009765625,23451.400390625,1005900000
2010-12-15,22975.349609375,23371.33984375,22876.880859375,23371.33984375,1731600000
2010-12-16,22668.779296875,22992.0703125,22598.9609375,22949.779296875,1490100000
2010-12-17,22714.849609375,22732.619140625,22519.609375,22660.880859375,1426300000
2010-12-20,22639.080078125,22716.779296875,22392.669921875,22708.4296875,1175600000
2010-12-21,22993.859375,23025.470703125,22671.609375,22711.4609375,1262000000
2010-12-22,23045.189453125,23160.439453125,22990.689453125,23039.849609375,1191400000
2010-12-23,22902.970703125,23151.380859375,22867.9296875,23139.580078125,739900000
2010-12-24,22833.80078125,22948.25,22776.619140625,22932.5,531800000
2010-12-28,22621.73046875,22684.830078125,22529.259765625,22553.150390625,1031000000
2010-12-29,22969.30078125,22981.51953125,22663.80078125,22725.380859375,796500000
2010-12-30,22999.33984375,23111.26953125,22890.560546875,22987.83984375,979900000
2010-12-31,23035.44921875,23102.05078125,23012.5,23079.83984375,643100000
2011-01-03,23436.05078125,23443.529296875,23057.51953125,23135.640625,1066900000
2011-01-04,23668.48046875,23695.609375,23408.08984375,23477.310546875,1330700000
2011-01-05,23757.8203125,23773.98046875,23579.740234375,23650.1796875,1277800000
2011-01-06,23786.30078125,23861.220703125,23698.380859375,23861.220703125,1147700000
2011-01-07,23686.630859375,23880.76953125,23654.0390625,23744.029296875,1287300000
2011-01-10,23527.259765625,23783.830078125,23481.80078125,23715.470703125,1087100000
2011-01-11,23760.33984375,23855.830078125,23512.220703125,23606.759765625,1171800000
2011-01-12,24125.609375,24168.359375,23857.169921875,23857.169921875,1592900000
2011-01-13,24238.98046875,24378.810546875,24208.44921875,24347.33984375,2323200000
2011-01-14,24283.23046875,24347.259765625,24187.900390625,24273.619140625,1531600000
2011-01-17,24156.970703125,24364.0703125,24098.029296875,24364.0703125,1209100000
2011-01-18,24153.98046875,24382.009765625,24104.33984375,24189.830078125,1286500000
2011-01-19,24419.619140625,24434.400390625,24243.880859375,24321.25,1356700000
2011-01-20,24003.69921875,24248.3203125,23963.859375,24248.3203125,1531200000
2011-01-21,23876.859375,24130.16015625,23840.2890625,23913.189453125,1335200000
2011-01-24,23801.779296875,23970.30078125,23751.720703125,23970.30078125,1201900000
2011-01-25,23788.830078125,23999.109375,23769.4609375,23891.6796875,1038900000
2011-01-26,23843.240234375,23976.369140625,23662.1796875,23802.880859375,1318200000
2011-01-27,23779.619140625,24023.6796875,23734.69921875,23771.119140625,1585200000
2011-01-28,23617.01953125,23763.740234375,23580.419921875,23763.740234375,1501900000
2011-01-31,23447.33984375,23520.5390625,23285.599609375,23314.689453125,1962800000
2011-02-01,23482.94921875,23552.23046875,23422.720703125,23451.619140625,1362600000
2011-02-02,23908.9609375,23922.740234375,23671.509765625,23700.16015625,1087500000
2011-02-07,23553.58984375,23981.740234375,23530.80078125,23981.740234375,1481000000
2011-02-08,23484.30078125,23616.830078125,23396.169921875,23613.490234375,1683200000
2011-02-09,23164.029296875,23591.5,23128.720703125,23535.41015625,2265500000
2011-02-10,22708.619140625,23069.419921875,22668.01953125,23035.640625,2501900000
2011-02-11,22828.919921875,22861.529296875,22446.669921875,22752.55078125,1973100000
2011-02-14,23121.060546875,23187.8203125,22899.580078125,22920.2890625,1623700000
2011-02-15,22899.779296875,23104.98046875,22881.16015625,23037.029296875,1315000000
2011-02-16,23156.970703125,23183.279296875,22809.009765625,23015.390625,1289300000
2011-02-17,23301.83984375,23320.4296875,23079.470703125,23173.48046875,1447100000
2011-02-18,23595.240234375,23614.609375,23316.30078125,23342.669921875,2141900000
2011-02-21,23485.419921875,23585.630859375,23444.76953125,23500.109375,1226000000
2011-02-22,22990.810546875,23170.51953125,22938.130859375,23170.51953125,1736200000
2011-02-23,22906.900390625,23055.470703125,22837.08984375,22983.369140625,1287200000
2011-02-24,22601.0390625,23036.9296875,22575.990234375,22856.779296875,1506200000
2011-02-25,23012.369140625,23091.3203125,22712.9609375,22727.0390625,1403500000
2011-02-28,23338.01953125,23388.3203125,22886.369140625,22900.150390625,1782700000
2011-03-01,23396.419921875,23478.69921875,23244.109375,23317.9609375,1802500000
2011-03-02,23048.66015625,23114.4296875,22915.650390625,23114.4296875,1492000000
2011-03-03,23122.419921875,23329.380859375,23097.150390625,23102.830078125,1643400000
2011-03-04,23408.859375,23506.669921875,23374.599609375,23406.76953125,1855100000
2011-03-07,23313.189453125,23491.7109375,23229.0703125,23257.140625,1321100000
2011-03-08,23711.69921875,23731.890625,23307.69921875,23401.490234375,1782700000
2011-03-09,23810.109375,23934.0703125,23775.69921875,23863.9296875,2028500000
2011-03-10,23614.890625,23818.640625,23564.94921875,23818.640625,1406100000
2011-03-11,23249.779296875,23514.73046875,23105.990234375,23437.5,1671000000
2011-03-14,23345.880859375,23345.880859375,23078.939453125,23207.150390625,1201200000
2011-03-15,22678.25,23110.7109375,22253.470703125,23110.7109375,2969000000
2011-03-16,22700.880859375,22814.5,22541.55078125,22814.5,1775000000
2011-03-17,22284.4296875,22393.98046875,22123.259765625,22237.240234375,1700500000
2011-03-18,22300.23046875,22464.349609375,22273.69921875,22387.98046875,2025000000
2011-03-21,22685.220703125,22711.83984375,22395.30078125,22401.060546875,1744900000
2011-03-22,22857.900390625,22880.58984375,22654.220703125,22732.94921875,1450400000
2011-03-23,22825.400390625,22849.23046875,22714.859375,22797.939453125,1383300000
2011-03-24,22915.279296875,23050.869140625,22890.830078125,23005.490234375,1848400000
2011-03-25,23158.669921875,23179.259765625,23068.08984375,23135.380859375,2696400000
2011-03-28,23068.189453125,23261.6796875,22952.4296875,23114.0703125,1989100000
2011-03-29,23060.359375,23137.150390625,22965.33984375,22997.349609375,1352900000
2011-03-30,23451.4296875,23505.109375,23180.919921875,23192.7890625,2044000000
2011-03-31,23527.51953125,23618.060546875,23450.4609375,23618.060546875,2338800000
2011-04-01,23801.900390625,23827.2109375,23474.33984375,23664.48046875,2190700000
2011-04-04,24150.580078125,24164.369140625,23917.009765625,23917.009765625,2068500000
2011-04-06,24285.05078125,24322.259765625,24102.599609375,24182.830078125,2113400000
2011-04-07,24281.80078125,24368.759765625,24195.609375,24317.8203125,1589700000
2011-04-08,24396.0703125,24468.640625,24251.740234375,24306.439453125,1596100000
2011-04-11,24303.0703125,24466.470703125,24250.05078125,24394.990234375,1506800000
2011-04-12,23976.369140625,24142.55078125,23916.55078125,24142.55078125,1609200000
2011-04-13,24135.029296875,24200.3203125,23842.2890625,23981.05078125,1598500000
2011-04-14,24014.0,24070.759765625,23912.26953125,23951.880859375,1219000000
2011-04-15,24008.0703125,24236.5390625,23902.029296875,24086.55078125,1280600000
2011-04-18,23830.310546875,24145.4296875,23769.48046875,23977.869140625,1280800000
2011-04-19,23520.619140625,23654.859375,23468.19921875,23654.859375,1461900000
2011-04-20,23896.099609375,23904.76953125,23682.7890625,23709.2890625,1236500000
2011-04-21,24138.310546875,24185.490234375,24031.419921875,24090.55078125,1515000000
2011-04-26,24007.380859375,24070.029296875,23844.30078125,23964.619140625,1136300000
2011-04-27,23892.83984375,24260.76953125,23825.130859375,24193.279296875,1245100000
2011-04-28,23805.630859375,24132.05078125,23761.130859375,24103.029296875,1570600000
2011-04-29,23720.810546875,23808.9296875,23633.740234375,23729.76953125,1468500000
2011-05-03,23633.25,23924.48046875,23599.279296875,23794.859375,1309000000
2011-05-04,23315.240234375,23582.599609375,23230.380859375,23582.599609375,1880800000
2011-05-05,23261.609375,23348.330078125,23167.9296875,23228.009765625,1561100000
2011-05-06,23159.140625,23207.439453125,22985.66015625,23035.939453125,1282800000
2011-05-09,23336.0,23392.69921875,23239.150390625,23249.98046875,1008600000
2011-05-11,23291.80078125,23509.009765625,23233.419921875,23509.009765625,1308700000
2011-05-12,23073.759765625,23127.98046875,22985.5390625,23112.130859375,1213500000
2011-05-13,23276.26953125,23295.029296875,22888.080078125,23120.0,1231700000
2011-05-16,22960.630859375,23134.640625,22937.140625,23054.060546875,1076100000
2011-05-17,22901.080078125,22967.880859375,22768.029296875,22896.19921875,926400000
2011-05-18,23011.140625,23057.720703125,22924.4609375,22968.619140625,1067400000
2011-05-19,23163.380859375,23248.130859375,23031.599609375,23125.279296875,1146400000
2011-05-20,23199.390625,23242.630859375,23147.419921875,23215.619140625,798100000
2011-05-23,22711.01953125,22942.9609375,22691.330078125,22942.9609375,1487200000
2011-05-24,22730.779296875,22754.44921875,22631.130859375,22693.099609375,1007900000
2011-05-25,22747.279296875,22767.009765625,22519.66015625,22558.330078125,1231400000
2011-05-26,22900.7890625,22943.849609375,22796.130859375,22848.060546875,960500000
2011-05-27,23118.0703125,23150.599609375,22859.98046875,22939.94921875,1504600000
2011-05-30,23184.3203125,23257.849609375,23086.05078125,23117.80078125,792900000
2011-05-31,23684.130859375,23707.94921875,23371.48046875,23380.2890625,2140400000
2011-06-01,23626.4296875,23706.0,23598.390625,23686.76953125,1590500000
2011-06-02,23253.83984375,23317.7890625,23210.94921875,23280.05078125,1305500000
2011-06-03,22949.560546875,23338.759765625,22932.48046875,23338.759765625,1959500000
2011-06-07,22868.669921875,22928.9609375,22730.119140625,22762.2109375,1487300000
2011-06-08,22661.630859375,22757.619140625,22607.08984375,22757.619140625,2026100000
2011-06-09,22609.830078125,22647.30078125,22372.939453125,22628.130859375,2442700000
2011-06-10,22420.369140625,22674.80078125,22297.939453125,22641.619140625,1701300000
2011-06-13,22508.080078125,22508.5,22156.810546875,22172.609375,1273200000
2011-06-14,22496.0,22642.4609375,22298.470703125,22298.470703125,1502200000
2011-06-15,22343.76953125,22598.759765625,22327.0,22532.83984375,1261800000
2011-06-16,21953.109375,22065.4609375,21874.890625,22048.279296875,1876000000
2011-06-17,21695.259765625,21971.240234375,21628.330078125,21969.6796875,1985600000
2011-06-20,21599.509765625,21897.349609375,21508.76953125,21770.7890625,1395400000
2011-06-21,21850.58984375,21875.16015625,21656.060546875,21783.859375,2141300000
2011-06-22,21859.970703125,22047.849609375,21837.83984375,22044.16015625,1431600000
2011-06-23,21759.140625,21905.099609375,21632.869140625,21777.109375,1783700000
2011-06-24,22171.94921875,22182.75,21783.73046875,21843.759765625,1956000000
2011-06-27,22041.76953125,22099.2890625,21888.0390625,21888.0390625,1271900000
2011-06-28,22061.779296875,22206.08984375,21952.369140625,22168.9296875,1391600000
2011-06-29,22061.1796875,22237.099609375,22022.060546875,22229.83984375,1504700000
2011-06-30,22398.099609375,22464.05078125,22174.609375,22233.69921875,1686800000
2011-07-04,22770.470703125,22817.5,22728.650390625,22813.25,1537400000
2011-07-05,22747.94921875,22821.75,22707.099609375,22821.75,1092900000
2011-07-06,22517.55078125,22737.5,22509.1796875,22645.349609375,9527800000
2011-07-07,22530.1796875,22707.369140625,22523.9296875,22587.5,1477600000
2011-07-08,22726.4296875,22835.029296875,22677.970703125,22706.240234375,1426600000
2011-07-11,22347.23046875,22598.619140625,22307.220703125,22598.619140625,1525100000
2011-07-12,21663.16015625,22092.5703125,21648.390625,22092.5703125,2384700000
2011-07-13,21926.880859375,21935.6796875,21718.810546875,21794.369140625,1668800000
2011-07-14,21940.19921875,21945.01953125,21747.44921875,21936.869140625,1670300000
2011-07-15,21875.380859375,21974.5703125,21774.94921875,21872.560546875,1260500000
2011-07-18,21804.75,22026.599609375,21727.9296875,21727.9296875,1224400000
2011-07-19,21902.400390625,21909.5390625,21611.16015625,21805.0,1419200000
2011-07-20,22003.689453125,22088.240234375,21871.9609375,22072.890625,1500900000
2011-07-21,21987.2890625,22090.55078125,21857.029296875,22058.630859375,1584800000
2011-07-22,22444.80078125,22449.109375,22231.599609375,22231.599609375,2047900000
2011-07-25,22293.2890625,22330.19921875,22217.400390625,22287.369140625,1334900000
2011-07-26,22572.080078125,22581.560546875,22262.4609375,22285.0390625,1753800000
2011-07-27,22541.689453125,22635.380859375,22469.1796875,22489.69921875,1484200000
2011-07-28,22570.740234375,22572.30078125,22231.0703125,22246.69921875,1485700000
2011-07-29,22440.25,22623.009765625,22323.16015625,22544.509765625,1287600000
2011-08-01,22663.369140625,22808.330078125,22651.0,22739.55078125,1443900000
2011-08-02,22421.4609375,22623.220703125,22387.919921875,22532.76953125,1587800000
2011-08-03,21992.720703125,22041.869140625,21882.779296875,22015.669921875,2262200000
2011-08-04,21884.740234375,22087.119140625,21725.669921875,22019.919921875,1548000000
2011-08-05,20946.140625,21017.720703125,20643.259765625,20939.400390625,3533700000
2011-08-08,20490.5703125,20572.509765625,20044.369140625,20409.009765625,2678400000
2011-08-09,19330.69921875,20158.55078125,18868.109375,19209.69921875,4636800000
2011-08-10,19783.669921875,20105.869140625,19672.66015625,19993.779296875,2935300000
2011-08-11,19595.140625,19728.880859375,19269.41015625,19319.4296875,2751700000
2011-08-12,19620.009765625,19955.8203125,19575.0,19955.8203125,2156200000
2011-08-15,20260.099609375,20264.330078125,19924.560546875,20056.779296875,1827200000
2011-08-16,20212.080078125,20431.859375,20140.310546875,20344.75,1776900000
2011-08-17,20289.029296875,20504.380859375,20214.720703125,20318.369140625,1562600000
2011-08-18,20016.26953125,20342.240234375,19969.2109375,20261.2109375,1568500000
2011-08-19,19399.919921875,19595.919921875,19314.419921875,19478.8203125,2110600000
2011-08-22,19486.869140625,19666.83984375,19047.640625,19465.30078125,2553700000
2011-08-23,19875.529296875,19893.369140625,19383.380859375,19476.470703125,1963500000
2011-08-24,19466.7890625,19876.669921875,19452.650390625,19863.109375,1680600000
2011-08-25,19752.48046875,19803.279296875,19638.869140625,19744.51953125,1819700000
2011-08-26,19582.880859375,19919.919921875,19549.529296875,19733.7109375,2063700000
2011-08-29,19865.109375,19919.33984375,19749.400390625,19883.060546875,1898700000
2011-08-30,20204.169921875,20341.119140625,20071.51953125,20203.55078125,6806000000
2011-08-31,20534.849609375,20556.9296875,20168.9296875,20256.33984375,3563400000
2011-09-01,20585.330078125,20975.30078125,20572.970703125,20790.220703125,2665600000
2011-09-02,20212.91015625,20580.810546875,20178.669921875,20557.919921875,1751800000
2011-09-05,19616.400390625,19830.5,19567.76953125,19830.5,1887200000
2011-09-06,19710.5,19727.890625,19290.400390625,19374.919921875,1813500000
2011-09-07,20048.0,20069.75,19785.2890625,19836.25,1706700000
2011-09-08,19912.8203125,20159.2890625,19799.490234375,20159.2890625,1893100000
2011-09-09,19866.630859375,20088.80078125,19808.94921875,19997.890625,1301300000
2011-09-12,19030.5390625,19303.740234375,18989.439453125,19264.6796875,1900600000
2011-09-14,19045.439453125,19248.640625,18627.650390625,19216.2890625,2449200000
2011-09-15,19181.5,19269.41015625,18935.080078125,19186.759765625,1916800000
2011-09-16,19455.310546875,19652.529296875,19454.740234375,19545.5,2492900000
2011-09-19,18917.94921875,19247.58984375,18876.060546875,19247.58984375,1576200000
2011-09-20,19014.80078125,19055.16015625,18732.75,19008.609375,1800500000
2011-09-21,18824.169921875,19023.5703125,18698.900390625,18891.5,1874700000
2011-09-22,17911.94921875,18296.80078125,17859.310546875,18296.80078125,2672500000
2011-09-23,17668.830078125,17813.5703125,17373.41015625,17585.7890625,3973000000
2011-09-26,17407.80078125,17734.83984375,16999.5390625,17634.419921875,3000700000
2011-09-27,18130.55078125,18136.01953125,17769.060546875,17818.970703125,2660500000
2011-09-28,18011.060546875,18101.26953125,17843.94921875,17962.490234375,2514600000
2011-09-30,17592.41015625,17946.240234375,17502.080078125,17946.240234375,3583100000
2011-10-03,16822.150390625,17179.19921875,16717.140625,17179.19921875,3227000000
2011-10-04,16250.26953125,16840.91015625,16170.349609375,16731.580078125,2858400000
2011-10-06,17172.279296875,17179.9296875,16849.44921875,16975.0,3071200000
2011-10-07,17707.009765625,17800.720703125,17505.380859375,17540.720703125,2463300000
2011-10-10,17711.060546875,17859.349609375,17437.83984375,17853.259765625,1782400000
2011-10-11,18141.58984375,18456.16015625,18041.69921875,18441.869140625,3122900000
2011-10-12,18329.4609375,18411.76953125,17804.560546875,17990.560546875,2169100000
2011-10-13,18757.810546875,18758.740234375,18453.05078125,18601.650390625,2336900000
2011-10-14,18501.7890625,18665.94921875,18367.849609375,18639.4296875,1491100000
2011-10-17,18873.990234375,18908.169921875,18675.810546875,18808.66015625,1626900000
2011-10-18,18076.4609375,18411.400390625,17963.259765625,18411.400390625,2198100000
2011-10-19,18309.220703125,18426.2890625,18203.990234375,18400.330078125,1373200000
2011-10-20,17983.099609375,18198.119140625,17782.0,18198.119140625,1266000000
2011-10-21,18025.720703125,18082.4296875,17926.2890625,18034.19921875,1068800000
2011-10-24,18771.8203125,18826.849609375,18435.41015625,18444.16015625,1951500000
2011-10-25,18968.19921875,18981.5703125,18801.419921875,18867.509765625,1901000000
2011-10-26,19066.5390625,19106.740234375,18705.080078125,18727.9609375,1680800000
2011-10-27,19688.69921875,19693.189453125,19046.470703125,19067.58984375,3148400000
2011-10-28,20019.240234375,20272.380859375,19972.240234375,20152.220703125,3745500000
2011-10-31,19864.869140625,20155.619140625,19699.330078125,20027.720703125,1747600000
2011-11-01,19369.9609375,19698.990234375,19322.599609375,19461.080078125,1764800000
2011-11-02,19733.7109375,19745.48046875,19024.0703125,19091.849609375,1963000000
2011-11-03,19242.5,19541.119140625,19142.33984375,19418.8203125,2140900000
2011-11-04,19842.7890625,19981.51953125,19773.310546875,19922.76953125,2257600000
2011-11-07,19677.890625,19977.08984375,19649.5703125,19894.220703125,1620000000
2011-11-08,19678.470703125,19914.919921875,19659.939453125,19848.5,1464900000
2011-11-09,20014.4296875,20173.140625,19967.169921875,20067.380859375,1943900000
2011-11-10,18963.890625,19199.080078125,18945.580078125,19091.400390625,2485600000
2011-11-11,19137.169921875,19206.33984375,19028.310546875,19143.580078125,1279500000
2011-11-14,19508.1796875,19640.6796875,19496.16015625,19600.369140625,1683800000
2011-11-15,19348.439453125,19420.060546875,19240.349609375,19305.279296875,5166600000
2011-11-16,18960.900390625,19483.099609375,18768.669921875,19483.099609375,1615200000
2011-11-17,18817.470703125,18958.970703125,18657.740234375,18686.169921875,2567700000
2011-11-18,18491.23046875,18561.0390625,18398.9609375,18561.0390625,1662300000
2011-11-21,18225.849609375,18293.939453125,18054.23046875,18213.720703125,1367000000
2011-11-22,18251.58984375,18355.119140625,18017.5,18225.48046875,1961300000
2011-11-23,17864.4296875,17964.400390625,17838.740234375,17954.580078125,1582400000
2011-11-24,17935.099609375,17997.0703125,17657.689453125,17657.689453125,1402000000
2011-11-25,17689.48046875,17827.810546875,17613.19921875,17658.779296875,944800000
2011-11-28,18037.810546875,18095.19921875,17954.189453125,18019.2109375,1142300000
2011-11-29,18256.19921875,18372.44921875,18053.919921875,18225.099609375,1726100000
2011-11-30,17989.349609375,18192.2890625,17860.80078125,18192.2890625,3420100000
2011-12-01,19002.259765625,19050.560546875,18868.3203125,19033.9609375,3561500000
2011-12-02,19040.390625,19151.650390625,18878.310546875,18977.19921875,2307800000
2011-12-05,19179.689453125,19188.859375,18972.900390625,19117.890625,1604800000
2011-12-06,18942.23046875,19038.48046875,18818.6796875,19011.810546875,1252300000
2011-12-07,19240.580078125,19242.80078125,19009.4296875,19114.01953125,1846600000
2011-12-08,19107.810546875,19137.560546875,18956.41015625,19112.330078125,1297800000
2011-12-09,18586.23046875,18840.9296875,18511.419921875,18721.16015625,1661900000
2011-12-12,18575.66015625,18919.419921875,18508.119140625,18853.3203125,1168000000
2011-12-13,18447.169921875,18465.390625,18297.66015625,18327.44921875,1049700000
2011-12-14,18354.4296875,18476.150390625,18280.669921875,18301.05078125,1203300000
2011-12-15,18026.83984375,18133.939453125,17895.150390625,18122.73046875,1711800000
2011-12-16,18285.390625,18390.41015625,18025.599609375,18025.599609375,2209500000
2011-12-19,18070.2109375,18092.349609375,17821.51953125,18053.640625,1392900000
2011-12-20,18080.19921875,18270.69921875,18010.259765625,18044.75,1196500000
2011-12-21,18416.44921875,18473.189453125,18288.650390625,18462.640625,1424500000
2011-12-22,18378.23046875,18388.009765625,18238.380859375,18356.869140625,903900000
2011-12-23,18629.169921875,18636.75,18539.58984375,18589.6796875,965400000
2011-12-28,18518.669921875,18621.5,18461.970703125,18621.5,862700000
2011-12-29,18397.919921875,18409.119140625,18293.810546875,18329.609375,1205200000
2011-12-30,18434.390625,18506.26953125,18415.849609375,18489.0390625,837200000
2012-01-03,18877.41015625,18886.119140625,18724.169921875,18770.640625,1247600000
2012-01-04,18727.310546875,18970.599609375,18687.939453125,18970.599609375,1169200000
2012-01-05,18813.41015625,18821.08984375,18723.279296875,18753.380859375,1035400000
2012-01-06,18593.060546875,18784.859375,18506.580078125,18784.859375,1434100000
2012-01-09,18865.720703125,18884.259765625,18302.83984375,18588.359375,1381000000
2012-01-10,19004.279296875,19086.529296875,18858.5703125,18948.119140625,1994800000
2012-01-11,19151.939453125,19175.849609375,18983.140625,19071.900390625,2037300000
2012-01-12,19095.380859375,19261.2890625,19050.94921875,19112.759765625,1791600000
2012-01-13,19204.419921875,19232.2109375,19073.1796875,19232.2109375,2018500000
2012-01-16,19012.19921875,19070.740234375,18985.75,19070.740234375,1354800000
2012-01-17,19627.75,19640.279296875,19173.2890625,19185.849609375,2590200000
2012-01-18,19686.919921875,19726.83984375,19577.0703125,19651.58984375,1947200000
2012-01-19,19942.94921875,19956.5390625,19776.3203125,19842.4609375,2497500000
2012-01-20,20110.369140625,20161.720703125,19927.880859375,20161.720703125,1966400000
2012-01-26,20439.140625,20453.470703125,20301.58984375,20453.470703125,2041600000
2012-01-27,20501.669921875,20590.80078125,20384.05078125,20443.4609375,1809700000
2012-01-30,20160.41015625,20518.0,20144.94921875,20518.0,2136700000
2012-01-31,20390.490234375,20465.890625,20219.26953125,20326.490234375,2386800000
2012-02-01,20333.369140625,20534.220703125,20269.509765625,20394.669921875,1499500000
2012-02-02,20739.44921875,20761.69921875,20564.970703125,20638.9609375,2100100000
2012-02-03,20756.98046875,20796.740234375,20639.490234375,20680.7109375,1663300000
2012-02-06,20709.939453125,21015.55078125,20633.130859375,21015.55078125,1900900000
2012-02-07,20699.189453125,20881.849609375,20649.26953125,20808.05078125,1519300000
2012-02-08,21018.4609375,21023.330078125,20755.73046875,20827.890625,1739200000
2012-02-09,21010.009765625,21053.060546875,20787.83984375,20922.2890625,2208100000
2012-02-10,20783.859375,21002.330078125,20703.7890625,20986.25,1997900000
2012-02-13,20887.400390625,20969.80078125,20673.9609375,20718.80078125,1515500000
2012-02-14,20917.830078125,20947.94921875,20813.529296875,20845.240234375,1174500000
2012-02-15,21365.23046875,21403.279296875,20933.390625,20993.580078125,2038800000
2012-02-16,21277.279296875,21317.720703125,21157.55078125,21266.509765625,1548000000
2012-02-17,21491.619140625,21546.73046875,21381.689453125,21503.58984375,1590300000
2012-02-20,21424.7890625,21760.33984375,21393.48046875,21760.33984375,1855300000
2012-02-21,21478.720703125,21480.33984375,21221.390625,21434.310546875,1547200000
2012-02-22,21549.279296875,21569.740234375,21302.189453125,21339.01953125,1377300000
2012-02-23,21380.990234375,21428.5,21325.560546875,21356.529296875,1125600000
2012-02-24,21406.859375,21468.9296875,21292.400390625,21438.970703125,1386300000
2012-02-27,21217.859375,21589.01953125,21076.51953125,21381.66015625,1611000000
2012-02-28,21568.73046875,21583.0703125,21273.990234375,21303.390625,1614400000
2012-02-29,21680.080078125,21716.759765625,21525.91015625,21643.849609375,1557400000
2012-03-01,21387.9609375,21641.140625,21338.2890625,21578.189453125,1377700000
2012-03-02,21562.259765625,21623.240234375,21531.9296875,21618.150390625,1592400000
2012-03-05,21265.310546875,21578.759765625,21230.609375,21518.029296875,1255400000
2012-03-06,20806.25,21173.740234375,20789.359375,21173.740234375,3940600000
2012-03-07,20627.779296875,20732.869140625,20521.9609375,20521.9609375,2211800000
2012-03-08,20900.73046875,20909.7109375,20681.08984375,20722.94921875,1592300000
2012-03-09,21086.0,21209.7890625,20917.6796875,20930.9296875,1399900000
2012-03-12,21134.1796875,21170.55078125,20924.359375,21073.58984375,1130200000
2012-03-13,21339.69921875,21427.119140625,21261.3203125,21279.41015625,1360800000
2012-03-14,21307.890625,21638.3203125,21263.01953125,21564.2109375,1924500000
2012-03-15,21353.529296875,21368.48046875,21162.169921875,21323.060546875,1320800000
2012-03-16,21317.849609375,21438.619140625,21253.390625,21350.25,1537000000
2012-03-20,20888.240234375,21183.0390625,20786.689453125,21183.0390625,1707900000
2012-03-21,20856.630859375,20993.48046875,20756.029296875,20948.130859375,1512300000
2012-03-22,20901.560546875,20978.490234375,20801.7890625,20886.119140625,1173600000
2012-03-23,20668.80078125,20742.69921875,20596.890625,20740.560546875,1571100000
2012-03-26,20668.859375,20776.359375,20580.720703125,20672.369140625,1433100000
2012-03-27,21046.91015625,21063.380859375,20896.189453125,20921.80078125,1531100000
2012-03-28,20885.419921875,20989.580078125,20798.08984375,20959.98046875,1502800000
2012-03-29,20609.390625,20720.33984375,20527.259765625,20720.33984375,1671500000
2012-03-30,20555.580078125,20566.08984375,20374.029296875,20380.060546875,1905300000
2012-04-02,20522.259765625,20662.970703125,20417.689453125,20662.970703125,1073400000
2012-04-03,20790.98046875,20816.08984375,20588.19921875,20704.150390625,1371800000
2012-04-05,20593.0,20670.19921875,20404.150390625,20479.26953125,1406900000
2012-04-10,20356.240234375,20472.9609375,20297.390625,20387.4296875,1243800000
2012-04-11,20140.669921875,20188.560546875,20035.6796875,20092.9609375,1291400000
2012-04-12,20327.3203125,20360.48046875,20138.01953125,20179.720703125,1535800000
2012-04-13,20701.0390625,20719.0390625,20574.349609375,20640.5,2071100000
2012-04-16,20610.640625,20625.44921875,20514.08984375,20516.08984375,5036300000
2012-04-17,20562.310546875,20678.0390625,20392.5703125,20678.0390625,1489100000
2012-04-18,20780.73046875,20862.3203125,20715.939453125,20800.2109375,1485000000
2012-04-19,20995.009765625,20995.009765625,20767.4609375,20767.4609375,1119700000
2012-04-20,21010.640625,21076.4296875,20881.619140625,20933.26953125,1079300000
2012-04-23,20624.390625,20970.9609375,20624.390625,20970.9609375,1192100000
2012-04-24,20677.16015625,20771.7890625,20534.130859375,20606.169921875,1280600000
2012-04-25,20646.2890625,20751.8203125,20584.98046875,20751.5390625,1060600000
2012-04-26,20809.7109375,20826.91015625,20674.939453125,20753.1796875,1113100000
2012-04-27,20741.44921875,20929.9609375,20648.76953125,20916.080078125,1549800000
2012-04-30,21094.2109375,21105.5703125,20889.76953125,20889.76953125,1353100000
2012-05-02,21309.080078125,21385.30078125,21237.169921875,21245.48046875,1550200000
2012-05-03,21249.529296875,21256.810546875,21153.630859375,21209.439453125,7112400000
2012-05-04,21086.0,21170.640625,21061.140625,21107.189453125,1367400000
2012-05-07,20536.650390625,20674.44921875,20477.859375,20658.41015625,2201000000
2012-05-08,20484.75,20647.380859375,20399.380859375,20647.380859375,1480400000
2012-05-09,20330.640625,20371.66015625,20257.609375,20361.55078125,1797900000
2012-05-10,20227.279296875,20375.0390625,20091.6796875,20313.970703125,1721000000
2012-05-11,19964.630859375,20083.26953125,19901.41015625,20083.26953125,1624700000
2012-05-14,19735.0390625,20044.689453125,19715.509765625,20037.51953125,1730100000
2012-05-15,19894.310546875,19923.189453125,19639.849609375,19702.5390625,1867700000
2012-05-16,19259.830078125,19655.33984375,19181.189453125,19655.33984375,2066100000
2012-05-17,19200.9296875,19452.30078125,19139.73046875,19369.4296875,1789900000
2012-05-18,18951.849609375,18985.4296875,18622.310546875,18787.0,2373200000
2012-05-21,18922.3203125,18953.6796875,18796.689453125,18902.0,1236200000
2012-05-22,19039.150390625,19182.66015625,19002.640625,19061.419921875,1470100000
2012-05-23,18786.189453125,18845.83984375,18661.48046875,18842.3203125,1478200000
2012-05-24,18666.400390625,18835.810546875,18654.759765625,18755.08984375,1400700000
2012-05-25,18713.41015625,18778.439453125,18577.08984375,18734.380859375,1576500000
2012-05-28,18800.990234375,18858.3203125,18672.3203125,18672.3203125,1267900000
2012-05-29,19055.4609375,19058.470703125,18735.5,18735.5,1512900000
2012-05-30,18690.220703125,18897.119140625,18604.44921875,18897.119140625,1934300000
2012-05-31,18629.51953125,18657.900390625,18378.140625,18470.76953125,4197800000
2012-06-01,18558.33984375,18726.439453125,18487.66015625,18498.91015625,1859900000
2012-06-04,18185.58984375,18249.609375,18056.400390625,18249.609375,1607400000
2012-06-05,18259.029296875,18412.01953125,18223.130859375,18373.220703125,1373500000
2012-06-06,18520.529296875,18521.5703125,18320.609375,18349.6796875,1637200000
2012-06-07,18678.2890625,18845.5703125,18624.4296875,18825.5,1549600000
2012-06-08,18502.33984375,18797.939453125,18461.1796875,18797.939453125,2547100000
2012-06-11,18953.630859375,18978.880859375,18847.669921875,18978.880859375,1527700000
2012-06-12,18872.560546875,18925.7890625,18708.259765625,18719.890625,1336800000
2012-06-13,19026.51953125,19029.55078125,18812.939453125,18948.44921875,1417500000
2012-06-14,18808.400390625,18937.5390625,18795.650390625,18901.7109375,1313800000
2012-06-15,19233.939453125,19254.560546875,18919.169921875,18924.08984375,2717000000
2012-06-18,19427.810546875,19578.130859375,19395.9296875,19578.130859375,1581600000
2012-06-19,19416.669921875,19472.05078125,19320.1796875,19451.19921875,1205000000
2012-06-20,19518.849609375,19578.8203125,19469.130859375,19551.890625,1176200000
2012-06-21,19265.0703125,19495.5390625,19258.109375,19480.7109375,1298200000
2012-06-22,18995.130859375,19089.44921875,18976.05078125,18992.900390625,1080400000
2012-06-25,18897.44921875,19066.75,18861.560546875,19019.029296875,1133300000
2012-06-26,18981.83984375,18998.470703125,18850.470703125,18850.470703125,1324200000
2012-06-27,19176.94921875,19213.919921875,18942.0,18990.169921875,1425600000
2012-06-28,19025.26953125,19305.740234375,19009.259765625,19305.740234375,1466300000
2012-06-29,19441.4609375,19510.76953125,18991.099609375,18996.5703125,2039700000
2012-07-03,19735.529296875,19765.41015625,19622.369140625,19765.41015625,1532700000
2012-07-04,19709.75,19835.130859375,19677.44921875,19833.83984375,1402200000
2012-07-05,19809.130859375,19869.109375,19588.630859375,19757.419921875,1268800000
2012-07-06,19800.640625,19839.119140625,19690.640625,19752.830078125,1763000000
2012-07-09,19428.08984375,19737.919921875,19421.75,19634.83984375,1440400000
2012-07-10,19396.359375,19515.890625,19347.23046875,19504.419921875,1179200000
2012-07-11,19419.869140625,19441.119140625,19233.759765625,19264.580078125,1642300000
2012-07-12,19025.109375,19356.7890625,18998.30078125,19356.7890625,2017700000
2012-07-13,19092.630859375,19160.490234375,19032.58984375,19069.359375,1267600000
2012-07-16,19121.33984375,19265.33984375,19061.669921875,19265.33984375,1096000000
2012-07-17,19455.330078125,19479.279296875,19156.9609375,19156.9609375,1396000000
2012-07-18,19239.880859375,19452.240234375,19134.5703125,19452.240234375,1169100000
2012-07-19,19559.05078125,19600.3203125,19393.44921875,19393.44921875,1693500000
2012-07-20,19640.80078125,19656.109375,19511.900390625,19613.779296875,1299000000
2012-07-23,19053.470703125,19259.359375,18986.19921875,19259.359375,1256200000
2012-07-24,18903.19921875,19124.9609375,18854.3203125,19078.140625,929900000
2012-07-25,18877.330078125,18925.66015625,18710.58984375,18762.19921875,1332500000
2012-07-26,18892.7890625,18961.580078125,18793.150390625,18870.330078125,1112500000
2012-07-27,19274.9609375,19330.689453125,19162.529296875,19165.029296875,1570700000
2012-07-30,19585.400390625,19593.619140625,19478.69921875,19505.029296875,1452100000
2012-07-31,19796.810546875,19840.16015625,19618.5703125,19661.41015625,1856300000
2012-08-01,19820.380859375,19898.919921875,19646.9609375,19646.9609375,1798600000
2012-08-02,19690.19921875,19786.7109375,19651.759765625,19784.150390625,1229700000
2012-08-03,19666.1796875,19673.69921875,19454.330078125,19553.7890625,1153400000
2012-08-06,19998.720703125,20091.30078125,19978.650390625,20052.5,1437000000
2012-08-07,20072.55078125,20117.119140625,19983.759765625,20033.869140625,1411300000
2012-08-08,20065.51953125,20188.880859375,19966.119140625,20188.880859375,1239200000
2012-08-09,20269.470703125,20300.029296875,20149.19921875,20149.19921875,1302300000
2012-08-10,20136.119140625,20222.130859375,20045.30078125,20204.7109375,1439100000
2012-08-13,20081.359375,20188.48046875,20037.810546875,20188.48046875,990600000
2012-08-14,20291.6796875,20299.720703125,20094.01953125,20251.419921875,1526000000
2012-08-15,20052.2890625,20135.0,20016.029296875,20125.2890625,1271700000
2012-08-16,19962.94921875,20151.689453125,19919.560546875,20151.689453125,1058200000
2012-08-17,20116.0703125,20147.390625,20047.640625,20057.310546875,1209400000
2012-08-20,20104.26953125,20109.560546875,19911.490234375,20080.3203125,1020600000
2012-08-21,20100.08984375,20141.16015625,19979.580078125,20111.970703125,1049000000
2012-08-22,19887.779296875,19996.73046875,19853.419921875,19996.73046875,1032600000
2012-08-23,20132.240234375,20133.41015625,19935.130859375,19935.130859375,1231800000
2012-08-24,19880.029296875,19930.44921875,19840.189453125,19930.44921875,1124300000
2012-08-27,19798.669921875,19939.5390625,19769.4296875,19939.5390625,1211800000
2012-08-28,19811.80078125,19856.3203125,19723.30078125,19723.30078125,1077300000
2012-08-29,19788.509765625,19863.470703125,19770.5390625,19857.609375,1075000000
2012-08-30,19552.91015625,19657.19921875,19509.310546875,19657.19921875,1453000000
2012-08-31,19482.5703125,19554.259765625,19450.76953125,19516.94921875,1347000000
2012-09-03,19559.2109375,19608.55078125,19386.0390625,19414.619140625,1166300000
2012-09-04,19429.91015625,19572.310546875,19414.509765625,19540.9296875,1146600000
2012-09-05,19145.0703125,19330.16015625,19116.83984375,19330.16015625,1773200000
2012-09-06,19209.30078125,19216.080078125,19076.7890625,19101.9296875,1360600000
2012-09-07,19802.16015625,19829.01953125,19484.240234375,19537.9296875,3303600000
2012-09-10,19827.169921875,19930.369140625,19764.689453125,19876.41015625,3198100000
2012-09-11,19857.880859375,19907.30078125,19658.7109375,19757.369140625,1623600000
2012-09-12,20075.390625,20118.189453125,19996.140625,19996.140625,1365000000
2012-09-13,20047.630859375,20146.76953125,20009.5,20061.970703125,1237100000
2012-09-14,20629.779296875,20648.099609375,20475.740234375,20479.380859375,2554600000
2012-09-17,20658.109375,20758.490234375,20591.439453125,20758.490234375,1548700000
2012-09-18,20601.9296875,20712.689453125,20568.119140625,20622.119140625,1446000000
2012-09-19,20841.91015625,20895.609375,20609.51953125,20609.51953125,1939000000
2012-09-20,20590.919921875,20816.76953125,20578.560546875,20816.76953125,1501400000
2012-09-21,20734.939453125,20808.0390625,20677.140625,20697.26953125,1843000000
2012-09-24,20694.69921875,20780.140625,20503.240234375,20611.099609375,977700000
2012-09-25,20698.6796875,20758.359375,20648.58984375,20694.330078125,1066800000
2012-09-26,20527.73046875,20576.83984375,20485.080078125,20485.990234375,1112500000
2012-09-27,20762.2890625,20850.490234375,20487.359375,20487.359375,1741000000
2012-09-28,20840.380859375,20889.900390625,20725.51953125,20757.970703125,1403600000
2012-10-03,20888.279296875,21005.6796875,20799.8203125,20951.380859375,1378900000
2012-10-04,20907.94921875,20947.30078125,20835.060546875,20914.3203125,1025600000
2012-10-05,21012.380859375,21021.240234375,20924.73046875,21007.599609375,1290500000
2012-10-08,20824.560546875,20981.630859375,20807.9296875,20979.529296875,1350100000
2012-10-09,20937.279296875,21093.099609375,20926.830078125,20926.830078125,1542900000
2012-10-10,20919.599609375,20941.890625,20767.359375,20785.060546875,1236900000
2012-10-11,20999.05078125,21013.44921875,20813.05078125,20813.05078125,2550400000
2012-10-12,21136.4296875,21236.5703125,21051.08984375,21051.08984375,2318900000
2012-10-15,21148.25,21184.4296875,21076.94921875,21137.609375,1352400000
2012-10-16,21207.0703125,21257.08984375,21120.169921875,21257.08984375,1498800000
2012-10-17,21416.640625,21442.73046875,21352.880859375,21421.869140625,1715000000
2012-10-18,21518.7109375,21606.3203125,21476.30078125,21490.859375,2154900000
2012-10-19,21551.759765625,21591.619140625,21522.91015625,21565.75,1639400000
2012-10-22,21697.55078125,21699.0703125,21431.240234375,21440.009765625,1466800000
2012-10-24,21763.779296875,21802.490234375,21533.240234375,21561.58984375,1711700000
2012-10-25,21810.23046875,21839.640625,21710.83984375,21792.669921875,1633400000
2012-10-26,21545.5703125,21847.69921875,21527.5390625,21847.69921875,1655300000
2012-10-29,21511.05078125,21561.970703125,21397.08984375,21478.119140625,1431000000
2012-10-30,21428.580078125,21575.029296875,21338.650390625,21549.169921875,1426400000
2012-10-31,21641.8203125,21648.640625,21496.919921875,21539.490234375,1546100000
2012-11-01,21821.869140625,21832.560546875,21506.05078125,21573.9296875,1671200000
2012-11-02,22111.330078125,22149.69921875,22019.650390625,22066.2890625,1853100000
2012-11-05,22006.400390625,22141.130859375,21990.6796875,22044.2109375,1165500000
2012-11-06,21944.4296875,22008.859375,21832.279296875,21959.990234375,1317600000
2012-11-07,22099.849609375,22099.849609375,21811.189453125,22020.400390625,1555300000
2012-11-08,21566.91015625,21871.849609375,21555.75,21785.830078125,1668400000
2012-11-09,21384.380859375,21525.490234375,21330.33984375,21433.599609375,1455900000
2012-11-12,21430.30078125,21462.44921875,21339.189453125,21367.5703125,922200000
2012-11-13,21188.650390625,21399.609375,21181.919921875,21372.869140625,1349900000
2012-11-14,21441.990234375,21446.359375,21221.310546875,21250.970703125,1302200000
2012-11-15,21108.9296875,21288.48046875,21098.41015625,21188.939453125,1408100000
2012-11-16,21159.009765625,21205.310546875,21105.2109375,21203.8203125,1146300000
2012-11-19,21262.060546875,21303.099609375,21136.3203125,21209.94921875,1100700000
2012-11-20,21228.279296875,21478.0,21213.119140625,21478.0,1169900000
2012-11-21,21524.359375,21530.439453125,21229.140625,21367.55078125,1358600000
2012-11-22,21743.19921875,21774.400390625,21517.91015625,21595.58984375,1449500000
2012-11-23,21913.98046875,21924.060546875,21723.349609375,21729.720703125,1337200000
2012-11-26,21861.810546875,21986.359375,21827.26953125,21986.359375,1074300000
2012-11-27,21844.029296875,22002.859375,21820.150390625,21969.7109375,1205000000
2012-11-28,21708.98046875,21764.91015625,21629.580078125,21764.91015625,1272900000
2012-11-29,21922.890625,21996.400390625,21786.029296875,21821.05078125,1272000000
2012-11-30,22030.390625,22091.609375,21918.55078125,21949.400390625,1829200000
2012-12-03,21767.849609375,22162.470703125,21716.76953125,22070.439453125,1222900000
2012-12-04,21799.970703125,21853.150390625,21687.880859375,21786.0703125,1236800000
2012-12-05,22270.91015625,22274.0390625,21804.9296875,21819.009765625,2465500000
2012-12-06,22249.810546875,22355.890625,22215.080078125,22355.890625,1475000000
2012-12-07,22191.169921875,22371.400390625,22188.0703125,22294.73046875,1830800000
2012-12-10,22276.720703125,22377.560546875,22235.759765625,22377.560546875,1388600000
2012-12-11,22323.939453125,22393.19921875,22244.01953125,22295.990234375,1585400000
2012-12-12,22503.349609375,22508.009765625,22412.900390625,22412.900390625,1856500000
2012-12-13,22445.580078125,22563.140625,22380.779296875,22500.990234375,1476000000
2012-12-14,22605.98046875,22636.4296875,22396.720703125,22396.720703125,1771200000
2012-12-17,22513.609375,22625.41015625,22453.58984375,22590.759765625,1451300000
2012-12-18,22494.73046875,22588.48046875,22449.740234375,22525.4609375,3217300000
2012-12-19,22623.369140625,22683.720703125,22562.01953125,22654.650390625,1577200000
2012-12-20,22659.779296875,22661.740234375,22483.94921875,22602.990234375,1621000000
2012-12-21,22506.2890625,22565.08984375,22423.16015625,22565.08984375,1805700000
2012-12-24,22541.1796875,22577.560546875,22494.7109375,22494.7109375,560300000
2012-12-27,22619.779296875,22718.830078125,22608.599609375,22705.4609375,1053400000
2012-12-28,22666.58984375,22706.330078125,22628.4609375,22706.330078125,1043800000
2012-12-31,22656.919921875,22698.330078125,22566.890625,22584.439453125,685400000
2013-01-02,23311.98046875,23317.390625,22860.25,22860.25,2129300000
2013-01-03,23398.599609375,23400.740234375,23234.4296875,23390.5390625,2211200000
2013-01-04,23331.08984375,23370.359375,23172.279296875,23370.359375,1505800000
2013-01-07,23329.75,23402.44921875,23254.23046875,23345.19921875,1401500000
2013-01-08,23111.189453125,23264.029296875,23088.400390625,23264.029296875,1461700000
2013-01-09,23218.470703125,23235.390625,23141.669921875,23154.7109375,1518600000
2013-01-10,23354.310546875,23477.890625,23165.640625,23240.0703125,1911800000
2013-01-11,23264.0703125,23486.599609375,23212.900390625,23478.810546875,1526900000
2013-01-14,23413.259765625,23441.939453125,23292.0703125,23326.8203125,1559400000
2013-01-15,23381.509765625,23515.859375,23306.169921875,23388.470703125,1450100000
2013-01-16,23356.990234375,23390.189453125,23203.240234375,23390.189453125,1370200000
2013-01-17,23339.759765625,23504.73046875,23222.9609375,23471.669921875,1316300000
2013-01-18,23601.779296875,23606.5,23450.76953125,23509.490234375,1934500000
2013-01-21,23590.91015625,23639.630859375,23535.470703125,23565.9609375,1104200000
2013-01-22,23658.990234375,23685.55078125,23498.9609375,23596.380859375,1361100000
2013-01-23,23635.099609375,23710.869140625,23540.419921875,23700.44921875,1537000000
2013-01-24,23598.900390625,23688.7890625,23547.7890625,23585.099609375,1428600000
2013-01-25,23580.4296875,23666.390625,23481.369140625,23653.5390625,1621000000
2013-01-28,23671.880859375,23736.01953125,23621.94921875,23621.94921875,1443600000
2013-01-29,23655.169921875,23707.109375,23602.849609375,23659.109375,3154000000
2013-01-30,23822.060546875,23916.16015625,23765.5703125,23767.330078125,1961900000
2013-01-31,23729.529296875,23799.169921875,23667.939453125,23799.169921875,1829300000
2013-02-01,23721.83984375,23763.33984375,23571.30078125,23763.33984375,1629100000
2013-02-04,23685.009765625,23944.740234375,23637.1796875,23866.80078125,2739100000
2013-02-05,23148.529296875,23406.990234375,23104.26953125,23406.990234375,2488000000
2013-02-06,23256.9296875,23355.369140625,23204.05078125,23292.4296875,1654500000
2013-02-07,23177.0,23298.130859375,23134.779296875,23259.8203125,2020600000
2013-02-08,23215.16015625,23267.19921875,23101.08984375,23101.08984375,1825600000
2013-02-14,23413.25,23469.259765625,23300.599609375,23460.310546875,1528900000
2013-02-15,23444.560546875,23446.76953125,23284.05078125,23315.41015625,1055500000
2013-02-18,23381.939453125,23477.490234375,23309.55078125,23477.490234375,1033200000
2013-02-19,23143.91015625,23454.189453125,23139.080078125,23368.220703125,1434500000
2013-02-20,23307.41015625,23310.9296875,23163.859375,23310.9296875,1562400000
2013-02-21,22906.669921875,23026.1796875,22828.169921875,23026.1796875,2061800000
2013-02-22,22782.439453125,22850.25,22674.58984375,22840.3203125,1623900000
2013-02-25,22820.080078125,22876.029296875,22777.630859375,22852.890625,1074700000
2013-02-26,22519.689453125,22769.0703125,22510.759765625,22639.970703125,1520900000
2013-02-27,22577.009765625,22656.400390625,22445.33984375,22656.400390625,1682300000
2013-02-28,23020.26953125,23031.689453125,22734.83984375,22826.419921875,2105700000
2013-03-01,22880.220703125,23015.6796875,22868.689453125,22957.08984375,2069300000
2013-03-04,22537.810546875,22866.509765625,22466.080078125,22866.509765625,2172100000
2013-03-05,22560.5,22661.490234375,22523.689453125,22621.599609375,1843300000
2013-03-06,22777.83984375,22808.810546875,22664.939453125,22750.580078125,1755900000
2013-03-07,22771.439453125,22843.73046875,22656.369140625,22729.2890625,1282200000
2013-03-08,23091.94921875,23220.51953125,22839.26953125,22839.26953125,1852100000
2013-03-11,23090.8203125,23246.2890625,23064.9296875,23131.439453125,1292200000
2013-03-12,22890.599609375,23262.01953125,22879.1796875,23133.0,1564200000
2013-03-13,22556.650390625,22901.119140625,22487.330078125,22901.119140625,1821500000
2013-03-14,22619.1796875,22655.880859375,22305.5390625,22484.25,1927900000
2013-03-15,22533.109375,22799.669921875,22494.0390625,22705.919921875,2907000000
2013-03-18,22083.359375,22185.3203125,21997.720703125,22185.3203125,2245900000
2013-03-19,22041.859375,22218.849609375,22030.66015625,22138.099609375,1655000000
2013-03-20,22256.439453125,22302.5,21975.900390625,21990.0390625,1771400000
2013-03-21,22225.880859375,22403.7890625,22179.5,22285.810546875,1622200000
2013-03-22,22115.30078125,22232.0703125,22033.1796875,22186.240234375,1515500000
2013-03-25,22251.150390625,22351.080078125,22201.060546875,22327.529296875,1543600000
2013-03-26,22311.080078125,22346.26953125,22088.560546875,22208.060546875,1730100000
2013-03-27,22464.8203125,22529.369140625,22366.01953125,22385.470703125,1674300000
2013-03-28,22299.630859375,22390.349609375,22132.330078125,22390.349609375,2203100000
2013-04-02,22367.8203125,22449.4609375,22203.9296875,22203.9296875,1524800000
2013-04-03,22337.490234375,22527.119140625,22283.16015625,22527.119140625,1238400000
2013-04-05,21726.900390625,22230.9296875,21703.279296875,22230.9296875,2324400000
2013-04-08,21718.05078125,21772.23046875,21612.05078125,21733.779296875,1362700000
2013-04-09,21870.33984375,21979.080078125,21800.240234375,21800.240234375,1350800000
2013-04-10,22034.560546875,22038.890625,21858.810546875,21963.369140625,1484700000
2013-04-11,22101.26953125,22251.619140625,22058.30078125,22198.490234375,1423100000
2013-04-12,22089.05078125,22185.359375,22049.580078125,22185.359375,1305000000
2013-04-15,21772.669921875,21998.740234375,21735.310546875,21998.740234375,1514300000
2013-04-16,21672.029296875,21813.55078125,21475.330078125,21571.580078125,1641300000
2013-04-17,21569.669921875,21798.5703125,21550.720703125,21794.689453125,1913700000
2013-04-18,21512.51953125,21618.0703125,21423.25,21440.330078125,1413700000
2013-04-19,22013.5703125,22016.970703125,21496.2890625,21517.939453125,1998200000
2013-04-22,22044.369140625,22131.650390625,21956.529296875,22038.130859375,1290300000
2013-04-23,21806.609375,22085.69921875,21747.470703125,22085.69921875,1798600000
2013-04-24,22183.05078125,22195.9296875,21962.900390625,22067.0390625,1757900000
2013-04-25,22401.240234375,22486.44921875,22214.650390625,22298.640625,1835600000
2013-04-26,22547.7109375,22690.330078125,22528.94921875,22559.970703125,1826700000
2013-04-29,22580.76953125,22647.58984375,22488.650390625,22567.630859375,1351400000
2013-04-30,22737.009765625,22862.689453125,22669.5390625,22769.58984375,1599200000
2013-05-02,22668.30078125,22706.0703125,22552.310546875,22692.330078125,1435000000
2013-05-03,22689.9609375,22886.169921875,22678.669921875,22811.83984375,1280300000
2013-05-06,22915.08984375,22980.560546875,22864.91015625,22967.779296875,1327600000
2013-05-07,23047.08984375,23058.740234375,22855.580078125,22924.2890625,1422300000
2013-05-08,23244.349609375,23270.0,23156.259765625,23215.94921875,1760400000
2013-05-09,23211.48046875,23353.6796875,23126.810546875,23353.6796875,1413800000
2013-05-10,23321.220703125,23330.599609375,23144.119140625,23213.58984375,1413400000
2013-05-13,22989.810546875,23245.580078125,22958.869140625,23245.580078125,1488600000
2013-05-14,22930.279296875,23145.91015625,22878.640625,23124.240234375,1382600000
2013-05-15,23044.240234375,23163.560546875,23002.3203125,23074.259765625,1506000000
2013-05-16,23082.6796875,23163.0,22955.900390625,23110.189453125,1320900000
2013-05-20,23493.029296875,23512.419921875,23348.740234375,23348.740234375,1583300000
2013-05-21,23366.369140625,23446.0,23337.75,23425.689453125,3484200000
2013-05-22,23261.080078125,23423.509765625,23179.4609375,23341.060546875,1471600000
2013-05-23,22669.6796875,23123.4296875,22605.689453125,23066.7109375,2505800000
2013-05-24,22618.669921875,22781.5390625,22470.529296875,22679.359375,1412900000
2013-05-27,22686.05078125,22729.869140625,22544.890625,22571.630859375,993600000
2013-05-28,22924.25,22942.150390625,22639.5390625,22710.19921875,1147400000
2013-05-29,22554.9296875,22861.599609375,22532.5703125,22826.849609375,1540000000
2013-05-30,22484.310546875,22630.640625,22290.720703125,22562.509765625,1748700000
2013-05-31,22392.16015625,22582.55078125,22346.1796875,22582.55078125,2493200000
2013-06-03,22282.189453125,22564.1796875,22249.650390625,22301.6796875,1550300000
2013-06-04,22285.51953125,22330.05078125,22178.640625,22320.5,1422100000
2013-06-05,22069.240234375,22174.689453125,21933.919921875,22141.669921875,1516800000
2013-06-06,21838.4296875,21949.810546875,21799.25,21908.44921875,1712000000
2013-06-07,21575.259765625,21820.4296875,21506.330078125,21768.240234375,1835000000
2013-06-10,21615.08984375,21723.859375,21497.55078125,21592.900390625,1464600000
2013-06-11,21354.66015625,21632.009765625,21307.990234375,21542.30078125,2121900000
2013-06-13,20887.0390625,21069.259765625,20652.75,21069.259765625,3299600000
2013-06-14,20969.140625,21164.6796875,20954.66015625,21083.41015625,2394700000
2013-06-17,21225.900390625,21272.75,21007.279296875,21007.279296875,1879400000
2013-06-18,21225.880859375,21240.009765625,20995.390625,21102.599609375,1611400000
2013-06-19,20986.890625,21232.509765625,20896.220703125,21188.400390625,1892100000
2013-06-20,20382.869140625,20703.759765625,20374.140625,20668.80078125,2633000000
2013-06-21,20263.310546875,20383.5390625,19969.98046875,19969.98046875,4084000000
2013-06-24,19813.98046875,20101.259765625,19756.609375,20023.439453125,2588400000
2013-06-25,19855.720703125,19992.30078125,19426.359375,19775.98046875,3385300000
2013-06-26,20338.55078125,20354.1796875,19913.98046875,20090.759765625,3018100000
2013-06-27,20440.080078125,20713.33984375,20375.400390625,20456.470703125,2430500000
2013-06-28,20803.2890625,20818.349609375,20490.890625,20596.630859375,2309700000
2013-07-02,20658.650390625,21004.560546875,20633.16015625,21004.560546875,2509200000
2013-07-03,20147.310546875,20590.3203125,20119.560546875,20568.560546875,2353600000
2013-07-04,20468.669921875,20532.140625,20318.01953125,20334.939453125,1382300000
2013-07-05,20854.669921875,20866.359375,20729.029296875,20740.69921875,1453400000
2013-07-08,20582.189453125,20694.509765625,20244.0703125,20598.2109375,1723900000
2013-07-09,20683.009765625,20767.580078125,20571.55078125,20610.560546875,1244500000
2013-07-10,20904.560546875,21044.470703125,20633.01953125,20841.73046875,1625900000
2013-07-11,21437.490234375,21503.7109375,21177.630859375,21177.630859375,2434300000
2013-07-12,21277.279296875,21522.150390625,21242.470703125,21522.150390625,1637300000
2013-07-15,21303.310546875,21391.759765625,21205.599609375,21278.619140625,1151500000
2013-07-16,21312.380859375,21394.130859375,21209.1796875,21333.0703125,1054000000
2013-07-17,21371.869140625,21460.9609375,21253.58984375,21368.76953125,1106700000
2013-07-18,21345.220703125,21445.150390625,21288.580078125,21426.900390625,1223700000
2013-07-19,21362.419921875,21451.599609375,21214.240234375,21451.599609375,1275700000
2013-07-22,21416.5,21498.9609375,21283.830078125,21498.9609375,1090800000
2013-07-23,21915.419921875,21964.029296875,21517.19921875,21517.19921875,2565800000
2013-07-24,21968.9296875,21984.259765625,21799.310546875,21912.900390625,1342400000
2013-07-25,21900.9609375,21947.830078125,21841.44921875,21872.140625,1157700000
2013-07-26,21968.94921875,22034.380859375,21834.240234375,21892.33984375,1207300000
2013-07-29,21850.150390625,21953.349609375,21749.689453125,21896.119140625,1205800000
2013-07-30,21953.9609375,22033.2109375,21839.759765625,21870.140625,1212600000
2013-07-31,21883.66015625,22070.140625,21853.439453125,21888.80078125,1350400000
2013-08-01,22088.7890625,22152.060546875,21983.150390625,22025.75,929400000
2013-08-02,22190.970703125,22291.41015625,22136.779296875,22264.76953125,1013500000
2013-08-05,22222.009765625,22273.8203125,22193.669921875,22273.8203125,760400000
2013-08-06,21923.69921875,22012.509765625,21807.9609375,22000.939453125,1139700000
2013-08-07,21588.83984375,21901.4609375,21571.150390625,21756.470703125,1341000000
2013-08-08,21655.880859375,21785.689453125,21629.5,21697.869140625,862900000
2013-08-09,21807.560546875,21811.240234375,21674.970703125,21760.05078125,1017900000
2013-08-12,22271.279296875,22283.05078125,21735.060546875,21796.4609375,1989400000
2013-08-13,22541.130859375,22563.810546875,22310.5390625,22368.470703125,2322600000
2013-08-15,22539.25,22695.990234375,22472.880859375,22568.05078125,2216800000
2013-08-16,22517.810546875,22663.75,22311.55078125,22450.830078125,2014100000
2013-08-19,22463.69921875,22551.26953125,22387.7109375,22432.869140625,1090300000
2013-08-20,21970.2890625,22481.740234375,21907.2109375,22396.2890625,1804700000
2013-08-21,21817.73046875,21970.25,21618.599609375,21964.689453125,1614300000
2013-08-22,21895.400390625,21944.470703125,21538.189453125,21538.189453125,1601100000
2013-08-23,21863.509765625,22103.900390625,21769.0390625,22006.41015625,1560900000
2013-08-26,22005.3203125,22116.0,21898.150390625,21943.400390625,1219700000
2013-08-27,21874.76953125,21987.509765625,21770.75,21907.4296875,1165000000
2013-08-28,21524.650390625,21655.240234375,21465.720703125,21584.560546875,2232700000
2013-08-29,21704.779296875,21717.83984375,21554.25,21612.94921875,1539400000
2013-08-30,21731.369140625,21753.400390625,21549.9609375,21618.33984375,1581300000
2013-09-02,22175.33984375,22240.0390625,21948.720703125,21948.720703125,1813200000
2013-09-03,22394.580078125,22456.80078125,22290.830078125,22323.0,1948200000
2013-09-04,22326.220703125,22438.400390625,22142.990234375,22171.9296875,3996500000
2013-09-05,22597.970703125,22682.939453125,22486.630859375,22538.9609375,2145300000
2013-09-06,22621.220703125,22699.58984375,22578.330078125,22615.98046875,1960800000
2013-09-09,22750.650390625,22853.01953125,22680.630859375,22770.25,1922600000
2013-09-10,22976.650390625,22988.810546875,22842.880859375,22932.599609375,2241100000
2013-09-11,22937.140625,23120.4609375,22848.529296875,23095.859375,2000900000
2013-09-12,22953.720703125,23048.220703125,22908.990234375,22952.849609375,1626700000
2013-09-13,22915.279296875,22956.76953125,22790.779296875,22920.759765625,1579300000
2013-09-16,23252.41015625,23268.150390625,23173.83984375,23210.359375,1448400000
2013-09-17,23180.51953125,23246.91015625,23127.869140625,23246.91015625,1388500000
2013-09-18,23117.44921875,23214.6796875,23080.58984375,23213.7890625,1278200000
2013-09-19,23502.509765625,23554.33984375,23469.029296875,23549.890625,2179800000
2013-09-23,23371.5390625,23466.669921875,23291.23046875,23414.98046875,1514600000
2013-09-24,23179.0390625,23324.380859375,23102.25,23324.380859375,1558400000
2013-09-25,23209.630859375,23281.609375,23154.83984375,23192.7109375,1340200000
2013-09-26,23125.029296875,23224.359375,23043.890625,23192.69921875,1575000000
2013-09-27,23207.0390625,23340.1796875,23118.83984375,23199.08984375,1487500000
2013-09-30,22859.859375,22986.94921875,22845.439453125,22946.740234375,1573000000
2013-10-02,22984.48046875,23138.859375,22933.310546875,22997.2109375,1444700000
2013-10-03,23214.400390625,23241.5,23126.990234375,23167.19921875,1217000000
2013-10-04,23138.5390625,23152.6796875,22983.470703125,23051.55078125,1158800000
2013-10-07,22973.94921875,23152.919921875,22896.650390625,23152.919921875,1209800000
2013-10-08,23178.849609375,23228.689453125,22927.119140625,22988.220703125,1337000000
2013-10-09,23033.970703125,23065.669921875,22965.91015625,23002.080078125,1079500000
2013-10-10,22951.30078125,23084.099609375,22743.470703125,23077.470703125,1350400000
2013-10-11,23218.3203125,23336.58984375,23204.259765625,23318.4609375,1360400000
2013-10-15,23336.51953125,23411.2109375,23279.330078125,23399.7890625,1244300000
2013-10-16,23228.330078125,23350.939453125,23128.689453125,23350.939453125,1041200000
2013-10-17,23094.880859375,23357.16015625,23073.880859375,23351.48046875,1237900000
2013-10-18,23340.099609375,23364.470703125,23213.0390625,23261.650390625,1314400000
2013-10-21,23438.150390625,23534.669921875,23356.7890625,23494.369140625,1160800000
2013-10-22,23315.990234375,23387.5390625,23263.529296875,23309.009765625,1070900000
2013-10-23,22999.94921875,23505.7890625,22970.51953125,23455.400390625,1723800000
2013-10-24,22835.8203125,22975.55078125,22762.189453125,22975.55078125,1863200000
2013-10-25,22698.33984375,22839.150390625,22640.1796875,22758.369140625,1852400000
2013-10-28,22806.580078125,22849.30078125,22753.75,22753.75,1103200000
2013-10-29,22846.5390625,22979.349609375,22760.900390625,22842.330078125,1428100000
2013-10-30,23304.01953125,23316.119140625,22935.599609375,22966.94921875,1716800000
2013-10-31,23206.369140625,23250.66015625,23108.26953125,23134.390625,1792700000
2013-11-01,23249.7890625,23336.98046875,23149.529296875,23208.80078125,1244400000
2013-11-04,23189.619140625,23345.9296875,23165.060546875,23322.0703125,1033400000
2013-11-05,23038.94921875,23313.609375,22949.419921875,23313.609375,1194300000
2013-11-06,23036.939453125,23119.0390625,22954.69921875,23042.109375,1299900000
2013-11-07,22881.029296875,23023.73046875,22819.650390625,23023.73046875,1085000000
2013-11-08,22744.390625,22813.759765625,22686.5703125,22713.0,1167400000
2013-11-11,23069.849609375,23124.30078125,22688.41015625,22781.990234375,1338400000
2013-11-12,22901.41015625,23084.880859375,22857.259765625,23051.759765625,1114200000
2013-11-13,22463.830078125,22665.91015625,22463.400390625,22665.91015625,2049900000
2013-11-14,22649.150390625,22691.669921875,22529.330078125,22673.3203125,1252600000
2013-11-15,23032.150390625,23050.349609375,22749.599609375,22749.599609375,2032600000
2013-11-18,23660.060546875,23706.6796875,23390.66015625,23397.73046875,3971400000
2013-11-19,23657.810546875,23856.900390625,23620.279296875,23834.51953125,2973700000
2013-11-20,23700.859375,23843.80078125,23690.810546875,23774.310546875,1932700000
2013-11-21,23580.2890625,23661.419921875,23508.7890625,23661.419921875,1620600000
2013-11-22,23696.279296875,23764.41015625,23641.19921875,23752.279296875,1689600000
2013-11-25,23684.44921875,23829.970703125,23673.529296875,23829.970703125,1513600000
2013-11-26,23681.279296875,23751.859375,23659.98046875,23675.369140625,1505500000
2013-11-27,23806.349609375,23856.919921875,23649.80078125,23653.94921875,1588900000
2013-11-28,23789.08984375,24014.810546875,23734.5390625,23934.939453125,1333800000
2013-11-29,23881.2890625,23912.2890625,23809.7109375,23862.380859375,880300000
2013-12-02,24038.55078125,24111.55078125,23844.240234375,23936.150390625,1386400000
2013-12-03,23910.470703125,23975.759765625,23833.25,23887.76953125,1337900000
2013-12-04,23728.69921875,23846.83984375,23603.01953125,23719.599609375,1523700000
2013-12-05,23712.5703125,23728.900390625,23563.2109375,23634.08984375,1204100000
2013-12-06,23743.099609375,23812.890625,23614.19921875,23620.310546875,1705800000
2013-12-09,23811.169921875,23970.0,23775.009765625,23970.0,1294600000
2013-12-10,23744.189453125,23810.939453125,23707.759765625,23799.44921875,1030700000
2013-12-11,23338.240234375,23693.509765625,23295.140625,23686.80078125,1903500000
2013-12-12,23218.119140625,23327.439453125,23160.900390625,23265.130859375,1713500000
2013-12-13,23245.9609375,23331.529296875,23017.33984375,23080.189453125,1522600000
2013-12-16,23114.66015625,23204.630859375,22999.759765625,23138.279296875,1333100000
2013-12-17,23069.23046875,23281.380859375,23040.599609375,23281.380859375,1411300000
2013-12-18,23143.8203125,23240.7109375,22993.5390625,23076.5390625,1295400000
2013-12-19,22888.75,23404.44921875,22753.30078125,23404.44921875,1958300000
2013-12-20,22812.1796875,22936.919921875,22713.69921875,22904.1796875,2123600000
2013-12-23,22921.560546875,23005.919921875,22862.890625,22946.55078125,1094500000
2013-12-24,23179.55078125,23194.630859375,23026.099609375,23045.640625,801500000
2013-12-27,23243.240234375,23283.310546875,23130.859375,23138.91015625,850200000
2013-12-30,23244.869140625,23369.369140625,23178.279296875,23353.5390625,1000200000
2013-12-31,23306.390625,23361.33984375,23271.80078125,23328.439453125,674200000
2014-01-02,23340.05078125,23469.330078125,23173.9296875,23452.759765625,1042200000
2014-01-03,22817.279296875,23097.98046875,22782.419921875,23097.98046875,1994800000
2014-01-06,22684.150390625,22757.44921875,22567.76953125,22732.830078125,1650600000
2014-01-07,22712.779296875,22802.849609375,22644.580078125,22689.25,1733400000
2014-01-08,22996.58984375,23031.189453125,22778.830078125,22834.810546875,2201300000
2014-01-09,22787.330078125,23044.970703125,22709.029296875,22925.23046875,1710500000
2014-01-10,22846.25,22932.2109375,22726.83984375,22735.9296875,1495200000
2014-01-13,22888.759765625,23067.330078125,22762.240234375,23046.41015625,1247400000
2014-01-14,22791.279296875,22883.0,22637.55078125,22637.55078125,1165400000
2014-01-15,22902.0,23010.0703125,22826.98046875,22985.779296875,1116100000
2014-01-16,22986.41015625,23085.140625,22936.740234375,23085.140625,1373000000
2014-01-17,23133.349609375,23263.419921875,22849.099609375,22898.48046875,1725900000
2014-01-20,22928.94921875,23089.240234375,22884.619140625,23048.130859375,1588600000
2014-01-21,23033.119140625,23139.650390625,22986.470703125,23040.83984375,1767000000
2014-01-22,23082.25,23119.609375,22913.66015625,22954.76953125,1768100000
2014-01-23,22733.900390625,23093.849609375,22722.580078125,23082.009765625,1933800000
2014-01-24,22450.060546875,22659.720703125,22435.720703125,22522.439453125,2004100000
2014-01-27,21976.099609375,22044.23046875,21880.73046875,22019.099609375,2355500000
2014-01-28,21960.640625,22022.140625,21892.19921875,22012.509765625,1832600000
2014-01-29,22141.609375,22222.69921875,22109.9296875,22111.630859375,1878800000
2014-01-30,22035.419921875,22052.16015625,21746.23046875,21827.330078125,1537700000
2014-02-04,21397.76953125,21609.58984375,21388.609375,21561.69921875,2480400000
2014-02-05,21269.380859375,21564.880859375,21197.779296875,21564.880859375,1939800000
2014-02-06,21423.130859375,21440.400390625,21277.009765625,21320.91015625,1589900000
2014-02-07,21636.849609375,21703.689453125,21480.08984375,21498.08984375,1698100000
2014-02-10,21579.259765625,21687.83984375,21524.810546875,21646.75,1718100000
2014-02-11,21962.98046875,22025.580078125,21623.7890625,21623.7890625,2004800000
2014-02-12,22285.7890625,22308.25,22010.560546875,22057.69921875,1964100000
2014-02-13,22165.529296875,22297.69921875,22098.19921875,22297.69921875,1431800000
2014-02-14,22298.41015625,22412.740234375,22243.76953125,22382.720703125,1142700000
2014-02-17,22535.939453125,22585.6796875,22463.400390625,22463.400390625,1043800000
2014-02-18,22587.720703125,22592.359375,22437.380859375,22535.19921875,961500000
2014-02-19,22664.51953125,22708.400390625,22534.189453125,22600.599609375,1145900000
2014-02-20,22394.080078125,22742.720703125,22297.849609375,22595.91015625,2691600000
2014-02-21,22568.240234375,22633.2890625,22442.390625,22617.630859375,1678800000
2014-02-24,22388.560546875,22576.349609375,22260.130859375,22576.349609375,1709100000
2014-02-25,22317.19921875,22518.83984375,22259.759765625,22498.419921875,1538400000
2014-02-26,22437.439453125,22502.9609375,22258.890625,22297.619140625,1750000000
2014-02-27,22828.1796875,22866.23046875,22432.48046875,22465.9609375,1958000000
2014-02-28,22836.9609375,22986.69921875,22709.51953125,22942.9609375,1897300000
2014-03-03,22500.669921875,22749.130859375,22487.23046875,22630.76953125,1634100000
2014-03-04,22657.630859375,22783.98046875,22534.099609375,22542.169921875,1344300000
2014-03-05,22579.779296875,22839.4296875,22529.830078125,22839.4296875,1620100000
2014-03-06,22702.970703125,22764.380859375,22588.759765625,22588.76953125,1524500000
2014-03-07,22660.490234375,22820.41015625,22604.01953125,22728.529296875,1481500000
2014-03-10,22264.9296875,22388.4609375,22206.80078125,22339.419921875,1621300000
2014-03-11,22269.609375,22351.990234375,22198.0703125,22234.609375,1365700000
2014-03-12,21901.94921875,22019.029296875,21873.19921875,22019.029296875,1890000000
2014-03-13,21756.080078125,22041.330078125,21743.33984375,21920.939453125,1579500000
2014-03-14,21539.490234375,21630.69921875,21462.490234375,21612.0703125,1697600000
2014-03-17,21473.94921875,21535.69921875,21423.029296875,21494.369140625,1027100000
2014-03-18,21583.5,21606.98046875,21469.2109375,21549.220703125,1478700000
2014-03-19,21568.689453125,21614.529296875,21485.509765625,21585.119140625,1254000000
2014-03-20,21182.16015625,21475.48046875,21137.609375,21352.490234375,1855200000
2014-03-21,21436.69921875,21470.310546875,21171.91015625,21239.08984375,2761800000
2014-03-24,21846.44921875,21866.970703125,21590.0703125,21657.55078125,2460700000
2014-03-25,21732.3203125,21858.109375,21704.73046875,21773.640625,1439700000
2014-03-26,21887.75,22006.640625,21865.330078125,21889.759765625,1917700000
2014-03-27,21834.44921875,21926.830078125,21715.630859375,21897.0703125,2222300000
2014-03-28,22065.529296875,22143.240234375,21930.400390625,21930.400390625,2147300000
2014-03-31,22151.060546875,22244.16015625,22043.509765625,22244.16015625,1919000000
2014-04-01,22448.5390625,22458.939453125,22250.66015625,22292.3203125,1598500000
2014-04-02,22523.939453125,22598.400390625,22436.279296875,22598.400390625,1594200000
2014-04-03,22565.080078125,22722.240234375,22531.240234375,22666.060546875,1385900000
2014-04-04,22510.080078125,22595.7109375,22452.640625,22476.25,1497600000
2014-04-07,22377.150390625,22485.240234375,22326.41015625,22416.470703125,1364800000
2014-04-08,22596.970703125,22625.2109375,22329.990234375,22390.140625,2242600000
2014-04-09,22843.169921875,22933.330078125,22721.189453125,22725.4296875,2255700000
2014-04-10,23186.9609375,23224.5390625,22734.390625,22949.7890625,2705300000
2014-04-11,23003.640625,23194.150390625,22946.2109375,23150.80078125,2212800000
2014-04-14,23038.80078125,23090.939453125,22911.8203125,22911.8203125,1332400000
2014-04-15,22671.259765625,23054.349609375,22658.26953125,23054.349609375,1507400000
2014-04-16,22696.009765625,22866.560546875,22627.509765625,22686.2109375,1209900000
2014-04-17,22760.240234375,22858.7890625,22657.94921875,22858.7890625,1043700000
2014-04-22,22730.6796875,22808.30078125,22644.4296875,22718.689453125,1177800000
2014-04-23,22509.640625,22855.259765625,22495.58984375,22855.259765625,1466000000
2014-04-24,22562.80078125,22575.5,22461.099609375,22527.380859375,1245500000
2014-04-25,22223.529296875,22548.51953125,22213.740234375,22524.560546875,1501600000
2014-04-28,22132.529296875,22202.26953125,22096.94921875,22122.380859375,1204400000
2014-04-29,22453.890625,22474.189453125,22099.19921875,22172.080078125,1647300000
2014-04-30,22133.970703125,22466.0390625,22097.359375,22466.0390625,1813900000
2014-05-02,22260.669921875,22312.7109375,22150.349609375,22194.66015625,1150700000
2014-05-05,21976.330078125,22284.560546875,21873.869140625,22195.80078125,1053000000
2014-05-07,21746.259765625,21923.150390625,21680.330078125,21904.51953125,1551800000
2014-05-08,21837.119140625,21929.4296875,21738.150390625,21804.650390625,1397800000
2014-05-09,21862.990234375,21925.390625,21705.119140625,21819.939453125,1114400000
2014-05-12,22261.609375,22399.640625,21796.900390625,21921.58984375,1662400000
2014-05-13,22352.380859375,22436.240234375,22286.4609375,22436.240234375,1139100000
2014-05-14,22582.76953125,22664.369140625,22365.23046875,22484.490234375,1927300000
2014-05-15,22730.859375,22792.630859375,22610.009765625,22726.58984375,1170300000
2014-05-16,22712.91015625,22718.0703125,22555.58984375,22645.51953125,1166400000
2014-05-19,22704.5,22751.240234375,22555.970703125,22751.240234375,991500000
2014-05-20,22834.6796875,22914.169921875,22758.01953125,22758.01953125,1381200000
2014-05-21,22836.51953125,22883.5,22649.66015625,22715.580078125,1502000000
2014-05-22,22953.759765625,23053.279296875,22884.51953125,22942.26953125,1846600000
2014-05-23,22965.859375,23010.44921875,22922.349609375,23010.44921875,1334700000
2014-05-26,22963.1796875,23086.98046875,22898.779296875,23055.470703125,921700000
2014-05-27,22944.30078125,22984.4609375,22886.4609375,22953.119140625,886200000
2014-05-28,23080.029296875,23204.939453125,22949.859375,23023.8203125,1877900000
2014-05-29,23010.140625,23209.259765625,22968.099609375,23103.310546875,1656900000
2014-05-30,23081.650390625,23178.599609375,22993.7109375,23074.7890625,2139400000
2014-06-03,23291.0390625,23327.509765625,23134.33984375,23327.509765625,1871400000
2014-06-04,23151.7109375,23284.169921875,23110.849609375,23284.169921875,1103600000
2014-06-05,23109.66015625,23178.080078125,23052.4296875,23142.66015625,1139900000
2014-06-06,22951.0,23231.3203125,22950.669921875,23231.3203125,1793900000
2014-06-09,23117.470703125,23159.599609375,23053.380859375,23086.939453125,1175600000
2014-06-10,23315.740234375,23360.25,23061.25,23206.19921875,1732700000
2014-06-11,23257.2890625,23281.140625,23168.140625,23281.140625,1312200000
2014-06-12,23175.01953125,23237.759765625,23065.5,23127.8203125,1262600000
2014-06-13,23319.169921875,23397.76953125,23099.869140625,23099.869140625,1564400000
2014-06-16,23300.669921875,23340.419921875,23232.560546875,23299.0390625,1215100000
2014-06-17,23203.58984375,23242.689453125,23127.01953125,23237.630859375,1361600000
2014-06-18,23181.720703125,23299.359375,23128.220703125,23128.220703125,1296600000
2014-06-19,23167.73046875,23300.310546875,23122.75,23264.919921875,1421200000
2014-06-20,23194.060546875,23285.51953125,23157.859375,23199.1796875,1341600000
2014-06-23,22804.810546875,23393.810546875,22802.099609375,23165.259765625,2005500000
2014-06-24,22880.640625,22946.099609375,22832.91015625,22915.919921875,1448700000
2014-06-25,22866.69921875,22938.69921875,22829.2890625,22935.060546875,1082700000
2014-06-26,23197.830078125,23203.48046875,22926.0390625,22947.83984375,1292100000
2014-06-27,23221.51953125,23272.099609375,23111.029296875,23188.48046875,1193700000
2014-06-30,23190.720703125,23346.23046875,22960.080078125,23273.189453125,1476200000
2014-07-02,23549.619140625,23576.349609375,23293.8203125,23326.529296875,1936400000
2014-07-03,23531.439453125,23591.470703125,23482.900390625,23553.599609375,1073600000
2014-07-04,23546.359375,23626.140625,23508.26953125,23609.3203125,1116900000
2014-07-07,23540.919921875,23592.380859375,23435.240234375,23581.400390625,911900000
2014-07-08,23541.380859375,23555.66015625,23455.130859375,23555.310546875,1114100000
2014-07-09,23176.0703125,23408.05078125,23126.6796875,23408.05078125,1545800000
2014-07-10,23238.990234375,23281.44921875,23182.060546875,23281.44921875,1100500000
2014-07-11,23233.44921875,23307.5390625,23146.990234375,23155.689453125,1123100000
2014-07-14,23346.669921875,23459.48046875,23273.41015625,23310.16015625,1061000000
2014-07-15,23459.9609375,23496.5703125,23398.25,23482.83984375,1048100000
2014-07-16,23523.279296875,23562.3203125,23430.140625,23490.4296875,959500000
2014-07-17,23520.869140625,23583.349609375,23421.990234375,23583.349609375,1094000000
2014-07-18,23454.7890625,23460.130859375,23240.609375,23316.4609375,913300000
2014-07-21,23387.140625,23498.349609375,23372.630859375,23484.529296875,1042300000
2014-07-22,23782.109375,23803.169921875,23423.33984375,23465.810546875,1859500000
2014-07-23,23971.869140625,23975.740234375,23834.390625,23841.220703125,1807800000
2014-07-24,24141.5,24150.0,24005.25,24080.609375,1930500000
2014-07-25,24216.009765625,24247.19921875,24088.990234375,24247.19921875,1637300000
2014-07-28,24428.630859375,24501.130859375,24248.359375,24249.26953125,1971900000
2014-07-29,24640.529296875,24666.9609375,24437.099609375,24526.630859375,1998400000
2014-07-30,24732.2109375,24912.220703125,24660.349609375,24704.580078125,2523800000
2014-07-31,24756.849609375,24893.740234375,24661.5703125,24805.75,1944100000
2014-08-01,24532.4296875,24731.51953125,24485.73046875,24594.23046875,1755900000
2014-08-04,24600.080078125,24690.599609375,24558.369140625,24590.109375,1183300000
2014-08-05,24648.259765625,24679.109375,24494.08984375,24679.109375,1249500000
2014-08-06,24584.130859375,24589.7109375,24397.41015625,24558.8203125,1171900000
2014-08-07,24387.560546875,24502.30078125,24364.580078125,24498.830078125,1233400000
2014-08-08,24331.41015625,24493.009765625,24190.9296875,24307.099609375,1341700000
2014-08-11,24646.01953125,24671.330078125,24491.01953125,24533.33984375,1129900000
2014-08-12,24689.41015625,24691.66015625,24552.419921875,24668.5703125,1028200000
2014-08-13,24890.33984375,24907.109375,24611.220703125,24726.240234375,1466900000
2014-08-14,24801.359375,24964.419921875,24721.869140625,24894.1796875,1456900000
2014-08-15,24954.939453125,25010.310546875,24872.7109375,24969.720703125,1150200000
2014-08-18,24955.4609375,24978.939453125,24765.029296875,24943.599609375,1281500000
2014-08-19,25122.94921875,25201.2109375,24909.259765625,25045.55078125,1466500000
2014-08-20,25159.759765625,25190.029296875,25056.7109375,25156.94921875,1238100000
2014-08-21,24994.099609375,25142.33984375,24896.19921875,25142.33984375,1460100000
2014-08-22,25112.23046875,25132.9296875,25025.939453125,25113.73046875,1183300000
2014-08-25,25166.91015625,25243.16015625,24946.849609375,25049.9609375,1333400000
2014-08-26,25074.5,25188.310546875,25068.98046875,25147.75,1252900000
2014-08-27,24918.75,25160.6796875,24883.4609375,25134.490234375,1468400000
2014-08-28,24741.0,25055.810546875,24679.099609375,25055.810546875,1533400000
2014-08-29,24742.060546875,24814.26953125,24630.80078125,24748.189453125,1711500000
2014-09-01,24752.08984375,24891.26953125,24696.1796875,24703.740234375,1447800000
2014-09-02,24749.01953125,24816.890625,24576.23046875,24699.759765625,1646400000
2014-09-03,25317.94921875,25325.16015625,24751.720703125,24786.0390625,2535300000
2014-09-04,25297.919921875,25362.98046875,25193.369140625,25268.439453125,1980900000
2014-09-05,25240.150390625,25356.560546875,25171.58984375,25356.560546875,2163800000
2014-09-08,25190.44921875,25293.08984375,25074.01953125,25293.08984375,1272200000
2014-09-10,24705.359375,24969.390625,24681.189453125,24969.390625,1748400000
2014-09-11,24662.640625,24782.94921875,24589.900390625,24701.73046875,1443800000
2014-09-12,24595.3203125,24701.4296875,24487.939453125,24620.189453125,1234000000
2014-09-15,24356.990234375,24471.80078125,24300.5703125,24410.380859375,1479600000
2014-09-16,24136.009765625,24405.98046875,24117.599609375,24318.8203125,1282300000
2014-09-17,24376.41015625,24470.259765625,24339.529296875,24380.279296875,1793800000
2014-09-18,24168.720703125,24294.640625,24103.529296875,24294.640625,1459400000
2014-09-19,24306.16015625,24419.849609375,24155.619140625,24334.650390625,1924800000
2014-09-22,23955.490234375,24082.619140625,23949.2890625,24072.1796875,1723800000
2014-09-23,23837.0703125,24012.060546875,23825.9609375,23882.58984375,1417200000
2014-09-24,23921.609375,24016.41015625,23788.98046875,23788.98046875,1368900000
2014-09-25,23768.130859375,24058.01953125,23754.330078125,24048.380859375,1573200000
2014-09-26,23678.41015625,23717.080078125,23555.619140625,23581.560546875,1341500000
2014-09-29,23229.2109375,23399.509765625,23095.779296875,23399.509765625,2230500000
2014-09-30,22932.98046875,23137.259765625,22855.0390625,23137.259765625,2189800000
2014-10-03,23064.560546875,23147.849609375,22565.599609375,22691.58984375,2577600000
2014-10-06,23315.0390625,23441.26953125,22988.640625,23053.7890625,1643100000
2014-10-07,23422.51953125,23517.849609375,23209.76953125,23224.220703125,1635900000
2014-10-08,23263.330078125,23369.390625,23184.150390625,23221.759765625,1253100000
2014-10-09,23534.529296875,23581.349609375,23437.869140625,23461.349609375,1126500000
2014-10-10,23088.5390625,23237.400390625,23071.26953125,23198.80078125,1401300000
2014-10-13,23143.380859375,23273.0390625,22871.26953125,22884.0,1407200000
2014-10-14,23047.970703125,23409.9609375,23040.80078125,23064.919921875,1526000000
2014-10-15,23140.05078125,23238.0390625,22992.9296875,23087.5,1444900000
2014-10-16,22900.939453125,23040.310546875,22868.01953125,22913.5,1533500000
2014-10-17,23023.2109375,23148.9609375,22888.759765625,22904.109375,1853600000
2014-10-20,23070.259765625,23290.419921875,23052.310546875,23239.779296875,1182100000
2014-10-21,23088.580078125,23231.51953125,22964.919921875,23073.359375,1026500000
2014-10-22,23403.970703125,23460.76953125,23193.48046875,23300.44921875,1732900000
2014-10-23,23333.1796875,23397.169921875,23221.689453125,23296.0,1039000000
2014-10-24,23302.19921875,23352.58984375,23157.48046875,23311.880859375,1201300000
2014-10-27,23143.23046875,23275.400390625,23012.80078125,23275.400390625,1229600000
2014-10-28,23520.359375,23570.919921875,23189.830078125,23189.830078125,1889100000
2014-10-29,23819.869140625,23855.669921875,23699.560546875,23703.94921875,2017500000
2014-10-30,23702.0390625,23841.740234375,23615.099609375,23841.740234375,1606500000
2014-10-31,23998.060546875,24046.400390625,23850.69921875,23913.689453125,2057400000
2014-11-03,23915.970703125,24133.44921875,23875.08984375,24133.44921875,1328900000
2014-11-04,23845.66015625,24016.419921875,23815.849609375,23849.720703125,1317600000
2014-11-05,23695.619140625,23846.83984375,23623.140625,23846.83984375,1357400000
2014-11-06,23649.310546875,23775.73046875,23623.41015625,23737.759765625,1055400000
2014-11-07,23550.240234375,23831.25,23430.19921875,23607.650390625,1609900000
2014-11-10,23744.69921875,24110.240234375,23703.720703125,24074.849609375,1974500000
2014-11-11,23808.279296875,23931.44921875,23760.529296875,23809.41015625,3418200000
2014-11-12,23938.1796875,23999.970703125,23801.73046875,23883.310546875,1788500000
2014-11-13,24019.939453125,24097.919921875,23850.390625,23854.330078125,2063600000
2014-11-14,24087.380859375,24102.69921875,23966.80078125,24048.359375,1489800000
2014-11-17,23797.080078125,24313.060546875,23787.279296875,24313.060546875,1728100000
2014-11-18,23529.169921875,23881.009765625,23483.189453125,23868.900390625,1543700000
2014-11-19,23373.310546875,23572.2109375,23341.16015625,23466.0703125,1413800000
2014-11-20,23349.640625,23461.01953125,23252.630859375,23401.0,1354800000
2014-11-21,23437.119140625,23508.01953125,23301.48046875,23353.720703125,1519000000
2014-11-24,23893.140625,23936.33984375,23823.560546875,23883.3203125,2862200000
2014-11-25,23843.91015625,23935.0703125,23809.509765625,23841.16015625,2083500000
2014-11-26,24111.98046875,24176.640625,23799.419921875,23833.189453125,2225200000
2014-11-27,24004.279296875,24228.109375,23962.439453125,24169.849609375,1813700000
2014-11-28,23987.44921875,24117.16015625,23887.630859375,23982.2890625,3154800000
2014-12-01,23367.44921875,23731.759765625,23318.48046875,23678.0,3135500000
2014-12-02,23654.30078125,23784.94921875,23293.810546875,23400.109375,2843100000
2014-12-03,23428.619140625,23921.759765625,23378.810546875,23756.05078125,3224800000
2014-12-04,23832.560546875,23844.240234375,23456.7109375,23554.810546875,3562000000
2014-12-05,24002.640625,24170.05078125,23772.83984375,23907.779296875,5025800000
2014-12-08,24047.669921875,24189.58984375,24012.150390625,24113.140625,3826500000
2014-12-09,23485.830078125,23934.01953125,23399.869140625,23910.41015625,3871800000
2014-12-10,23524.51953125,23656.509765625,23345.890625,23442.689453125,2306300000
2014-12-11,23312.5390625,23382.830078125,23169.669921875,23269.509765625,2425800000
2014-12-12,23249.19921875,23445.9609375,23230.029296875,23328.990234375,1641000000
2014-12-15,23027.849609375,23067.669921875,22856.01953125,22977.83984375,1660200000
2014-12-16,22670.5,22944.279296875,22641.060546875,22877.30078125,2158900000
2014-12-17,22585.83984375,22726.560546875,22529.75,22697.6796875,2560900000
2014-12-18,22832.2109375,22935.05078125,22736.890625,22878.33984375,2306300000
2014-12-19,23116.630859375,23189.599609375,23041.369140625,23158.26953125,2309100000
2014-12-22,23408.5703125,23478.900390625,23264.05078125,23264.05078125,2999600000
2014-12-23,23333.689453125,23495.619140625,23269.4296875,23423.330078125,1758900000
2014-12-24,23349.33984375,23421.099609375,23290.419921875,23290.419921875,740700000
2014-12-29,23773.1796875,23867.4609375,23694.529296875,23694.529296875,2133300000
2014-12-30,23501.099609375,23853.130859375,23442.55078125,23853.130859375,1768200000
2014-12-31,23605.0390625,23632.349609375,23464.25,23480.810546875,1049000000
2015-01-02,23721.30078125,23998.900390625,23655.5,23699.19921875,1801700000
2015-01-05,23721.3203125,23998.869140625,23655.51953125,23699.189453125,2585200000
2015-01-06,23485.41015625,23611.0,23312.5,23515.130859375,2618000000
2015-01-07,23681.259765625,23715.7109375,23332.029296875,23396.69921875,2181100000
2015-01-08,23835.529296875,23941.640625,23719.05078125,23920.349609375,2011600000
2015-01-09,23919.94921875,24169.060546875,23859.490234375,24049.69921875,2334800000
2015-01-12,24026.4609375,24118.58984375,23905.009765625,24118.58984375,1414600000
2015-01-13,24215.970703125,24254.109375,23908.23046875,23908.23046875,1393200000
2015-01-14,24112.599609375,24326.69921875,24056.220703125,24276.330078125,1463000000
2015-01-15,24350.91015625,24369.0,24070.390625,24169.349609375,1754000000
2015-01-16,24103.51953125,24253.08984375,24086.2109375,24196.849609375,1716800000
2015-01-19,23738.490234375,24049.55078125,23590.05078125,23971.23046875,2945800000
2015-01-20,23951.16015625,23997.310546875,23747.919921875,23798.4609375,1632700000
2015-01-21,24352.580078125,24373.279296875,24016.630859375,24036.41015625,1843500000
2015-01-22,24522.630859375,24589.619140625,24438.98046875,24480.01953125,1679800000
2015-01-23,24850.44921875,24896.220703125,24726.76953125,24807.359375,2375600000
2015-01-26,24909.900390625,24916.490234375,24761.55078125,24907.189453125,1321600000
2015-01-27,24807.279296875,24995.080078125,24672.759765625,24995.080078125,1705100000
2015-01-28,24861.810546875,24983.890625,24716.6796875,24799.98046875,1361000000
2015-01-29,24595.849609375,24739.220703125,24524.1796875,24645.19921875,1864000000
2015-01-30,24507.05078125,24771.369140625,24450.05078125,24771.369140625,1438900000
2015-02-02,24484.740234375,24506.810546875,24324.369140625,24347.26953125,1576200000
2015-02-03,24554.779296875,24602.599609375,24327.509765625,24542.490234375,1552800000
2015-02-04,24679.759765625,24824.580078125,24642.5,24750.759765625,1836300000
2015-02-05,24765.490234375,25048.259765625,24642.810546875,25048.259765625,2343800000
2015-02-06,24679.390625,24843.19921875,24645.759765625,24843.19921875,1440500000
2015-02-09,24521.0,24657.869140625,24449.48046875,24529.55078125,1285500000
2015-02-10,24528.099609375,24583.7890625,24422.849609375,24475.0390625,1028000000
2015-02-11,24315.01953125,24551.740234375,24266.6796875,24512.619140625,1261400000
2015-02-12,24422.150390625,24514.490234375,24226.2890625,24377.58984375,1472100000
2015-02-13,24682.5390625,24702.5390625,24521.130859375,24535.66015625,1342700000
2015-02-16,24726.529296875,24771.599609375,24687.150390625,24717.490234375,926600000
2015-02-17,24784.880859375,24855.75,24653.880859375,24653.880859375,822900000
2015-02-18,24832.080078125,24871.7890625,24806.060546875,24836.05078125,975900000
2015-02-23,24836.759765625,24916.240234375,24664.6796875,24916.240234375,1019300000
2015-02-24,24750.0703125,24808.30078125,24673.9296875,24776.720703125,1076300000
2015-02-25,24778.279296875,24869.369140625,24691.779296875,24822.279296875,1387700000
2015-02-26,24902.060546875,24998.640625,24709.560546875,24718.279296875,1803500000
2015-02-27,24823.2890625,25101.9609375,24815.029296875,24902.609375,1504200000
2015-03-02,24887.439453125,24997.830078125,24715.380859375,24996.759765625,1543100000
2015-03-03,24702.779296875,24984.619140625,24663.4296875,24984.619140625,1499900000
2015-03-04,24465.380859375,24705.9609375,24439.2890625,24656.939453125,1618200000
2015-03-05,24193.0390625,24393.849609375,24133.7109375,24274.900390625,1923400000
2015-03-06,24164.0,24294.359375,24126.08984375,24235.759765625,1620600000
2015-03-09,24123.05078125,24205.859375,23910.16015625,23982.5,1619500000
2015-03-10,23896.98046875,24152.400390625,23869.8203125,24150.6796875,1521300000
2015-03-11,23717.970703125,23899.859375,23703.83984375,23807.099609375,1678300000
2015-03-12,23797.9609375,23880.25,23677.060546875,23709.169921875,1619100000
2015-03-13,23823.2109375,23918.7109375,23790.830078125,23808.970703125,1538400000
2015-03-16,23949.55078125,23970.05078125,23711.26953125,23771.400390625,1187700000
2015-03-17,23901.490234375,24106.470703125,23822.779296875,24106.470703125,1188600000
2015-03-18,24120.080078125,24210.75,23938.630859375,23938.630859375,1668400000
2015-03-19,24468.890625,24500.23046875,24248.83984375,24325.560546875,1826000000
2015-03-20,24375.240234375,24524.55078125,24351.5,24417.529296875,2006100000
2015-03-23,24494.509765625,24559.76953125,24436.419921875,24538.33984375,1461200000
2015-03-24,24399.599609375,24490.150390625,24294.94921875,24484.6796875,1559000000
2015-03-25,24528.23046875,24613.689453125,24377.919921875,24410.529296875,1421300000
2015-03-26,24497.080078125,24592.009765625,24399.83984375,24442.509765625,1346200000
2015-03-27,24486.19921875,24549.880859375,24420.470703125,24541.439453125,1610400000
2015-03-30,24855.119140625,24949.349609375,24725.51953125,24727.4609375,2574100000
2015-03-31,24900.890625,25113.19921875,24876.369140625,25113.19921875,2557000000
2015-04-01,25082.75,25099.060546875,24926.109375,24955.19921875,1713500000
2015-04-02,25275.640625,25297.80078125,25152.5703125,25214.330078125,2106800000
2015-04-08,26236.859375,26247.630859375,25640.0390625,25708.240234375,4101500000
2015-04-09,26944.390625,27922.669921875,26732.23046875,26913.279296875,5024500000
2015-04-10,27272.390625,27373.6796875,26812.75,27373.6796875,3341200000
2015-04-13,28016.33984375,28031.9609375,27304.119140625,27374.330078125,4727100000
2015-04-14,27561.490234375,27915.009765625,27483.44921875,27688.259765625,3774100000
2015-04-15,27618.8203125,27807.98046875,27442.51953125,27693.25,3926500000
2015-04-16,27739.7109375,27787.98046875,27470.099609375,27557.2890625,3269700000
2015-04-17,27653.119140625,27969.41015625,27597.6796875,27808.240234375,3105800000
2015-04-20,27094.9296875,27770.7890625,26959.76953125,27770.7890625,3375900000
2015-04-21,27850.490234375,27925.359375,27404.150390625,27404.150390625,2737800000
2015-04-22,27933.849609375,28048.4609375,27727.859375,27821.3203125,2367900000
2015-04-23,27827.69921875,28213.630859375,27804.029296875,28112.380859375,2442200000
2015-04-24,28060.98046875,28089.369140625,27591.5703125,27978.390625,2414000000
2015-04-27,28433.58984375,28588.51953125,28245.140625,28245.140625,2790100000
2015-04-28,28442.75,28548.44921875,28251.990234375,28448.220703125,3045500000
2015-04-29,28400.33984375,28453.099609375,28201.759765625,28453.099609375,2094900000
2015-04-30,28133.0,28317.869140625,27997.900390625,28289.140625,2561300000
2015-05-04,28123.8203125,28343.740234375,28017.19921875,28231.259765625,1999700000
2015-05-05,27755.5390625,28316.630859375,27598.169921875,28295.720703125,2292700000
2015-05-06,27640.91015625,28054.6796875,27570.41015625,27698.099609375,2265500000
2015-05-07,27289.970703125,27604.490234375,27207.279296875,27567.619140625,1894800000
2015-05-08,27577.33984375,27652.619140625,27367.109375,27557.51953125,1817600000
2015-05-11,27718.19921875,27837.279296875,27582.23046875,27837.0390625,1541000000
2015-05-12,27407.1796875,27693.630859375,27395.91015625,27664.1796875,1530000000
2015-05-13,27249.279296875,27524.8203125,27191.029296875,27473.5,2088800000
2015-05-14,27286.55078125,27397.669921875,27192.9296875,27395.919921875,1522200000
2015-05-15,27822.279296875,27928.599609375,27315.099609375,27459.580078125,1754100000
2015-05-18,27591.25,27792.439453125,27435.5703125,27792.439453125,1378800000
2015-05-19,27693.5390625,27765.55078125,27500.759765625,27597.0703125,1559500000
2015-05-20,27585.05078125,27751.439453125,27490.330078125,27751.439453125,1470400000
2015-05-21,27523.720703125,27611.720703125,27393.310546875,27507.3203125,1221500000
2015-05-22,27992.830078125,28041.3203125,27696.970703125,27723.669921875,1899400000
2015-05-26,28249.859375,28524.599609375,28237.490234375,28462.3203125,2672100000
2015-05-27,28081.2109375,28214.66015625,27982.140625,28214.66015625,1863600000
2015-05-28,27454.310546875,28162.25,27242.109375,28162.25,3066700000
2015-05-29,27424.189453125,27604.26953125,27255.890625,27398.279296875,3050200000
2015-06-01,27597.16015625,27766.3203125,27241.94921875,27373.060546875,1972900000
2015-06-02,27466.720703125,27602.880859375,27348.130859375,27473.44921875,1502000000
2015-06-03,27657.470703125,27767.23046875,27508.83984375,27716.33984375,1735700000
2015-06-04,27551.890625,27854.740234375,27094.5,27645.359375,3066100000
2015-06-05,27260.16015625,27646.720703125,27211.359375,27538.060546875,2228900000
2015-06-08,27316.279296875,27428.58984375,27060.240234375,27147.240234375,2391700000
2015-06-09,26989.51953125,27322.140625,26971.5703125,27295.880859375,2384100000
2015-06-10,26687.640625,27116.919921875,26573.9609375,27052.7890625,1977400000
2015-06-11,26907.849609375,26991.509765625,26839.4296875,26938.150390625,1670600000
2015-06-12,27280.5390625,27356.509765625,26987.51953125,27082.599609375,1734200000
2015-06-15,26861.810546875,27131.359375,26841.51953125,27095.1796875,1324700000
2015-06-16,26566.69921875,26892.880859375,26553.0390625,26807.669921875,1761900000
2015-06-17,26753.7890625,26880.7890625,26555.9609375,26671.19921875,1819400000
2015-06-18,26694.66015625,26873.669921875,26595.9609375,26786.529296875,1470000000
2015-06-19,26760.529296875,27011.94921875,26701.720703125,26885.73046875,2497600000
2015-06-22,27080.849609375,27166.51953125,26811.66015625,26854.3203125,1429200000
2015-06-23,27333.4609375,27406.41015625,27008.509765625,27126.470703125,2138100000
2015-06-24,27404.970703125,27470.5,27292.849609375,27397.369140625,1659100000
2015-06-25,27145.75,27350.490234375,27120.720703125,27329.169921875,1908100000
2015-06-26,26663.869140625,27016.08984375,26522.44921875,27016.08984375,2473400000
2015-06-29,25966.98046875,26631.509765625,25617.779296875,26560.130859375,3023200000
2015-06-30,26250.029296875,26470.439453125,25885.66015625,25944.029296875,2480800000
2015-07-02,26282.3203125,26459.4296875,26135.619140625,26459.4296875,2185400000
2015-07-03,26064.109375,26402.849609375,25933.119140625,26349.83984375,1888900000
2015-07-06,25236.279296875,26261.529296875,24750.310546875,26083.990234375,3514100000
2015-07-07,24975.310546875,25439.33984375,24819.259765625,25391.759765625,3020400000
2015-07-08,23516.560546875,24411.30078125,22836.8203125,24411.30078125,5441400000
2015-07-09,24392.7890625,24695.75,23332.900390625,23435.5,4266900000
2015-07-10,24901.279296875,25015.169921875,24567.919921875,24567.919921875,3230900000
2015-07-13,25224.009765625,25275.759765625,24596.439453125,24709.580078125,2124800000
2015-07-14,25120.91015625,25250.94921875,24906.470703125,25184.060546875,2129800000
2015-07-15,25055.759765625,25219.44921875,24862.650390625,25219.44921875,1603500000
2015-07-16,25162.779296875,25170.349609375,24841.140625,24976.080078125,1386200000
2015-07-17,25415.26953125,25517.44921875,25183.859375,25246.640625,1279500000
2015-07-20,25404.810546875,25540.310546875,25298.9609375,25540.310546875,1088200000
2015-07-21,25536.4296875,25634.3203125,25342.689453125,25428.880859375,1125400000
2015-07-22,25282.619140625,25401.7890625,25177.599609375,25401.7890625,1298900000
2015-07-23,25398.849609375,25500.990234375,25250.359375,25308.55078125,1130600000
2015-07-24,25128.509765625,25279.94921875,25073.19921875,25279.94921875,1134600000
2015-07-27,24351.9609375,24908.580078125,24282.2109375,24906.779296875,2317700000
2015-07-28,24503.939453125,24947.349609375,24140.619140625,24269.900390625,2134200000
2015-07-29,24619.44921875,24718.640625,24444.470703125,24630.439453125,1350600000
2015-07-30,24497.98046875,24872.69921875,24478.0703125,24822.419921875,1488200000
2015-07-31,24636.279296875,24661.189453125,24467.830078125,24650.9296875,1363700000
2015-08-03,24411.419921875,24533.140625,24232.599609375,24533.140625,1467000000
2015-08-04,24406.119140625,24519.349609375,24217.779296875,24364.41015625,1225500000
2015-08-05,24514.16015625,24582.189453125,24420.94921875,24466.30078125,1105400000
2015-08-06,24375.279296875,24527.740234375,24320.75,24527.740234375,977500000
2015-08-07,24552.470703125,24641.9296875,24327.560546875,24327.560546875,1106900000
2015-08-10,24521.119140625,24602.669921875,24135.640625,24433.66015625,1211600000
2015-08-11,24498.2109375,24924.0703125,24420.7109375,24694.779296875,1608400000
2015-08-12,23916.01953125,24324.189453125,23826.9609375,24269.109375,1851600000
2015-08-13,24018.80078125,24133.869140625,23860.8203125,23935.48046875,1716700000
2015-08-14,23991.029296875,24126.30078125,23957.359375,24055.01953125,1198100000
2015-08-17,23814.650390625,23950.5703125,23699.83984375,23945.599609375,1197800000
2015-08-18,23474.970703125,24024.369140625,23464.349609375,23956.859375,1454300000
2015-08-19,23167.849609375,23586.7890625,23138.73046875,23555.01953125,1914800000
2015-08-20,22757.470703125,23033.970703125,22610.529296875,22973.869140625,2339000000
2015-08-21,22409.619140625,22492.7890625,22185.849609375,22343.25,2490600000
2015-08-24,21251.5703125,21679.44921875,21136.48046875,21605.970703125,3579900000
2015-08-25,21404.9609375,21871.400390625,20865.259765625,21119.529296875,3588800000
2015-08-26,21080.390625,21686.44921875,21060.08984375,21434.25,2956100000
2015-08-27,21838.5390625,21963.4296875,21407.58984375,21758.619140625,3193000000
2015-08-28,21612.390625,22424.400390625,21585.330078125,22424.400390625,3009400000
2015-08-31,21670.580078125,21793.01953125,21399.619140625,21793.01953125,2686600000
2015-09-01,21185.4296875,21692.779296875,21170.859375,21692.779296875,2156000000
2015-09-02,20934.939453125,21288.529296875,20771.76953125,21101.419921875,2512600000
2015-09-04,20840.609375,21174.859375,20715.01953125,21158.9296875,2120900000
2015-09-07,20583.51953125,21056.390625,20579.9296875,20683.310546875,1656200000
2015-09-08,21259.0390625,21431.990234375,20524.880859375,20636.830078125,2266200000
2015-09-09,22131.310546875,22228.58984375,21529.810546875,21632.689453125,2945600000
2015-09-10,21562.5,21771.5703125,21492.08984375,21667.859375,2092600000
2015-09-11,21504.369140625,21909.8203125,21472.16015625,21710.130859375,2371600000
2015-09-14,21561.900390625,21762.150390625,21441.7109375,21678.880859375,1472100000
2015-09-15,21455.23046875,21634.48046875,21411.169921875,21527.529296875,1352200000
2015-09-16,21966.66015625,22103.060546875,21608.5,21731.33984375,2077600000
2015-09-17,21854.630859375,22203.359375,21718.7109375,22172.6796875,2118600000
2015-09-18,21920.830078125,22052.109375,21807.25,21807.25,2054800000
2015-09-21,21756.9296875,21778.060546875,21590.69921875,21614.4296875,1372800000
2015-09-22,21796.580078125,22111.669921875,21768.98046875,21794.33984375,1438200000
2015-09-23,21302.91015625,21577.44921875,21008.609375,21529.470703125,2304500000
2015-09-24,21095.98046875,21363.2109375,21053.5,21304.900390625,1596700000
2015-09-25,21186.3203125,21318.330078125,20957.990234375,21070.390625,1729000000
2015-09-29,20556.599609375,20579.220703125,20368.119140625,20579.220703125,2537000000
2015-09-30,20846.30078125,20939.390625,20683.109375,20795.9296875,2134500000
2015-10-02,21506.08984375,21530.80078125,21130.109375,21172.939453125,2161200000
2015-10-05,21854.5,21980.83984375,21739.900390625,21930.970703125,1468800000
2015-10-06,21831.619140625,22169.099609375,21719.2890625,22169.099609375,1622600000
2015-10-07,22515.759765625,22527.7890625,21817.419921875,21884.73046875,2932800000
2015-10-08,22354.91015625,22588.689453125,22201.109375,22588.689453125,1931200000
2015-10-09,22458.80078125,22807.859375,22440.880859375,22615.939453125,2403300000
2015-10-12,22730.9296875,22779.5,22562.259765625,22614.330078125,1871900000
2015-10-13,22600.4609375,22798.900390625,22515.73046875,22677.599609375,1710900000
2015-10-14,22439.91015625,22576.5,22356.560546875,22398.8203125,1352700000
2015-10-15,22888.169921875,22940.25,22567.650390625,22667.419921875,1920800000
2015-10-16,23067.369140625,23178.140625,22953.560546875,23133.58984375,1922600000
2015-10-19,23075.609375,23100.66015625,22913.599609375,23085.609375,1259200000
2015-10-20,22989.220703125,23057.9296875,22843.0390625,22991.599609375,1217400000
2015-10-22,22845.369140625,22869.58984375,22727.58984375,22795.580078125,1374100000
2015-10-23,23151.939453125,23220.380859375,23088.029296875,23220.380859375,1495300000
2015-10-26,23116.25,23423.640625,23066.939453125,23423.640625,1465200000
2015-10-27,23142.73046875,23143.880859375,22885.220703125,23053.119140625,1532500000
2015-10-28,22956.5703125,23120.25,22923.66015625,23070.69921875,1377100000
2015-10-29,22819.939453125,23054.529296875,22811.3203125,23054.529296875,1759000000
2015-10-30,22640.0390625,22847.16015625,22612.560546875,22785.859375,1537100000
2015-11-02,22370.0390625,22605.80078125,22332.7109375,22502.279296875,1688700000
2015-11-03,22568.4296875,22697.0,22560.169921875,22603.150390625,1469600000
2015-11-04,23053.5703125,23342.0703125,22737.439453125,22737.439453125,2604100000
2015-11-05,23051.0390625,23180.26953125,22960.619140625,23045.099609375,1502700000
2015-11-06,22867.330078125,22922.7890625,22791.91015625,22914.19921875,1395000000
2015-11-09,22726.76953125,22970.830078125,22689.259765625,22753.509765625,1544900000
2015-11-10,22401.69921875,22534.919921875,22339.689453125,22505.69921875,1796800000
2015-11-11,22352.169921875,22479.4609375,22324.41015625,22394.150390625,1419300000
2015-11-12,22888.919921875,22980.970703125,22454.9609375,22477.599609375,1844300000
2015-11-13,22396.140625,22519.330078125,22318.619140625,22494.08984375,2002500000
2015-11-16,22010.8203125,22127.380859375,21958.279296875,21958.279296875,1816400000
2015-11-17,22264.25,22497.330078125,22243.9609375,22315.1796875,1627700000
2015-11-18,22188.259765625,22349.73046875,22163.279296875,22331.76953125,1211500000
2015-11-19,22500.220703125,22559.060546875,22416.0,22423.880859375,1381500000
2015-11-20,22754.720703125,22790.0703125,22412.029296875,22510.44921875,1230900000
2015-11-23,22665.900390625,22802.7109375,22619.6796875,22760.05078125,1076000000
2015-11-24,22587.630859375,22629.75,22433.509765625,22593.08984375,1194800000
2015-11-25,22498.0,22617.2109375,22436.009765625,22533.529296875,1513200000
2015-11-26,22488.939453125,22787.5,22453.689453125,22749.599609375,1128400000
2015-11-27,22068.3203125,22555.419921875,22051.009765625,22555.419921875,2108000000
2015-11-30,21996.419921875,22195.25,21907.349609375,21974.810546875,2928400000
2015-12-01,22381.349609375,22477.509765625,22143.5703125,22197.810546875,1984300000
2015-12-02,22479.689453125,22563.470703125,22368.66015625,22471.349609375,1671100000
2015-12-03,22417.009765625,22485.25,22327.0390625,22327.0390625,1271100000
2015-12-04,22235.890625,22242.490234375,22108.4609375,22142.109375,1607900000
2015-12-07,22203.220703125,22352.25,22200.55078125,22336.3203125,1290300000
2015-12-08,21905.130859375,22058.55078125,21765.619140625,22058.55078125,1812300000
2015-12-09,21803.759765625,21872.330078125,21755.689453125,21773.76953125,1365900000
2015-12-10,21704.609375,21880.189453125,21668.119140625,21714.23046875,1589400000
2015-12-11,21464.05078125,21731.390625,21440.69921875,21719.169921875,1399100000
2015-12-14,21309.849609375,21378.189453125,21010.259765625,21063.279296875,1716000000
2015-12-15,21274.369140625,21442.2109375,21215.5390625,21215.5390625,1575300000
2015-12-16,21701.2109375,21772.7890625,21557.73046875,21557.73046875,1645600000
2015-12-17,21872.060546875,22005.189453125,21763.759765625,21841.08984375,1605000000
2015-12-18,21755.560546875,21956.490234375,21625.8203125,21656.560546875,1774200000
2015-12-21,21791.6796875,21871.220703125,21641.169921875,21641.169921875,1302800000
2015-12-22,21830.01953125,21870.310546875,21750.740234375,21846.900390625,916700000
2015-12-23,22040.58984375,22103.630859375,21846.48046875,21869.400390625,1053100000
2015-12-24,22138.130859375,22217.44921875,22128.720703125,22207.8203125,712800000
2015-12-28,21919.619140625,22151.73046875,21880.509765625,22151.73046875,874100000
2015-12-29,21999.619140625,22024.279296875,21881.7109375,21923.26953125,766800000
2015-12-30,21882.150390625,22114.560546875,21868.029296875,22094.58984375,1058900000
2015-12-31,21914.400390625,21970.330078125,21864.119140625,21892.25,510200000
2016-01-04,21327.119140625,21794.83984375,21227.609375,21782.619140625,1712100000
2016-01-05,21188.720703125,21452.740234375,21095.900390625,21318.689453125,1484700000
2016-01-06,20980.810546875,21199.619140625,20947.30078125,21142.630859375,1651100000
2016-01-07,20333.33984375,20826.439453125,20323.970703125,20772.599609375,2982000000
2016-01-08,20453.7109375,20596.419921875,20324.619140625,20491.880859375,2078100000
2016-01-11,19888.5,20068.779296875,19865.1796875,19997.419921875,2127800000
2016-01-12,19711.759765625,20130.80078125,19694.990234375,20030.029296875,1834400000
2016-01-13,19934.880859375,20234.779296875,19850.73046875,20028.859375,1787100000
2016-01-14,19817.41015625,19893.880859375,19509.080078125,19578.919921875,1783200000
2016-01-15,19520.76953125,19828.9296875,19500.380859375,19781.4609375,1932600000
2016-01-18,19237.44921875,19439.490234375,19195.560546875,19287.380859375,2038600000
2016-01-19,19635.810546875,19647.75,19204.220703125,19283.5703125,1825400000
2016-01-20,18886.30078125,19332.220703125,18833.880859375,19332.220703125,2459500000
2016-01-21,18542.150390625,19238.26953125,18534.30078125,19079.130859375,2608400000
2016-01-22,19080.509765625,19152.80078125,18769.609375,19000.7890625,2388400000
2016-01-25,19340.140625,19490.26953125,19291.91015625,19341.41015625,1776800000
2016-01-26,18860.80078125,19098.0703125,18811.830078125,19068.83984375,1873200000
2016-01-27,19052.44921875,19216.990234375,18931.33984375,19211.859375,1929900000
2016-01-28,19195.830078125,19223.58984375,18982.220703125,19093.76953125,1941800000
2016-01-29,19683.109375,19709.990234375,19130.58984375,19138.419921875,2350200000
2016-02-01,19595.5,19770.9609375,19444.259765625,19770.9609375,1596500000
2016-02-02,19446.83984375,19628.5703125,19403.490234375,19474.869140625,1783500000
2016-02-03,18991.58984375,19032.7109375,18764.8203125,18910.880859375,2126500000
2016-02-04,19183.08984375,19338.369140625,19166.1796875,19190.359375,1557000000
2016-02-05,19288.169921875,19397.880859375,19230.0,19287.359375,1264800000
2016-02-11,18545.80078125,18627.509765625,18446.560546875,18486.9296875,1868400000
2016-02-12,18319.580078125,18482.330078125,18278.80078125,18278.80078125,2019800000
2016-02-15,18918.140625,18937.060546875,18668.869140625,18668.869140625,1729300000
2016-02-16,19122.080078125,19260.669921875,18974.599609375,19013.740234375,1869200000
2016-02-17,18924.5703125,19308.5390625,18909.060546875,19198.1796875,1689500000
2016-02-18,19363.080078125,19436.390625,19266.220703125,19409.2109375,1843900000
2016-02-19,19285.5,19342.029296875,19210.650390625,19238.4296875,1268700000
2016-02-22,19464.08984375,19524.970703125,19374.240234375,19374.240234375,1207500000
2016-02-23,19414.779296875,19519.849609375,19328.259765625,19506.939453125,1225000000
2016-02-24,19192.44921875,19360.80078125,19060.16015625,19282.33984375,1302700000
2016-02-25,18888.75,19215.490234375,18867.69921875,19215.490234375,1395900000
2016-02-26,19364.150390625,19436.7109375,19122.560546875,19179.94921875,1633500000
2016-02-29,19111.9296875,19377.720703125,19053.779296875,19366.169921875,1270400000
2016-03-01,19407.4609375,19420.0,19108.30078125,19259.990234375,1473900000
2016-03-02,20003.490234375,20058.119140625,19783.919921875,19788.169921875,2455800000
2016-03-03,19941.759765625,20082.009765625,19791.599609375,20082.009765625,1761700000
2016-03-04,20176.69921875,20200.380859375,19977.4296875,20052.099609375,1907800000
2016-03-07,20159.720703125,20331.689453125,20095.630859375,20306.08984375,1930200000
2016-03-08,20011.580078125,20137.73046875,19902.75,20132.099609375,1449300000
2016-03-09,19996.259765625,20005.41015625,19818.419921875,19898.740234375,1202800000
2016-03-10,19984.419921875,20184.23046875,19923.5390625,20055.419921875,1384600000
2016-03-11,20199.599609375,20238.720703125,19853.630859375,19900.669921875,1970700000
2016-03-14,20435.33984375,20512.029296875,20328.880859375,20371.58984375,1722900000
2016-03-15,20288.76953125,20366.560546875,20254.58984375,20298.150390625,1193100000
2016-03-16,20257.69921875,20383.19921875,20168.740234375,20339.900390625,1213700000
2016-03-17,20503.810546875,20619.33984375,20435.650390625,20580.060546875,1696000000
2016-03-18,20671.630859375,20687.970703125,20514.970703125,20599.189453125,2091600000
2016-03-21,20684.150390625,20772.4609375,20618.560546875,20738.25,1520100000
2016-03-22,20666.75,20765.0703125,20576.80078125,20765.0703125,1303400000
2016-03-23,20615.23046875,20693.48046875,20513.609375,20629.400390625,1185400000
2016-03-24,20345.609375,20499.400390625,20268.529296875,20450.689453125,1460900000
2016-03-29,20366.30078125,20386.3203125,20250.150390625,20386.3203125,1303900000
2016-03-30,20803.390625,20820.73046875,20541.0703125,20545.439453125,2058700000
2016-03-31,20776.69921875,20872.55078125,20689.220703125,20811.4609375,1781000000
2016-04-01,20498.919921875,20786.1796875,20455.41015625,20786.1796875,1633600000
2016-04-05,20177.0,20311.859375,20116.869140625,20311.859375,1876700000
2016-04-06,20206.669921875,20249.83984375,20100.0,20100.0,1338300000
2016-04-07,20266.05078125,20370.51953125,20165.759765625,20297.8203125,1493900000
2016-04-08,20370.400390625,20370.439453125,20045.470703125,20061.599609375,1435600000
2016-04-11,20440.810546875,20550.94921875,20240.689453125,20255.83984375,1234200000
2016-04-12,20504.439453125,20546.4296875,20407.8203125,20440.720703125,997100000
2016-04-13,21158.7109375,21171.2890625,20716.91015625,20739.33984375,2500300000
2016-04-14,21337.810546875,21511.080078125,21266.2109375,21456.609375,2054300000
2016-04-15,21316.470703125,21423.060546875,21234.119140625,21374.650390625,1413600000
2016-04-18,21161.5,21172.0,21002.76953125,21129.6796875,1426800000
2016-04-19,21436.2109375,21459.0390625,21259.169921875,21438.130859375,1462100000
2016-04-20,21236.310546875,21452.8203125,21103.33984375,21452.8203125,1716700000
2016-04-21,21622.25,21634.740234375,21331.58984375,21406.400390625,1709100000
2016-04-22,21467.0390625,21495.7890625,21358.529296875,21448.150390625,1282700000
2016-04-25,21304.439453125,21430.5703125,21254.4609375,21408.560546875,1200000000
2016-04-26,21407.26953125,21419.919921875,21080.880859375,21380.01953125,1346800000
2016-04-27,21361.599609375,21442.509765625,21277.0390625,21372.330078125,1247200000
2016-04-28,21388.029296875,21654.0703125,21255.419921875,21488.9609375,1684200000
2016-04-29,21067.05078125,21235.390625,21023.76953125,21215.19921875,1603100000
2016-05-03,20676.939453125,21061.76953125,20668.369140625,21061.76953125,1707700000
2016-05-04,20525.830078125,20580.380859375,20411.41015625,20556.5,1555900000
2016-05-05,20449.8203125,20534.759765625,20342.75,20363.859375,1355000000
2016-05-06,20109.869140625,20377.939453125,20058.76953125,20357.44921875,1725800000
2016-05-09,20156.810546875,20303.189453125,20125.779296875,20279.900390625,1323300000
2016-05-10,20242.6796875,20294.4609375,19962.4296875,19962.4296875,1446900000
2016-05-11,20055.2890625,20347.759765625,20008.919921875,20347.759765625,1337900000
2016-05-12,19915.4609375,20100.5,19863.619140625,20100.5,1150400000
2016-05-13,19719.2890625,19881.91015625,19594.609375,19843.490234375,1758500000
2016-05-16,19883.94921875,19998.759765625,19705.91015625,19711.76953125,1486100000
2016-05-17,20118.80078125,20145.76953125,19847.69921875,19987.240234375,1568700000
2016-05-18,19826.41015625,19923.830078125,19749.2890625,19862.419921875,1351600000
2016-05-19,19694.330078125,19793.4609375,19646.349609375,19729.630859375,1148100000
2016-05-20,19852.19921875,19954.330078125,19631.7109375,19631.7109375,1247700000
2016-05-23,19809.029296875,19955.029296875,19750.619140625,19788.130859375,1086600000
2016-05-24,19830.4296875,19870.16015625,19712.669921875,19828.01953125,1174100000
2016-05-25,20368.05078125,20379.66015625,20156.759765625,20156.759765625,2040800000
2016-05-26,20397.109375,20404.73046875,20249.9609375,20373.48046875,1347000000
2016-05-27,20576.76953125,20620.150390625,20290.83984375,20425.0,1611400000
2016-05-30,20629.390625,20765.609375,20465.83984375,20523.669921875,1793000000
2016-05-31,20815.08984375,20974.7109375,20617.330078125,20617.330078125,3129600000
2016-06-01,20760.98046875,20898.44921875,20713.2890625,20726.529296875,1422300000
2016-06-02,20859.220703125,20878.2109375,20680.650390625,20769.810546875,1988200000
2016-06-03,20947.240234375,21049.19921875,20887.7890625,20956.080078125,1869300000
2016-06-06,21030.220703125,21039.869140625,20840.94921875,20971.130859375,1431200000
2016-06-07,21328.240234375,21351.330078125,21153.6796875,21218.9609375,1820200000
2016-06-08,21297.880859375,21352.369140625,21179.94921875,21294.26953125,1506500000
2016-06-10,21042.640625,21270.619140625,21017.98046875,21240.080078125,1640600000
2016-06-13,20512.990234375,20664.58984375,20430.810546875,20647.509765625,2083400000
2016-06-14,20387.529296875,20537.919921875,20358.939453125,20476.75,1498700000
2016-06-15,20467.51953125,20553.580078125,20161.009765625,20161.009765625,1729100000
2016-06-16,20038.419921875,20297.400390625,19964.369140625,20284.91015625,1901900000
2016-06-17,20169.98046875,20282.0390625,20090.80078125,20244.23046875,2193600000
2016-06-20,20510.19921875,20551.01953125,20288.490234375,20425.060546875,1565800000
2016-06-21,20668.439453125,20681.7890625,20516.73046875,20522.359375,1609000000
2016-06-22,20795.119140625,20841.509765625,20515.25,20553.939453125,1835900000
2016-06-23,20868.33984375,20889.05078125,20753.939453125,20862.58984375,1663900000
2016-06-24,20259.130859375,21034.1796875,19662.69921875,20483.509765625,3953300000
2016-06-27,20227.30078125,20329.16015625,19969.470703125,19982.66015625,1789700000
2016-06-28,20172.4609375,20196.19921875,19898.75,19898.75,1920000000
2016-06-29,20436.119140625,20456.580078125,20217.0703125,20217.0703125,1566200000
2016-06-30,20794.369140625,20828.029296875,20614.650390625,20736.849609375,2032800000
2016-07-04,21059.19921875,21166.01953125,20840.640625,20967.470703125,1838300000
2016-07-05,20750.720703125,20945.98046875,20737.16015625,20919.51953125,1225400000
2016-07-06,20495.2890625,20560.060546875,20304.390625,20475.400390625,1633200000
2016-07-07,20706.919921875,20731.119140625,20576.740234375,20606.6796875,1125400000
2016-07-08,20564.169921875,20645.58984375,20468.529296875,20622.830078125,1194800000
2016-07-11,20880.5,20972.849609375,20840.0,20951.169921875,1998700000
2016-07-12,21224.740234375,21252.640625,20957.259765625,21046.939453125,1970600000
2016-07-13,21322.369140625,21441.23046875,21279.76953125,21356.640625,1825200000
2016-07-14,21561.060546875,21581.419921875,21242.9296875,21297.5390625,1940000000
2016-07-15,21659.25,21739.2109375,21515.349609375,21589.080078125,1784800000
2016-07-18,21803.1796875,21822.0,21616.16015625,21656.880859375,1368800000
2016-07-19,21673.19921875,21767.880859375,21612.599609375,21734.33984375,1257300000
2016-07-20,21882.48046875,21895.23046875,21632.509765625,21646.390625,1417300000
2016-07-21,22000.490234375,22118.220703125,21913.16015625,21971.970703125,1569800000
2016-07-22,21964.26953125,21972.869140625,21832.4296875,21913.0390625,1121000000
2016-07-25,21993.439453125,22071.76953125,21878.880859375,22071.76953125,1190000000
2016-07-26,22129.73046875,22300.509765625,21890.890625,21890.890625,1938300000
2016-07-27,22218.990234375,22277.240234375,21997.880859375,22193.310546875,1958400000
2016-07-28,22174.33984375,22214.720703125,22053.509765625,22134.119140625,1611100000
2016-07-29,21891.369140625,22152.75,21830.4609375,22055.94921875,1745500000
2016-08-01,22129.140625,22260.94921875,22027.650390625,22027.650390625,1816000000
2016-08-03,21739.119140625,21822.220703125,21725.380859375,21743.3203125,1685400000
2016-08-04,21832.23046875,21922.419921875,21788.310546875,21873.359375,1019500000
2016-08-05,22146.08984375,22193.2890625,21961.05078125,21961.05078125,1164000000
2016-08-08,22494.759765625,22503.279296875,22260.0703125,22324.1796875,1409000000
2016-08-09,22465.609375,22496.75,22402.91015625,22464.099609375,1306300000
2016-08-10,22492.4296875,22618.0390625,22399.2890625,22511.099609375,1564500000
2016-08-11,22580.55078125,22689.939453125,22359.919921875,22412.310546875,2356800000
2016-08-12,22766.91015625,22816.75,22704.05078125,22788.880859375,2316000000
2016-08-15,22932.509765625,22975.740234375,22765.23046875,22765.23046875,2496300000
2016-08-16,22910.83984375,23084.51953125,22841.66015625,23008.08984375,2005600000
2016-08-17,22799.779296875,23029.48046875,22775.869140625,22995.509765625,2081300000
2016-08-18,23023.16015625,23193.900390625,22976.109375,23046.689453125,2328400000
2016-08-19,22937.220703125,23153.740234375,22875.560546875,23153.740234375,2095500000
2016-08-22,22997.91015625,23005.16015625,22792.419921875,22941.529296875,1720700000
2016-08-23,22998.9296875,22998.9296875,22854.349609375,22927.470703125,1521200000
2016-08-24,22820.779296875,23036.0703125,22702.609375,23010.630859375,1770200000
2016-08-25,22814.94921875,22898.119140625,22735.029296875,22814.369140625,1580800000
2016-08-26,22909.5390625,22997.400390625,22827.220703125,22827.220703125,1600100000
2016-08-29,22821.33984375,22922.6796875,22762.73046875,22904.19921875,1262600000
2016-08-30,23016.109375,23073.51953125,22898.779296875,22945.080078125,1586800000
2016-08-31,22976.880859375,23063.150390625,22939.869140625,23043.080078125,1874200000
2016-09-01,23162.33984375,23193.029296875,22843.419921875,22897.16015625,2106500000
2016-09-02,23266.69921875,23306.48046875,23152.7890625,23157.009765625,2510500000
2016-09-05,23649.55078125,23688.41015625,23530.359375,23576.310546875,1915400000
2016-09-06,23787.6796875,23787.6796875,23548.55078125,23683.279296875,1830900000
2016-09-07,23741.810546875,23830.75,23695.6796875,23785.23046875,1939700000
2016-09-08,23919.33984375,23928.9296875,23663.58984375,23704.359375,1686700000
2016-09-09,24099.69921875,24364.0,23914.73046875,23924.76953125,2771700000
2016-09-12,23290.599609375,23625.369140625,23290.599609375,23596.029296875,2533500000
2016-09-13,23215.759765625,23652.41015625,23196.490234375,23564.130859375,1616700000
2016-09-14,23190.640625,23371.529296875,23155.73046875,23225.580078125,1473700000
2016-09-15,23335.58984375,23471.48046875,23194.369140625,23237.19921875,1699900000
2016-09-19,23550.44921875,23625.919921875,23394.94921875,23486.619140625,2052800000
2016-09-20,23530.859375,23556.060546875,23397.130859375,23494.009765625,1483500000
2016-09-21,23669.900390625,23729.01953125,23436.23046875,23522.859375,1627400000
2016-09-22,23759.80078125,24058.650390625,23683.580078125,23920.1796875,2332000000
2016-09-23,23686.48046875,23846.7109375,23628.640625,23836.599609375,1872900000
2016-09-26,23317.919921875,23563.5,23276.130859375,23554.830078125,1652800000
2016-09-27,23571.900390625,23646.029296875,23295.05078125,23356.029296875,1816400000
2016-09-28,23619.650390625,23619.650390625,23370.439453125,23455.73046875,1524400000
2016-09-29,23739.470703125,23828.599609375,23607.990234375,23828.599609375,1606100000
2016-09-30,23297.150390625,23484.369140625,23239.359375,23435.2890625,1674800000
2016-10-03,23584.4296875,23698.30078125,23500.7109375,23652.830078125,953400000
2016-10-04,23689.439453125,23689.439453125,23518.560546875,23665.349609375,1008200000
2016-10-05,23788.310546875,23847.4609375,23566.220703125,23619.91015625,1304600000
2016-10-06,23952.5,24004.08984375,23826.44921875,23859.41015625,1721500000
2016-10-07,23851.8203125,23948.94921875,23770.140625,23948.94921875,1137800000
2016-10-11,23549.51953125,24064.5,23441.0703125,24013.83984375,2157300000
2016-10-12,23407.05078125,23444.669921875,23267.630859375,23386.919921875,1839700000
2016-10-13,23031.30078125,23347.970703125,23006.119140625,23300.380859375,1957400000
2016-10-14,23233.310546875,23318.359375,23087.140625,23119.9609375,1500800000
2016-10-17,23037.5390625,23177.189453125,22978.009765625,23164.5390625,1121500000
2016-10-18,23394.390625,23402.890625,23130.19921875,23130.19921875,1423500000
2016-10-19,23304.970703125,23445.560546875,23234.669921875,23393.80078125,1009900000
2016-10-20,23374.400390625,23500.8203125,23360.55078125,23412.6796875,1091100000
2016-10-24,23604.080078125,23620.08984375,23235.609375,23431.630859375,1804800000
2016-10-25,23565.109375,23631.33984375,23506.640625,23581.689453125,1182900000
2016-10-26,23325.4296875,23464.029296875,23310.23046875,23396.140625,1029300000
2016-10-27,23132.349609375,23352.619140625,23002.529296875,23347.189453125,1551900000
2016-10-28,22954.810546875,23157.73046875,22847.73046875,23088.830078125,1215000000
2016-10-31,22934.5390625,23045.529296875,22775.2890625,22845.8203125,1297900000
2016-11-01,23147.0703125,23268.05078125,23015.060546875,23015.060546875,1538000000
2016-11-02,22810.5,22956.849609375,22785.349609375,22946.060546875,1054500000
2016-11-03,22683.509765625,22855.009765625,22683.509765625,22708.55078125,1132700000
2016-11-04,22642.619140625,22771.609375,22587.58984375,22611.5390625,1014400000
2016-11-07,22801.400390625,22867.240234375,22623.83984375,22682.7109375,1376900000
2016-11-08,22909.470703125,22996.970703125,22820.390625,22981.91015625,1015200000
2016-11-09,22415.189453125,23048.3203125,21957.7109375,23048.3203125,3548400000
2016-11-10,22839.109375,22918.33984375,22777.509765625,22848.740234375,1595000000
2016-11-11,22531.08984375,22673.310546875,22442.75,22622.4609375,2105400000
2016-11-14,22222.220703125,22359.009765625,22118.869140625,22344.23046875,1910100000
2016-11-15,22323.91015625,22411.119140625,22254.08984375,22270.900390625,1461400000
2016-11-16,22280.529296875,22499.390625,22280.529296875,22439.98046875,1609800000
2016-11-17,22262.880859375,22367.470703125,22114.01953125,22170.0703125,1355400000
2016-11-18,22344.2109375,22374.359375,22146.880859375,22239.23046875,1128800000
2016-11-21,22357.779296875,22480.75,22227.80078125,22313.0390625,1370600000
2016-11-22,22678.0703125,22719.419921875,22484.599609375,22491.7109375,1851300000
2016-11-23,22676.689453125,22804.259765625,22640.94921875,22702.41015625,1764200000
2016-11-24,22608.490234375,22647.380859375,22487.5390625,22574.8203125,1138100000
2016-11-25,22723.44921875,22764.33984375,22589.529296875,22609.220703125,1385300000
2016-11-28,22830.5703125,22964.01953125,22738.939453125,22738.939453125,1816300000
2016-11-29,22737.0703125,22868.140625,22724.58984375,22739.509765625,1695000000
2016-11-30,22789.76953125,22889.470703125,22755.0,22842.359375,2062900000
2016-12-01,22878.23046875,23012.279296875,22837.529296875,22948.650390625,2119600000
2016-12-02,22564.8203125,22756.009765625,22559.19921875,22736.83984375,2479100000
2016-12-05,22505.55078125,22628.130859375,22375.279296875,22580.75,1626000000
2016-12-06,22675.150390625,22746.669921875,22625.3203125,22694.26953125,1261700000
2016-12-07,22800.919921875,22843.009765625,22708.880859375,22805.130859375,1110500000
2016-12-08,22861.83984375,23076.240234375,22817.3203125,23027.380859375,1711700000
2016-12-09,22760.98046875,22813.849609375,22660.220703125,22765.83984375,1576000000
2016-12-12,22433.01953125,22863.609375,22375.580078125,22860.26953125,2014500000
2016-12-13,22446.69921875,22458.419921875,22292.650390625,22407.619140625,1723200000
2016-12-14,22456.619140625,22627.599609375,22456.619140625,22596.7109375,1821100000
2016-12-15,22059.400390625,22305.0703125,21999.30078125,22257.7109375,2505700000
2016-12-16,22020.75,22155.140625,21965.6796875,21996.380859375,1899700000
2016-12-19,21832.6796875,21955.939453125,21786.560546875,21945.83984375,1328500000
2016-12-20,21729.060546875,21873.560546875,21667.189453125,21767.609375,1297200000
2016-12-21,21809.80078125,21910.390625,21755.849609375,21770.890625,1206800000
2016-12-22,21636.19921875,21822.1796875,21594.580078125,21800.220703125,1434700000
2016-12-23,21574.759765625,21601.0703125,21491.830078125,21553.779296875,1775500000
2016-12-28,21754.740234375,21811.9609375,21488.8203125,21562.69921875,2173200000
2016-12-29,21790.91015625,21810.400390625,21587.0703125,21591.0390625,1875100000
2016-12-30,22000.560546875,22069.619140625,21818.91015625,21818.91015625,2396700000
2017-01-03,22150.400390625,22189.310546875,21883.8203125,21993.359375,1302400000
2017-01-04,22134.470703125,22228.060546875,22076.630859375,22201.080078125,1437700000
2017-01-05,22456.689453125,22483.009765625,22230.310546875,22302.640625,1830700000
2017-01-06,22503.009765625,22605.66015625,22445.779296875,22583.2890625,1390000000
2017-01-09,22558.689453125,22626.4296875,22476.349609375,22561.109375,1303500000
2017-01-10,22744.849609375,22744.849609375,22549.859375,22561.169921875,1422500000
2017-01-11,22935.349609375,22944.580078125,22767.369140625,22816.009765625,1554100000
2017-01-12,22829.01953125,22971.490234375,22751.669921875,22956.439453125,1454700000
2017-01-13,22937.380859375,22971.44921875,22859.279296875,22879.5703125,1371800000
2017-01-16,22718.150390625,22908.859375,22657.349609375,22895.359375,1313400000
2017-01-17,22840.970703125,22867.83984375,22710.9296875,22819.869140625,1019600000
2017-01-18,23098.259765625,23151.75,22882.01953125,22889.330078125,1689300000
2017-01-19,23049.9609375,23104.349609375,22941.9609375,23104.349609375,1174100000
2017-01-20,22885.91015625,22987.6796875,22858.25,22966.529296875,1207500000
2017-01-23,22898.51953125,23068.080078125,22861.2890625,22926.30078125,1068400000
2017-01-24,22949.859375,22986.44921875,22907.779296875,22965.25,1462900000
2017-01-25,23049.119140625,23066.400390625,22961.380859375,23066.400390625,1185800000
2017-01-26,23374.169921875,23386.41015625,23145.310546875,23173.4609375,1856600000
2017-01-27,23360.779296875,23397.08984375,23307.05078125,23339.150390625,777900000
2017-02-01,23318.390625,23318.390625,23082.619140625,23211.880859375,1515000000
2017-02-02,23184.51953125,23439.01953125,23131.369140625,23309.4609375,987800000
2017-02-03,23129.2109375,23226.919921875,22997.4609375,23216.970703125,1339300000
2017-02-06,23348.240234375,23348.240234375,23149.69921875,23239.2890625,1439900000
2017-02-07,23331.5703125,23403.599609375,23256.689453125,23287.890625,1523400000
2017-02-08,23485.130859375,23520.76953125,23160.990234375,23284.759765625,2601100000
2017-02-09,23525.140625,23644.630859375,23489.650390625,23533.51953125,2741000000
2017-02-10,23574.98046875,23718.470703125,23573.849609375,23645.900390625,2143200000
2017-02-13,23710.98046875,23751.919921875,23615.390625,23664.529296875,1990300000
2017-02-14,23703.009765625,23735.109375,23614.470703125,23695.2890625,1957100000
2017-02-15,23994.869140625,24067.619140625,23771.94921875,23771.94921875,3843900000
2017-02-16,24107.69921875,24161.390625,23969.5703125,24139.310546875,3806700000
2017-02-17,24033.740234375,24106.33984375,23944.6796875,24077.869140625,2302700000
2017-02-20,24146.080078125,24202.33984375,24022.150390625,24066.0,1937000000
2017-02-21,23963.630859375,24213.640625,23909.150390625,24174.109375,1839900000
2017-02-22,24201.9609375,24201.9609375,23999.55078125,24059.08984375,2230100000
2017-02-23,24114.859375,24216.529296875,24046.91015625,24122.1796875,1881000000
2017-02-24,23965.69921875,24121.91015625,23958.130859375,24115.609375,1750700000
2017-02-27,23925.05078125,24067.6796875,23822.880859375,23941.810546875,1727500000
2017-02-28,23740.73046875,24007.810546875,23740.73046875,23952.640625,1666200000
2017-03-01,23776.490234375,23857.279296875,23730.05078125,23849.220703125,1648800000
2017-03-02,23728.0703125,24080.869140625,23694.330078125,24044.48046875,2111400000
2017-03-03,23552.720703125,23635.240234375,23511.599609375,23618.359375,2388000000
2017-03-06,23596.279296875,23691.05078125,23574.279296875,23600.490234375,1442700000
2017-03-07,23681.0703125,23728.0,23585.76953125,23630.349609375,1282700000
2017-03-08,23782.26953125,23816.23046875,23563.140625,23627.279296875,1823200000
2017-03-09,23501.560546875,23673.580078125,23456.060546875,23667.76953125,1781300000
2017-03-10,23568.669921875,23603.76953125,23438.859375,23534.98046875,1534100000
2017-03-13,23829.669921875,23877.58984375,23567.9296875,23643.30078125,2016200000
2017-03-14,23827.94921875,23918.119140625,23768.33984375,23871.0,1857200000
2017-03-15,23792.849609375,23842.810546875,23645.509765625,23705.0703125,1352400000
2017-03-16,24288.279296875,24288.279296875,24003.75,24101.98046875,2576700000
2017-03-17,24309.9296875,24385.810546875,24237.970703125,24376.130859375,2512700000
2017-03-20,24501.990234375,24501.990234375,24312.5703125,24312.5703125,1716700000
2017-03-21,24593.119140625,24656.650390625,24500.349609375,24565.73046875,2055200000
2017-03-22,24320.41015625,24380.419921875,24207.099609375,24336.330078125,2136600000
2017-03-23,24327.69921875,24466.73046875,24271.259765625,24381.0390625,1795500000
2017-03-24,24358.26953125,24420.76953125,24263.169921875,24396.41015625,1784300000
2017-03-27,24193.69921875,24434.900390625,24138.779296875,24235.689453125,1730300000
2017-03-28,24345.869140625,24360.0,24274.51953125,24329.169921875,1506200000
2017-03-29,24392.05078125,24470.66015625,24330.69921875,24470.66015625,1835000000
2017-03-30,24301.08984375,24431.119140625,24250.400390625,24429.119140625,1768900000
2017-03-31,24111.58984375,24329.98046875,24105.380859375,24305.529296875,1733200000
2017-04-03,24261.48046875,24261.48046875,24162.55078125,24236.560546875,1709000000
2017-04-05,24400.80078125,24400.80078125,24166.009765625,24370.94921875,2697900000
2017-04-06,24273.720703125,24381.630859375,24210.689453125,24310.41015625,1722200000
2017-04-07,24267.30078125,24268.390625,23982.400390625,24247.009765625,2253000000
2017-04-10,24262.1796875,24314.66015625,24215.5390625,24302.009765625,1194000000
2017-04-11,24088.4609375,24318.150390625,24007.849609375,24280.869140625,1803300000
2017-04-12,24313.5,24313.5,23994.130859375,24068.91015625,1534900000
2017-04-13,24261.66015625,24378.380859375,24158.16015625,24173.419921875,1334100000
2017-04-18,23924.5390625,24276.310546875,23892.58984375,24268.169921875,1552800000
2017-04-19,23825.880859375,23893.140625,23723.869140625,23875.98046875,1568300000
2017-04-20,24056.98046875,24058.869140625,23827.0703125,23851.01953125,1512900000
2017-04-21,24042.01953125,24190.140625,23991.869140625,24143.0390625,1346000000
2017-04-24,24139.48046875,24206.439453125,23958.1796875,24185.759765625,1338100000
2017-04-25,24455.939453125,24455.939453125,24201.91015625,24204.779296875,1880700000
2017-04-26,24578.4296875,24637.849609375,24515.23046875,24563.25,1668700000
2017-04-27,24698.48046875,24717.439453125,24455.119140625,24663.099609375,1567000000
2017-04-28,24615.130859375,24697.029296875,24563.76953125,24691.2890625,1181600000
2017-05-02,24696.130859375,24773.80078125,24577.330078125,24773.80078125,1605800000
2017-05-04,24683.880859375,24683.880859375,24530.9296875,24680.44921875,1760200000
2017-05-05,24476.349609375,24634.279296875,24358.720703125,24625.349609375,2024200000
2017-05-08,24577.91015625,24624.2109375,24476.19921875,24604.2890625,1357900000
2017-05-09,24889.029296875,24889.830078125,24548.970703125,24656.94921875,1381100000
2017-05-10,25015.419921875,25164.970703125,24931.8203125,24931.8203125,2297600000
2017-05-11,25125.55078125,25203.5390625,25024.759765625,25101.529296875,1642600000
2017-05-12,25156.33984375,25211.279296875,25087.3203125,25126.48046875,1417400000
2017-05-15,25371.58984375,25385.720703125,25213.470703125,25233.310546875,2212700000
2017-05-16,25335.939453125,25413.349609375,25228.4609375,25413.349609375,1797600000
2017-05-17,25293.630859375,25374.94921875,25245.439453125,25355.759765625,1512400000
2017-05-18,25136.51953125,25263.810546875,25025.05078125,25034.189453125,1677300000
2017-05-19,25174.869140625,25266.220703125,25124.060546875,25171.66015625,1312800000
2017-05-22,25391.33984375,25450.0390625,25201.33984375,25318.2890625,1410600000
2017-05-23,25403.150390625,25486.98046875,25307.26953125,25415.5703125,1758700000
2017-05-24,25428.5,25428.5,25296.66015625,25382.259765625,1409900000
2017-05-25,25630.779296875,25680.669921875,25491.779296875,25511.4609375,1890800000
2017-05-26,25639.26953125,25724.400390625,25588.69921875,25670.98046875,1453700000
2017-05-29,25701.630859375,25744.720703125,25579.150390625,25672.400390625,1077800000
2017-05-31,25660.650390625,25817.94921875,25650.060546875,25706.44921875,2997900000
2017-06-01,25809.220703125,25834.75,25614.609375,25736.349609375,2017100000
2017-06-02,25924.05078125,25973.0,25851.849609375,25926.060546875,1990200000
2017-06-05,25862.990234375,25998.66015625,25801.83984375,25976.359375,1766200000
2017-06-06,25997.140625,26019.009765625,25805.01953125,25819.529296875,1540400000
2017-06-07,25974.16015625,26073.439453125,25898.8203125,26025.2109375,1999500000
2017-06-08,26063.060546875,26069.98046875,25923.2109375,25974.0,1633500000
2017-06-09,26030.2890625,26090.330078125,25922.6796875,26090.330078125,2889400000
2017-06-12,25708.0390625,25957.779296875,25689.23046875,25925.44921875,1614700000
2017-06-13,25852.099609375,25883.220703125,25722.630859375,25826.51953125,1316400000
2017-06-14,25875.900390625,25915.4609375,25713.01953125,25915.4609375,1449800000
2017-06-15,25565.33984375,25772.279296875,25565.33984375,25772.279296875,1658100000
2017-06-16,25626.490234375,25719.970703125,25557.80078125,25601.810546875,1699400000
2017-06-19,25924.55078125,25939.720703125,25735.0703125,25736.19921875,1116100000
2017-06-20,25843.0390625,26043.099609375,25833.9296875,26028.4296875,1251600000
2017-06-21,25694.580078125,25846.51953125,25575.98046875,25752.26953125,1699900000
2017-06-22,25674.529296875,25867.939453125,25597.4609375,25597.4609375,1554000000
2017-06-23,25670.05078125,25770.369140625,25648.76953125,25724.279296875,1302600000
2017-06-26,25871.890625,25875.48046875,25720.380859375,25727.9296875,1206200000
2017-06-27,25839.990234375,25929.609375,25780.689453125,25911.19921875,1183000000
2017-06-28,25683.5,25821.359375,25625.7109375,25735.2109375,1652900000
2017-06-29,25965.419921875,25965.419921875,25814.80078125,25872.9296875,1748400000
2017-06-30,25764.580078125,25816.25,25661.4296875,25679.640625,1616900000
2017-07-03,25784.169921875,25821.390625,25654.76953125,25654.76953125,1505000000
2017-07-04,25389.009765625,25838.26953125,25251.720703125,25782.849609375,2402100000
2017-07-05,25521.970703125,25559.1796875,25199.859375,25354.380859375,1868200000
2017-07-06,25465.220703125,25599.69921875,25436.830078125,25574.5703125,1494500000
2017-07-07,25340.849609375,25409.900390625,25315.91015625,25377.2109375,1480500000
2017-07-10,25500.060546875,25622.75,25331.94921875,25392.029296875,1743500000
2017-07-11,25877.640625,25941.470703125,25596.2109375,25605.189453125,2230900000
2017-07-12,26043.640625,26147.30078125,25991.349609375,25991.349609375,2695400000
2017-07-13,26346.169921875,26383.759765625,26255.310546875,26340.2890625,1971700000
2017-07-14,26389.23046875,26416.6796875,26295.990234375,26416.6796875,1744800000
2017-07-17,26470.580078125,26618.66015625,26353.830078125,26572.919921875,1837400000
2017-07-18,26524.939453125,26540.169921875,26381.140625,26489.51953125,1872300000
2017-07-19,26672.16015625,26682.640625,26541.560546875,26561.810546875,1346800000
2017-07-20,26740.2109375,26794.1796875,26632.98046875,26770.48046875,1408300000
2017-07-21,26706.08984375,26778.419921875,26663.25,26777.439453125,1502400000
2017-07-24,26846.830078125,26882.0,26674.5,26720.0390625,1532500000
2017-07-25,26852.05078125,26889.69921875,26799.76953125,26847.580078125,1450900000
2017-07-26,26941.01953125,27007.26953125,26786.630859375,26960.810546875,2176500000
2017-07-27,27131.169921875,27169.150390625,26962.029296875,27002.69921875,1763900000
2017-07-28,26979.390625,27047.880859375,26928.439453125,27007.970703125,1456000000
2017-07-31,27323.990234375,27324.380859375,27045.41015625,27048.44921875,1693200000
2017-08-01,27540.23046875,27558.0,27326.0390625,27326.0390625,2392400000
2017-08-02,27607.380859375,27747.349609375,27570.5,27645.279296875,2052600000
2017-08-03,27531.009765625,27601.05078125,27399.580078125,27533.509765625,1682600000
2017-08-04,27562.6796875,27615.029296875,27508.109375,27564.7109375,1464900000
2017-08-07,27690.359375,27731.919921875,27629.19921875,27665.7109375,1484600000
2017-08-08,27854.91015625,27867.560546875,27626.189453125,27684.599609375,1726600000
2017-08-09,27757.08984375,27876.119140625,27602.66015625,27760.080078125,1650700000
2017-08-10,27444.0,27791.359375,27267.029296875,27791.359375,2176000000
2017-08-11,26883.509765625,27184.2109375,26863.7109375,27000.4296875,3133500000
2017-08-14,27250.23046875,27268.23046875,27032.400390625,27091.76953125,1416400000
2017-08-15,27174.9609375,27438.419921875,27174.9609375,27371.25,2736000000
2017-08-16,27409.0703125,27422.30078125,27238.810546875,27238.810546875,1771100000
2017-08-17,27344.220703125,27624.51953125,27302.48046875,27610.2890625,1795300000
2017-08-18,27047.5703125,27236.3203125,26951.919921875,26999.599609375,1691600000
2017-08-21,27154.6796875,27221.310546875,27086.4296875,27100.630859375,1770600000
2017-08-22,27401.669921875,27509.060546875,27316.080078125,27322.19921875,2049700000
2017-08-24,27518.599609375,27642.23046875,27485.869140625,27642.23046875,2691500000
2017-08-25,27848.16015625,27878.369140625,27480.109375,27539.109375,3791300000
2017-08-28,27863.2890625,28071.58984375,27806.05078125,27905.58984375,3019400000
2017-08-29,27765.009765625,27839.830078125,27638.73046875,27744.580078125,1717800000
2017-08-30,28094.609375,28127.900390625,27912.8203125,27957.740234375,2142400000
2017-08-31,27970.30078125,27994.060546875,27861.48046875,27934.44921875,2795600000
2017-09-01,27953.16015625,28116.69921875,27915.439453125,28015.220703125,1754500000
2017-09-04,27740.259765625,27884.4609375,27662.2890625,27881.7109375,1626700000
2017-09-05,27741.349609375,27871.759765625,27685.30078125,27797.439453125,1237100000
2017-09-06,27613.759765625,27684.259765625,27421.7890625,27671.560546875,1666700000
2017-09-07,27522.919921875,27817.869140625,27492.8203125,27817.869140625,1779100000
2017-09-08,27668.470703125,27708.08984375,27569.130859375,27571.58984375,1416100000
2017-09-11,27955.130859375,27976.98046875,27859.0,27877.689453125,1381700000
2017-09-12,27972.240234375,28071.5390625,27883.830078125,28068.69921875,1313200000
2017-09-13,27894.080078125,27984.26953125,27751.279296875,27984.26953125,1437300000
2017-09-14,27777.19921875,27895.0703125,27699.08984375,27788.83984375,1650300000
2017-09-15,27807.58984375,27893.580078125,27514.0390625,27736.599609375,2164200000
2017-09-18,28159.76953125,28160.390625,27917.1796875,27971.369140625,1546300000
2017-09-19,28051.41015625,28248.119140625,28032.169921875,28200.5390625,1601200000
2017-09-20,28127.80078125,28149.359375,28013.109375,28099.2890625,1496700000
2017-09-21,28110.330078125,28184.369140625,28046.939453125,28091.240234375,1625300000
2017-09-22,27880.529296875,27960.919921875,27845.51953125,27949.830078125,1379300000
2017-09-25,27500.33984375,27851.5390625,27476.26953125,27851.5390625,1800200000
2017-09-26,27513.009765625,27567.880859375,27300.369140625,27308.609375,1683600000
2017-09-27,27642.4296875,27673.400390625,27503.05078125,27503.05078125,1812400000
2017-09-28,27421.599609375,27665.16015625,27421.599609375,27661.26953125,1969000000
2017-09-29,27554.30078125,27581.130859375,27383.16015625,27492.130859375,1665500000
2017-10-03,28173.2109375,28194.16015625,27737.380859375,27884.2109375,3430600000
2017-10-04,28379.1796875,28521.76953125,28311.26953125,28311.26953125,2095400000
2017-10-06,28458.0390625,28626.41015625,28377.849609375,28626.41015625,1967900000
2017-10-09,28326.58984375,28488.349609375,28282.009765625,28440.169921875,1745200000
2017-10-10,28490.830078125,28503.83984375,28260.19921875,28334.919921875,1388800000
2017-10-11,28389.5703125,28625.66015625,28330.73046875,28622.009765625,1874700000
2017-10-12,28459.029296875,28528.7109375,28343.3203125,28431.05078125,1579400000
2017-10-13,28476.4296875,28492.390625,28369.869140625,28423.650390625,1616400000
2017-10-16,28692.80078125,28792.060546875,28620.380859375,28661.98046875,1740700000
2017-10-17,28697.490234375,28777.1796875,28641.94921875,28777.1796875,1286900000
2017-10-18,28711.759765625,28729.33984375,28629.73046875,28636.19921875,1429200000
2017-10-19,28159.08984375,28798.779296875,28094.5390625,28783.849609375,2125400000
2017-10-20,28487.240234375,28519.759765625,28313.69921875,28360.01953125,1493200000
2017-10-23,28305.880859375,28557.80078125,28253.3203125,28557.80078125,1712100000
2017-10-24,28154.970703125,28356.099609375,28098.830078125,28232.619140625,1426900000
2017-10-25,28302.890625,28387.2109375,28198.560546875,28238.849609375,1272800000
2017-10-26,28202.380859375,28316.19921875,28102.75,28165.609375,1431600000
2017-10-27,28438.849609375,28494.51953125,28305.73046875,28332.91015625,2255500000
2017-10-30,28336.189453125,28650.8203125,28336.189453125,28585.150390625,2133300000
2017-10-31,28245.5390625,28354.109375,28183.7890625,28247.0,2447200000
2017-11-01,28594.060546875,28606.58984375,28329.5,28387.55078125,2316600000
2017-11-02,28518.640625,28643.580078125,28492.19921875,28604.94921875,2151400000
2017-11-03,28603.609375,28661.2890625,28542.66015625,28603.509765625,1576600000
2017-11-06,28596.80078125,28650.7890625,28137.76953125,28616.349609375,2260000000
2017-11-07,28994.33984375,29017.400390625,28715.0703125,28715.400390625,2128700000
2017-11-08,28907.599609375,29123.439453125,28885.0703125,28950.5,1831400000
2017-11-09,29136.5703125,29192.509765625,28960.05078125,28987.7890625,1823000000
2017-11-10,29120.919921875,29237.849609375,29036.44921875,29060.130859375,1781800000
2017-11-13,29182.1796875,29258.5,29058.23046875,29058.23046875,1786800000
2017-11-14,29152.119140625,29320.029296875,29143.630859375,29272.099609375,1697000000
2017-11-15,28851.689453125,29106.490234375,28851.689453125,29026.109375,2046100000
2017-11-16,29018.759765625,29095.490234375,28877.759765625,28963.76953125,1501000000
2017-11-17,29199.0390625,29341.919921875,29158.349609375,29214.359375,2068100000
2017-11-20,29260.310546875,29299.869140625,29089.580078125,29227.080078125,1619900000
2017-11-21,29818.0703125,29818.0703125,29343.48046875,29369.689453125,2467400000
2017-11-22,30003.490234375,30199.689453125,29911.0703125,30087.189453125,2474900000
2017-11-23,29707.939453125,30169.990234375,29593.7890625,30033.1796875,2099400000
2017-11-24,29866.3203125,29918.919921875,29696.58984375,29788.1796875,1534300000
2017-11-27,29686.189453125,29859.109375,29610.9609375,29857.650390625,1485200000
2017-11-28,29680.849609375,29687.44921875,29334.58984375,29608.640625,1744500000
2017-11-29,29623.830078125,29831.189453125,29563.390625,29813.939453125,1434700000
2017-11-30,29177.349609375,29353.509765625,29127.30078125,29340.26953125,2435500000
2017-12-01,29074.240234375,29345.970703125,29028.759765625,29261.310546875,2086700000
2017-12-04,29138.279296875,29343.779296875,28803.189453125,28951.189453125,1624100000
2017-12-05,28842.80078125,29124.240234375,28838.119140625,28898.580078125,1439200000
2017-12-06,28224.80078125,28929.2109375,28204.529296875,28850.359375,2605400000
2017-12-07,28303.189453125,28478.33984375,28134.9296875,28366.140625,1782500000
2017-12-08,28639.849609375,28705.759765625,28344.390625,28400.009765625,1747400000
2017-12-11,28965.2890625,28998.509765625,28645.41015625,28645.41015625,2127800000
2017-12-12,28793.880859375,29066.76953125,28745.73046875,28972.740234375,2135700000
2017-12-13,29222.099609375,29276.669921875,28707.599609375,28856.779296875,2574100000
2017-12-14,29166.380859375,29367.509765625,29047.609375,29335.759765625,1959300000
2017-12-15,28848.109375,29017.66015625,28738.83984375,29000.109375,1999800000
2017-12-18,29050.41015625,29143.330078125,28821.189453125,28923.529296875,1637900000
2017-12-19,29253.66015625,29339.109375,29144.169921875,29193.740234375,1633500000
2017-12-20,29234.08984375,29326.51953125,29159.279296875,29199.2890625,1308900000
2017-12-21,29367.060546875,29431.810546875,29145.130859375,29209.640625,1441000000
2017-12-22,29578.009765625,29578.009765625,29413.859375,29505.05078125,1282100000
2017-12-27,29597.66015625,29693.8203125,29516.509765625,29632.970703125,1725800000
2017-12-28,29863.7109375,29873.099609375,29661.060546875,29684.7890625,1339600000
2017-12-29,29919.150390625,29997.9609375,29849.310546875,29914.05078125,1365800000
2018-01-02,30515.310546875,30515.310546875,30028.2890625,30028.2890625,2442300000
2018-01-03,30560.94921875,30724.3203125,30456.759765625,30658.73046875,2309500000
2018-01-04,30736.48046875,30796.9296875,30560.4296875,30691.7109375,2995600000
2018-01-05,30814.640625,30911.009765625,30638.529296875,30893.859375,2263900000
2018-01-08,30899.529296875,30929.150390625,30732.5390625,30895.08984375,2004200000
2018-01-09,31011.41015625,31056.69921875,30852.4296875,30933.509765625,2004900000
2018-01-10,31073.720703125,31267.5703125,30928.580078125,31009.240234375,2595400000
2018-01-11,31120.390625,31133.1796875,30950.0703125,31066.2109375,1794800000
2018-01-12,31412.5390625,31412.5390625,31198.359375,31298.05078125,2327400000
